"Sno","Date","Phone number","Agent","Sale (Revenue)","Duplicate","Plan","Count","Organic/Renewal","Sheet"
"1","8/1/2026","8356933056","Honey Talreja","11,000","No","Annual Max","1","Organic","Sheet1"
"2","8/1/2026","9168730336","Chhaya Patel","11,000","No","Annual Max","1","Organic","Sheet1"
"3","8/1/2026","9799924024","Preyashi Roy","11,000","No","Annual Max","1","Organic","Sheet1"
"4","8/1/2026","7977812081","Amol Landge","11,000","No","Annual Max","1","Events","Sheet1"
"5","8/1/2026","9488751655","Amol Landge","11,000","No","Annual Max","1","Events","Sheet1"
"6","8/1/2026","9066456184","Vikas Poonia","11,000","No","Annual Max","1","Events","Sheet1"
"7","8/1/2026","9164522538","Amol Landge","11,000","No","Annual Max","1","Events","Sheet1"
"8","8/1/2026","8050861793","Vikas Poonia","11,000","No","Annual Max","1","Events","Sheet1"
"9","8/1/2026","9850643389","Vikas Poonia","10,376","No","Annual Max","1","Renewals","Sheet1"
"10","8/1/2026","7674012484","Amol Landge","11,000","No","Annual Max","1","Events","Sheet1"
"11","8/1/2026","7676891432","Vikas Poonia","11,000","No","Annual Max","1","Events","Sheet1"
"12","8/1/2026","7207850796","Prerak Bhavsar","5,032","No","Annual Mini","1","Organic","Sheet1"
"13","8/1/2026","9826060097","Honey Talreja","12,216","No","Annual Max","1","Events","Sheet1"
"14","8/1/2026","7775963204","Honey Talreja","5,755","No","Quarterly Max","1","Organic","Sheet1"
"15","8/1/2026","8377966508","Amol Landge","11,000","No","Annual Max","1","Events","Sheet1"
"16","8/1/2026","8050016643","Vikas Poonia","11,000","No","Annual Max","1","Events","Sheet1"
"17","8/1/2026","9006620340","Sneha Anand","12,216","No","Annual Max","1","Organic","Sheet1"
"18","8/1/2026","7798968886","Amol Landge","11,000","No","Annual Max","1","Events","Sheet1"
"19","8/1/2026","8431184621","Vikas Poonia","11,000","No","Annual Max","1","Events","Sheet1"
"20","8/1/2026","9717865035","Kausturi Roy Chowdhury","11,000","No","Annual Max","1","Organic","Sheet1"
"21","8/1/2026","9971347111","Vikas Poonia","10,376","No","Annual Max","1","Events","Sheet1"
"22","8/1/2026","9817161612","Sneha Anand","1,500","No","Quarterly Max","1","Upgrade","Sheet1"
"23","8/1/2026","9304442306","Vikas Poonia","11,000","No","Annual Max","1","Events","Sheet1"
"24","8/1/2026","9425032099","Shivani Gupta","10,000","No","Annual Max","1","Events","Sheet1"
"25","8/1/2026","7760025000","Amol Landge","11,000","No","Annual Max","1","Events","Sheet1"
"26","8/1/2026","9741777448","Amol Landge","10,376","No","Annual Max","1","Events","Sheet1"
"27","8/1/2026","9677140286","Amol Landge","11,000","No","Annual Max","1","Events","Sheet1"
"28","8/1/2026","7302703987","Preyashi Roy","4,500","No","Quarterly Max","1","Organic","Sheet1"
"29","8/1/2026","9986998799","Amol Landge","11,000","No","Annual Max","1","Events","Sheet1"
"30","8/1/2026","8959349497","Shivani Gupta","11,000","No","Annual Max","1","Events","Sheet1"
"31","8/1/2026","8975118657","Shubham Rai","12,000","No","Annual Max","1","Organic","Sheet1"
"32","8/1/2026","9873075975","Vivek Shah","14,500","No","Annual Max","1","Organic","Sheet1"
"33","8/1/2026","7698574633","Kush Shah","11,000","No","Annual Max","1","Organic","Sheet1"
"34","8/2/2026","9969289568","Honey Talreja","11,000","No","Annual Max","1","Organic","Sheet1"
"35","8/2/2026","9908324888","Tanveer Ahmed","11,000","No","Annual Max","1","Organic","Sheet1"
"36","8/2/2026","7620925858","Preyashi Roy","11,000","No","Annual Max","1","Organic","Sheet1"
"37","8/2/2026","7013979484","Sneha Anand","4,500","No","Quarterly Max","1","Organic","Sheet1"
"38","8/2/2026","7045023104","Vikas Poonia","10,376","No","Annual Max","1","Renewals","Sheet1"
"39","8/2/2026","7987239064","Amol Landge","4,500","No","Quarterly Max","1","Renewals","Sheet1"
"40","8/2/2026","9700547397","Sneha Anand","4,500","No","Quarterly Max","1","Organic","Sheet1"
"41","8/2/2026","8652246531","Sneha Anand","11,000","No","Annual Max","1","Organic","Sheet1"
"42","8/2/2026","8147770001","Vikas Poonia","11,000","No","Annual Max","1","Events","Sheet1"
"43","8/2/2026","8693833686","Vivek Shah","5,000","No","Quarterly Max","1","Organic","Sheet1"
"44","8/2/2026","9739111732","Amol Landge","11,000","No","Annual Max","1","Events","Sheet1"
"45","8/2/2026","7044305567","Vikas Poonia","10,376","No","Annual Max","1","Events","Sheet1"
"46","8/2/2026","8076419145","Kush Shah","4,500","No","Quarterly Max","1","Organic","Sheet1"
"47","8/2/2026","7022921725","Amol Landge","4,000","No","Quarterly Max","1","Events","Sheet1"
"48","8/2/2026","626011468","Kausturi Roy Chowdhury","5,756","No","Quarterly Max","1","Organic","Sheet1"
"49","8/2/2026","9968170747","Kush Shah","11,000","No","Annual Max","1","Organic","Sheet1"
"50","8/2/2026","9891147282","Shivani Gupta","11,000","No","Annual Max","1","Organic","Sheet1"
"51","8/2/2026","9871616572","Shubham Rai","17,000","No","Annual Max","1","Organic","Sheet1"
"52","8/2/2026","9124928747","Shikha Singh","11,000","No","Annual Max","1","Organic","Sheet1"
"53","8/2/2026","9952099259","Honey Talreja","5,500","No","Annual Mini","1","Organic","Sheet1"
"54","8/3/2026","7795950373","Honey Talreja","11,000","No","Annual Max","1","Organic","Sheet1"
"55","8/3/2026","9723779014","Shivani Gupta","11,000","No","Annual Max","1","Organic","Sheet1"
"56","8/3/2026","9904129899","Honey Talreja","12,000","No","Annual Max","1","Organic","Sheet1"
"57","8/3/2026","8368554784","Honey Talreja","7,000","No","6 months Max","1","Organic","Sheet1"
"58","8/3/2026","6388920133","Tanveer Ahmed","11,000","No","Annual Max","1","Organic","Sheet1"
"59","8/3/2026","9535960056","Vikas Poonia","10,376","No","Annual Max","1","Renewals","Sheet1"
"60","8/3/2026","7224822132","Chhaya Patel","3,160","No","Quarterly Plus","1","Organic","Sheet1"
"61","8/3/2026","9650608717","Tanveer Ahmed","11,000","No","Annual Max","1","Organic","Sheet1"
"62","8/3/2026","7768055353","Vivek Shah","12,216","No","Annual Max","1","Organic","Sheet1"
"63","8/3/2026","7435821567","Kush Shah","11,000","No","Annual Max","1","Organic","Sheet1"
"64","8/3/2026","9689842928","Jivesh Harde","12,000","No","Annual Max","1","Organic","Sheet1"
"65","8/3/2026","9819404727","Honey Talreja","4,500","No","Quarterly Max","1","Organic","Sheet1"
"66","8/3/2026","9929091810","Kush Shah","10,500","No","Annual Max","1","Organic","Sheet1"
"67","8/3/2026","9717399769","Prerak Bhavsar","8,500","No","Annual Plus","1","Organic","Sheet1"
"68","8/3/2026","9021256471","Chhaya Patel","5,736","No","Quarterly Max","1","Organic","Sheet1"
"69","8/3/2026","9819809944","Honey Talreja","4,500","No","Quarterly Max","1","Organic","Sheet1"
"70","8/3/2026","9004008347","Sneha Anand","12,216","No","Annual Max","1","Organic","Sheet1"
"71","8/3/2026","8360199067","Chhaya Patel","11,000","No","Annual Max","1","Organic","Sheet1"
"72","8/3/2026","9574311093","Chhaya Patel","17,073","No","Annual Max","1","Organic","Sheet1"
"73","8/3/2026","9724441744","Sneha Anand","4,500","No","Quarterly Max","1","Organic","Sheet1"
"74","8/3/2026","8971670271","Shikha Singh","15,000","No","Annual Max","1","Organic","Sheet1"
"75","8/3/2026","9971117047","Prerak Bhavsar","12,000","No","Annual Max","1","Organic","Sheet1"
"76","8/3/2026","9573338913","Honey Talreja","5,756","No","Quarterly Max","1","Organic","Sheet1"
"77","8/3/2026","9601467689","Shivani Gupta","8,500","No","Annual Plus","1","Organic","Sheet1"
"78","8/4/2026","9911133384","Preyashi Roy","11,000","No","Annual Max","1","Organic","Sheet1"
"79","8/4/2026","7869956800","Prerak Bhavsar","4,500","No","Quarterly Max","1","Organic","Sheet1"
"80","8/4/2026","9999533422","Honey Talreja","15,000","No","Annual Max","1","Organic","Sheet1"
"81","8/4/2026","8586979708","Shubham Rai","8,000","No","Annual Plus","1","Organic","Sheet1"
"82","8/4/2026","8861483108","Vikas Poonia","10,376","No","Annual Max","1","Renewals","Sheet1"
"83","8/4/2026","9060024102","Kush Shah","11,000","No","Annual Max","1","Organic","Sheet1"
"84","8/4/2026","7060321024","Sneha Anand","7,000","No","6 months Max","1","Organic","Sheet1"
"85","8/4/2026","8073960575","Shubham Rai","11,000","No","Annual Max","1","Organic","Sheet1"
"86","8/4/2026","7042389978","Honey Talreja","4,577","No","Quarterly Max","1","Organic","Sheet1"
"87","8/4/2026","7021801877","Shivani Gupta","5,000","No","Quarterly Max","1","Organic","Sheet1"
"88","8/4/2026","9582099679","Shivani Gupta","14,000","No","Annual Max","1","Organic","Sheet1"
"89","8/4/2026","9920707147","Tanveer Ahmed","11,000","No","Annual Max","1","Organic","Sheet1"
"90","8/4/2026","9819680510","Shikha Singh","11,000","No","Annual Max","1","Organic","Sheet1"
"91","8/4/2026","9909854176","Kush Shah","12,000","No","Annual Max","1","Organic","Sheet1"
"92","8/4/2026","7738190194","Vivek Shah","11,000","No","Annual Max","1","Organic","Sheet1"
"93","8/4/2026","9662095284","Amol Landge","11,000","No","Annual Max","1","Events","Sheet1"
"94","8/4/2026","8482855532","Sneha Anand","12,000","No","Annual Max","1","Organic","Sheet1"
"95","8/4/2026","9560068904","Sneha Anand","7,000","No","6 months Max","1","Organic","Sheet1"
"96","8/4/2026","9016415364","Shivani Gupta","11,000","No","Annual Max","1","Organic","Sheet1"
"97","8/4/2026","6354530755","Amol Landge","11,000","No","Annual Max","1","Organic","Sheet1"
"98","8/4/2026","9319412062","Jivesh Harde","11,000","No","Annual Max","1","Organic","Sheet1"
"99","8/4/2026","9768214919","Chhaya Patel","12,000","No","Annual Max","1","Organic","Sheet1"
"100","8/4/2026","9981807811","Chhaya Patel","2,807","No","Quarterly Plus","1","Organic","Sheet1"
"101","8/4/2026","8147995946","Abhijeet Mathur","12,000","No","Annual Max","1","Organic","Sheet1"
"102","8/4/2026","8983142467","Sneha Anand","5,500","No","Annual Mini","1","Organic","Sheet1"
"103","8/4/2026","7019912263","Tanveer Ahmed","12,000","No","Annual Max","1","Organic","Sheet1"
"104","8/5/2026","9013560444","Prerak Bhavsar","12,000","No","Annual Max","1","Organic","Sheet1"
"105","8/5/2026","8010455699","Kush Shah","4,500","No","Quarterly Max","1","Organic","Sheet1"
"106","8/5/2026","9314453100","Others","11,000","No","Annual Max","1","Organic","Sheet1"
"107","8/5/2026","8769097447","Jivesh Harde","11,000","No","Annual Max","1","Organic","Sheet1"
"108","8/5/2026","9537447666","Chhaya Patel","10,500","No","Annual Max","1","Renewals","Sheet1"
"109","8/5/2026","8178350906","Tanveer Ahmed","11,000","No","Annual Max","1","Organic","Sheet1"
"110","8/5/2026","8008369616","Kush Shah","4,500","No","Quarterly Max","1","Organic","Sheet1"
"111","8/5/2026","9817932533","Honey Talreja","6,500","No","Annual Max","1","Upgrade","Sheet1"
"112","8/5/2026","8884794441","Prerak Bhavsar","5,000","No","Quarterly Max","1","Organic","Sheet1"
"113","8/5/2026","8860516539","Honey Talreja","12,000","No","Annual Max","1","Organic","Sheet1"
"114","8/5/2026","9839315408","Prerak Bhavsar","12,216","No","Annual Max","1","Organic","Sheet1"
"115","8/5/2026","9651808080","Jivesh Harde","11,000","No","Annual Max","1","Organic","Sheet1"
"116","8/5/2026","7838100118","Prerak Bhavsar","4,500","No","Quarterly Max","1","Organic","Sheet1"
"117","8/5/2026","9826300500","Shubham Rai","2,751","No","Quarterly Max","1","Upgrade","Sheet1"
"118","8/5/2026","8305919883","Honey Talreja","12,000","No","Annual Max","1","Organic","Sheet1"
"119","8/5/2026","7096067240","Tanveer Ahmed","11,000","No","Annual Max","1","Organic","Sheet1"
"120","8/6/2026","7249512675","Vikas Poonia","10,000","No","Annual Max","1","Renewals","Sheet1"
"121","8/6/2026","7023577220","Honey Talreja","12,000","No","Annual Max","1","Organic","Sheet1"
"122","8/6/2026","9601923550","Honey Talreja","11,000","No","Annual Max","1","Organic","Sheet1"
"123","8/6/2026","9848547743","Preyashi Roy","5,000","No","Quarterly Max","1","Organic","Sheet1"
"124","8/6/2026","9559449682","Kush Shah","12,000","No","Annual Max","1","Organic","Sheet1"
"125","8/6/2026","9552589119","Vikas Poonia","4,000","No","Quarterly Max","1","Organic","Sheet1"
"126","8/5/2026","8238236823","Sneha Anand","4,577","No","Quarterly Max","1","Organic","Sheet1"
"127","8/6/2026","9998059884","Amol Landge","2,000","No","Annual Max","1","Upgrade","Sheet1"
"128","8/6/2026","8082788465","Honey Talreja","12,000","No","Annual Max","1","Organic","Sheet1"
"129","8/6/2026","8160228089","Sneha Anand","10,500","No","Annual Max","1","Organic","Sheet1"
"130","8/6/2026","9879735197","Sneha Anand","10,500","No","Annual Max","1","Organic","Sheet1"
"131","8/6/2026","9730134501","Shubham Rai","8,000","No","Annual Plus","1","Organic","Sheet1"
"132","8/6/2026","8238620887","Kush Shah","2,800","No","Quarterly Max","1","Upgrade","Sheet1"
"133","8/6/2026","9636656580","Kausturi Roy Chowdhury","10,000","No","Annual Max","1","Renewals","Sheet1"
"134","8/6/2026","9664955156","Prerak Bhavsar","10,000","No","Annual Max","1","Renewals","Sheet1"
"135","8/6/2026","7898881039","Vivek Shah","13,000","No","Annual Max","1","Organic","Sheet1"
"136","8/6/2026","9821691091","Sneha Anand","10,000","No","Annual Max","1","Renewals","Sheet1"
"137","8/7/2026","9949395243","Kush Shah","12,000","No","Annual Max","1","Organic","Sheet1"
"138","8/7/2026","9699737069","Vivek Shah","11,000","No","Annual Max","1","Organic","Sheet1"
"139","8/7/2026","9742737018","Shivani Gupta","14,000","No","Annual Max","1","Organic","Sheet1"
"140","8/7/2026","8197576324","Vikas Poonia","7,000","No","Annual Plus","1","Renewals","Sheet1"
"141","8/7/2026","9899242169","Kausturi Roy Chowdhury","12,000","No","Annual Max","1","Organic","Sheet1"
"142","8/7/2026","9619159001","Honey Talreja","5,000","No","Quarterly Max","1","Organic","Sheet1"
"143","8/7/2026","8291112613","Jivesh Harde","11,000","No","Annual Max","1","Organic","Sheet1"
"144","8/7/2026","9408474954","Prerak Bhavsar","12,000","No","Annual Max","1","Organic","Sheet1"
"145","8/7/2026","9894634317","Kush Shah","4,500","No","Quarterly Max","1","Organic","Sheet1"
"146","8/7/2026","9893640123","Honey Talreja","7,000","No","Annual Max","1","Events","Sheet1"
"147","8/7/2026","9035301305","Kush Shah","11,000","No","Annual Max","1","Organic","Sheet1"
"148","8/7/2026","8275680761","Honey Talreja","11,000","No","Annual Max","1","Organic","Sheet1"
"149","8/8/2026","9686661193","Vivek Shah","8,923","No","Annual Max","1","Upgrade","Sheet1"
"150","8/8/2026","9664749378","Honey Talreja","11,000","No","Annual Max","1","Organic","Sheet1"
"151","8/8/2026","9923582768","Honey Talreja","5,000","No","Annual Max","1","Organic","Sheet1"
"152","8/8/2026","9825912192","Amol Landge","10,376","No","Annual Max","1","Renewals","Sheet1"
"153","8/8/2026","7588580717","Jivesh Harde","11,000","No","Annual Max","1","Organic","Sheet1"
"154","8/8/2026","8160666164","Amol Landge","11,000","No","Annual Max","1","Organic","Sheet1"
"155","8/8/2026","9999113461","Vikas Poonia","11,000","No","Annual Max","1","Events","Sheet1"
"156","8/8/2026","8376029046","Vikas Poonia","11,000","No","Annual Max","1","Events","Sheet1"
"157","8/8/2026","8886578656","Kush Shah","12,000","No","Annual Max","1","Organic","Sheet1"
"158","8/8/2026","8860634929","Others","7,000","No","6 months Max","1","Organic","Sheet1"
"159","8/8/2026","8097894685","Shivani Gupta","4,000","No","Quarterly Max","1","Renewals","Sheet1"
"160","8/8/2026","9811432284","Honey Talreja","4,500","No","Quarterly Max","1","Organic","Sheet1"
"161","8/8/2026","9987402909","Vikas Poonia","10,376","No","Annual Max","1","Organic","Sheet1"
"162","8/8/2026","9036224651","Vivek Shah","12,216","No","Annual Max","1","Organic","Sheet1"
"163","8/8/2026","9891011516","Amol Landge","10,376","No","Annual Max","1","Renewals","Sheet1"
"164","8/8/2026","8860449084","Sneha Anand","11,000","No","Annual Max","1","Organic","Sheet1"
"165","8/8/2026","7019496980","Kush Shah","4,500","No","Quarterly Max","1","Organic","Sheet1"
"166","8/8/2026","9820303469","Prerak Bhavsar","12,000","No","Annual Max","1","Organic","Sheet1"
"167","8/8/2026","9540088994","Honey Talreja","11,000","No","Annual Max","1","Organic","Sheet1"
"168","8/9/2026","8871999390","Amol Landge","10,376","No","Annual Max","1","Organic","Sheet1"
"169","8/9/2026","8147004442","Honey Talreja","5,000","No","Quarterly Max","1","Organic","Sheet1"
"170","8/9/2026","9666880480","Honey Talreja","12,000","No","Annual Max","1","Organic","Sheet1"
"171","8/9/2026","8955731245","Vikas Poonia","11,000","No","Annual Max","1","Events","Sheet1"
"172","8/9/2026","8927068351","Rohit Jain","11,000","No","Annual Max","1","Organic","Sheet1"
"173","8/9/2026","9408771022","Vikas Poonia","11,000","No","Annual Max","1","Events","Sheet1"
"174","8/9/2026","9766455136","Honey Talreja","7,200","No","Annual Max","1","Upgrade","Sheet1"
"175","8/9/2026","9479379275","Shubham Rai","11,000","No","Annual Max","1","Organic","Sheet1"
"176","8/9/2026","9440788035","Amol Landge","10,376","No","Annual Max","1","Renewals","Sheet1"
"177","8/9/2026","9923757352","Tanveer Ahmed","11,000","No","Annual Max","1","Organic","Sheet1"
"178","8/9/2026","7715089296","Kush Shah","4,500","No","Quarterly Max","1","Organic","Sheet1"
"179","8/9/2026","9920242132","Shivani Gupta","14,000","No","Annual Max","1","Organic","Sheet1"
"180","8/9/2026","7838285889","Preyashi Roy","11,000","No","Annual Max","1","Organic","Sheet1"
"181","8/9/2026","9824089750","Sneha Anand","11,000","No","Annual Max","1","Organic","Sheet1"
"182","8/9/2026","9426327027","Kausturi Roy Chowdhury","12,216","No","Annual Max","1","Organic","Sheet1"
"183","8/9/2026","7386634940","Vikas Poonia","11,000","No","Annual Max","1","Organic","Sheet1"
"184","8/9/2026","9925653372","Vikas Poonia","4,000","No","Quarterly Max","1","Events","Sheet1"
"185","8/9/2026","8619769602","Kush Shah","11,000","No","Annual Max","1","Organic","Sheet1"
"186","8/9/2026","9099056070","Sneha Anand","11,000","No","Annual Max","1","Organic","Sheet1"
"187","8/9/2026","8197307575","Amol Landge","10,376","No","Annual Max","1","Renewals","Sheet1"
"188","8/9/2026","9725472426","Vikas Poonia","10,376","No","Annual Max","1","Events","Sheet1"
"189","8/9/2026","9248179252","Shivani Gupta","5,000","No","Quarterly Max","1","Organic","Sheet1"
"190","8/9/2026","9426522898","Others","3,160","No","Quarterly Plus","1","Organic","Sheet1"
"191","8/9/2026","9967634086","Amol Landge","10,000","No","Annual Max","1","Renewals","Sheet1"
"192","8/9/2026","9867463240","Shashank Tiwari","3,000","No","Quarterly Plus","1","Organic","Sheet1"
"193","8/9/2026","8108248248","Honey Talreja","11,000","No","Annual Max","1","Organic","Sheet1"
"194","8/9/2026","7894137611","Prerak Bhavsar","11,000","No","Annual Max","1","Events","Sheet1"
"195","8/9/2026","9782881244","Kausturi Roy Chowdhury","12,215","No","Annual Max","1","Organic","Sheet1"
"196","8/10/2026","9925236012","Prerak Bhavsar","12,000","No","Annual Max","1","Organic","Sheet1"
"197","8/10/2026","7383966506","Honey Talreja","17,073","No","Annual Max","1","Organic","Sheet1"
"198","8/10/2026","8780770172","Prerak Bhavsar","5,000","No","Quarterly Max","1","Events","Sheet1"
"199","8/10/2026","8291296465","Tanveer Ahmed","11,000","No","Annual Max","1","Organic","Sheet1"
"200","8/10/2026","8850020563","Kausturi Roy Chowdhury","12,216","No","Annual Max","1","Organic","Sheet1"
"201","8/10/2026","9979554154","Shubham Rai","11,000","No","Annual Max","1","Organic","Sheet1"
"202","8/10/2026","8454848418","Jivesh Harde","11,000","No","Annual Max","1","Organic","Sheet1"
"203","8/10/2026","9975680127","Amol Landge","11,000","No","Annual Max","1","Events","Sheet1"
"204","8/10/2026","9958109397","Kausturi Roy Chowdhury","3,160","No","Quarterly Plus","1","Organic","Sheet1"
"205","8/10/2026","7016200981","Tanveer Ahmed","14,000","No","Annual Max","1","Organic","Sheet1"
"206","8/11/2026","9028923444","Preyashi Roy","11,000","No","Annual Max","1","Organic","Sheet1"
"207","8/11/2026","9527319074","Prerak Bhavsar","12,000","No","Annual Max","1","Organic","Sheet1"
"208","8/11/2026","8376098789","Amol Landge","4,000","No","Quarterly Max","1","Renewals","Sheet1"
"209","8/11/2026","8097132061","Vivek Shah","12,100","No","Annual Max","1","Organic","Sheet1"
"210","8/11/2026","8460042363","Jivesh Harde","11,000","No","Annual Max","1","Organic","Sheet1"
"211","8/11/2026","9604272813","Honey Talreja","2,800","No","Quarterly Plus","1","Organic","Sheet1"
"212","8/11/2026","8860700935","Chhaya Patel","5,425","No","Quarterly Max","1","Organic","Sheet1"
"213","8/11/2026","9167626390","Sneha Anand","4,500","No","Quarterly Max","1","Organic","Sheet1"
"214","8/11/2026","9987722286","Shashank Tiwari","12,000","No","Annual Max","1","Organic","Sheet1"
"215","8/11/2026","9873771774","Shashank Tiwari","4,000","No","Quarterly Max","1","Organic","Sheet1"
"216","8/11/2026","7204963907","Shubham Rai","6,600","Yes","Annual Max","0.5","Organic","Sheet1"
"217","8/11/2026","7204963907","Honey Talreja","4,400","Yes","Annual Max","0.5","Organic","Sheet1"
"218","8/11/2026","8320839155","Kush Shah","4,500","No","Quarterly Max","1","Organic","Sheet1"
"219","8/11/2026","9867510047","Jivesh Harde","11,000","No","Annual Max","1","Organic","Sheet1"
"220","8/11/2026","9873064059","Chhaya Patel","5,756","No","Quarterly Max","1","Organic","Sheet1"
"221","8/11/2026","8790579308","Prerak Bhavsar","5,000","No","Quarterly Max","1","Organic","Sheet1"
"222","8/11/2026","9372216751","Shivani Gupta","4,000","No","Quarterly Max","1","Organic","Sheet1"
"223","8/11/2026","9557062962","Vivek Shah","4,500","No","Quarterly Max","1","Organic","Sheet1"
"224","8/11/2026","7987213659","Shubham Rai","11,000","No","Annual Max","1","Organic","Sheet1"
"225","8/12/2026","9907575797","Tanveer Ahmed","12,000","No","Annual Max","1","Organic","Sheet1"
"226","8/12/2026","9717438259","Amol Landge","10,376","No","Annual Max","1","Renewals","Sheet1"
"227","8/12/2026","9940117071","Tanveer Ahmed","15,000","No","Annual Max","1","Organic","Sheet1"
"228","8/12/2026","8160582238","Shubham Rai","12,216","No","Annual Max","1","Organic","Sheet1"
"229","8/12/2026","8879481174","Amol Landge","4,000","No","Quarterly Max","1","Renewals","Sheet1"
"230","8/12/2026","8735029467","Shubham Rai","11,000","No","Annual Max","1","Organic","Sheet1"
"231","8/12/2026","7304737194","Sneha Anand","11,000","No","Annual Max","1","Organic","Sheet1"
"232","12/08/2026","9999209975","Shivani Gupta","12,216","No","Annual Max","1","Organic","Sheet1"
"233","12/08/2026","8460497360","Amol Landge","10,376","No","Annual Max","1","Renewals","Sheet1"
"234","12/08/2026","9928542735","Honey Talreja","4,000","No","Quarterly Max","1","Organic","Sheet1"
"235","12/08/2026","7718057058","Sneha Anand","5,500","No","Annual Mini","1","Organic","Sheet1"
"236","12/08/2026","9035346974","Amol Landge","10,376","No","Annual Max","1","Renewals","Sheet1"
"237","12/08/2026","7799521021","Kush Shah","11,000","No","Annual Max","1","Organic","Sheet1"
"238","12/08/2026","9930535410","Jivesh Harde","11,000","No","Annual Max","1","Organic","Sheet1"
"239","12/08/2026","9818962169","Naveen Suwalka","4,500","No","Quarterly Max","1","Organic","Sheet1"
"240","12/08/2026","8285813984","Tanveer Ahmed","5,756","No","Quarterly Max","1","Organic","Sheet1"
"241","13/08/2026","9899252233","Honey Talreja","12,000","No","Annual Max","1","Organic","Sheet1"
"242","13/08/2026","9591921100","Jivesh Harde","12,000","No","Annual Max","1","Organic","Sheet1"
"243","13/08/2026","6357149837","Honey Talreja","12,000","No","Annual Max","1","Organic","Sheet1"
"244","13/08/2026","6357149837","Tanveer Ahmed","12,000","No","Annual Max","1","Organic","Sheet1"
"245","13/08/2026","9974541947","Chhaya Patel","12,000","No","Annual Max","1","Organic","Sheet1"
"246","13/08/2026","8007780307","Kausturi Roy Chowdhury","12,000","No","Annual Max","1","Organic","Sheet1"
"247","13/08/2026","9930227092","Amol Landge","12,000","No","Annual Max","1","Organic","Sheet1"
"248","13/08/2026","9339627002","Preyashi Roy","12,000","No","Annual Max","1","Organic","Sheet1"
"249","13/08/2026","9950624558","Vikas Poonia","12,000","No","Annual Max","1","Organic","Sheet1"
"250","13/08/2026","8160431610","Kush Shah","12,000","No","Annual Max","1","Organic","Sheet1"
"251","13/08/2026","7990870031","Shivani Gupta","12,000","No","Annual Max","1","Organic","Sheet1"
"252","13/08/2026","9849640558","Kush Shah","12,000","No","Annual Max","1","Organic","Sheet1"
"253","13/08/2026","9899280257","Rohit Jain","12,000","No","Annual Max","1","Organic","Sheet1"
"254","13/08/2026","9009752111","Vikas Poonia","12,000","No","Annual Max","1","Organic","Sheet1"
"255","13/08/2026","9004735097","Vikas Poonia","12,000","No","Annual Max","1","Organic","Sheet1"
"256","13/08/2026","8010143864","Tanveer Ahmed","12,000","No","Annual Max","1","Organic","Sheet1"
"257","13/08/2026","9650025274","Honey Talreja","12,000","No","Annual Max","1","Organic","Sheet1"
"258","13/08/2026","9904035352","Kush Shah","12,000","No","Annual Max","1","Organic","Sheet1"
"259","13/08/2026","9461118720","Shivani Gupta","12,000","No","Annual Max","1","Organic","Sheet1"
"260","13/08/2026","9644472224","Honey Talreja","12,000","No","Annual Max","1","Organic","Sheet1"
"261","13/08/2026","9555690401","Tanveer Ahmed","12,000","No","Annual Max","1","Organic","Sheet1"
"262","13/08/2026","9819404243","Shivani Gupta","12,000","No","Annual Max","1","Organic","Sheet1"
"263","14/08/2026","8160353549","Preyashi Roy","12,000","No","Annual Max","1","Organic","Sheet1"
"264","14/08/2026","9879675434","Vikas Poonia","10,376","No","Annual Max","1","Renewals","Sheet1"
"265","14/08/2026","9898088625","Amol Landge","11,000","No","Annual Max","1","Organic","Sheet1"
"266","14/08/2026","9769602604","Vikas Poonia","10,376","No","Annual Max","1","Renewals","Sheet1"
"267","14/08/2026","9662300575","Honey Talreja","11,000","No","Annual Max","1","Organic","Sheet1"
"268","14/08/2026","7878062454","Honey Talreja","4,500","No","Quarterly Max","1","Organic","Sheet1"
"269","14/08/2026","7588588438","Vikas Poonia","10,376","No","Annual Max","1","Renewals","Sheet1"
"270","14/08/2026","7667669647","Vikas Poonia","11,000","No","Annual Max","1","Renewals","Sheet1"
"271","14/08/2026","9920269295","Sneha Anand","4,500","No","Quarterly Max","1","Organic","Sheet1"
"272","14/08/2026","7389027284","Vivek Shah","12,216","No","Annual Max","1","Organic","Sheet1"
"273","14/08/2026","9028026606","Prerak Bhavsar","10,000","No","Annual Max","1","Renewals","Sheet1"
"274","14/08/2026","9930818611","Vikas Poonia","7,000","No","Annual Plus","1","Renewals","Sheet1"
"275","14/08/2026","9726881215","Rani Singh","12,000","No","Annual Max","1","Organic","Sheet1"
"276","14/08/2026","8058064707","Chhaya Patel","11,000","No","Annual Max","1","Organic","Sheet1"
"277","14/08/2026","7841824930","Tanveer Ahmed","11,000","No","Annual Max","1","Organic","Sheet1"
"278","14/08/2026","9963422253","Tanveer Ahmed","11,000","No","Annual Max","1","Organic","Sheet1"
"279","14/08/2026","9834751620","Tanveer Ahmed","12,000","No","Annual Max","1","Organic","Sheet1"
"280","14/08/2026","8802801739","Honey Talreja","11,000","No","Annual Max","1","Organic","Sheet1"
"281","14/08/2026","9916032486","Honey Talreja","12,000","No","Annual Max","1","Organic","Sheet1"
"282","14/08/2026","9313118557","Vikas Poonia","10,376","No","Annual Max","1","Renewals","Sheet1"
"283","14/08/2026","9391026674","Chhaya Patel","11,000","No","Annual Max","1","Organic","Sheet1"
"284","13/08/2026","9527833985","Honey Talreja","17,073","No","Annual Max","1","Organic","Sheet1"
"285","15/08/2026","9491667195","Vikas Poonia","10,376","No","Annual Max","1","Renewals","Sheet1"
"286","15/08/2026","9959046626","Vikas Poonia","10,376","No","Annual Max","1","Renewals","Sheet1"
"287","15/08/2026","7045359560","Sneha Anand","4,500","No","Quarterly Max","1","Organic","Sheet1"
"288","15/08/2026","7678297074","Vikas Poonia","10,376","No","Annual Max","1","Renewals","Sheet1"
"289","15/08/2026","9033925228","Chhaya Patel","11,000","No","Annual Max","1","Organic","Sheet1"
"290","15/08/2026","7200505312","Vivek Shah","5,000","No","Quarterly Max","1","Organic","Sheet1"
"291","15/08/2026","7774062000","Amol Landge","11,000","No","Annual Max","1","Events","Sheet1"
"292","15/08/2026","8076702449","Kausturi Roy Chowdhury","11,000","No","Annual Max","1","Organic","Sheet1"
"293","15/08/2026","9278685671","Vivek Shah","12,216","No","Annual Max","1","Organic","Sheet1"
"294","15/08/2026","9820686123","Tanveer Ahmed","11,000","No","Annual Max","1","Organic","Sheet1"
"295","15/08/2026","9994425270","Prerak Bhavsar","10,376","No","Annual Max","1","Renewals","Sheet1"
"296","15/08/2026","7021623476","Chhaya Patel","4,500","No","Quarterly Max","1","Organic","Sheet1"
"297","15/08/2026","9974044878","Honey Talreja","11,000","No","Annual Max","1","Organic","Sheet1"
"298","15/08/2026","7795291148","Kausturi Roy Chowdhury","12,216","No","Annual Max","1","Organic","Sheet1"
"299","15/08/2026","9766573085","Amol Landge","11,000","No","Annual Max","1","Events","Sheet1"
"300","15/08/2026","9902069518","Kush Shah","11,000","No","Annual Max","1","Organic","Sheet1"
"301","15/08/2026","9616638501","Sneha Anand","3,160","No","Quarterly Plus","1","Organic","Sheet1"
"302","15/08/2026","7726064284","Sneha Anand","4,500","No","Quarterly Max","1","Organic","Sheet1"
"303","15/08/2026","7770013029","Shubham Rai","12,000","No","Annual Max","1","Organic","Sheet1"
"304","15/08/2026","8970858687","Vikas Poonia","10,376","No","Annual Max","1","Renewals","Sheet1"
"305","15/08/2026","8840956994","Jivesh Harde","11,000","No","Annual Max","1","Organic","Sheet1"
"306","15/08/2026","9145330605","Amol Landge","11,000","No","Annual Max","1","Events","Sheet1"
"307","15/08/2026","8469023717","Kush Shah","4,500","No","Quarterly Max","1","Organic","Sheet1"
"308","15/08/2026","8655694358","Honey Talreja","11,000","No","Annual Max","1","Organic","Sheet1"
"309","15/08/2026","9320555538","Honey Talreja","11,000","No","Annual Max","1","Organic","Sheet1"
"310","15/08/2026","9049065234","Amol Landge","11,000","No","Annual Max","1","Events","Sheet1"
"311","15/08/2026","9041301671","Vikas Poonia","7,000","No","Annual Plus","1","Renewals","Sheet1"
"312","15/08/2026","9035718078","Prerak Bhavsar","12,000","No","Annual Max","1","Organic","Sheet1"
"313","15/08/2026","9010526518","Rani Singh","12,000","No","Annual Max","1","Organic","Sheet1"
"314","15/08/2026","9561187696","Naveen Suwalka","11,000","No","Annual Max","1","Organic","Sheet1"
"315","15/08/2026","9760154794","Vivek Shah","5,756","No","Quarterly Max","1","Organic","Sheet1"
"316","15/08/2026","7202018036","Amol Landge","17,073","No","Annual Max","1","Organic","Sheet1"
"317","15/08/2026","8160327504","Honey Talreja","4,000","No","Quarterly Max","1","Renewals","Sheet1"
"318","15/08/2026","9873180567","Vivek Shah","12,216","No","Annual Max","1","Organic","Sheet1"
"319","15/08/2026","9685669453","Rohit Jain","4,500","No","Quarterly Max","1","Organic","Sheet1"
"320","15/08/2026","9000577710","Amol Landge","7,000","No","Annual Plus","1","Renewals","Sheet1"
"321","15/08/2026","8511841114","Kush Shah","4,500","No","Quarterly Max","1","Organic","Sheet1"
"322","15/08/2026","9826335326","Vivek Shah","12,216","No","Annual Max","1","Organic","Sheet1"
"323","15/08/2026","9978220395","Prerak Bhavsar","11,000","No","Annual Max","1","Organic","Sheet1"
"324","15/08/2026","9818149898","Honey Talreja","11,000","No","Annual Max","1","Organic","Sheet1"
"325","16/08/2026","8851752764","Sneha Anand","11,000","No","Annual Max","1","Organic","Sheet1"
"326","16/08/2026","9560733393","Amol Landge","10,376","No","Annual Max","1","Renewals","Sheet1"
"327","16/08/2026","6355953792","Abhijeet Mathur","12,000","No","Annual Max","1","Organic","Sheet1"
"328","16/08/2026","8237151430","Vivek Shah","12,216","No","Annual Max","1","Organic","Sheet1"
"329","16/08/2026","6201230726","Vivek Shah","12,216","No","Annual Max","1","Organic","Sheet1"
"330","16/08/2026","9004028506","Prerak Bhavsar","11,000","No","Annual Max","1","Organic","Sheet1"
"331","16/08/2026","8735965906","Prerak Bhavsar","5,000","No","Quarterly Max","1","Organic","Sheet1"
"332","16/08/2026","7204394609","Vikas Poonia","12,000","No","Annual Max","1","Renewals","Sheet1"
"333","16/08/2026","8624827119","Amol Landge","11,000","No","Annual Max","1","Events","Sheet1"
"334","16/08/2026","6367537381","Kausturi Roy Chowdhury","11,000","No","Annual Max","1","Organic","Sheet1"
"335","16/08/2026","9820914437","Amol Landge","11,000","No","Annual Max","1","Events","Sheet1"
"336","16/08/2026","9723073473","Shikha Singh","17,073","No","Annual Max","1","Organic","Sheet1"
"337","16/08/2026","7743884001","Shubham Rai","11,000","No","Annual Max","1","Events","Sheet1"
"338","16/08/2026","9898556019","Honey Talreja","11,000","No","Annual Max","1","Organic","Sheet1"
"339","16/08/2026","9423272805","Tanveer Ahmed","11,000","No","Annual Max","1","Organic","Sheet1"
"340","16/08/2026","8689064642","Rani Singh","12,000","No","Annual Max","1","Organic","Sheet1"
"341","16/08/2026","9999684394","Preyashi Roy","12,216","No","Annual Max","1","Organic","Sheet1"
"342","16/08/2026","8147848743","Sneha Anand","12,216","No","Annual Max","1","Organic","Sheet1"
"343","16/08/2026","9538902296","Shikha Singh","11,000","No","Annual Max","1","Events","Sheet1"
"344","16/08/2026","9619300250","Vivek Shah","11,000","No","Annual Max","1","Organic","Sheet1"
"345","16/08/2026","9766698088","Amol Landge","11,000","No","Annual Max","1","Events","Sheet1"
"346","16/08/2026","7209555172","Vivek Shah","7,100","No","6 months Max","1","Organic","Sheet1"
"347","16/08/2026","9871026834","Preyashi Roy","12,216","No","Annual Max","1","Organic","Sheet1"
"348","16/08/2026","9766163567","Amol Landge","11,000","No","Annual Max","1","Events","Sheet1"
"349","16/08/2026","9978484183","Honey Talreja","11,000","No","Annual Max","1","Organic","Sheet1"
"350","16/08/2026","7977411094","Honey Talreja","12,000","No","Annual Max","1","Organic","Sheet1"
"351","16/08/2026","7218844905","Vivek Shah","3,160","No","Quarterly Plus","1","Organic","Sheet1"
"352","16/08/2026","7760865865","Kush Shah","11,000","No","Annual Max","1","Organic","Sheet1"
"353","16/08/2026","8087560028","Amol Landge","11,000","No","Annual Max","1","Events","Sheet1"
"354","16/08/2026","9899267425","Vivek Shah","12,216","No","Annual Max","1","Organic","Sheet1"
"355","16/08/2026","8074435173","Kush Shah","11,000","No","Annual Max","1","Organic","Sheet1"
"356","16/08/2026","9435110843","Tanveer Ahmed","13,000","No","Annual Max","1","Organic","Sheet1"
"357","16/08/2026","9440407465","Shikha Singh","11,000","No","Annual Max","1","Events","Sheet1"
"358","16/08/2026","9028150684","Amol Landge","11,000","No","Annual Max","1","Events","Sheet1"
"359","16/08/2026","9986026356","Jivesh Harde","11,000","No","Annual Max","1","Organic","Sheet1"
"360","16/08/2026","9940425069","Tanveer Ahmed","11,000","No","Annual Max","1","Organic","Sheet1"
"361","16/08/2026","9742942095","Shikha Singh","4,500","No","Quarterly Max","1","Organic","Sheet1"
"362","16/08/2026","9741777448","Naveen Suwalka","4,500","No","Quarterly Max","1","Organic","Sheet1"
"363","16/08/2026","8800938258","Abhijeet Mathur","11,000","No","Annual Max","1","Organic","Sheet1"
"364","16/08/2026","9066700611","Chhaya Patel","4,500","No","Quarterly Max","1","Organic","Sheet1"
"365","17/08/2026","9137566360","Rani Singh","12,000","No","Annual Max","1","Organic","Sheet1"
"366","17/08/2026","9833011311","Jivesh Harde","5,500","Yes","Annual Max","0.5","Organic","Sheet1"
"367","17/08/2026","9833011311","Honey Talreja","5,500","Yes","Annual Max","0.5","Organic","Sheet1"
"368","17/08/2026","9599387590","Kush Shah","4,500","No","Quarterly Max","1","Organic","Sheet1"
"369","17/08/2026","9408819554","Vivek Shah","11,000","No","Annual Max","1","Organic","Sheet1"
"370","17/08/2026","9538904114","Jivesh Harde","11,000","No","Annual Max","1","Organic","Sheet1"
"371","17/08/2026","9008692499","Kausturi Roy Chowdhury","12,216","No","Annual Max","1","Organic","Sheet1"
"372","17/08/2026","9898204337","Kausturi Roy Chowdhury","11,000","No","Annual Max","1","Organic","Sheet1"
"373","17/08/2026","9964328445","Kush Shah","4,500","No","Quarterly Max","1","Organic","Sheet1"
"374","17/08/2026","7666123523","Vivek Shah","12,216","No","Annual Max","1","Organic","Sheet1"
"375","17/08/2026","8667566013","Naveen Suwalka","4,500","No","Quarterly Max","1","Organic","Sheet1"
"376","17/08/2026","9718291419","Kausturi Roy Chowdhury","11,000","No","Annual Max","1","Organic","Sheet1"
"377","17/08/2026","8383909723","Jivesh Harde","11,000","No","Annual Max","1","Organic","Sheet1"
"378","17/08/2026","7353026388","Jivesh Harde","12,000","No","Annual Max","1","Organic","Sheet1"
"379","17/08/2026","7387390771","Amol Landge","11,000","No","Annual Max","1","Organic","Sheet1"
"380","17/08/2026","9429898108","Vivek Shah","19,573","No","Annual Max","1","Organic","Sheet1"
"381","17/08/2026","8019137712","Jivesh Harde","5,000","No","Quarterly Max","1","Organic","Sheet1"
"382","17/08/2026","9822447236","Sneha Anand","11,000","No","Annual Max","1","Organic","Sheet1"
"383","17/08/2026","7053878858","Shikha Singh","11,000","No","Annual Max","1","Organic","Sheet1"
"384","17/08/2026","9172259122","Sneha Anand","4,500","No","Quarterly Max","1","Organic","Sheet1"
"385","17/08/2026","9689574534","Kausturi Roy Chowdhury","11,000","No","Annual Max","1","Organic","Sheet1"
"386","17/08/2026","7000653812","Honey Talreja","2,869","Yes","Quarterly Max","0.5","Organic","Sheet1"
"387","17/08/2026","7000653812","Shivani Gupta","2,869","Yes","Quarterly Max","0.5","Organic","Sheet1"
"388","18/08/2026","9987370667","Jivesh Harde","5,500","No","Annual Mini","1","Organic","Sheet1"
"389","18/08/2026","9082759352","Shikha Singh","12,000","No","Annual Max","1","Organic","Sheet1"
"390","18/08/2026","7503077182","Abhijeet Mathur","12,000","No","Annual Max","1","Organic","Sheet1"
"391","18/08/2026","9871414160","Tanveer Ahmed","12,000","No","Annual Max","1","Organic","Sheet1"
"392","18/08/2026","9021119409","Kush Shah","4,500","No","Quarterly Max","1","Organic","Sheet1"
"393","18/08/2026","9725888958","Kush Shah","11,000","No","Annual Max","1","Organic","Sheet1"
"394","18/08/2026","9223301001","Naveen Suwalka","11,000","No","Annual Max","1","Organic","Sheet1"
"395","18/08/2026","8976781763","Tanveer Ahmed","11,000","No","Annual Max","1","Organic","Sheet1"
"396","18/08/2026","9999969020","Abhijeet Mathur","10,000","No","Annual Max","1","Organic","Sheet1"
"397","18/08/2026","8055586440","Jivesh Harde","12,000","No","Annual Max","1","Organic","Sheet1"
"398","18/08/2026","9703334188","Vivek Shah","14,000","No","Annual Max","1","Organic","Sheet1"
"399","18/08/2026","8447989249","Shashank Tiwari","11,000","No","Annual Max","1","Organic","Sheet1"
"400","18/08/2026","6351121188","Honey Talreja","5,756","No","Quarterly Max","1","Organic","Sheet1"
"401","19/08/2026","9873435700","Kush Shah","11,000","No","Annual Max","1","Organic","Sheet1"
"402","19/08/2026","9637808511","Amol Landge","10,376","No","Annual Max","1","Renewals","Sheet1"
"403","19/08/2026","7011895476","Honey Talreja","12,000","No","Annual Max","1","Organic","Sheet1"
"404","19/08/2026","9826245330","Rohit Jain","11,000","No","Annual Max","1","Organic","Sheet1"
"405","19/08/2026","9022424099","Honey Talreja","11,000","No","Annual Max","1","Organic","Sheet1"
"406","19/08/2026","9665025048","Kunal Sharma","4,500","No","Quarterly Max","1","Organic","Sheet1"
"407","19/08/2026","8625003500","Vivek Shah","11,000","No","Annual Max","1","Organic","Sheet1"
"408","19/08/2026","9173734041","Kush Shah","11,000","No","Annual Max","1","Organic","Sheet1"
"409","19/08/2026","8956737326","Jivesh Harde","11,000","No","Annual Max","1","Organic","Sheet1"
"410","19/08/2026","8745950940","Tanveer Ahmed","15,000","No","Annual Max","1","Organic","Sheet1"
"411","19/08/2026","9247327431","Shikha Singh","12,000","No","Annual Max","1","Organic","Sheet1"
"412","19/08/2026","8826618372","Shubham Rai","11,000","No","Annual Max","1","Organic","Sheet1"
"413","19/08/2026","9959772237","Vikas Poonia","10,376","No","Annual Max","1","Renewals","Sheet1"
"414","19/08/2026","9982871085","Kunal Sharma","11,000","No","Annual Max","1","Organic","Sheet1"
"415","19/08/2026","8527990540","Kush Shah","7,000","No","6 months Max","1","Organic","Sheet1"
"416","19/08/2026","9278552227","Shubham Rai","11,000","No","Annual Max","1","Organic","Sheet1"
"417","19/08/2026","6364613131","Honey Talreja","11,000","No","Annual Max","1","Organic","Sheet1"
"418","19/08/2026","9952020400","Kush Shah","11,000","No","Annual Max","1","Organic","Sheet1"
"419","19/08/2026","8050942205","Honey Talreja","4,500","No","Annual Max","1","Organic","Sheet1"
"420","19/08/2026","8373934564","Vivek Shah","11,000","No","Annual Max","1","Organic","Sheet1"
"421","20/08/2026","8141794712","Naveen Suwalka","4,500","No","Annual Max","1","Organic","Sheet1"
"422","20/08/2026","7259878126","Shikha Singh","11,000","No","Annual Max","1","Organic","Sheet1"
"423","20/08/2026","9811000584","Amol Landge","10,376","No","Annual Max","1","Renewals","Sheet1"
"424","20/08/2026","7433876048","Naveen Suwalka","11,000","No","Annual Max","1","Organic","Sheet1"
"425","20/08/2026","9953512829","Shubham Rai","12,000","No","Annual Max","1","Organic","Sheet1"
"426","20/08/2026","9820997197","Vikas Poonia","10,376","No","Annual Max","1","Renewals","Sheet1"
"427","20/08/2026","7696489451","Vikas Poonia","10,376","No","Annual Max","1","Renewals","Sheet1"
"428","20/08/2026","9818425467","Kunal Sharma","4,500","No","Quarterly Max","1","Organic","Sheet1"
"429","20/08/2026","8800411564","Honey Talreja","10,000","No","Annual Max","1","Renewals","Sheet1"
"430","20/08/2026","9911445583","Shubham Rai","13,000","No","Annual Max","1","Organic","Sheet1"
"431","20/08/2026","8959472120","Preyashi Roy","11,000","No","Annual Max","1","Organic","Sheet1"
"432","20/08/2026","7276035684","Vivek Shah","5,000","No","Quarterly Max","1","Organic","Sheet1"
"433","20/08/2026","9421593516","Shashank Tiwari","4,500","No","Quarterly Max","1","Organic","Sheet1"
"434","20/08/2026","8466837010","Abhijeet Mathur","9,000","No","Annual Plus","1","Organic","Sheet1"
"435","20/08/2026","8527296747","Vikas Poonia","4,577","No","Quarterly Max","1","Renewals","Sheet1"
"436","20/08/2026","9900142916","Amol Landge","10,376","No","Annual Max","1","Renewals","Sheet1"
"437","20/08/2026","8286401274","Amol Landge","10,376","No","Annual Max","1","Renewals","Sheet1"
"438","20/08/2026","8286760921","Vivek Shah","11,000","No","Annual Max","1","Organic","Sheet1"
"439","20/08/2026","9909021793","Sneha Anand","11,000","No","Annual Max","1","Organic","Sheet1"
"440","20/08/2026","9925578074","Shashank Tiwari","11,000","No","Annual Max","1","Organic","Sheet1"
"441","20/08/2026","9825661339","Preyashi Roy","12,000","No","Annual Max","1","Organic","Sheet1"
"442","20/08/2026","9595848228","Shubham Rai","11,000","No","Annual Max","1","Organic","Sheet1"
"443","20/08/2026","9986048373","Amol Landge","7,000","No","Annual Plus","1","Organic","Sheet1"
"444","20/08/2026","9718043961","Honey Talreja","11,000","No","Annual Max","1","Organic","Sheet1"
"445","20/08/2026","7696489451","Honey Talreja","5,188","Yes","Annual Max","0.5","Organic","Sheet1"
"446","20/08/2026","9958725407","Honey Talreja","5,000","No","Quarterly Max","1","Organic","Sheet1"
"447","21/08/2026","9820625952","Honey Talreja","6,300","No","Annual Mini","1","Organic","Sheet1"
"448","21/08/2026","9535025023","Tanveer Ahmed","4,500","No","Quarterly Max","1","Organic","Sheet1"
"449","21/08/2026","8008550900","Sneha Anand","11,000","No","Annual Max","1","Organic","Sheet1"
"450","21/08/2026","9124928747","Tanveer Ahmed","11,000","No","Annual Max","1","Organic","Sheet1"
"451","21/08/2026","8586894194","Kausturi Roy Chowdhury","11,000","No","Annual Max","1","Organic","Sheet1"
"452","21/08/2026","8082653400","Vikas Poonia","7,000","No","Annual Plus","1","Renewals","Sheet1"
"453","21/08/2026","9920856056","Amol Landge","10,376","No","Annual Max","1","Renewals","Sheet1"
"454","21/08/2026","8209797544","Shikha Singh","11,000","No","Annual Max","1","Organic","Sheet1"
"455","21/08/2026","9867122369","Vivek Shah","13,500","No","Annual Max","1","Organic","Sheet1"
"456","21/08/2026","9990970630","Prerak Bhavsar","11,000","No","Annual Max","1","Organic","Sheet1"
"457","21/08/2026","9510000586","Shashank Tiwari","10,500","No","Annual Max","1","Organic","Sheet1"
"458","21/08/2026","7248961825","Shubham Rai","12,000","No","Annual Max","1","Organic","Sheet1"
"459","21/08/2026","8470940129","Honey Talreja","17,073","No","Annual Max","1","Organic","Sheet1"
"460","21/08/2026","7387737926","Vikas Poonia","10,376","No","Annual Max","1","Organic","Sheet1"
"461","21/08/2026","7022795083","Shashank Tiwari","5,000","No","Quarterly Max","1","Organic","Sheet1"
"462","21/08/2026","7990586653","Honey Talreja","11,000","No","Annual Max","1","Organic","Sheet1"
"463","21/08/2026","9824196418","Honey Talreja","11,000","No","Annual Max","1","Organic","Sheet1"
"464","21/08/2026","7387678612","Vikas Poonia","10,376","No","Annual Max","1","Organic","Sheet1"
"465","21/08/2026","8466837010","Abhijeet Mathur","2,000","No","Annual Max","1","Upgrade","Sheet1"
"466","21/08/2026","8286111110","Honey Talreja","11,000","No","Annual Max","1","Organic","Sheet1"
"467","21/08/2026","9051435359","Amol Landge","10,675","No","Annual Max","1","Organic","Sheet1"
"468","21/08/2026","7993397728","Honey Talreja","17,073","No","Annual Max","1","Organic","Sheet1"
"469","21/08/2026","9059574567","Kausturi Roy Chowdhury","25,500","No","Ultra Annually","1","Organic","Sheet1"
"470","21/08/2026","9711787118","Naveen Suwalka","11,000","No","Annual Max","1","Organic","Sheet1"
"471","21/08/2026","8401020374","Tanveer Ahmed","13,000","No","Annual Max","1","Organic","Sheet1"
"472","21/08/2026","9662266314","Honey Talreja","6,500","Yes","Annual Max","0.5","Organic","Sheet1"
"473","21/08/2026","8604678511","Kush Shah","4,500","No","Quarterly Max","1","Organic","Sheet1"
"474","21/08/2026","9727771142","Kausturi Roy Chowdhury","11,000","No","Annual Max","1","Organic","Sheet1"
"475","21/08/2026","9662266314","Tanveer Ahmed","7,500","Yes","Annual Max","0.5","Organic","Sheet1"
"476","22/08/2026","9148155741","Vikas Poonia","10,376","No","Annual Max","1","Renewals","Sheet1"
"477","22/08/2026","9813606264","Rani Singh","12,000","No","Annual Max","1","Organic","Sheet1"
"478","22/08/2026","9711218157","Kush Shah","11,000","No","Annual Max","1","Organic","Sheet1"
"479","22/08/2026","9879140909","Prerak Bhavsar","12,000","No","Annual Max","1","Organic","Sheet1"
"480","22/08/2026","8310307008","Honey Talreja","5,000","No","Quarterly Max","1","Organic","Sheet1"
"481","22/08/2026","9711787118","Naveen Suwalka","11,000","No","Annual Max","1","Organic","Sheet1"
"482","22/08/2026","9810743977","Preyashi Roy","12,000","No","Annual Max","1","Organic","Sheet1"
"483","22/08/2026","9990029425","Sneha Anand","12,000","No","Annual Max","1","Organic","Sheet1"
"484","22/08/2026","9999940243","Honey Talreja","12,000","No","Annual Max","1","Organic","Sheet1"
"485","22/08/2026","8655463230","Naveen Suwalka","11,000","No","Annual Max","1","Organic","Sheet1"
"486","22/08/2026","9167472622","Shikha Singh","11,000","No","Annual Max","1","Organic","Sheet1"
"487","22/08/2026","8866348860","Prerak Bhavsar","12,000","No","Annual Max","1","Organic","Sheet1"
"488","22/08/2026","9599186369","Vikas Poonia","10,376","No","Annual Max","1","Renewals","Sheet1"
"489","22/08/2026","9861566969","Amol Landge","5,000","No","Quarterly Max","1","Organic","Sheet1"
"490","22/08/2026","8879647699","Shubham Rai","3,000","No","Quarterly Plus","1","Organic","Sheet1"
"491","22/08/2026","7993397728","Sneha Anand","8,537","Yes","Annual Max","0.5","Organic","Sheet1"
"492","22/08/2026","9014704591","Jivesh Harde","11,000","No","Annual Max","1","Organic","Sheet1"
"493","22/08/2026","9979377795","Kush Shah","11,000","No","Annual Max","1","Organic","Sheet1"
"494","22/08/2026","9758329776","Shikha Singh","11,000","No","Annual Max","1","Events","Sheet1"
"495","22/08/2026","7990743055","Tashrifa Ruhani Saikia","11,000","No","Annual Max","1","Events","Sheet1"
"496","22/08/2026","9758329776","Shikha Singh","11,000","No","Annual Max","1","Events","Sheet1"
"497","22/08/2026","9820320502","Amol Landge","12,000","No","Annual Max","1","Organic","Sheet1"
"498","22/08/2026","7861036246","Neeru Yadav","11,000","No","Annual Max","1","Organic","Sheet1"
"499","22/08/2026","9247697297","Honey Talreja","13,573","No","Annual Max","1","Organic","Sheet1"
"500","22/08/2026","9949143090","Kush Shah","11,000","No","Annual Max","1","Organic","Sheet1"
"501","23/08/2026","9599803502","Kush Shah","11,000","No","Annual Max","1","Organic","Sheet1"
"502","23/08/2026","9790722725","Amol Landge","11,000","No","Annual Max","1","Events","Sheet1"
"503","23/08/2026","9960511785","Honey Talreja","4,500","No","Quarterly Max","1","Organic","Sheet1"
"504","23/08/2026","9763966056","Vivek Shah","12,216","No","Annual Max","1","Organic","Sheet1"
"505","23/08/2026","9565575359","Sneha Anand","5,756","No","Quarterly Max","1","Organic","Sheet1"
"506","23/08/2026","9985139375","Amol Landge","11,000","No","Annual Max","1","Events","Sheet1"
"507","23/08/2026","9930200559","Honey Talreja","11,000","No","Annual Max","1","Organic","Sheet1"
"508","23/08/2026","9773315283","Vikas Poonia","10,376","No","Annual Max","1","Renewals","Sheet1"
"509","23/08/2026","6304647301","Amol Landge","10,376","No","Annual Max","1","Events","Sheet1"
"510","23/08/2026","9040361217","Chhaya Patel","11,000","No","Annual Max","1","Organic","Sheet1"
"511","23/08/2026","9966193243","Amol Landge","11,000","No","Annual Max","1","Events","Sheet1"
"512","23/08/2026","9989445140","Amol Landge","11,000","No","Annual Max","1","Events","Sheet1"
"513","23/08/2026","8297248700","Amol Landge","11,000","No","Annual Max","1","Events","Sheet1"
"514","23/08/2026","7507722389","Kunal Sharma","4,500","No","Quarterly Max","1","Organic","Sheet1"
"515","23/08/2026","9819119229","Preyashi Roy","11,000","No","Annual Max","1","Organic","Sheet1"
"516","23/08/2026","9999390811","Prerak Bhavsar","4,500","No","Quarterly Max","1","Organic","Sheet1"
"517","23/08/2026","8920574984","Shubham Rai","11,000","No","Annual Max","1","Events","Sheet1"
"518","23/08/2026","7973209472","Rohit Jain","11,000","No","Annual Max","1","Organic","Sheet1"
"519","23/08/2026","6205625411","Abhijeet Mathur","4,500","No","Quarterly Max","1","Organic","Sheet1"
"520","23/08/2026","9959894462","Amol Landge","11,000","No","Annual Max","1","Events","Sheet1"
"521","23/08/2026","9568814044","Chhaya Patel","11,000","No","Annual Max","1","Organic","Sheet1"
"522","23/08/2026","9716242784","Vivek Shah","12,000","No","Annual Max","1","Organic","Sheet1"
"523","23/08/2026","9700146244","Amol Landge","11,000","No","Annual Max","1","Events","Sheet1"
"524","23/08/2026","9769313718","Rohit Jain","11,000","No","Annual Max","1","Organic","Sheet1"
"525","23/08/2026","8142811221","Amol Landge","11,000","No","Annual Max","1","Events","Sheet1"
"526","23/08/2026","7039310969","Rohit Jain","11,000","No","Annual Max","1","Organic","Sheet1"
"527","23/08/2026","8630897711","Prerak Bhavsar","2,700","No","Quarterly Plus","1","Organic","Sheet1"
"528","23/08/2026","9987755747","Vikas Poonia","10,376","No","Annual Max","1","Renewals","Sheet1"
"529","23/08/2026","9328290035","Tanveer Ahmed","3,500","Yes","Annual Max","0.5","Organic","Sheet1"
"530","23/08/2026","9328290035","Honey Talreja","7,500","Yes","Annual Max","0.5","Organic","Sheet1"
"531","23/08/2026","9328290035","Shikha Singh","11,000","No","Annual Max","1","Events","Sheet1"
"532","23/08/2026","7088971023","Yuvraj Singh Dodiya","11,000","No","Annual Max","1","Organic","Sheet1"
"533","23/08/2026","7838586510","Shikha Singh","11,000","No","Annual Max","1","Events","Sheet1"
"534","23/08/2026","9654299017","Shashank Tiwari","4,500","No","Quarterly Max","1","Organic","Sheet1"
"535","23/08/2026","9347981047","Amol Landge","11,000","No","Annual Max","1","Events","Sheet1"
"536","23/08/2026","7205794886","Jivesh Harde","11,000","No","Annual Max","1","Organic","Sheet1"
"537","23/08/2026","8008106108","Amol Landge","11,000","No","Annual Max","1","Events","Sheet1"
"538","23/08/2026","9664040928","Honey Talreja","12,000","No","Annual Max","1","Organic","Sheet1"
"539","23/08/2026","9619462864","Honey Talreja","12,000","No","Annual Max","1","Organic","Sheet1"
"540","24/08/2026","9974897626","Prerak Bhavsar","12,500","No","Annual Max","1","Organic","Sheet1"
"541","24/08/2026","8469935324","Kush Shah","11,000","No","Annual Max","1","Organic","Sheet1"
"542","24/08/2026","9032817512","Honey Talreja","5,000","No","Quarterly Max","1","Organic","Sheet1"
"543","24/08/2026","9738473711","Kush Shah","4,500","No","Annual Max","1","Organic","Sheet1"
"544","24/08/2026","9824240309","Honey Talreja","12,000","No","Annual Max","1","Organic","Sheet1"
"545","24/08/2026","7597219716","Vivek Shah","11,000","No","Annual Max","1","Organic","Sheet1"
"546","24/08/2026","9429132544","Sneha Anand","5,000","No","Quarterly Max","1","Organic","Sheet1"
"547","24/08/2026","9987853936","Vikas Poonia","10,376","No","Annual Max","1","Renewals","Sheet1"
"548","24/08/2026","9664352981","Vikas Poonia","7,000","No","Annual Plus","1","Renewals","Sheet1"
"549","24/08/2026","9987729592","Naveen Suwalka","4,500","No","Quarterly Max","1","Organic","Sheet1"
"550","24/08/2026","8851509452","Preyashi Roy","7,000","No","6 months Max","1","Organic","Sheet1"
"551","24/08/2026","8586858088","Chhaya Patel","11,000","No","Annual Max","1","Organic","Sheet1"
"552","24/08/2026","9010099993","Vivek Shah","11,000","No","Annual Max","1","Organic","Sheet1"
"553","24/08/2026","9898887768","Kush Shah","11,000","No","Annual Max","1","Organic","Sheet1"
"554","24/08/2026","9322092160","Kausturi Roy Chowdhury","12,216","No","Annual Max","1","Organic","Sheet1"
"555","24/08/2026","8999583128","Yuvraj Singh Dodiya","11,000","No","Annual Max","1","Organic","Sheet1"
"556","24/08/2026","9920813075","Tanveer Ahmed","11,000","No","Annual Max","1","Organic","Sheet1"
"557","24/08/2026","9182601416","Honey Talreja","5,000","No","Quarterly Max","1","Organic","Sheet1"
"558","24/08/2026","7041727760","Preyashi Roy","12,216","No","Annual Max","1","Organic","Sheet1"
"559","24/08/2026","7055848739","Kush Shah","11,000","No","Annual Max","1","Organic","Sheet1"
"560","24/08/2026","7999961290","Ishika Gorle","11,000","No","Annual Max","1","Organic","Sheet1"
"561","24/08/2026","8866084485","Tanveer Ahmed","11,000","No","Annual Max","1","Organic","Sheet1"
"562","25/08/2026","9677073453","Shashank Tiwari","4,500","No","Quarterly Max","1","Organic","Sheet1"
"563","25/08/2026","7567831899","Shubham Rai","12,216","No","Annual Max","1","Organic","Sheet1"
"564","25/08/2026","9968039527","Shashank Tiwari","11,000","No","Annual Max","1","Organic","Sheet1"
"565","25/08/2026","9422213070","Vikas Poonia","10,376","No","Annual Max","1","Renewals","Sheet1"
"566","25/08/2026","9975705708","Vikas Poonia","12,216","No","Annual Max","1","Renewals","Sheet1"
"567","25/08/2026","8792791198","Tanveer Ahmed","11,000","No","Annual Max","1","Organic","Sheet1"
"568","25/08/2026","7678071682","Vikas Poonia","4,500","No","Quarterly Max","1","Renewals","Sheet1"
"569","25/08/2026","8200629100","Amol Landge","10,376","No","Annual Max","1","Renewals","Sheet1"
"570","25/08/2026","9051435359","Amol Landge","10,376","No","Annual Max","1","Renewals","Sheet1"
"571","25/08/2026","9904032402","Naveen Suwalka","11,000","No","Annual Max","1","Organic","Sheet1"
"572","25/08/2026","8985228708","Prerak Bhavsar","11,000","No","Annual Max","1","Organic","Sheet1"
"573","25/08/2026","9773281327","Abhijeet Mathur","12,000","No","Annual Max","1","Organic","Sheet1"
"574","25/08/2026","9950020606","Chhaya Patel","11,000","No","Annual Max","1","Organic","Sheet1"
"575","25/08/2026","8386001588","Yuvraj Singh Dodiya","11,000","No","Annual Max","1","Organic","Sheet1"
"576","25/08/2026","8866198119","Honey Talreja","11,000","No","Annual Max","1","Organic","Sheet1"
"577","25/08/2026","9987910218","Jivesh Harde","11,000","No","Annual Max","1","Organic","Sheet1"
"578","25/08/2026","7016222793","Honey Talreja","12,216","No","Annual Max","1","Organic","Sheet1"
"579","25/08/2026","9005867949","Abhijeet Mathur","4,500","No","Quarterly Max","1","Organic","Sheet1"
"580","25/08/2026","9879449746","Honey Talreja","13,000","No","Annual Max","1","Organic","Sheet1"
"581","25/08/2026","9269926144","Shubham Rai","11,000","No","Annual Max","1","Organic","Sheet1"
"582","25/08/2026","7982952620","Shubham Rai","11,000","No","Annual Max","1","Organic","Sheet1"
"583","25/08/2026","8308940699","Sneha Anand","11,000","No","Annual Max","1","Organic","Sheet1"
"584","26/08/2026","8155061298","Vikas Poonia","11,000","No","Annual Max","1","Organic","Sheet1"
"585","26/08/2026","9307481062","Amol Landge","10,376","No","Annual Max","1","Renewals","Sheet1"
"586","26/08/2026","9894060489","Shubham Rai","11,000","No","Annual Max","1","Organic","Sheet1"
"587","26/08/2026","7016164064","Jivesh Harde","11,000","No","Annual Max","1","Organic","Sheet1"
"588","26/08/2026","8825427411","Abhijeet Mathur","11,000","No","Annual Max","1","Organic","Sheet1"
"589","26/08/2026","9999424772","Vikas Poonia","6,300","No","Quarterly Max","1","Renewals","Sheet1"
"590","26/08/2026","9999365204","Vikas Poonia","4,200","No","Quarterly Max","1","Renewals","Sheet1"
"591","26/08/2026","9146392916","Chhaya Patel","11,000","No","Annual Max","1","Organic","Sheet1"
"592","26/08/2026","9429974299","Vikas Poonia","10,376","No","Annual Max","1","Renewals","Sheet1"
"593","26/08/2026","8758807223","Honey Talreja","12,000","No","Annual Max","1","Organic","Sheet1"
"594","26/08/2026","9652189150","Preyashi Roy","12,216","No","Annual Max","1","Organic","Sheet1"
"595","26/08/2026","9582029227","Chhaya Patel","11,000","No","Annual Max","1","Organic","Sheet1"
"596","26/08/2026","9224448215","Chhaya Patel","10,376","No","Annual Max","1","Organic","Sheet1"
"597","26/08/2026","8108481698","Naveen Suwalka","11,000","No","Annual Max","1","Organic","Sheet1"
"598","26/08/2026","7095213646","Vikas Poonia","10,376","No","Annual Max","1","Renewals","Sheet1"
"599","26/08/2026","8121841947","Vikas Poonia","10,376","No","Annual Max","1","Renewals","Sheet1"
"600","26/08/2026","7030281166","Amol Landge","5,000","No","Annual Mini","1","Renewals","Sheet1"
"601","26/08/2026","7021454100","Tanveer Ahmed","11,000","No","Annual Max","1","Organic","Sheet1"
"602","26/08/2026","7353688367","Vikas Poonia","5,000","No","Annual Mini","1","Renewals","Sheet1"
"603","26/08/2026","7829636996","Honey Talreja","11,000","No","Annual Max","1","Organic","Sheet1"
"604","26/08/2026","9325909595","Rohit Jain","11,000","No","Annual Max","1","Organic","Sheet1"
"605","26/08/2026","9448180680","Vikas Poonia","10,376","No","Annual Max","1","Renewals","Sheet1"
"606","26/08/2026","9949359727","Shikha Singh","11,000","No","Annual Max","1","Organic","Sheet1"
"607","26/08/2026","9999508840","Amol Landge","10,376","No","Annual Max","1","Renewals","Sheet1"
"608","26/08/2026","9967555818","Sneha Anand","4,500","No","Quarterly Max","1","Organic","Sheet1"
"609","26/08/2026","9898306774","Kush Shah","11,000","No","Annual Max","1","Organic","Sheet1"
"610","26/08/2026","9702169772","Jivesh Harde","11,000","No","Annual Max","1","Organic","Sheet1"
"611","27/08/2026","9441334435","Vikas Poonia","10,376","No","Annual Max","1","Renewals","Sheet1"
"612","27/08/2026","7400333051","Vivek Shah","7,200","No","Annual Max","1","Organic","Sheet1"
"613","27/08/2026","9490805419","Neeru Yadav","11,000","No","Annual Max","1","Organic","Sheet1"
"614","27/08/2026","9662775451","Honey Talreja","4,500","No","Quarterly Max","1","Organic","Sheet1"
"615","27/08/2026","6309065854","Vikas Poonia","10,376","No","Annual Max","1","Renewals","Sheet1"
"616","27/08/2026","8971600947","Amol Landge","11,000","No","Annual Max","1","Renewals","Sheet1"
"617","27/08/2026","7760828828","Kausturi Roy Chowdhury","5,756","No","Quarterly Max","1","Organic","Sheet1"
"618","27/08/2026","8291316311","Rohit Jain","11,000","No","Annual Max","1","Organic","Sheet1"
"619","27/08/2026","9820600249","Yuvraj Singh Dodiya","11,000","No","Annual Max","1","Organic","Sheet1"
"620","27/08/2026","9980378787","Shikha Singh","12,000","No","Annual Max","1","Organic","Sheet1"
"621","27/08/2026","8128687974","Amol Landge","10,376","No","Annual Max","1","Renewals","Sheet1"
"622","27/08/2026","9582328946","Kausturi Roy Chowdhury","10,500","No","Annual Max","1","Organic","Sheet1"
"623","27/08/2026","7046823101","Vikas Poonia","10,376","No","Annual Max","1","Renewals","Sheet1"
"624","27/08/2026","9429306938","Vikas Poonia","10,000","No","Annual Max","1","Renewals","Sheet1"
"625","27/08/2026","9899261196","Vikas Poonia","10,376","No","Annual Max","1","Renewals","Sheet1"
"626","27/08/2026","9448180680","Amol Landge","10,376","No","Annual Max","1","Renewals","Sheet1"
"627","27/08/2026","9703988966","Tashrifa Ruhani Saikia","11,000","No","Annual Max","1","Organic","Sheet1"
"628","27/08/2026","8866711721","Kausturi Roy Chowdhury","14,055","No","Annual Max","1","Organic","Sheet1"
"629","27/08/2026","8850924759","Chhaya Patel","14,573","No","Annual Max","1","Organic","Sheet1"
"630","27/08/2026","9769439323","Chhaya Patel","11,000","No","Annual Max","1","Organic","Sheet1"
"631","27/08/2026","9652503933","Vikas Poonia","15,339","No","Ultra Annually","1","Renewals","Sheet1"
"632","27/08/2026","7977682039","Kunal Sharma","4,500","No","Quarterly Max","1","Organic","Sheet1"
"633","28/08/2026","9949359727","Shikha Singh","11,000","No","Annual Max","1","Organic","Sheet1"
"634","28/08/2026","7848936378","Kausturi Roy Chowdhury","11,000","No","Annual Max","1","Organic","Sheet1"
"635","28/08/2026","8589068691","Kausturi Roy Chowdhury","11,000","No","Annual Max","1","Organic","Sheet1"
"636","28/08/2026","9916142229","Yuvraj Singh Dodiya","11,000","No","Annual Max","1","Organic","Sheet1"
"637","28/08/2026","9820517089","Vikas Poonia","4,200","No","Quarterly Max","1","Renewals","Sheet1"
"638","28/08/2026","8286821869","Honey Talreja","11,000","No","Annual Max","1","Organic","Sheet1"
"639","28/08/2026","8698140422","Honey Talreja","11,000","No","Annual Max","1","Organic","Sheet1"
"640","28/08/2026","9870112161","Tashrifa Ruhani Saikia","11,000","No","Annual Max","1","Organic","Sheet1"
"641","28/08/2026","8317620137","Kausturi Roy Chowdhury","12,000","No","Annual Max","1","Organic","Sheet1"
"642","28/08/2026","9773914882","Amol Landge","11,376","No","Annual Max","1","Renewals","Sheet1"
"643","28/08/2026","7839100120","Rani Singh","11,000","No","Annual Max","1","Organic","Sheet1"
"644","29/08/2026","9573574126","Honey Talreja","12,825","No","Annual Max","1","Organic","Sheet1"
"645","29/08/2026","9711841167","Abhijeet Mathur","4,500","No","Quarterly Max","1","Organic","Sheet1"
"646","29/08/2026","9979533563","Prerak Bhavsar","4,500","No","Quarterly Max","1","Organic","Sheet1"
"647","29/08/2026","9142483153","Kush Shah","11,000","No","Annual Max","1","Organic","Sheet1"
"648","29/08/2026","9825724380","Naveen Suwalka","4,500","No","Quarterly Max","1","Organic","Sheet1"
"649","29/08/2026","9836237630","Kausturi Roy Chowdhury","15,000","No","Annual Max","1","Organic","Sheet1"
"650","29/08/2026","9429355977","Vikas Poonia","11,000","No","Annual Max","1","Organic","Sheet1"
"651","29/08/2026","9967115368","Amol Landge","10,376","No","Annual Max","1","Renewals","Sheet1"
"652","29/08/2026","7709543011","Amol Landge","10,376","No","Annual Max","1","Renewals","Sheet1"
"653","29/08/2026","9408965880","Amol Landge","10,376","No","Annual Max","1","Renewals","Sheet1"
"654","29/08/2026","9766609464","Preyashi Roy","12,000","No","Annual Max","1","Organic","Sheet1"
"655","29/08/2026","7709166991","Kausturi Roy Chowdhury","6,000","No","Quarterly Max","1","Organic","Sheet1"
"656","29/08/2026","8433773346","Sneha Anand","11,000","No","Annual Max","1","Organic","Sheet1"
"657","29/08/2026","9908383323","Jivesh Harde","11,000","No","Annual Max","1","Organic","Sheet1"
"658","29/08/2026","9142483153","Kush Shah","11,000","No","Annual Max","1","Organic","Sheet1"
"659","30/08/2026","9540002360","Tanveer Ahmed","11,000","No","Annual Max","1","Organic","Sheet1"
"660","30/08/2026","9540335408","Naveen Suwalka","11,000","No","Annual Max","1","Organic","Sheet1"
"661","30/08/2026","9033533237","Naveen Suwalka","11,000","No","Annual Max","1","Organic","Sheet1"
"662","30/08/2026","8780991386","Prerak Bhavsar","11,000","No","Annual Max","1","Events","Sheet1"
"663","30/08/2026","8698952346","Vivek Shah","11,000","No","Annual Max","1","Organic","Sheet1"
"664","30/08/2026","8476025269","Amol Landge","7,000","No","6 months Max","1","Renewals","Sheet1"
"665","30/08/2026","9035346974","Amol Landge","10,376","No","Annual Max","1","Renewals","Sheet1"
"666","30/08/2026","9426788705","Vikas Poonia","7,000","No","Annual Plus","1","Renewals","Sheet1"
"667","30/08/2026","9912439874","Tashrifa Ruhani Saikia","11,000","No","Annual Max","1","Organic","Sheet1"
"668","30/08/2026","9821800442","Abhijeet Mathur","12,000","No","Annual Max","1","Organic","Sheet1"
"669","30/08/2026","8605235772","Rohit Jain","5,000","No","Quarterly Max","1","Organic","Sheet1"
"670","30/08/2026","8141503123","Tanveer Ahmed","11,000","No","Annual Max","1","Organic","Sheet1"
"671","30/08/2026","9825031999","Yuvraj Singh Dodiya","11,000","No","Annual Max","1","Events","Sheet1"
"672","30/08/2026","9600157221","Honey Talreja","12,000","No","Annual Max","1","Organic","Sheet1"
"673","30/08/2026","9867918873","Shubham Rai","11,000","No","Annual Max","1","Organic","Sheet1"
"674","30/08/2026","8082039630","Shubham Rai","11,000","No","Annual Max","1","Organic","Sheet1"
"675","30/08/2026","9757287470","Amol Landge","10,376","No","Annual Max","1","Renewals","Sheet1"
"676","30/08/2026","9008417820","Amol Landge","5,000","No","Annual Mini","1","Renewals","Sheet1"
"677","30/08/2026","9893733816","Amol Landge","10,376","No","Annual Max","1","Renewals","Sheet1"
"678","30/08/2026","7000889383","Kunal Sharma","3,160","No","Quarterly Plus","1","Organic","Sheet1"
"679","30/08/2026","9079252909","Rohit Jain","11,000","No","Annual Max","1","Organic","Sheet1"
"680","30/08/2026","7396624068","Ishika Gorle","12,000","No","Annual Max","1","Organic","Sheet1"
"681","30/08/2026","8851997943","Honey Talreja","11,000","No","Annual Max","1","Organic","Sheet1"
"682","30/08/2026","7506453678","Tanveer Ahmed","11,000","No","Annual Max","1","Organic","Sheet1"
"683","30/08/2026","8080883583","Neeru Yadav","11,000","No","Annual Max","1","Organic","Sheet1"
"684","30/08/2026","8851070500","Honey Talreja","11,000","No","Annual Max","1","Organic","Sheet1"
"685","30/08/2026","8826486187","Shikha Singh","11,000","No","Annual Max","1","Organic","Sheet1"
"686","30/08/2026","8098073474","Honey Talreja","11,000","No","Annual Max","1","Organic","Sheet1"
"687","31/08/2026","7874018585","Kausturi Roy Chowdhury","13,000","No","Annual Max","1","Organic","Sheet1"
"688","31/08/2026","8880519384","Prerak Bhavsar","11,000","No","Annual Max","1","Organic","Sheet1"
"689","31/08/2026","9818920801","Amol Landge","10,376","No","Annual Max","1","Renewals","Sheet1"
"690","31/08/2026","9971681194","Vikas Poonia","10,376","No","Annual Max","1","Renewals","Sheet1"
"691","31/08/2026","7046823101","Vikas Poonia","10,376","No","Annual Max","1","Renewals","Sheet1"
"692","31/08/2026","9986033013","Vikas Poonia","10,376","No","Annual Max","1","Renewals","Sheet1"
"693","31/08/2026","9428608977","Amol Landge","4,000","No","Quarterly Max","1","Renewals","Sheet1"
"694","31/08/2026","8147750490","Honey Talreja","10,000","No","Annual Max","1","Renewals","Sheet1"
"695","31/08/2026","9461481395","Chhaya Patel","11,000","No","Annual Max","1","Organic","Sheet1"
"696","31/08/2026","8796236014","Honey Talreja","11,000","No","Annual Max","1","Organic","Sheet1"
"697","31/08/2026","9689180091","Jivesh Harde","11,000","No","Annual Max","1","Organic","Sheet1"
"698","31/08/2026","8697464899","Tanveer Ahmed","4,500","No","Quarterly Max","1","Organic","Sheet1"
"699","31/08/2026","7838793339","Yuvraj Singh Dodiya","11,000","No","Annual Max","1","Organic","Sheet1"
"700","31/08/2026","7405927233","Shubham Rai","11,000","No","Annual Max","1","Organic","Sheet1"
"701","31/08/2026","9959861986","Amol Landge","10,756","No","Annual Max","1","Renewals","Sheet1"
"702","31/08/2026","7761823376","Jivesh Harde","11,000","No","Annual Max","1","Organic","Sheet1"
"703","31/08/2026","8090201437","Chhaya Patel","11,000","No","Annual Max","1","Organic","Sheet1"
"704","31/08/2026","8885505115","Honey Talreja","17,000","No","Ultra Annually","1","Organic","Sheet1"
"705","31/08/2026","9908204637","Vivek Shah","10,000","No","Annual Max","1","Renewals","Sheet1"
"706","31/08/2026","9032143787","Kausturi Roy Chowdhury","10,000","No","Annual Max","1","Organic","Sheet1"
"707","31/08/2026","9632850223","Sneha Anand","11,000","No","Annual Max","1","Organic","Sheet1"
"708","31/08/2026","7984947096","Kausturi Roy Chowdhury","7,000","No","Annual Plus","1","Renewals","Sheet1"
"709","31/08/2026","8826463232","Vikas Poonia","10,000","No","Annual Max","1","Renewals","Sheet1"
"710","31/08/2026","9741118250","Vikas Poonia","10,376","No","Annual Max","1","Renewals","Sheet1"
"711","31/08/2026","7836094551","Tanveer Ahmed","5,500","Yes","Annual Max","0.5","Organic","Sheet1"
"712","31/08/2026","7836094551","Honey Talreja","5,500","Yes","Annual Max","0.5","Organic","Sheet1"
"1","9/1/2026","9874041227","Prerak Bhavsar","11,000","No","Annual Max","1","Organic","Sheet2"
"2","9/1/2026","9999976793","Shikha Singh","11,000","No","Annual Max","1","Organic","Sheet2"
"3","9/1/2026","8793606652","Honey Talreja","11,000","No","Annual Max","1","Organic","Sheet2"
"4","9/1/2026","9016517442","Kush Shah","11,000","No","Annual Max","1","Organic","Sheet2"
"5","9/1/2026","7993052664","Shubham Rai","11,000","No","Annual Max","1","Organic","Sheet2"
"6","9/1/2026","9998584455","Kausturi Roy Chowdhury","3,160","No","Quarterly Plus","1","Organic","Sheet2"
"7","9/1/2026","8898838426","Preyashi Roy","11,000","No","Annual Max","1","Organic","Sheet2"
"8","9/1/2026","9110259263","Vivek Shah","11,000","No","Annual Max","1","Organic","Sheet2"
"9","9/1/2026","8970154845","Amol Landge","4,000","No","Quarterly Max","1","Renewals","Sheet2"
"10","9/1/2026","9821797552","Honey Talreja","11,000","No","Annual Max","1","Organic","Sheet2"
"11","9/1/2026","8879737813","Kausturi Roy Chowdhury","12,215","No","Annual Max","1","Organic","Sheet2"
"12","9/1/2026","9848834142","Kush Shah","5,000","Yes","Annual Max","0.5","Organic","Sheet2"
"13","9/1/2026","7607006672","Yuvraj Singh Dodiya","4,500","No","Quarterly Max","1","Organic","Sheet2"
"14","9/1/2026","7982952620","Shubham Rai","11,000","No","Annual Max","1","Organic","Sheet2"
"15","9/1/2026","9098338133","Jivesh Harde","18,000","No","Ultra Annually","1","Organic","Sheet2"
"16","9/1/2026","9654744792","Honey Talreja","11,000","No","Annual Max","1","Organic","Sheet2"
"17","9/1/2026","9870660958","Yuvraj Singh Dodiya","5,000","No","Quarterly Max","1","Organic","Sheet2"
"18","9/1/2026","8866677026","Prerak Bhavsar","11,000","No","Annual Max","1","Renewals","Sheet2"
"19","9/1/2026","9911315379","Soumya Pandey","11,000","No","Annual Max","1","Organic","Sheet2"
"20","9/1/2026","7060698922","Neeru Yadav","11,000","No","Annual Max","1","Organic","Sheet2"
"21","9/1/2026","7738761739","Tashrifa Ruhani Saikia","11,000","No","Annual Max","1","Organic","Sheet2"
"22","9/1/2026","8888851324","Kush Shah","8,500","Yes","Annual Max","0.5","Organic","Sheet2"
"23","9/2/2026","9773012380","Honey Talreja","4,500","No","Quarterly Max","1","Organic","Sheet2"
"24","9/2/2026","9825247312","Chhaya Patel","4,500","No","Quarterly Max","1","Organic","Sheet2"
"25","9/2/2026","7892500764","Honey Talreja","11,000","No","Annual Max","1","Organic","Sheet2"
"26","9/2/2026","9000155639","Tanveer Ahmed","5,500","Yes","Annual Max","0.5","Organic","Sheet2"
"27","9/2/2026","9000155639","Honey Talreja","5,500","Yes","Annual Max","0.5","Organic","Sheet2"
"28","9/2/2026","6385202319","Honey Talreja","10,376","No","Annual Max","1","Renewals","Sheet2"
"29","9/2/2026","9930789835","Jivesh Harde","11,000","No","Annual Max","1","Organic","Sheet2"
"30","9/2/2026","9426788705","Prerak Bhavsar","10,000","No","Annual Max","1","Renewals","Sheet2"
"31","9/2/2026","9998009727","Jivesh Harde","11,000","No","Annual Max","1","Organic","Sheet2"
"32","9/2/2026","7738085833","Rani Singh","12,000","No","Annual Max","1","Organic","Sheet2"
"33","9/2/2026","8527259559","Shashank Tiwari","4,500","No","Quarterly Max","1","Organic","Sheet2"
"34","9/3/2026","7738266684","Prerak Bhavsar","12,000","No","Annual Max","1","Organic","Sheet2"
"35","9/3/2026","8097130187","Yuvraj Singh Dodiya","11,000","No","Annual Max","1","Organic","Sheet2"
"36","9/3/2026","9748733306","Honey Talreja","12,000","No","Annual Max","1","Organic","Sheet2"
"37","9/3/2026","8898980174","Vivek Shah","11,000","No","Annual Max","1","Organic","Sheet2"
"38","9/3/2026","9940580416","Amol Landge","5,000","No","Annual Mini","1","Renewals","Sheet2"
"39","9/3/2026","8128522076","Kush Shah","7,000","No","6 months Max","1","Organic","Sheet2"
"40","9/3/2026","9319387629","Kausturi Roy Chowdhury","11,000","No","Annual Max","1","Organic","Sheet2"
"41","9/3/2026","8080341053","Vikas Poonia","10,376","No","Annual Max","1","Renewals","Sheet2"
"42","9/3/2026","9538005852","Tashrifa Ruhani Saikia","11,000","No","Annual Max","1","Organic","Sheet2"
"43","9/3/2026","9529475785","Prerak Bhavsar","12,000","No","Annual Max","1","Organic","Sheet2"
"44","9/3/2026","9811524072","Kush Shah","11,000","No","Annual Max","1","Organic","Sheet2"
"45","9/3/2026","7485973107","Shubham Rai","10,000","No","Annual Max","1","Organic","Sheet2"
"46","9/3/2026","8374848359","Neeru Yadav","4,500","No","Quarterly Max","1","Organic","Sheet2"
"47","9/3/2026","8368271158","Neeru Yadav","4,500","No","Quarterly Max","1","Organic","Sheet2"
"48","9/3/2026","9754026270","Chhaya Patel","11,000","No","Annual Max","1","Organic","Sheet2"
"49","9/3/2026","8709095050","Shubham Rai","11,000","No","Annual Max","1","Organic","Sheet2"
"50","9/3/2026","7228988229","Kush Shah","4,500","No","Quarterly Max","1","Organic","Sheet2"
"51","9/4/2026","9810056520","Shubham Rai","11,000","No","Annual Max","1","Organic","Sheet2"
"52","9/4/2026","8652104199","Sneha Anand","11,000","No","Annual Max","1","Organic","Sheet2"
"53","9/4/2026","8054528004","Kausturi Roy Chowdhury","12,215","No","Annual Max","1","Organic","Sheet2"
"54","9/4/2026","9920355569","Rani Singh","4,500","No","Quarterly Max","1","Organic","Sheet2"
"55","9/4/2026","9030132458","Tashrifa Ruhani Saikia","8,636","No","Annual Max","1","Upgrade","Sheet2"
"56","9/4/2026","9967742818","Chhaya Patel","10,000","No","Annual Max","1","Organic","Sheet2"
"57","9/4/2026","8141675488","Shubham Rai","4,500","No","Quarterly Max","1","Organic","Sheet2"
"58","9/4/2026","7701878126","Rani Singh","11,000","No","Annual Max","1","Organic","Sheet2"
"59","9/4/2026","9638988206","Honey Talreja","11,000","No","Annual Max","1","Organic","Sheet2"
"60","9/4/2026","9909903693","Shivani Gupta","12,216","No","Annual Max","1","Organic","Sheet2"
"61","9/4/2026","8905811621","Vivek Shah","11,000","No","Annual Max","1","Organic","Sheet2"
"62","9/4/2026","9601967170","Vivek Shah","12,216","No","Annual Max","1","Organic","Sheet2"
"63","9/4/2026","8605799188","Prerak Bhavsar","4,500","No","Quarterly Max","1","Organic","Sheet2"
"64","9/4/2026","9429503100","Amol Landge","8,000","No","Annual Max","1","Renewals","Sheet2"
"65","9/4/2026","9876095365","Amol Landge","4,000","No","Quarterly Max","1","Renewals","Sheet2"
"66","9/4/2026","9426650416","Vikas Poonia","3,160","No","Quarterly Plus","1","Renewals","Sheet2"
"67","9/5/2026","9930519331","Amol Landge","10,376","No","Annual Max","1","Renewals","Sheet2"
"68","9/5/2026","9892389153","Vikas Poonia","10,376","No","Annual Max","1","Renewals","Sheet2"
"69","9/4/2026","8401911025","Neeru Yadav","11,000","No","Annual Max","1","Organic","Sheet2"
"70","9/5/2026","9638977969","Shikha Singh","11,000","No","Annual Max","1","Organic","Sheet2"
"71","9/5/2026","9687946456","Honey Talreja","11,000","No","Annual Max","1","Organic","Sheet2"
"72","9/5/2026","9426147972","Honey Talreja","11,000","No","Annual Max","1","Organic","Sheet2"
"73","9/5/2026","8586904556","Tashrifa Ruhani Saikia","11,000","No","Annual Max","1","Organic","Sheet2"
"74","9/5/2026","8121816938","Kush Shah","4,500","No","Quarterly Max","1","Organic","Sheet2"
"75","9/5/2026","8866737400","Kush Shah","11,000","No","Annual Max","1","Organic","Sheet2"
"76","9/5/2026","8898888234","Naveen Suwalka","11,000","No","Annual Max","1","Organic","Sheet2"
"77","9/5/2026","9447479961","Honey Talreja","12,215","No","Annual Max","1","Organic","Sheet2"
"78","9/5/2026","7299423265","Tanveer Ahmed","10,000","No","Annual Max","1","Renewals","Sheet2"
"79","9/5/2026","9032304263","Honey Talreja","10,500","No","Annual Max","1","Renewals","Sheet2"
"80","9/5/2026","9158057108","Kausturi Roy Chowdhury","11,000","No","Annual Max","1","Organic","Sheet2"
"81","9/5/2026","8448971809","Chhaya Patel","5,756","No","Quarterly Max","1","Organic","Sheet2"
"82","9/5/2026","6302641733","Honey Talreja","12,215","No","Annual Max","1","Organic","Sheet2"
"83","9/5/2026","9036974142","Sneha Anand","11,000","No","Annual Max","1","Organic","Sheet2"
"84","9/5/2026","7878886545","Amol Landge","10,376","No","Annual Max","1","Renewals","Sheet2"
"85","9/5/2026","8937939910","Vikas Poonia","11,000","No","Annual Max","1","Organic","Sheet2"
"86","9/5/2026","9821868183","Jivesh Harde","11,000","No","Annual Max","1","Organic","Sheet2"
"87","9/5/2026","9029705682","Amol Landge","4,000","No","Annual Max","1","Renewals","Sheet2"
"88","9/5/2026","9425002374","Sneha Anand","6,500","No","6 months Max","1","Organic","Sheet2"
"89","9/5/2026","8377896880","Honey Talreja","4,500","No","Quarterly Max","1","Organic","Sheet2"
"90","9/5/2026","9685562032","Yuvraj Singh Dodiya","5,000","No","Quarterly Max","1","Organic","Sheet2"
"91","9/5/2026","8851502712","Yuvraj Singh Dodiya","11,000","No","Annual Max","1","Organic","Sheet2"
"92","9/5/2026","9723336033","Tashrifa Ruhani Saikia","11,000","No","Annual Max","1","Organic","Sheet2"
"93","9/5/2026","9408348873","Shubham Rai","12,216","No","Annual Max","1","Organic","Sheet2"
"94","9/5/2026","9819773093","Rani Singh","15,588","No","Annual Max","1","Organic","Sheet2"
"95","9/5/2026","9463762850","Neeru Yadav","12,216","No","Annual Max","1","Organic","Sheet2"
"96","9/5/2026","9310065401","Vikas Poonia","10,376","No","Annual Max","1","Renewals","Sheet2"
"97","9/5/2026","9739377000","Amol Landge","12,000","No","Annual Max","1","Organic","Sheet2"
"98","9/5/2026","8882478228","Honey Talreja","18,000","No","Ultra Annually","1","Organic","Sheet2"
"99","9/5/2026","9921999931","Prerak Bhavsar","11,500","No","Annual Max","1","Organic","Sheet2"
"100","9/5/2026","9739392550","Shubham Rai","11,000","No","Annual Max","1","Organic","Sheet2"
"101","9/5/2026","9390865897","Prerak Bhavsar","4,500","No","Quarterly Max","1","Organic","Sheet2"
"102","9/6/2026","8971999688","Rani Singh","12,000","No","Annual Max","1","Organic","Sheet2"
"103","9/6/2026","8130791149","Kunal Sharma","4,500","No","Quarterly Max","1","Organic","Sheet2"
"104","9/6/2026","9930227092","Amol Landge","5,000","No","Annual Mini","1","Renewals","Sheet2"
"105","9/6/2026","7842558855","Vikas Poonia","12,216","No","Annual Max","1","Organic","Sheet2"
"106","9/6/2026","8985414074","Abhijeet Mathur","4,500","No","Quarterly Max","1","Organic","Sheet2"
"107","9/6/2026","9765610737","Jivesh Harde","11,000","No","Annual Max","1","Organic","Sheet2"
"108","9/6/2026","7737123493","Prerak Bhavsar","12,000","No","Annual Max","1","Organic","Sheet2"
"109","9/6/2026","8522934570","Tanveer Ahmed","11,000","No","Annual Max","1","Organic","Sheet2"
"110","9/6/2026","9899439001","Sneha Anand","5,756","No","Quarterly Max","1","Organic","Sheet2"
"111","9/6/2026","9884194592","Amol Landge","11,000","No","Annual Max","1","Events","Sheet2"
"112","9/6/2026","9884365068","Amol Landge","11,000","No","Annual Max","1","Events","Sheet2"
"113","9/6/2026","9033391900","Abhijeet Mathur","4,500","No","Quarterly Max","1","Organic","Sheet2"
"114","9/6/2026","8980474672","Preyashi Roy","4,500","No","Quarterly Max","1","Organic","Sheet2"
"115","9/6/2026","9790866878","Amol Landge","11,000","No","Annual Max","1","Events","Sheet2"
"116","9/6/2026","7842308681","Amol Landge","11,000","No","Annual Max","1","Events","Sheet2"
"117","9/6/2026","8010729731","Preyashi Roy","4,500","No","Quarterly Max","1","Organic","Sheet2"
"118","9/6/2026","9493948793","Shubham Rai","11,000","No","Annual Max","1","Organic","Sheet2"
"119","9/6/2026","8762061198","Tashrifa Ruhani Saikia","11,000","No","Annual Max","1","Organic","Sheet2"
"120","9/6/2026","9924625255","Honey Talreja","11,000","No","Annual Max","1","Organic","Sheet2"
"121","9/6/2026","9940649278","Shivani Gupta","5,000","No","Quarterly Max","1","Organic","Sheet2"
"122","9/6/2026","8607003333","Sneha Anand","11,000","No","Annual Max","1","Organic","Sheet2"
"123","9/6/2026","9924384934","Chhaya Patel","11,000","No","Annual Max","1","Organic","Sheet2"
"124","9/6/2026","9493895158","Shubham Rai","11,000","No","Annual Max","1","Organic","Sheet2"
"125","9/6/2026","9840333745","Honey Talreja","4,500","No","Quarterly Max","1","Organic","Sheet2"
"126","9/6/2026","9483958407","Ishika Gorle","4,500","No","Quarterly Max","1","Events","Sheet2"
"127","9/6/2026","7021837642","Neeru Yadav","11,000","No","Annual Max","1","Organic","Sheet2"
"128","9/6/2026","7043344707","Chhaya Patel","11,000","No","Annual Max","1","Organic","Sheet2"
"129","9/7/2026","7676895612","Vikas Poonia","10,376","No","Annual Max","1","Renewals","Sheet2"
"130","9/7/2026","7276687403","Tanveer Ahmed","11,000","No","Annual Max","1","Organic","Sheet2"
"131","9/7/2026","9727572936","Amol Landge","10,376","No","Annual Max","1","Renewals","Sheet2"
"132","9/7/2026","9945481767","Vivek Shah","12,216","No","Annual Max","1","Organic","Sheet2"
"133","9/7/2026","8329405335","Shubham Rai","11,000","No","Annual Max","1","Organic","Sheet2"
"134","9/7/2026","9810854154","Sneha Anand","2,000","Yes","Quarterly Max","0.5","Renewals","Sheet2"
"135","9/7/2026","9940362320","Rani Singh","3,160","No","Quarterly Plus","1","Organic","Sheet2"
"136","9/7/2026","9602331041","Honey Talreja","11,000","No","Annual Max","1","Organic","Sheet2"
"137","9/7/2026","9833079129","Vikas Poonia","2,868","No","Quarterly Plus","1","Renewals","Sheet2"
"138","9/7/2026","9999255845","Chhaya Patel","10,376","No","Annual Max","1","Organic","Sheet2"
"139","9/7/2026","9100430072","Kunal Sharma","4,500","No","Quarterly Max","1","Organic","Sheet2"
"140","9/7/2026","8743942205","Kush Shah","5,657","No","Quarterly Max","1","Organic","Sheet2"
"141","9/7/2026","9373556780","Tashrifa Ruhani Saikia","11,000","No","Annual Max","1","Organic","Sheet2"
"142","9/7/2026","7044545913","Shashank Tiwari","4,500","No","Quarterly Max","1","Organic","Sheet2"
"143","9/7/2026","8070778870","Shubham Rai","11,000","No","Annual Max","1","Organic","Sheet2"
"144","9/7/2026","7982893033","Chhaya Patel","11,000","No","Annual Max","1","Organic","Sheet2"
"145","9/8/2026","9537942622","Jivesh Harde","11,000","No","Annual Max","1","Organic","Sheet2"
"146","9/8/2026","9558242375","Honey Talreja","11,000","No","Annual Max","1","Organic","Sheet2"
"147","9/8/2026","7022214666","Prerak Bhavsar","4,198","Yes","Quarterly Max","0.5","Renewals","Sheet2"
"148","9/8/2026","9131875809","Abhijeet Mathur","12,000","No","Annual Max","1","Organic","Sheet2"
"149","9/8/2026","7010676608","Rani Singh","5,756","No","Quarterly Max","1","Organic","Sheet2"
"150","9/8/2026","9953519132","Shashank Tiwari","11,000","No","Annual Max","1","Organic","Sheet2"
"151","9/8/2026","9729280731","Shubham Rai","4,500","No","Quarterly Max","1","Organic","Sheet2"
"152","9/8/2026","9810854154","Amol Landge","2,000","No","Quarterly Max","0.5","Renewals","Sheet2"
"153","9/8/2026","9881741681","Kausturi Roy Chowdhury","12,215","No","Annual Max","1","Organic","Sheet2"
"154","9/8/2026","7046966966","Neeru Yadav","4,500","No","Quarterly Max","1","Organic","Sheet2"
"155","9/8/2026","8879070340","Prerak Bhavsar","3,184","No","Quarterly Plus","1","Organic","Sheet2"
"156","9/8/2026","7506304704","Yuvraj Singh Dodiya","4,500","No","Quarterly Max","1","Organic","Sheet2"
"157","9/8/2026","8866602409","Preyashi Roy","12,960","No","Annual Max","1","Organic","Sheet2"
"158","9/8/2026","7775003007","Chhaya Patel","11,000","No","Annual Max","1","Organic","Sheet2"
"159","9/8/2026","9903329547","Kush Shah","11,000","No","Annual Max","1","Organic","Sheet2"
"160","9/8/2026","9503630633","Vikas Poonia","4,198","No","Quarterly Max","1","Renewals","Sheet2"
"161","9/8/2026","9873835757","Kush Shah","11,000","No","Annual Max","1","Organic","Sheet2"
"162","9/8/2026","8530635667","Jivesh Harde","11,000","No","Annual Max","1","Organic","Sheet2"
"163","9/8/2026","9892010191","Vikas Poonia","10,376","No","Annual Max","1","Renewals","Sheet2"
"164","9/9/2026","9663092303","Shivani Gupta","4,500","No","Quarterly Max","1","Organic","Sheet2"
"165","9/9/2026","9025515180","Vikas Poonia","4,198","No","Quarterly Max","1","Renewals","Sheet2"
"166","9/9/2026","9599809053","Shivani Gupta","10,376","No","Annual Max","1","Renewals","Sheet2"
"167","9/9/2026","9898659877","Amol Landge","10,376","No","Annual Max","1","Renewals","Sheet2"
"168","9/9/2026","9426706624","Vivek Shah","11,000","No","Annual Max","1","Organic","Sheet2"
"169","9/9/2026","9654421472","Yuvraj Singh Dodiya","11,000","No","Annual Max","1","Organic","Sheet2"
"170","9/9/2026","7898881039","Vivek Shah","7,000","No","Annual Max","1","Upgrade","Sheet2"
"171","9/9/2026","8397956689","Kush Shah","11,000","No","Annual Max","1","Organic","Sheet2"
"172","9/9/2026","8879446374","Honey Talreja","12,216","No","Annual Max","1","Organic","Sheet2"
"173","9/9/2026","7858865357","Tanveer Ahmed","8,200","No","Annual Plus","1","Organic","Sheet2"
"174","9/9/2026","9811264325","Amol Landge","10,376","No","Annual Max","1","Renewals","Sheet2"
"175","9/9/2026","8169595871","Kunal Sharma","11,000","No","Annual Max","1","Organic","Sheet2"
"176","9/9/2026","7014351032","Preyashi Roy","12,216","No","Annual Max","1","Organic","Sheet2"
"177","9/9/2026","8369392820","Shivani Gupta","12,000","No","Annual Max","1","Organic","Sheet2"
"178","9/9/2026","9967458888","Preyashi Roy","12,216","No","Annual Max","1","Organic","Sheet2"
"179","9/9/2026","9131542911","Prerak Bhavsar","4,500","No","Quarterly Max","1","Organic","Sheet2"
"180","9/9/2026","9537892909","Prerak Bhavsar","12,000","No","Annual Max","1","Organic","Sheet2"
"181","9/9/2026","9406602144","Chhaya Patel","11,000","No","Annual Max","1","Organic","Sheet2"
"182","9/9/2026","8657162997","Prerak Bhavsar","4,500","No","Quarterly Max","1","Organic","Sheet2"
"183","9/9/2026","9143165696","Vivek Shah","11,000","No","Annual Max","1","Organic","Sheet2"
"184","9/9/2026","7433923377","Honey Talreja","11,000","No","Annual Max","1","Organic","Sheet2"
"185","9/9/2026","9999056691","Honey Talreja","12,000","No","Annual Max","1","Organic","Sheet2"
"186","9/10/2026","7043429920","Neeru Yadav","11,000","No","Annual Max","1","Organic","Sheet2"
"187","9/10/2026","7350588101","Honey Talreja","11,000","No","Annual Max","1","Organic","Sheet2"
"188","9/10/2026","7042730115","Naveen Suwalka","4,500","No","Quarterly Max","1","Organic","Sheet2"
"189","9/10/2026","7874571441","Shashank Tiwari","11,000","No","Annual Max","1","Organic","Sheet2"
"190","9/10/2026","7893505604","Amol Landge","10,376","No","Annual Max","1","Organic","Sheet2"
"191","9/10/2026","9491022253","Kush Shah","11,000","No","Annual Max","1","Upgrade","Sheet2"
"192","9/10/2026","9623154545","Shivani Gupta","5,000","No","Quarterly Max","1","Organic","Sheet2"
"193","9/10/2026","9898955474","Shubham Rai","11,000","No","Annual Max","1","Organic","Sheet2"
"194","9/10/2026","9586088894","Neeru Yadav","11,000","No","Annual Max","1","Organic","Sheet2"
"195","9/10/2026","9782282200","Shubham Rai","12,000","No","Annual Max","1","Organic","Sheet2"
"196","9/10/2026","8290003353","Shubham Rai","11,000","No","Annual Max","1","Organic","Sheet2"
"197","9/10/2026","7011907123","Vivek Shah","12,216","No","Annual Max","1","Organic","Sheet2"
"198","9/10/2026","9099525303","Chhaya Patel","10,000","No","Annual Max","1","Organic","Sheet2"
"199","9/10/2026","9901680301","Yuvraj Singh Dodiya","12,000","No","Annual Max","1","Organic","Sheet2"
"200","9/10/2026","9886178416","Kunal Sharma","5,500","Yes","Annual Max","0.5","Organic","Sheet2"
"201","9/10/2026","9886178416","Tanveer Ahmed","5,500","Yes","Annual Max","0.5","Organic","Sheet2"
"202","9/11/2026","9870778790","Chhaya Patel","5,657","No","Quarterly Max","1","Organic","Sheet2"
"203","9/11/2026","9762884910","Vivek Shah","12,216","No","Annual Max","1","Organic","Sheet2"
"204","9/11/2026","9278805741","Kunal Sharma","11,000","No","Annual Max","1","Organic","Sheet2"
"205","9/11/2026","9040077033","Vikas Poonia","10,376","No","Annual Max","1","Renewals","Sheet2"
"206","9/11/2026","9022843098","Vikas Poonia","11,000","No","Annual Max","1","Events","Sheet2"
"207","9/11/2026","9820871036","Shivani Gupta","5,000","No","Quarterly Max","1","Organic","Sheet2"
"208","9/11/2026","9953197406","Shivani Gupta","12,000","No","Annual Max","1","Organic","Sheet2"
"209","9/11/2026","9820842799","Honey Talreja","11,000","No","Annual Max","1","Organic","Sheet2"
"210","9/11/2026","8982977776","Kausturi Roy Chowdhury","12,216","No","Annual Max","1","Organic","Sheet2"
"211","9/11/2026","9737714440","Kausturi Roy Chowdhury","13,573","No","Annual Max","1","Organic","Sheet2"
"212","9/11/2026","7019778702","Shivani Gupta","11,000","No","Annual Max","1","Organic","Sheet2"
"213","9/11/2026","8140113787","Shubham Rai","11,000","No","Annual Max","1","Organic","Sheet2"
"214","9/11/2026","7905274271","Yuvraj Singh Dodiya","11,000","No","Annual Max","1","Organic","Sheet2"
"215","9/11/2026","9044986362","Ishika Gorle","11,000","No","Annual Max","1","Events","Sheet2"
"216","9/11/2026","9729765308","Amol Landge","11,000","No","Annual Max","1","Events","Sheet2"
"217","9/11/2026","9833552777","Vikas Poonia","11,000","No","Annual Max","1","Events","Sheet2"
"218","9/11/2026","9920748020","Shubham Rai","11,000","No","Annual Max","1","Organic","Sheet2"
"219","9/11/2026","8551972561","Amol Landge","11,000","No","Annual Max","1","Events","Sheet2"
"220","9/11/2026","9821800442","Abhijeet Mathur","13,000","No","Ultra Annually","1","Upgrade","Sheet2"
"221","9/11/2026","7208829188","Soumya Pandey","11,000","No","Annual Max","1","Organic","Sheet2"
"222","9/11/2026","8328825548","Yuvraj Singh Dodiya","4,500","No","Quarterly Max","1","Organic","Sheet2"
"223","9/11/2026","9923456754","Yuvraj Singh Dodiya","11,000","No","Annual Max","1","Organic","Sheet2"
"224","9/11/2026","9029022789","Neeru Yadav","11,000","No","Annual Max","1","Organic","Sheet2"
"225","9/12/2026","9913577373","Preyashi Roy","11,000","No","Annual Max","1","Organic","Sheet2"
"226","9/12/2026","9930015952","Vikas Poonia","11,000","No","Annual Max","1","Events","Sheet2"
"227","9/12/2026","9819788632","Vikas Poonia","11,000","No","Annual Max","1","Events","Sheet2"
"228","9/12/2026","8976395576","Honey Talreja","5,000","No","Quarterly Max","1","Organic","Sheet2"
"229","9/2/2026","9019789538","Others","11,000","No","Annual Max","1","Organic","Sheet2"
"230","9/6/2026","9884194492","Others","11,000","No","Annual Max","1","Organic","Sheet2"
"231","9/8/2026","9978843879","Others","11,000","No","Annual Max","1","Organic","Sheet2"
"232","10/09/2026","6353477843","Others","10,376","No","Annual Max","1","Renewals","Sheet2"
"233","12/09/2026","9461618167","Shubham Rai","8,000","No","Annual Plus","1","Organic","Sheet2"
"234","12/09/2026","9022948832","Tanveer Ahmed","9,500","No","6 months Max","1","Organic","Sheet2"
"235","12/09/2026","9891224347","Shivani Gupta","10,500","No","Annual Max","1","Organic","Sheet2"
"236","12/09/2026","9137899114","Amol Landge","11,000","No","Annual Max","1","Events","Sheet2"
"237","12/09/2026","7892541161","Shubham Rai","11,000","No","Annual Max","1","Organic","Sheet2"
"238","12/09/2026","9989251916","Naveen Suwalka","11,000","No","Annual Max","1","Organic","Sheet2"
"239","12/09/2026","9930532764","Prerak Bhavsar","12,000","No","Annual Max","1","Organic","Sheet2"
"240","12/09/2026","9422566668","Honey Talreja","11,000","No","Annual Max","1","Organic","Sheet2"
"241","12/09/2026","7510747084","Rohit Jain","5,000","No","Quarterly Max","1","Organic","Sheet2"
"242","12/09/2026","9599435959","Yuvraj Singh Dodiya","12,000","No","Annual Max","1","Organic","Sheet2"
"243","12/09/2026","8800419014","Prerak Bhavsar","8,500","No","Annual Plus","1","Organic","Sheet2"
"244","12/09/2026","9711244942","Ishika Gorle","11,000","No","Annual Max","1","Events","Sheet2"
"245","12/09/2026","8890935747","Shashank Tiwari","11,000","No","Annual Max","1","Organic","Sheet2"
"246","12/09/2026","8975888555","Vikas Poonia","11,000","No","Annual Max","1","Events","Sheet2"
"247","12/09/2026","9986033013","Vikas Poonia","10,376","No","Annual Max","1","Renewals","Sheet2"
"248","12/09/2026","9096073819","Chhaya Patel","11,000","No","Annual Max","1","Organic","Sheet2"
"249","12/09/2026","9634411711","Amol Landge","10,000","No","Annual Max","1","Renewals","Sheet2"
"250","12/09/2026","9867284357","Shubham Rai","11,000","No","Annual Max","1","Organic","Sheet2"
"251","12/09/2026","9870476444","Abhijeet Mathur","3,160","No","Quarterly Plus","1","Organic","Sheet2"
"252","12/09/2026","8930392726","Rohit Jain","6,000","No","Ultra Quarterly","1","Organic","Sheet2"
"253","13/09/2026","8120003907","Kush Shah","7,000","No","6 months Max","1","Organic","Sheet2"
"254","13/09/2026","9971681080","Prerak Bhavsar","5,000","No","Quarterly Max","1","Organic","Sheet2"
"255","13/09/2026","8369123603","Amol Landge","10,000","No","Annual Max","1","Renewals","Sheet2"
"256","13/09/2026","8081051833","Preyashi Roy","10,500","No","Annual Max","1","Organic","Sheet2"
"257","13/09/2026","9987539771","Amol Landge","11,000","No","Annual Max","1","Events","Sheet2"
"258","13/09/2026","9920277819","Others","11,000","No","Annual Max","1","Events","Sheet2"
"259","13/09/2026","9222225229","Kausturi Roy Chowdhury","12,216","No","Annual Max","1","Organic","Sheet2"
"260","13/09/2026","9870338017","Tanveer Ahmed","12,216","No","Annual Max","1","Organic","Sheet2"
"261","13/09/2026","9284430257","Soumya Pandey","11,000","No","Annual Max","1","Organic","Sheet2"
"262","13/09/2026","7984711611","Honey Talreja","12,000","No","Annual Max","1","Organic","Sheet2"
"263","13/09/2026","9971969586","Vikas Poonia","11,000","No","Annual Max","1","Events","Sheet2"
"264","13/09/2026","9769178843","Amol Landge","11,000","No","Annual Max","1","Events","Sheet2"
"265","13/09/2026","9538195105","Honey Talreja","11,000","No","Annual Max","1","Organic","Sheet2"
"266","13/09/2026","7773919677","Shubham Rai","11,000","No","Annual Max","1","Organic","Sheet2"
"267","13/09/2026","9972867797","Shivaram Nimmala","11,000","No","Annual Max","1","Events","Sheet2"
"268","13/09/2026","8750773080","Shubham Rai","11,000","No","Annual Max","1","Organic","Sheet2"
"269","13/09/2026","9421630066","Shashank Tiwari","11,000","No","Annual Max","1","Organic","Sheet2"
"270","13/09/2026","9503611663","Soumya Pandey","11,000","No","Annual Max","1","Organic","Sheet2"
"271","13/09/2026","7011160051","Shikha Singh","11,000","No","Annual Max","1","Organic","Sheet2"
"272","14/09/2026","9560017855","Yuvraj Singh Dodiya","9,821","No","Annual Max","1","Organic","Sheet2"
"273","14/09/2026","9111671572","Kausturi Roy Chowdhury","11,000","No","Annual Max","1","Organic","Sheet2"
"274","14/09/2026","9403341649","Shashank Tiwari","11,000","No","Annual Max","1","Organic","Sheet2"
"275","14/09/2026","9004757797","Kunal Sharma","11,000","No","Annual Max","1","Organic","Sheet2"
"276","14/09/2026","8093336941","Kush Shah","11,000","No","Annual Max","1","Organic","Sheet2"
"277","14/09/2026","9904041608","Preyashi Roy","11,000","No","Annual Max","1","Organic","Sheet2"
"278","14/09/2026","9098733033","Chhaya Patel","11,000","No","Annual Max","1","Organic","Sheet2"
"279","14/09/2026","8790172924","Shashank Tiwari","11,000","No","Annual Max","1","Organic","Sheet2"
"280","14/09/2026","9884382794","Honey Talreja","7,000","No","6 months Max","1","Organic","Sheet2"
"281","14/09/2026","9920243474","Rohit Jain","10,500","No","Annual Max","1","Organic","Sheet2"
"282","14/09/2026","9867949593","Vivek Shah","10,376","No","Annual Max","1","Organic","Sheet2"
"283","14/09/2026","7043769524","Shashank Tiwari","11,000","No","Annual Max","1","Organic","Sheet2"
"284","14/09/2026","9886342499","Chhaya Patel","11,000","No","Annual Max","1","Organic","Sheet2"
"285","15/09/2026","9426448373","Jivesh Harde","11,000","No","Annual Max","1","Organic","Sheet2"
"286","15/09/2026","9620922005","Kunal Sharma","11,000","No","Annual Max","1","Organic","Sheet2"
"287","15/09/2026","8639453775","Honey Talreja","11,000","No","Annual Max","1","Organic","Sheet2"
"288","15/09/2026","9930120788","Preyashi Roy","14,055","No","Annual Max","1","Organic","Sheet2"
"289","15/09/2026","9717047610","Kush Shah","11,000","No","Annual Max","1","Organic","Sheet2"
"290","15/09/2026","9869544163","Kausturi Roy Chowdhury","11,000","No","Annual Max","1","Organic","Sheet2"
"291","15/09/2026","7760731113","Rohit Jain","11,000","No","Annual Max","1","Organic","Sheet2"
"292","15/09/2026","6355670259","Yuvraj Singh Dodiya","11,000","No","Annual Max","1","Organic","Sheet2"
"293","15/09/2026","9004277687","Prerak Bhavsar","12,000","No","Annual Max","1","Organic","Sheet2"
"294","15/09/2026","9908472107","Tanveer Ahmed","11,000","No","Annual Max","1","Organic","Sheet2"
"295","15/09/2026","8861718072","Rohit Jain","11,000","No","Annual Max","1","Organic","Sheet2"
"296","15/09/2026","8904242695","Shubham Rai","11,000","No","Annual Max","1","Organic","Sheet2"
"297","15/09/2026","7032914647","Yuvraj Singh Dodiya","11,000","No","Annual Max","1","Organic","Sheet2"
"298","15/09/2026","8950752002","Honey Talreja","11,000","No","Annual Max","1","Organic","Sheet2"
"299","15/09/2026","8449826246","Tanveer Ahmed","11,000","No","Annual Max","1","Organic","Sheet2"
"300","15/09/2026","9028371615","Honey Talreja","11,000","No","Annual Max","1","Organic","Sheet2"
"301","15/09/2026","7053408187","Jivesh Harde","10,000","No","Annual Max","1","Organic","Sheet2"
"302","16/09/2026","8141122753","Chhaya Patel","5,756","No","Quarterly Max","1","Organic","Sheet2"
"303","16/09/2026","8849837453","Honey Talreja","5,756","No","Quarterly Max","1","Organic","Sheet2"
"304","16/09/2026","8309645326","Jivesh Harde","11,000","No","Annual Max","1","Organic","Sheet2"
"305","16/09/2026","9537342413","Neeru Yadav","11,000","No","Annual Max","1","Organic","Sheet2"
"306","16/09/2026","9868365306","Jivesh Harde","11,000","No","Annual Max","1","Organic","Sheet2"
"307","16/09/2026","7801920502","Shivani Gupta","3,160","No","Quarterly Plus","1","Organic","Sheet2"
"308","16/09/2026","9867423811","Amol Landge","10,376","No","Annual Max","1","Renewals","Sheet2"
"309","16/09/2026","8980796087","Tanveer Ahmed","11,000","No","Annual Max","1","Organic","Sheet2"
"310","16/09/2026","8655078940","Naveen Suwalka","5,000","No","Quarterly Max","1","Organic","Sheet2"
"311","16/09/2026","9428640163","Amol Landge","3,000","No","Quarterly Plus","1","Organic","Sheet2"
"312","16/09/2026","9624460606","Honey Talreja","12,000","No","Annual Max","1","Organic","Sheet2"
"313","16/09/2026","9742713934","Prerak Bhavsar","12,000","No","Annual Max","1","Organic","Sheet2"
"314","16/09/2026","9890713621","Prerak Bhavsar","5,000","No","Quarterly Max","1","Organic","Sheet2"
"315","16/09/2026","8971028929","Shashank Tiwari","13,000","No","Annual Max","1","Organic","Sheet2"
"316","16/09/2026","9264941494","Sneha Anand","10,000","No","Annual Max","1","Organic","Sheet2"
"317","16/09/2026","8401722656","Others","10,376","No","Annual Max","1","Renewals","Sheet2"
"318","16/09/2026","8802109142","Shubham Rai","13,573","No","Annual Max","1","Organic","Sheet2"
"319","16/09/2026","9920960807","Preyashi Roy","12,216","No","Annual Max","1","Organic","Sheet2"
"320","16/09/2026","8452907333","Honey Talreja","11,000","No","Annual Max","1","Organic","Sheet2"
"321","17/09/2026","9594303088","Honey Talreja","12,000","No","Annual Max","1","Organic","Sheet2"
"322","17/09/2026","8306966996","Shashank Tiwari","11,000","No","Annual Max","1","Organic","Sheet2"
"323","17/09/2026","9716847589","Chhaya Patel","11,000","No","Annual Max","1","Organic","Sheet2"
"324","17/09/2026","7009389838","Shikha Singh","4,500","No","Quarterly Max","1","Organic","Sheet2"
"325","17/09/2026","8454025432","Preyashi Roy","11,000","No","Annual Max","1","Organic","Sheet2"
"326","17/09/2026","9718702544","Shubham Rai","13,573","No","Annual Max","1","Organic","Sheet2"
"327","17/09/2026","9289001211","Shashank Tiwari","11,000","No","Annual Max","1","Organic","Sheet2"
"328","17/09/2026","9686097152","Neeru Yadav","12,000","No","Annual Max","1","Organic","Sheet2"
"329","17/09/2026","8000814596","Amol Landge","20,000","No","Annual Max","1","Renewals","Sheet2"
"330","17/09/2026","9033164095","Amol Landge","20,000","Yes","Annual Max","0.5","Renewals","Sheet2"
"331","17/09/2026","9892180805","Yuvraj Singh Dodiya","5,000","No","Quarterly Max","1","Organic","Sheet2"
"332","17/09/2026","9082854817","Honey Talreja","11,000","No","Annual Max","1","Organic","Sheet2"
"333","17/09/2026","9033164095","Shivani Gupta","6,000","Yes","Annual Max","0.5","Renewals","Sheet2"
"334","17/09/2026","9015426958","Yuvraj Singh Dodiya","11,000","No","Annual Max","1","Organic","Sheet2"
"335","17/09/2026","9574466992","Kunal Sharma","11,000","No","Annual Max","1","Organic","Sheet2"
"336","17/09/2026","8347106301","Kunal Sharma","5,000","No","Quarterly Max","1","Organic","Sheet2"
"337","17/09/2026","9969630020","Shivani Gupta","12,000","No","Annual Max","1","Organic","Sheet2"
"338","17/09/2026","9789038483","Amol Landge","10,376","No","Annual Max","1","Renewals","Sheet2"
"339","17/09/2026","8880007287","Yuvraj Singh Dodiya","4,500","No","Quarterly Max","1","Organic","Sheet2"
"340","17/09/2026","9540616675","Honey Talreja","11,000","No","Annual Max","1","Organic","Sheet2"
"341","17/09/2026","9989972430","Naveen Suwalka","4,500","No","Quarterly Max","1","Organic","Sheet2"
"342","17/09/2026","9573574126","Honey Talreja","12,825","No","Annual Max","1","Organic","Sheet2"
"343","17/09/2026","8197809542","Yuvraj Singh Dodiya","11,000","Yes","Annual Max","0.5","Organic","Sheet2"
"344","17/09/2026","8197809542","Shashank Tiwari","5,500","Yes","Annual Max","0.5","Organic","Sheet2"
"345","17/09/2026","8978272003","Vikas Poonia","10,376","No","Annual Max","1","Renewals","Sheet2"
"346","17/09/2026","9711345646","Abhijeet Mathur","4,500","No","Quarterly Max","1","Organic","Sheet2"
"347","17/09/2026","9581094237","Rani Singh","4,500","No","Quarterly Max","1","Organic","Sheet2"
"348","17/09/2026","7670979174","Honey Talreja","11,000","No","Annual Max","1","Organic","Sheet2"
"349","17/09/2026","7022716888","Vivek Shah","12,216","No","Annual Max","1","Organic","Sheet2"
"350","17/09/2026","9951170044","Jivesh Harde","11,000","No","Annual Max","1","Organic","Sheet2"
"351","18/09/2026","8390982584","Kush Shah","3,160","No","Quarterly Plus","1","Organic","Sheet2"
"352","18/09/2026","7776966819","Naveen Suwalka","11,000","No","Annual Max","1","Organic","Sheet2"
"353","18/09/2026","9872744359","Shubham Rai","11,000","No","Annual Max","1","Organic","Sheet2"
"354","18/09/2026","7397991076","Rani Singh","11,000","No","Annual Max","1","Organic","Sheet2"
"355","18/09/2026","9168061724","Kausturi Roy Chowdhury","3,160","No","Quarterly Plus","1","Organic","Sheet2"
"356","18/09/2026","8275589446","Amol Landge","10,376","No","Annual Max","1","Renewals","Sheet2"
"357","18/09/2026","9712241763","Naveen Suwalka","13,573","No","Annual Max","1","Organic","Sheet2"
"358","18/09/2026","9742226322","Amol Landge","11,000","No","Annual Max","1","Organic","Sheet2"
"359","18/09/2026","9664729749","Honey Talreja","11,000","No","Annual Max","1","Organic","Sheet2"
"360","18/09/2026","8586883103","Chhaya Patel","11,000","No","Annual Max","1","Organic","Sheet2"
"361","18/09/2026","9844470295","Vikas Poonia","5,000","No","Annual Mini","1","Renewals","Sheet2"
"362","18/09/2026","9920480616","Vikas Poonia","3,160","No","Quarterly Plus","1","Renewals","Sheet2"
"363","18/09/2026","8329911965","Jivesh Harde","11,000","No","Annual Max","1","Organic","Sheet2"
"364","18/09/2026","9920106673","Honey Talreja","11,000","No","Annual Max","1","Organic","Sheet2"
"365","18/09/2026","8866829987","Kausturi Roy Chowdhury","13,573","No","Annual Max","1","Organic","Sheet2"
"366","18/09/2026","8707031290","Shashank Tiwari","11,000","No","Annual Max","1","Organic","Sheet2"
"367","18/09/2026","9886503960","Vikas Poonia","5,000","No","Annual Mini","1","Renewals","Sheet2"
"368","18/09/2026","9029033403","Kunal Sharma","11,000","No","Annual Max","1","Organic","Sheet2"
"369","18/09/2026","9997571751","Jivesh Harde","11,000","No","Annual Max","1","Organic","Sheet2"
"370","18/09/2026","9979093011","Jivesh Harde","11,000","No","Annual Max","1","Organic","Sheet2"
"371","19/09/2026","9987778474","Kush Shah","11,000","No","Annual Max","1","Organic","Sheet2"
"372","19/09/2026","9913819338","Shubham Rai","11,000","No","Annual Max","1","Organic","Sheet2"
"373","19/09/2026","9590905910","Kush Shah","11,000","No","Annual Max","1","Organic","Sheet2"
"374","19/09/2026","9990336728","Abhijeet Mathur","12,000","No","Annual Max","1","Organic","Sheet2"
"375","19/09/2026","9643987565","Shivani Gupta","5,000","No","Quarterly Max","1","Organic","Sheet2"
"376","19/09/2026","8660528936","Vikas Poonia","10,376","No","Annual Max","1","Renewals","Sheet2"
"377","19/09/2026","9148155741","Vikas Poonia","10,376","No","Annual Max","1","Renewals","Sheet2"
"378","19/09/2026","8553907288","Vikas Poonia","14,000","No","Annual Max","1","Renewals","Sheet2"
"379","19/09/2026","9739739537","Honey Talreja","4,577","No","Quarterly Max","1","Organic","Sheet2"
"380","19/09/2026","9246671071","Prerak Bhavsar","12,000","No","Annual Max","1","Organic","Sheet2"
"381","19/09/2026","9664693286","Kush Shah","11,000","No","Annual Max","1","Organic","Sheet2"
"382","19/09/2026","7021070450","Prerak Bhavsar","5,000","No","Quarterly Max","1","Organic","Sheet2"
"383","19/09/2026","9913424324","Shivani Gupta","5,100","No","Quarterly Max","1","Organic","Sheet2"
"384","19/09/2026","9650036324","Shashank Tiwari","7,200","No","Annual Max","1","Upgrade","Sheet2"
"385","19/09/2026","9022181309","Shivani Gupta","12,000","No","Annual Max","1","Organic","Sheet2"
"386","19/09/2026","9236398440","Kush Shah","4,500","No","Quarterly Max","1","Organic","Sheet2"
"387","19/09/2026","7032809002","Yuvraj Singh Dodiya","5,756","No","Quarterly Max","1","Organic","Sheet2"
"388","19/09/2026","8419924401","Shivani Gupta","11,000","No","Annual Max","1","Organic","Sheet2"
"389","19/09/2026","8959969999","Vikas Poonia","4,477","No","Quarterly Max","1","Renewals","Sheet2"
"390","19/09/2026","7675910007","Vikas Poonia","10,376","No","Annual Max","1","Renewals","Sheet2"
"391","19/09/2026","9971161141","Rohit Jain","10,500","No","Annual Max","1","Organic","Sheet2"
"392","19/09/2026","9999779590","Rohit Jain","10,500","No","Annual Max","1","Organic","Sheet2"
"393","19/09/2026","7304965470","Vivek Shah","11,000","No","Annual Max","1","Organic","Sheet2"
"394","19/09/2026","7799223030","Chhaya Patel","11,000","No","Annual Max","1","Organic","Sheet2"
"395","19/09/2026","9545555375","Ishika Gorle","12,000","No","Annual Max","1","Events","Sheet2"
"396","19/09/2026","9971143444","Sneha Anand","5,500","No","Ultra Quarterly","1","Upgrade","Sheet2"
"397","19/09/2026","9600030771","Kausturi Roy Chowdhury","11,000","No","Annual Max","1","Organic","Sheet2"
"398","19/09/2026","9311055633","Honey Talreja","11,000","No","Annual Max","1","Organic","Sheet2"
"399","20/09/2026","9768672275","Honey Talreja","11,000","No","Annual Max","1","Organic","Sheet2"
"400","20/09/2026","8010090091","Tanveer Ahmed","11,000","No","Annual Max","1","Organic","Sheet2"
"401","20/09/2026","7698802479","Rohit Jain","5,000","No","Quarterly Max","1","Organic","Sheet2"
"402","20/09/2026","9038379140","Yuvraj Singh Dodiya","11,000","No","Annual Max","1","Organic","Sheet2"
"403","20/09/2026","8976104340","Sneha Anand","5,000","No","Quarterly Max","1","Organic","Sheet2"
"404","20/09/2026","9879603937","Vikas Poonia","4,500","No","Quarterly Max","1","Organic","Sheet2"
"405","20/09/2026","6354633485","Prerak Bhavsar","12,000","No","Annual Max","1","Organic","Sheet2"
"406","20/09/2026","8447818774","Vivek Shah","11,000","No","Annual Max","1","Organic","Sheet2"
"407","20/09/2026","9019573003","Honey Talreja","3,160","No","Quarterly Plus","1","Organic","Sheet2"
"408","20/09/2026","7600034041","Shubham Rai","11,000","No","Annual Max","1","Organic","Sheet2"
"409","20/09/2026","9045044055","Vivek Shah","11,000","No","Annual Max","1","Organic","Sheet2"
"410","20/09/2026","9869184503","Naveen Suwalka","11,000","No","Annual Max","1","Organic","Sheet2"
"411","20/09/2026","9737247238","Abhijeet Mathur","5,000","No","Quarterly Max","1","Organic","Sheet2"
"412","20/09/2026","8779431373","Vivek Shah","11,000","No","Annual Max","1","Organic","Sheet2"
"413","20/09/2026","9714133322","Yuvraj Singh Dodiya","6,000","Yes","Annual Max","0.5","Events","Sheet2"
"414","20/09/2026","9714133322","Prerak Bhavsar","6,000","Yes","Annual Max","0.5","Events","Sheet2"
"415","20/09/2026","7573867731","Preyashi Roy","11,000","No","Annual Max","1","Organic","Sheet2"
"416","20/09/2026","9987900494","Vikas Poonia","5,756","No","Quarterly Max","1","Renewals","Sheet2"
"417","20/09/2026","7042189124","Yuvraj Singh Dodiya","11,000","No","Annual Max","1","Events","Sheet2"
"418","20/09/2026","9867899121","Shashank Tiwari","4,500","No","Quarterly Max","1","Organic","Sheet2"
"419","20/09/2026","8010472621","Shubham Rai","11,000","No","Annual Max","1","Organic","Sheet2"
"420","20/09/2026","9171144444","Tanveer Ahmed","11,000","No","Annual Max","1","Events","Sheet2"
"421","20/09/2026","8104285643","Shivani Gupta","5,000","No","Quarterly Max","1","Organic","Sheet2"
"422","20/09/2026","9958805360","Chhaya Patel","11,000","No","Annual Max","1","Organic","Sheet2"
"423","20/09/2026","9028128754","Shashank Tiwari","11,000","No","Annual Max","1","Organic","Sheet2"
"424","20/09/2026","9210782124","Shivani Gupta","10,376","No","Annual Max","1","Organic","Sheet2"
"425","20/09/2026","7065656045","Yuvraj Singh Dodiya","11,000","No","Annual Max","1","Organic","Sheet2"
"426","20/09/2026","8879745746","Vivek Shah","11,000","No","Annual Max","1","Organic","Sheet2"
"427","20/09/2026","8128607314","Sneha Anand","11,000","No","Annual Max","1","Organic","Sheet2"
"428","21/09/2026","9727799215","Honey Talreja","11,000","No","Annual Max","1","Organic","Sheet2"
"429","21/09/2026","9869151373","Kush Shah","11,000","No","Annual Max","1","Organic","Sheet2"
"430","21/09/2026","9712450031","Vikas Poonia","11,000","No","Annual Max","1","Renewals","Sheet2"
"431","21/09/2026","7090501777","Vivek Shah","11,000","No","Annual Max","1","Organic","Sheet2"
"432","21/09/2026","8124881288","Preyashi Roy","11,000","No","Annual Max","1","Organic","Sheet2"
"433","21/09/2026","7000027836","Shubham Rai","11,000","No","Annual Max","1","Organic","Sheet2"
"434","21/09/2026","9582121133","Rohit Jain","10,500","No","Annual Max","1","Organic","Sheet2"
"435","21/09/2026","9833177702","Kausturi Roy Chowdhury","9,667","No","Annual Plus","1","Organic","Sheet2"
"436","21/09/2026","9429077217","Shivani Gupta","11,000","No","Annual Max","1","Organic","Sheet2"
"437","17/09/2026","9310547412","Others","4,500","No","Quarterly Max","1","Organic","Sheet2"
"438","21/09/2026","7350958929","Vikas Poonia","12,000","No","Annual Max","1","Organic","Sheet2"
"439","21/09/2026","9315473486","Shivani Gupta","5,000","No","Quarterly Max","1","Organic","Sheet2"
"440","21/09/2026","7000027836","Preyashi Roy","5,500","Yes","Annual Max","0.5","Organic","Sheet2"
"441","21/09/2026","7893115061","Tanveer Ahmed","5,500","Yes","Annual Max","0.5","Organic","Sheet2"
"442","21/09/2026","9860381320","Tashrifa Ruhani Saikia","11,000","No","Annual Max","1","Organic","Sheet2"
"443","21/09/2026","9029849176","Rani Singh","11,000","No","Annual Max","1","Organic","Sheet2"
"444","21/09/2026","9326137708","Kush Shah","11,000","No","Annual Max","1","Organic","Sheet2"
"445","21/09/2026","9493051105","Shubham Rai","11,000","No","Annual Max","1","Upgrade","Sheet2"
"446","21/09/2026","9616669358","Shikha Singh","11,000","No","Annual Max","1","Organic","Sheet2"
"447","21/09/2026","8074080573","Shikha Singh","11,000","No","Annual Max","1","Organic","Sheet2"
"448","21/09/2026","7893115061","Kausturi Roy Chowdhury","5,500","Yes","Annual Max","0.5","Organic","Sheet2"
"449","21/09/2026","8700492944","Honey Talreja","5,756","No","Quarterly Max","1","Organic","Sheet2"
"450","22/09/2026","9521094122","Kush Shah","17,073","No","Annual Max","1","Organic","Sheet2"
"451","22/09/2026","9011107592","Vivek Shah","5,000","No","Quarterly Max","1","Organic","Sheet2"
"452","22/09/2026","8767320374","Honey Talreja","11,000","No","Annual Max","1","Organic","Sheet2"
"453","22/09/2026","9880228598","Vikas Poonia","5,000","No","Annual Mini","1","Renewals","Sheet2"
"454","22/09/2026","9662844555","Rani Singh","11,000","No","Annual Max","1","Organic","Sheet2"
"455","22/09/2026","9799961449","Shashank Tiwari","11,000","No","Annual Max","1","Organic","Sheet2"
"456","22/09/2026","8591010911","Kush Shah","11,000","No","Annual Max","1","Upgrade","Sheet2"
"457","22/09/2026","8107441810","Tanveer Ahmed","11,000","No","Annual Max","1","Organic","Sheet2"
"458","22/09/2026","9953526999","Amol Landge","10,376","No","Annual Max","1","Renewals","Sheet2"
"459","22/09/2026","9553975007","Vikas Poonia","10,376","No","Annual Max","1","Renewals","Sheet2"
"460","22/09/2026","9664135167","Vikas Poonia","13,573","No","Annual Max","1","Renewals","Sheet2"
"461","22/09/2026","9414795861","Rohit Jain","12,000","No","Annual Max","1","Organic","Sheet2"
"462","22/09/2026","8056208171","Tanveer Ahmed","5,767","No","Quarterly Max","1","Organic","Sheet2"
"463","22/09/2026","9502991947","Honey Talreja","11,000","No","Annual Max","1","Organic","Sheet2"
"464","22/09/2026","9960933600","Shashank Tiwari","11,000","No","Annual Max","1","Organic","Sheet2"
"465","22/09/2026","9880038309","Amol Landge","10,376","No","Annual Max","1","Renewals","Sheet2"
"466","23/09/2026","9666309402","Amol Landge","10,376","No","Annual Max","1","Renewals","Sheet2"
"467","23/09/2026","9833260000","Prerak Bhavsar","7,000","No","Ultra Quarterly","1","Organic","Sheet2"
"468","23/09/2026","9166705999","Honey Talreja","5,000","No","Quarterly Max","1","Organic","Sheet2"
"469","23/09/2026","9654379115","Tanveer Ahmed","10,376","No","Annual Max","1","Organic","Sheet2"
"470","23/09/2026","7977568102","Shivani Gupta","5,000","No","Quarterly Max","1","Organic","Sheet2"
"471","23/09/2026","8696028408","Amol Landge","10,376","No","Annual Max","1","Renewals","Sheet2"
"472","23/09/2026","8097963696","Prerak Bhavsar","5,756","No","Quarterly Max","1","Organic","Sheet2"
"473","23/09/2026","9619053506","Vikas Poonia","5,379","No","Quarterly Max","1","Renewals","Sheet2"
"474","23/09/2026","9892579445","Prerak Bhavsar","11,000","No","Annual Max","1","Organic","Sheet2"
"475","23/09/2026","8692944292","Jivesh Harde","11,000","No","Annual Max","1","Organic","Sheet2"
"476","21/09/2026","8605186675","Others","11,000","No","Annual Max","1","Organic","Sheet2"
"477","23/09/2026","8097521312","Tanveer Ahmed","10,000","No","Annual Max","1","Organic","Sheet2"
"478","23/09/2026","8290690926","Rohit Jain","11,000","No","Annual Max","1","Organic","Sheet2"
"479","23/09/2026","9994786266","Jivesh Harde","11,000","No","Annual Max","1","Organic","Sheet2"
"480","24/09/2026","7977250857","Prerak Bhavsar","11,000","No","Annual Max","1","Organic","Sheet2"
"481","24/09/2026","9930904271","Jivesh Harde","11,000","No","Annual Max","1","Organic","Sheet2"
"482","24/09/2026","9494531387","Vikas Poonia","10,376","No","Annual Max","1","Renewals","Sheet2"
"483","24/09/2026","7842710559","Honey Talreja","5,000","No","Quarterly Max","1","Organic","Sheet2"
"484","24/09/2026","7738638667","Preyashi Roy","4,500","No","Quarterly Max","1","Organic","Sheet2"
"485","24/09/2026","8080409728","Preyashi Roy","4,500","No","Quarterly Max","1","Organic","Sheet2"
"486","24/09/2026","9601915254","Amol Landge","10,376","No","Annual Max","1","Renewals","Sheet2"
"487","04/09/2026","9915368535","Honey Talreja","12,000","No","Annual Max","1","Organic","Sheet2"
"488","24/09/2026","9664387482","Honey Talreja","11,000","No","Annual Max","1","Organic","Sheet2"
"489","24/09/2026","9849450244","Prerak Bhavsar","5,000","No","Quarterly Max","1","Organic","Sheet2"
"490","24/09/2026","9821914863","Shashank Tiwari","11,000","No","Annual Max","1","Organic","Sheet2"
"491","24/09/2026","9718182679","Amol Landge","4,000","No","Annual Max","1","Renewals","Sheet2"
"492","24/09/2026","8347908214","Shivani Gupta","11,000","No","Annual Max","1","Organic","Sheet2"
"493","24/09/2026","8851903098","Vivek Shah","11,000","No","Annual Max","1","Organic","Sheet2"
"494","24/09/2026","96577720004","Amol Landge","4,000","No","Annual Max","1","Renewals","Sheet2"
"495","24/09/2026","8447150016","Vivek Shah","11,000","No","Annual Max","1","Organic","Sheet2"
"496","24/09/2026","8898805740","Preyashi Roy","11,000","No","Annual Max","1","Organic","Sheet2"
"497","24/09/2026","8527886630","Shivani Gupta","7,000","No","6 months Max","1","Organic","Sheet2"
"498","24/09/2026","8968894344","Shivani Gupta","5,000","No","Quarterly Max","1","Organic","Sheet2"
"499","24/09/2026","9987771122","Jivesh Harde","11,000","No","Annual Max","1","Organic","Sheet2"
"500","24/09/2026","9461162040","Jivesh Harde","11,000","No","Annual Max","1","Organic","Sheet2"
"501","24/09/2026","9924412333","Honey Talreja","5,000","No","Quarterly Max","1","Organic","Sheet2"
"502","24/09/2026","9106768669","Vivek Shah","12,000","No","Annual Max","1","Organic","Sheet2"
"503","24/09/2026","8446456456","Naveen Suwalka","11,000","No","Annual Max","1","Organic","Sheet2"
"504","24/09/2026","9494531387","Vikas Poonia","10,376","No","Annual Max","1","Renewals","Sheet2"
"505","25/09/2026","9582145143","Preyashi Roy","11,000","No","Annual Max","1","Organic","Sheet2"
"506","24/09/2026","9603766388","Tanveer Ahmed","10,376","No","Annual Max","1","Renewals","Sheet2"
"507","25/09/2026","9909957462","Amol Landge","5,000","No","Quarterly Max","1","Renewals","Sheet2"
"508","24/09/2026","9657772004","Others","4,000","No","Quarterly Max","1","Renewals","Sheet2"
"509","25/09/2026","8827357863","Soumya Pandey","10,500","No","Annual Max","1","Organic","Sheet2"
"510","25/09/2026","9873112594","Prerak Bhavsar","11,000","No","Annual Max","1","Organic","Sheet2"
"511","25/09/2026","8421020255","Jivesh Harde","11,000","No","Annual Max","1","Organic","Sheet2"
"512","25/09/2026","9437796732","Yuvraj Singh Dodiya","12,000","No","Annual Max","1","Organic","Sheet2"
"513","25/09/2026","9820260734","Naveen Suwalka","11,000","No","Annual Max","1","Organic","Sheet2"
"514","25/09/2026","9555285214","Rani Singh","13,573","No","Annual Max","1","Organic","Sheet2"
"515","25/09/2026","9999925390","Jivesh Harde","12,000","No","Annual Max","1","Organic","Sheet2"
"516","25/09/2026","9278253672","Tashrifa Ruhani Saikia","11,000","No","Annual Max","1","Organic","Sheet2"
"517","25/09/2026","9403351550","Amol Landge","10,376","No","Annual Max","1","Renewals","Sheet2"
"518","25/09/2026","8141820049","Neeru Yadav","11,000","No","Annual Max","1","Organic","Sheet2"
"519","25/09/2026","9953512017","Honey Talreja","11,000","No","Annual Max","1","Organic","Sheet2"
"520","25/09/2026","9825266055","Kush Shah","11,000","No","Annual Max","1","Organic","Sheet2"
"521","25/09/2026","8050575467","Kausturi Roy Chowdhury","11,000","No","Annual Max","1","Organic","Sheet2"
"522","25/09/2026","9109192074","Prerak Bhavsar","5,000","No","Quarterly Max","1","Organic","Sheet2"
"523","25/09/2026","9898980819","Chhaya Patel","11,000","No","Annual Max","1","Organic","Sheet2"
"524","25/09/2026","9119124836","Kunal Sharma","11,000","No","Annual Max","1","Organic","Sheet2"
"525","25/09/2026","9769408469","Vivek Shah","11,000","No","Annual Max","1","Organic","Sheet2"
"526","25/09/2026","9967357525","Rohit Jain","5,000","No","Quarterly Max","1","Organic","Sheet2"
"527","25/09/2026","7021780148","Rani Singh","11,000","No","Annual Max","1","Organic","Sheet2"
"528","25/09/2026","8141041339","Honey Talreja","11,000","No","Annual Max","1","Organic","Sheet2"
"529","25/09/2026","9987250545","Kausturi Roy Chowdhury","11,000","No","Annual Max","1","Organic","Sheet2"
"530","26/09/2026","9323012126","Kush Shah","11,000","No","Annual Max","1","Organic","Sheet2"
"531","26/09/2026","7409242694","Prerak Bhavsar","11,000","No","Annual Max","1","Organic","Sheet2"
"532","26/09/2026","9738217434","Abhijeet Mathur","13,573","No","Annual Max","1","Organic","Sheet2"
"533","26/09/2026","9962260529","Yuvraj Singh Dodiya","11,000","No","Annual Max","1","Organic","Sheet2"
"534","26/09/2026","7097560709","Kunal Sharma","11,000","No","Annual Max","1","Organic","Sheet2"
"535","26/09/2026","9740715765","Chhaya Patel","11,000","No","Annual Max","1","Organic","Sheet2"
"536","26/09/2026","9551870587","Chhaya Patel","17,000","No","Ultra Annually","1","Organic","Sheet2"
"537","26/09/2026","9167479757","Yuvraj Singh Dodiya","11,000","No","Annual Max","1","Organic","Sheet2"
"538","26/09/2026","8099677911","Honey Talreja","11,000","No","Annual Max","1","Organic","Sheet2"
"539","26/09/2026","7061705788","Shubham Rai","11,000","No","Annual Max","1","Organic","Sheet2"
"540","26/09/2026","9152702727","Honey Talreja","11,000","No","Annual Max","1","Organic","Sheet2"
"541","26/09/2026","9158959966","Shivani Gupta","5,000","No","Quarterly Max","1","Organic","Sheet2"
"542","26/09/2026","9664195669","Kausturi Roy Chowdhury","11,000","No","Annual Max","1","Organic","Sheet2"
"543","26/09/2026","9561499481","Prerak Bhavsar","13,573","No","Annual Max","1","Organic","Sheet2"
"544","26/09/2026","8087171436","Vikas Poonia","11,000","No","Annual Max","1","Events","Sheet2"
"545","26/09/2026","9996251536","Yuvraj Singh Dodiya","12,000","No","Annual Max","1","Organic","Sheet2"
"546","26/09/2026","7708654115","Naveen Suwalka","13,573","No","Annual Max","1","Organic","Sheet2"
"547","26/09/2026","6363624860","Prerak Bhavsar","5,000","No","Annual Max","1","Upgrade","Sheet2"
"548","26/09/2026","8550049222","Amol Landge","11,000","No","Annual Max","1","Events","Sheet2"
"549","26/09/2026","9999001897","Shivani Gupta","5,000","No","Quarterly Max","1","Organic","Sheet2"
"550","26/09/2026","9908844904","Jivesh Harde","11,000","No","Annual Max","1","Organic","Sheet2"
"551","26/09/2026","7211100023","Kush Shah","11,000","No","Annual Max","1","Organic","Sheet2"
"552","26/09/2026","8897860888","Tanveer Ahmed","12,000","No","Annual Max","1","Organic","Sheet2"
"553","26/09/2026","9970916070","Honey Talreja","11,000","No","Annual Max","1","Organic","Sheet2"
"554","26/09/2026","8950029185","Kausturi Roy Chowdhury","11,000","No","Annual Max","1","Organic","Sheet2"
"555","26/09/2026","9903956225","Kausturi Roy Chowdhury","12,215","No","Annual Max","1","Organic","Sheet2"
"556","27/09/2026","8438384901","Shivani Gupta","2,360","No","H3 Mini Plan","1","Events","Sheet2"
"557","27/09/2026","9714097444","Shivani Gupta","2,360","No","H3 Mini Plan","1","Events","Sheet2"
"558","27/09/2026","9426402423","Shivani Gupta","2,360","No","H3 Mini Plan","1","Events","Sheet2"
"559","27/09/2026","9722222385","Shivani Gupta","2,360","No","H3 Mini Plan","1","Events","Sheet2"
"560","27/09/2026","9725033103","Shivani Gupta","2,360","No","H3 Mini Plan","1","Events","Sheet2"
"561","27/09/2026","8081811098","Shivani Gupta","2,360","No","H3 Mini Plan","1","Events","Sheet2"
"562","27/09/2026","9722045992","Shivani Gupta","2,360","No","H3 Mini Plan","1","Events","Sheet2"
"563","27/09/2026","9769928485","Tanveer Ahmed","12,000","No","Annual Max","1","Organic","Sheet2"
"564","27/09/2026","","Soumya Pandey","4,500","No","Quarterly Max","1","Organic","Sheet2"
"565","21/09/2026","9619009615","Jivesh Harde","11,000","No","Annual Max","1","Organic","Sheet2"
"566","27/09/2026","9944573801","Vikas Poonia","11,000","No","Annual Max","1","Events","Sheet2"
"567","27/09/2026","7829194555","Amol Landge","11,000","No","Annual Max","1","Events","Sheet2"
"568","27/09/2026","8660108922","Amol Landge","11,000","No","Annual Max","1","Events","Sheet2"
"569","27/09/2026","9989605361","Amol Landge","10,376","No","Annual Max","1","Events","Sheet2"
"570","27/09/2026","9920290230","Honey Talreja","12,216","No","Annual Max","1","Organic","Sheet2"
"571","27/09/2026","9742104816","Vikas Poonia","11,000","No","Annual Max","1","Events","Sheet2"
"572","27/09/2026","9599916288","Darshan KS","11,000","No","Annual Max","1","Events","Sheet2"
"573","27/09/2026","8860489954","Prerak Bhavsar","2,500","No","Annual Max","1","Upgrade","Sheet2"
"574","27/09/2026","8297299979","Jivesh Harde","12,000","No","Annual Max","1","Organic","Sheet2"
"575","27/09/2026","9663156414","Vikas Poonia","11,000","No","Annual Max","1","Events","Sheet2"
"576","27/09/2026","9892019702","Honey Talreja","5,000","No","Quarterly Max","1","Organic","Sheet2"
"577","27/09/2026","9988496611","Darshan KS","9,787","No","Annual Max","1","Events","Sheet2"
"578","27/09/2026","8697328230","Darshan KS","9,787","No","Annual Max","1","Events","Sheet2"
"579","27/09/2026","8401133535","Kausturi Roy Chowdhury","12,215","No","Annual Max","1","Organic","Sheet2"
"580","27/09/2026","9082859677","Kunal Sharma","12,000","No","Annual Max","1","Organic","Sheet2"
"581","27/09/2026","8790015544","Shivaram Nimmala","11,000","No","Annual Max","1","Events","Sheet2"
"582","27/09/2026","8520814679","Honey Talreja","12,000","No","Annual Max","1","Organic","Sheet2"
"583","27/09/2026","7799510511","Rohit Jain","12,000","No","Annual Max","1","Organic","Sheet2"
"584","27/09/2026","9082928600","Chandana Hari","10,000","No","Annual Max","1","Events","Sheet2"
"585","28/09/2026","8460650866","Honey Talreja","12,216","No","Annual Max","1","Organic","Sheet2"
"586","28/09/2026","8758305848","Shivani Gupta","12,000","No","Annual Max","1","Organic","Sheet2"
"587","28/09/2026","9819744272","Prerak Bhavsar","5,000","No","Quarterly Max","1","Organic","Sheet2"
"588","28/09/2026","9860288027","Vikas Poonia","4,198","No","Quarterly Max","1","Renewals","Sheet2"
"589","28/09/2026","9922800800","Vikas Poonia","3,160","No","Quarterly Plus","1","Renewals","Sheet2"
"590","28/09/2026","9891304380","Vikas Poonia","10,376","No","Annual Max","1","Renewals","Sheet2"
"591","28/09/2026","9307118948","Vivek Shah","12,000","No","Annual Max","1","Organic","Sheet2"
"592","28/09/2026","9638731443","Prerak Bhavsar","12,000","No","Annual Max","1","Organic","Sheet2"
"593","28/09/2026","8082739315","Prerak Bhavsar","12,000","No","Annual Max","1","Organic","Sheet2"
"594","28/09/2026","8248305903","Amol Landge","12,000","No","Annual Max","1","Renewals","Sheet2"
"595","28/09/2026","9998129905","Soumya Pandey","12,000","No","Annual Max","1","Organic","Sheet2"
"596","28/09/2026","9718323302","Kush Shah","13,573","No","Annual Max","1","Organic","Sheet2"
"597","28/09/2026","9870370911","Vivek Shah","12,216","No","Annual Max","1","Organic","Sheet2"
"598","28/09/2026","9892765224","Yuvraj Singh Dodiya","12,000","No","Annual Max","1","Organic","Sheet2"
"599","28/09/2026","7507734007","Abhijeet Mathur","12,215","No","Annual Max","1","Organic","Sheet2"
"600","28/09/2026","7600606131","Sneha Anand","11,000","No","Annual Max","1","Organic","Sheet2"
"601","28/09/2026","9886980022","Vikas Poonia","10,376","Yes","Annual Max","0.5","Renewals","Sheet2"
"602","28/09/2026","9886980022","Amol Landge","10,376","Yes","Annual Max","0.5","Renewals","Sheet2"
"603","28/09/2026","8072977119","Sneha Anand","11,000","No","Annual Max","1","Organic","Sheet2"
"604","28/09/2026","8320639554","Kausturi Roy Chowdhury","11,000","No","Annual Max","1","Organic","Sheet2"
"605","28/09/2026","7208745675","Shivani Gupta","5,000","No","Quarterly Max","1","Organic","Sheet2"
"606","28/09/2026","7874298308","Honey Talreja","3,160","No","Quarterly Plus","1","Organic","Sheet2"
"607","28/09/2026","8655857845","Abhijeet Mathur","12,000","No","Annual Max","1","Organic","Sheet2"
"608","28/09/2026","9970022882","Amol Landge","10,376","No","Annual Max","1","Renewals","Sheet2"
"609","26/09/2026","9974211247","Others","10,376","No","Annual Max","1","Renewals","Sheet2"
"610","27/09/2026","9834174661","Others","4,500","No","Quarterly Max","1","Organic","Sheet2"
"611","29/09/2026","9827334314","Sneha Anand","17,000","No","Ultra Annually","1","Organic","Sheet2"
"612","29/09/2026","8880313093","Tanveer Ahmed","12,000","No","Annual Max","1","Organic","Sheet2"
"613","29/09/2026","9823276986","Naveen Suwalka","5,000","No","Quarterly Max","1","Organic","Sheet2"
"614","29/09/2026","9825552297","Preyashi Roy","17,000","No","Ultra Annually","1","Organic","Sheet2"
"615","29/09/2026","7840008771","Shubham Rai","12,000","No","Annual Max","1","Organic","Sheet2"
"616","29/09/2026","9108792643","Tanveer Ahmed","11,000","No","Annual Max","1","Organic","Sheet2"
"617","29/09/2026","9313375818","Tanveer Ahmed","5,000","No","Quarterly Max","1","Organic","Sheet2"
"618","29/09/2026","8285838640","Prerak Bhavsar","12,000","No","Annual Max","1","Organic","Sheet2"
"619","29/09/2026","8802686505","Kausturi Roy Chowdhury","12,000","No","Annual Max","1","Organic","Sheet2"
"620","29/09/2026","9891247797","Amol Landge","10,376","No","Annual Max","1","Renewals","Sheet2"
"621","29/09/2026","9821290012","Shivani Gupta","12,000","No","Annual Max","1","Organic","Sheet2"
"622","29/09/2026","9916630138","Kush Shah","11,000","No","Annual Max","1","Renewals","Sheet2"
"623","29/09/2026","8438384901","Shivani Gupta","7,200","No","Annual Max","1","Upgrade","Sheet2"
"624","29/09/2026","9084670385","Prerak Bhavsar","22,000","No","Ultra Annually","1","Organic","Sheet2"
"625","29/09/2026","8904479543","Vivek Shah","5,000","No","Quarterly Max","1","Organic","Sheet2"
"626","29/09/2026","8860049129","Tashrifa Ruhani Saikia","12,000","No","Annual Max","1","Organic","Sheet2"
"627","29/09/2026","9866246590","Vikas Poonia","10,376","No","Annual Max","1","Renewals","Sheet2"
"628","29/09/2026","9643121109","Vikas Poonia","11,000","No","Annual Max","1","Renewals","Sheet2"
"629","29/09/2026","8178512137","Kush Shah","12,000","No","Annual Max","1","Organic","Sheet2"
"630","29/09/2026","7066780228","Vivek Shah","12,216","No","Annual Max","1","Organic","Sheet2"
"631","29/09/2026","9986604304","Yuvraj Singh Dodiya","12,000","No","Annual Max","1","Organic","Sheet2"
"632","29/09/2026","7550181719","Sneha Anand","12,216","No","Annual Max","1","Organic","Sheet2"
"633","29/09/2026","8433773346","Others","11,000","No","Annual Max","1","Organic","Sheet2"
"634","29/09/2026","9660762262","Kausturi Roy Chowdhury","12,000","No","Annual Max","1","Organic","Sheet2"
"635","29/09/2026","9664645422","Vivek Shah","12,000","No","Annual Max","1","Organic","Sheet2"
"636","29/09/2026","9662244171","Prerak Bhavsar","12,000","No","Annual Max","1","Organic","Sheet2"
"637","29/09/2026","9820961259","Honey Talreja","9,787","No","Annual Max","1","Organic","Sheet2"
"638","29/09/2026","9769850390","Honey Talreja","9,787","No","Annual Max","1","Organic","Sheet2"
"639","30/09/2026","9886029393","Amol Landge","10,376","No","Annual Max","1","Renewals","Sheet2"
"640","29/09/2026","9987726184","Chhaya Patel","11,000","No","Annual Max","1","Organic","Sheet2"
"641","30/09/2026","9492478899","Shubham Rai","12,000","No","Annual Max","1","Organic","Sheet2"
"642","30/09/2026","9892598310","Amol Landge","4,000","No","Quarterly Max","1","Renewals","Sheet2"
"643","30/09/2026","9092585769","Darshan KS","12,000","No","Annual Max","1","Organic","Sheet2"
"644","30/09/2026","9726964808","Yuvraj Singh Dodiya","6,787","Yes","Annual Max","0.5","Organic","Sheet2"
"645","30/09/2026","9726964808","Honey Talreja","6,787","Yes","Annual Max","0.5","Organic","Sheet2"
"646","30/09/2026","9664084673","Kush Shah","12,000","No","Annual Max","1","Organic","Sheet2"
"647","30/09/2026","8460164217","Chhaya Patel","12,216","No","Annual Max","1","Organic","Sheet2"
"648","30/09/2026","8897660366","Chhaya Patel","12,216","No","Annual Max","1","Organic","Sheet2"
"649","30/09/2026","9964579602","Tashrifa Ruhani Saikia","12,216","No","Annual Max","1","Organic","Sheet2"
"650","30/09/2026","7990331833","Kausturi Roy Chowdhury","12,000","No","Annual Max","1","Organic","Sheet2"
"651","30/09/2026","9952980919","Shubham Rai","3,000","No","One Month Max","1","Organic","Sheet2"
"652","30/09/2026","7304258369","Amol Landge","5,000","No","Quarterly Max","1","Organic","Sheet2"
"653","30/09/2026","8882287355","Naveen Suwalka","12,000","No","Annual Max","1","Organic","Sheet2"
"654","30/09/2026","9001228000","Honey Talreja","11,000","No","Annual Max","1","Organic","Sheet2"
"655","30/09/2026","9574876641","Abhijeet Mathur","12,216","No","Annual Max","1","Organic","Sheet2"
"656","30/09/2026","8087790428","Naveen Suwalka","12,000","No","Annual Max","1","Organic","Sheet2"
"657","30/09/2026","9724755366","Jivesh Harde","12,000","No","Annual Max","1","Organic","Sheet2"
"658","30/09/2026","9829985955","Preyashi Roy","12,216","No","Annual Max","1","Organic","Sheet2"
"659","30/09/2026","9414169321","Vikas Poonia","4,198","No","Quarterly Max","1","Organic","Sheet2"
"660","30/09/2026","9016901925","Honey Talreja","9,787","No","Annual Max","1","Organic","Sheet2"
"661","30/09/2026","7573952620","Honey Talreja","9,787","No","Annual Max","1","Organic","Sheet2"
"662","30/09/2026","9879009884","Kush Shah","12,215","No","Annual Max","1","Organic","Sheet2"
"663","30/09/2026","9314930533","Shubham Rai","11,000","No","Annual Max","1","Organic","Sheet2"
"664","30/09/2026","7990301833","Shubham Rai","12,000","No","Annual Max","1","Organic","Sheet2"
"665","30/09/2026","9867628927","Honey Talreja","12,000","No","Annual Max","1","Organic","Sheet2"
"666","30/09/2026","9930155832","Prerak Bhavsar","5,000","No","Quarterly Max","1","Organic","Sheet2"
"667","30/09/2026","9811459483","Kausturi Roy Chowdhury","10,376","No","Annual Max","1","Renewals","Sheet2"
"668","30/09/2026","8919795084","Rani Singh","13,000","No","Annual Max","1","Organic","Sheet2"
"669","30/09/2026","9723055994","Shivani Gupta","12,000","No","Annual Max","1","Organic","Sheet2"
"670","30/09/2026","7000676085","Yuvraj Singh Dodiya","12,000","No","Annual Max","1","Organic","Sheet2"
"671","30/09/2026","7000676085","Prerak Bhavsar","2,400","Yes","Annual Max","0.5","Organic","Sheet2"
"672","30/09/2026","8800776759","Chhaya Patel","5,756","No","Quarterly Max","1","Organic","Sheet2"
"673","30/09/2026","9727552558","Yuvraj Singh Dodiya","13,573","No","Annual Max","1","Organic","Sheet2"
"674","30/09/2026","9650352466","Vivek Shah","12,215","No","Annual Max","1","Organic","Sheet2"
"675","30/09/2026","9619367215","Jivesh Harde","12,000","No","Annual Max","1","Organic","Sheet2"
"676","30/09/2026","8744037456","Rani Singh","13,573","No","Annual Max","1","Organic","Sheet2"
"677","30/09/2026","6354413117","Rani Singh","5,756","No","Quarterly Max","1","Organic","Sheet2"
"1","10/1/2026","9892874590","Tanveer Ahmed","12,000","No","Annual Max","1","Organic","Sheet3"
"2","10/1/2026","8369065991","Vikas Poonia","10,376","No","Annual Max","1","Organic","Sheet3"
"3","10/1/2026","9886087273","Shivani Gupta","6,017","No","Ultra Quarterly","1","Organic","Sheet3"
"4","10/1/2026","9538296902","Vikas Poonia","10,376","No","Annual Max","1","Renewals","Sheet3"
"5","10/1/2026","8866873461","Kush Shah","9,787","No","Annual Max","1","Organic","Sheet3"
"6","10/1/2026","9033925104","Kush Shah","4,787","No","Annual Max","1","Organic","Sheet3"
"7","10/1/2026","9717764984","Vikas Poonia","12,216","No","Annual Max","1","Renewals","Sheet3"
"8","10/1/2026","9870851578","Shivani Gupta","12,000","No","Annual Max","1","Organic","Sheet3"
"9","10/1/2026","9327569880","Vikas Poonia","9,787","No","Annual Max","1","Organic","Sheet3"
"10","10/1/2026","9913846791","Vikas Poonia","9,787","No","Annual Max","1","Organic","Sheet3"
"11","10/1/2026","9619657417","Vikas Poonia","10,376","No","Annual Max","1","Renewals","Sheet3"
"12","10/1/2026","8951482750","Amol Landge","10,376","No","Annual Max","1","Renewals","Sheet3"
"13","10/2/2026","7666287821","Rani Singh","5,756","No","Quarterly Max","1","Organic","Sheet3"
"14","10/1/2026","9033925104","Honey Talreja","5,000","Yes","Annual Max","0.5","Organic","Sheet3"
"15","10/2/2026","9110582913","Shivani Gupta","12,000","No","Annual Max","1","Organic","Sheet3"
"16","10/2/2026","9625014510","Naveen Suwalka","12,000","No","Annual Max","1","Organic","Sheet3"
"17","10/2/2026","9510011225","Shivani Gupta","12,000","No","Annual Max","1","Organic","Sheet3"
"18","10/2/2026","9350066050","Yuvraj Singh Dodiya","12,000","No","Annual Max","1","Organic","Sheet3"
"19","10/2/2026","8779646274","Rohit Jain","12,000","No","Annual Max","1","Organic","Sheet3"
"20","10/2/2026","9350066050","Rohit Jain","3,600","Yes","Annual Max","0.5","Organic","Sheet3"
"21","10/2/2026","7358206278","Jivesh Harde","12,000","No","Annual Max","1","Organic","Sheet3"
"22","10/2/2026","7020800787","Sneha Anand","4,198","No","Quarterly Max","1","Renewals","Sheet3"
"23","10/2/2026","9036538469","Shivani Gupta","5,756","No","Quarterly Max","1","Organic","Sheet3"
"24","10/2/2026","9717527518","Honey Talreja","12,000","No","Annual Max","1","Organic","Sheet3"
"25","10/2/2026","7506558987","Prerak Bhavsar","19,573","No","Annual Max","2","Organic","Sheet3"
"26","10/2/2026","7874305743","Shivendra Singh Tomar","12,000","No","Annual Max","1","Organic","Sheet3"
"27","10/2/2026","9916307330","Jivesh Harde","19,573","No","Annual Max","2","Organic","Sheet3"
"28","10/2/2026","","","","","","","","Sheet3"
"29","10/2/2026","","","","","","","","Sheet3"
"30","10/2/2026","","","","","","","","Sheet3"
"31","10/2/2026","","","","","","","","Sheet3"
"32","10/2/2026","","","","","","","","Sheet3"
"33","10/2/2026","","","","","","","","Sheet3"
"34","10/2/2026","","","","","","","","Sheet3"
"35","10/2/2026","","","","","","","","Sheet3"
"36","10/2/2026","","","","","","","","Sheet3"
"37","10/2/2026","","","","","","","","Sheet3"
"38","10/2/2026","","","","","","","","Sheet3"
"39","10/2/2026","","","","","","","","Sheet3"
"40","10/2/2026","","","","","","","","Sheet3"
"41","10/2/2026","","","","","","","","Sheet3"
"42","10/2/2026","","","","","","","","Sheet3"
"43","10/2/2026","","","","","","","","Sheet3"
"44","10/2/2026","","","","","","","","Sheet3"
"45","10/2/2026","","","","","","","","Sheet3"
"46","10/2/2026","","","","","","","","Sheet3"
"47","10/2/2026","","","","","","","","Sheet3"
"48","10/2/2026","","","","","","","","Sheet3"
"49","10/2/2026","","","","","","","","Sheet3"
"50","10/2/2026","","","","","","","","Sheet3"
"51","10/2/2026","","","","","","","","Sheet3"
"52","10/2/2026","","","","","","","","Sheet3"
"53","10/2/2026","","","","","","","","Sheet3"
"54","10/2/2026","","","","","","","","Sheet3"
"55","10/2/2026","","","","","","","","Sheet3"
"56","10/2/2026","","","","","","","","Sheet3"
"57","10/2/2026","","","","","","","","Sheet3"
"58","10/2/2026","","","","","","","","Sheet3"
"59","10/2/2026","","","","","","","","Sheet3"
"60","10/2/2026","","","","","","","","Sheet3"
"61","10/2/2026","","","","","","","","Sheet3"
"62","10/2/2026","","","","","","","","Sheet3"
"63","10/2/2026","","","","","","","","Sheet3"