id,user_id,transaction_id,price,started_at,expire_at,used_free_delivery_count,subscription_id,plan_id,status,payment_id,method,payment_status,subscription_features,type,created_at,updated_at,coupon_id,meta_data,applied_referral_code,referred_by,cancelled_by,cancelled_at,cancelled_type,cancellation_data,payment_token_status_history,coupon_details
72de01db-c215-4b5d-a742-12b51af22138,268571c3-0f08-4065-adb1-2dd5f258b8b0,pay_Tgd0KrdTFRsoIY,15588.0,2026-09-26T10:22:38Z,2027-09-26T10:22:38Z,0,assigned_b53a1ab5222544161152ebc462296ad0,26a25589-5532-4f28-b820-1b6c7894c4fd,ACTIVE,,upi,,"{""discount"": ""25%"", ""isNewPlan"": false, ""pricePaid"": 11000, ""trialDays"": 30, ""toyProgram"": ""-"", ""planSavings"": 3597, ""planVersion"": ""v2"", ""trialAmount"": 999, ""trialApplied"": false, ""memberShipFees"": 0, ""bonusDeliveries"": 0, ""deliveryCharges"": 100, ""sameDayDelivery"": true, ""damageWaiverFees"": 999, ""maxBigToyAllowed"": 1, ""refundableDeposit"": 0, ""memberShipFeesPaid"": 0, ""moneyBackGuarantee"": 30, ""effectiveCostPerMonth"": 1299, ""membershipFeesApplied"": false, ""refundableDepositPaid"": 0, ""planPriceDiscountAdmin"": 0, ""securityDepositApplied"": false, ""totalKeepCountPerMonth"": 3, ""damageWaiverFeesApplied"": true, ""isUnlimitedFreeDelivery"": true, ""membershipDiscountAdmin"": 0, ""maxToyHoldingValueAllowed"": 120000, ""totalFreeDeliveryPerMonth"": 0, ""actualChargesForMemberShipFees"": 0, ""refundableDepositDiscountAdmin"": 0, ""actualChargesForSecurityDeposit"": 0, ""actualChargesForDamageWaiverFees"": 999}",ASSIGNED,2026-09-26T10:22:38.356Z,2026-09-26T10:22:38.356Z,,"{""note"": ""Assigned from Google Sheet"", ""amount"": 0, ""gstApplied"": true, ""paymentDate"": ""2026-09-26T15:52:38+05:30"", ""gstPercentage"": 18, ""membershipData"": {""amount"": 0, ""isMembershipFee"": true}, ""priceBreakdown"": {""basePrice"": 15588, ""gstAmount"": 2986, ""couponCode"": null, ""finalPrice"": 19573, ""couponPercent"": null, ""proRataCredit"": 0, ""couponDiscount"": 0, ""membershipFees"": 0, ""securityDeposit"": 0, ""damageWaiverFees"": 999}, ""userTrialApplied"": false, ""isTrialPeriodExpired"": true, ""userDamageWaiverFeesApplied"": true}",,,,,,{},[],{}
754b2e86-ec25-40c1-9bea-28664306fc0d,2a756360-e463-46a9-8a76-e5d671e716ec,Reference id- 1675004208,24000.0,2026-09-26T10:54:02Z,2027-09-25T10:54:02Z,0,assigned_4c6175ee4f93293688103d87a85ad3c5,afa2626e-3430-4b53-a7f1-327e8b8bbf56,ACTIVE,,card,,"{""discount"": ""25%"", ""isNewPlan"": true, ""isPlayMax"": false, ""pricePaid"": 17000, ""trialDays"": 0, ""isPlayMini"": false, ""isPlayPlus"": false, ""toyProgram"": ""-"", ""planSavings"": 0, ""planVersion"": ""v2"", ""trialAmount"": 0, ""isWeeklyPlan"": true, ""trialApplied"": false, ""isDefaultView"": true, ""memberShipFees"": 0, ""bonusDeliveries"": 0, ""deliveryCharges"": 100, ""sameDayDelivery"": false, ""damageWaiverFees"": 999, ""maxBigToyAllowed"": 1, ""planDurationWeeks"": 52, ""refundableDeposit"": 0, ""memberShipFeesPaid"": 0, ""moneyBackGuarantee"": 0, ""effectiveCostPerMonth"": 999, ""membershipFeesApplied"": false, ""refundableDepositPaid"": 0, ""deliveryFrequencyWeeks"": 1, ""planPriceDiscountAdmin"": 0, ""securityDepositApplied"": false, ""totalKeepCountPerMonth"": 3, ""damageWaiverFeesApplied"": true, ""isUnlimitedFreeDelivery"": true, ""membershipDiscountAdmin"": 0, ""autoScheduledToyDelivery"": true, ""maxToyHoldingValueAllowed"": 400000, ""totalFreeDeliveryPerMonth"": 3, ""actualChargesForMemberShipFees"": 0, ""refundableDepositDiscountAdmin"": 0, ""actualChargesForSecurityDeposit"": 0, ""actualChargesForDamageWaiverFees"": 999}",ASSIGNED,2026-09-26T10:54:02.648Z,2026-09-26T10:54:02.648Z,,"{""note"": ""Assigned from Google Sheet"", ""amount"": 0, ""gstApplied"": true, ""paymentDate"": ""2026-09-26T16:24:02+05:30"", ""gstPercentage"": 18, ""membershipData"": {""amount"": 0, ""isMembershipFee"": true}, ""priceBreakdown"": {""basePrice"": 24000, ""gstAmount"": 4500, ""couponCode"": null, ""finalPrice"": 29499, ""couponPercent"": null, ""proRataCredit"": 0, ""couponDiscount"": 0, ""membershipFees"": 0, ""securityDeposit"": 0, ""damageWaiverFees"": 999}, ""userTrialApplied"": false, ""isTrialPeriodExpired"": true, ""userDamageWaiverFeesApplied"": true}",,,,,,{},[],{}
cf068635-c6a6-48e6-9ac3-e78cb750e5e0,9ce7e2e4-5ba2-4bda-b056-a009e2399410,,15588.0,2026-09-26T07:16:58Z,2027-09-26T07:16:58Z,0,order_Tga0S5h54Va7IU,26a25589-5532-4f28-b820-1b6c7894c4fd,ACTIVE,,upi,,"{""discount"": ""25%"", ""isNewPlan"": false, ""trialDays"": 30, ""toyProgram"": ""-"", ""planSavings"": 3597, ""planVersion"": ""v2"", ""trialAmount"": 999, ""trialApplied"": false, ""memberShipFees"": 0, ""bonusDeliveries"": 0, ""deliveryCharges"": 100, ""sameDayDelivery"": true, ""damageWaiverFees"": 999, ""maxBigToyAllowed"": 1, ""refundableDeposit"": 0, ""moneyBackGuarantee"": 30, ""effectiveCostPerMonth"": 1299, ""membershipFeesApplied"": false, ""securityDepositApplied"": false, ""totalKeepCountPerMonth"": 3, ""damageWaiverFeesApplied"": true, ""isUnlimitedFreeDelivery"": true, ""maxToyHoldingValueAllowed"": 120000, ""totalFreeDeliveryPerMonth"": 0, ""actualChargesForMemberShipFees"": 0, ""actualChargesForSecurityDeposit"": 0, ""actualChargesForDamageWaiverFees"": 999}",ONE_TIME,2026-09-26T07:16:38.187Z,2026-09-26T07:16:58.327Z,39d4dac4-9537-4653-874b-36bd27b763a0,"{""deviceType"": ""MOBILE"", ""gstApplied"": true, ""promoCodeId"": ""payment_provider_444be18c9e16d1cd1b19ef1c8a66b2ab"", ""paymentNotes"": {""userId"": ""9ce7e2e4-5ba2-4bda-b056-a009e2399410"", ""subscriptionType"": ""ONE_TIME"", ""subscriptionPlanId"": ""26a25589-5532-4f28-b820-1b6c7894c4fd""}, ""gstPercentage"": 18, ""membershipData"": {""amount"": 0, ""isMembershipFee"": true}, ""priceBreakdown"": {""basePrice"": 15588, ""gstAmount"": 2986, ""couponCode"": ""FLAT11KAK"", ""finalPrice"": 11000, ""couponPercent"": null, ""proRataCredit"": null, ""couponDiscount"": 8573, ""membershipFees"": 0, ""securityDeposit"": 0, ""damageWaiverFees"": 999}, ""isRecurringInit"": false, ""paymentProvider"": ""RAZOR_PAY"", ""userTrialApplied"": false, ""securityDepositData"": {""securityDepositApplied"": false}, ""isTrialPeriodExpired"": true, ""merchantTransactionId"": ""order_Tga0S5h54Va7IU"", ""userDamageWaiverFeesApplied"": true}",,,,,,{},[],"{""couponId"": ""39d4dac4-9537-4653-874b-36bd27b763a0"", ""couponAppliedStatus"": ""PENDING"", ""isCouponAppliedOnSubscriptionRenew"": false}"
dddde44d-af88-4f8b-a164-e1ae881b318d,a948038e-0f89-4c5d-8482-32e0730fd08e,,15588.0,2026-09-27T05:32:13Z,2027-09-27T05:32:13Z,0,order_TgwflsZAbRDv3p,26a25589-5532-4f28-b820-1b6c7894c4fd,ACTIVE,,emi,,"{""discount"": ""25%"", ""isNewPlan"": false, ""trialDays"": 30, ""toyProgram"": ""-"", ""planSavings"": 3597, ""planVersion"": ""v2"", ""trialAmount"": 999, ""trialApplied"": false, ""memberShipFees"": 0, ""bonusDeliveries"": 0, ""deliveryCharges"": 100, ""sameDayDelivery"": true, ""damageWaiverFees"": 999, ""maxBigToyAllowed"": 1, ""refundableDeposit"": 0, ""moneyBackGuarantee"": 30, ""effectiveCostPerMonth"": 1299, ""membershipFeesApplied"": false, ""securityDepositApplied"": false, ""totalKeepCountPerMonth"": 3, ""damageWaiverFeesApplied"": true, ""isUnlimitedFreeDelivery"": true, ""maxToyHoldingValueAllowed"": 120000, ""totalFreeDeliveryPerMonth"": 0, ""actualChargesForMemberShipFees"": 0, ""actualChargesForSecurityDeposit"": 0, ""actualChargesForDamageWaiverFees"": 999}",ONE_TIME,2026-09-27T05:27:00.641Z,2026-09-27T05:32:13.523Z,c6399045-ae57-4a97-b6d4-69dd768bd1d1,"{""deviceType"": ""MOBILE"", ""gstApplied"": true, ""promoCodeId"": ""payment_provider_05af293eb83f6034ab6f3fcf8a2d0816"", ""paymentNotes"": {""userId"": ""a948038e-0f89-4c5d-8482-32e0730fd08e"", ""subscriptionType"": ""ONE_TIME"", ""subscriptionPlanId"": ""26a25589-5532-4f28-b820-1b6c7894c4fd""}, ""gstPercentage"": 18, ""membershipData"": {""amount"": 0, ""isMembershipFee"": true}, ""priceBreakdown"": {""basePrice"": 15588, ""gstAmount"": 2986, ""couponCode"": ""GANESHA"", ""finalPrice"": 13573, ""couponPercent"": null, ""proRataCredit"": null, ""couponDiscount"": 6000, ""membershipFees"": 0, ""securityDeposit"": 0, ""damageWaiverFees"": 999}, ""isRecurringInit"": false, ""paymentProvider"": ""RAZOR_PAY"", ""userTrialApplied"": false, ""securityDepositData"": {""securityDepositApplied"": false}, ""isTrialPeriodExpired"": true, ""merchantTransactionId"": ""order_TgwflsZAbRDv3p"", ""userDamageWaiverFeesApplied"": true}",,,,,,{},[],"{""couponId"": ""c6399045-ae57-4a97-b6d4-69dd768bd1d1"", ""couponAppliedStatus"": ""PENDING"", ""isCouponAppliedOnSubscriptionRenew"": false}"
2e0fc128-1c57-452d-a35f-1abedb02fa78,408d154d-b39e-4b52-affd-f25ad897dc73,,15588.0,2026-09-27T07:18:44Z,2027-09-27T07:18:44Z,0,order_TgXHKqWwsLZ95v,26a25589-5532-4f28-b820-1b6c7894c4fd,ACTIVE,,card,,"{""discount"": ""25%"", ""isNewPlan"": false, ""trialDays"": 30, ""toyProgram"": ""-"", ""planSavings"": 3597, ""planVersion"": ""v2"", ""trialAmount"": 999, ""trialApplied"": false, ""memberShipFees"": 0, ""bonusDeliveries"": 0, ""deliveryCharges"": 100, ""sameDayDelivery"": true, ""damageWaiverFees"": 999, ""maxBigToyAllowed"": 1, ""refundableDeposit"": 0, ""moneyBackGuarantee"": 30, ""effectiveCostPerMonth"": 1299, ""membershipFeesApplied"": false, ""securityDepositApplied"": false, ""totalKeepCountPerMonth"": 3, ""damageWaiverFeesApplied"": true, ""isUnlimitedFreeDelivery"": true, ""maxToyHoldingValueAllowed"": 120000, ""totalFreeDeliveryPerMonth"": 0, ""actualChargesForMemberShipFees"": 0, ""actualChargesForSecurityDeposit"": 0, ""actualChargesForDamageWaiverFees"": 999}",ONE_TIME,2026-09-26T04:36:32.302Z,2026-09-27T07:18:44.763Z,a1195a23-b2a0-4864-81b0-f2062f1e7f90,"{""deviceType"": ""MOBILE"", ""gstApplied"": true, ""promoCodeId"": ""payment_provider_2e80c5ed5f2b9e53d37d00e6d6fa7334"", ""paymentNotes"": {""userId"": ""408d154d-b39e-4b52-affd-f25ad897dc73"", ""subscriptionType"": ""ONE_TIME"", ""subscriptionPlanId"": ""26a25589-5532-4f28-b820-1b6c7894c4fd""}, ""gstPercentage"": 18, ""membershipData"": {""amount"": 0, ""isMembershipFee"": true}, ""priceBreakdown"": {""basePrice"": 15588, ""gstAmount"": 1864, ""couponCode"": ""TOYJOY40"", ""finalPrice"": 12215, ""couponPercent"": 40, ""proRataCredit"": null, ""couponDiscount"": 6236, ""membershipFees"": 0, ""securityDeposit"": 0, ""damageWaiverFees"": 999}, ""isRecurringInit"": false, ""paymentProvider"": ""RAZOR_PAY"", ""userTrialApplied"": false, ""securityDepositData"": {""securityDepositApplied"": false}, ""isTrialPeriodExpired"": true, ""merchantTransactionId"": ""order_TgXHKqWwsLZ95v"", ""userDamageWaiverFeesApplied"": true}",,,,,,{},[],"{""couponId"": ""a1195a23-b2a0-4864-81b0-f2062f1e7f90"", ""couponAppliedStatus"": ""PENDING"", ""isCouponAppliedOnSubscriptionRenew"": false}"
f2ebe8d8-b817-42d9-9cac-54d6e191eba0,99f2a164-08aa-4b91-933a-7f9ce8088d4a,,15588.0,2026-09-27T06:08:29Z,2027-09-27T06:08:29Z,0,order_TgU7ujjMgS0AaC,26a25589-5532-4f28-b820-1b6c7894c4fd,ACTIVE,,emi,,"{""discount"": ""25%"", ""isNewPlan"": false, ""trialDays"": 30, ""toyProgram"": ""-"", ""planSavings"": 3597, ""planVersion"": ""v2"", ""trialAmount"": 999, ""trialApplied"": false, ""memberShipFees"": 0, ""bonusDeliveries"": 0, ""deliveryCharges"": 100, ""sameDayDelivery"": true, ""damageWaiverFees"": 999, ""maxBigToyAllowed"": 1, ""refundableDeposit"": 0, ""moneyBackGuarantee"": 30, ""effectiveCostPerMonth"": 1299, ""membershipFeesApplied"": false, ""securityDepositApplied"": false, ""totalKeepCountPerMonth"": 3, ""damageWaiverFeesApplied"": true, ""isUnlimitedFreeDelivery"": true, ""maxToyHoldingValueAllowed"": 120000, ""totalFreeDeliveryPerMonth"": 0, ""actualChargesForMemberShipFees"": 0, ""actualChargesForSecurityDeposit"": 0, ""actualChargesForDamageWaiverFees"": 999}",ONE_TIME,2026-09-26T01:31:32.359Z,2026-09-27T06:08:29.192Z,c6399045-ae57-4a97-b6d4-69dd768bd1d1,"{""deviceType"": ""MOBILE"", ""gstApplied"": true, ""promoCodeId"": ""payment_provider_05af293eb83f6034ab6f3fcf8a2d0816"", ""paymentNotes"": {""userId"": ""99f2a164-08aa-4b91-933a-7f9ce8088d4a"", ""subscriptionType"": ""ONE_TIME"", ""subscriptionPlanId"": ""26a25589-5532-4f28-b820-1b6c7894c4fd""}, ""gstPercentage"": 18, ""membershipData"": {""amount"": 0, ""isMembershipFee"": true}, ""priceBreakdown"": {""basePrice"": 15588, ""gstAmount"": 2986, ""couponCode"": ""GANESHA"", ""finalPrice"": 13573, ""couponPercent"": null, ""proRataCredit"": null, ""couponDiscount"": 6000, ""membershipFees"": 0, ""securityDeposit"": 0, ""damageWaiverFees"": 999}, ""isRecurringInit"": false, ""paymentProvider"": ""RAZOR_PAY"", ""userTrialApplied"": false, ""securityDepositData"": {""securityDepositApplied"": false}, ""isTrialPeriodExpired"": true, ""merchantTransactionId"": ""order_TgU7ujjMgS0AaC"", ""userDamageWaiverFeesApplied"": true}",,,,,,{},[],"{""couponId"": ""c6399045-ae57-4a97-b6d4-69dd768bd1d1"", ""couponAppliedStatus"": ""PENDING"", ""isCouponAppliedOnSubscriptionRenew"": false}"
8bec7c01-97b5-4b19-be03-f26c550f3794,4280c2b2-7538-41da-95e9-8312d56cf39d,,15588.0,2026-09-27T06:38:47Z,2027-09-27T06:38:47Z,0,order_Tgg0RlN1kckIJp,26a25589-5532-4f28-b820-1b6c7894c4fd,ACTIVE,,cardless_emi,,"{""discount"": ""25%"", ""isNewPlan"": false, ""trialDays"": 30, ""toyProgram"": ""-"", ""planSavings"": 3597, ""planVersion"": ""v2"", ""trialAmount"": 999, ""trialApplied"": false, ""memberShipFees"": 0, ""bonusDeliveries"": 0, ""deliveryCharges"": 100, ""sameDayDelivery"": true, ""damageWaiverFees"": 999, ""maxBigToyAllowed"": 1, ""refundableDeposit"": 0, ""moneyBackGuarantee"": 30, ""effectiveCostPerMonth"": 1299, ""membershipFeesApplied"": false, ""securityDepositApplied"": false, ""totalKeepCountPerMonth"": 3, ""damageWaiverFeesApplied"": true, ""isUnlimitedFreeDelivery"": true, ""maxToyHoldingValueAllowed"": 120000, ""totalFreeDeliveryPerMonth"": 0, ""actualChargesForMemberShipFees"": 0, ""actualChargesForSecurityDeposit"": 0, ""actualChargesForDamageWaiverFees"": 999}",ONE_TIME,2026-09-26T13:08:47.567Z,2026-09-27T06:38:47.123Z,01e44bd5-f585-4ce5-a6a7-a6dd40de2334,"{""deviceType"": ""MOBILE"", ""gstApplied"": true, ""promoCodeId"": ""payment_provider_ff77eacfd6873255307a24ce752aacdb"", ""paymentNotes"": {""userId"": ""4280c2b2-7538-41da-95e9-8312d56cf39d"", ""subscriptionType"": ""ONE_TIME"", ""subscriptionPlanId"": ""26a25589-5532-4f28-b820-1b6c7894c4fd""}, ""gstPercentage"": 18, ""membershipData"": {""amount"": 0, ""isMembershipFee"": true}, ""priceBreakdown"": {""basePrice"": 15588, ""gstAmount"": 2986, ""couponCode"": ""FLAT12K"", ""finalPrice"": 12000, ""couponPercent"": null, ""proRataCredit"": null, ""couponDiscount"": 7573, ""membershipFees"": 0, ""securityDeposit"": 0, ""damageWaiverFees"": 999}, ""isRecurringInit"": false, ""paymentProvider"": ""RAZOR_PAY"", ""userTrialApplied"": false, ""securityDepositData"": {""securityDepositApplied"": false}, ""isTrialPeriodExpired"": true, ""merchantTransactionId"": ""order_Tgg0RlN1kckIJp"", ""userDamageWaiverFeesApplied"": true}",,,,,,{},[],"{""couponId"": ""01e44bd5-f585-4ce5-a6a7-a6dd40de2334"", ""couponAppliedStatus"": ""PENDING"", ""isCouponAppliedOnSubscriptionRenew"": false}"
96ca3463-f77d-46f7-bc4c-2540fa579a1a,6a14dbe9-1563-42ce-b0d1-b82eeb92a219,,5997.0,2026-09-27T06:52:34Z,2026-12-27T06:52:34Z,0,order_Tgy7kG6HckpD6f,03e58770-76d5-4434-9934-ea1d64e4096f,ACTIVE,,upi,,"{""discount"": ""25%"", ""isNewPlan"": false, ""trialDays"": 30, ""toyProgram"": ""-"", ""planSavings"": 3597, ""planVersion"": ""v2"", ""trialAmount"": 99, ""trialApplied"": false, ""memberShipFees"": 0, ""bonusDeliveries"": 0, ""deliveryCharges"": 100, ""sameDayDelivery"": true, ""damageWaiverFees"": 999, ""maxBigToyAllowed"": 1, ""refundableDeposit"": 0, ""moneyBackGuarantee"": 30, ""effectiveCostPerMonth"": 1999, ""membershipFeesApplied"": false, ""securityDepositApplied"": false, ""totalKeepCountPerMonth"": 3, ""damageWaiverFeesApplied"": true, ""isUnlimitedFreeDelivery"": false, ""maxToyHoldingValueAllowed"": 35000, ""totalFreeDeliveryPerMonth"": 12, ""actualChargesForMemberShipFees"": 0, ""actualChargesForSecurityDeposit"": 0, ""actualChargesForDamageWaiverFees"": 999}",ONE_TIME,2026-09-27T06:52:11.171Z,2026-09-27T06:52:34.341Z,c28b3b76-4294-4afa-b5d8-290e17cb5c1e,"{""deviceType"": ""MOBILE"", ""gstApplied"": true, ""promoCodeId"": ""payment_provider_4e8e8a3c3b9353b77a614ad70ffc2bae"", ""paymentNotes"": {""userId"": ""6a14dbe9-1563-42ce-b0d1-b82eeb92a219"", ""subscriptionType"": ""ONE_TIME"", ""subscriptionPlanId"": ""03e58770-76d5-4434-9934-ea1d64e4096f""}, ""gstPercentage"": 18, ""membershipData"": {""amount"": 0, ""isMembershipFee"": true}, ""priceBreakdown"": {""basePrice"": 5997, ""gstAmount"": 1260, ""couponCode"": ""FLAT4500KAK"", ""finalPrice"": 4500, ""couponPercent"": null, ""proRataCredit"": null, ""couponDiscount"": 3756, ""membershipFees"": 0, ""securityDeposit"": 0, ""damageWaiverFees"": 999}, ""isRecurringInit"": false, ""paymentProvider"": ""RAZOR_PAY"", ""userTrialApplied"": false, ""securityDepositData"": {""securityDepositApplied"": false}, ""isTrialPeriodExpired"": true, ""merchantTransactionId"": ""order_Tgy7kG6HckpD6f"", ""userDamageWaiverFeesApplied"": true}",,,,,,{},[],"{""couponId"": ""c28b3b76-4294-4afa-b5d8-290e17cb5c1e"", ""couponAppliedStatus"": ""PENDING"", ""isCouponAppliedOnSubscriptionRenew"": false}"
25d2d197-a12d-4059-960e-2fd4a4d4bb34,fe9d813b-81ec-44a0-bb2a-b4222460440a,pay_TgvI47KHmFP3T0,7188.0,2026-09-27T07:46:40Z,2027-09-27T07:46:40Z,0,assigned_435568ced33f30690afbe2814f81ee0a,55374b75-5e96-4a3e-9c28-d984967a554d,ACTIVE,,other,,"{""discount"": ""25%"", ""isNewPlan"": false, ""pricePaid"": 2000, ""trialDays"": 0, ""toyProgram"": ""-"", ""planSavings"": 3597, ""planVersion"": ""v2"", ""trialAmount"": 99, ""trialApplied"": false, ""memberShipFees"": 0, ""bonusDeliveries"": 0, ""deliveryCharges"": 100, ""sameDayDelivery"": false, ""damageWaiverFees"": 999, ""maxBigToyAllowed"": 0, ""refundableDeposit"": 0, ""memberShipFeesPaid"": 0, ""moneyBackGuarantee"": 14, ""effectiveCostPerMonth"": 599, ""membershipFeesApplied"": false, ""refundableDepositPaid"": 0, ""planPriceDiscountAdmin"": 0, ""securityDepositApplied"": false, ""totalKeepCountPerMonth"": 2, ""damageWaiverFeesApplied"": true, ""isUnlimitedFreeDelivery"": false, ""membershipDiscountAdmin"": 0, ""maxToyHoldingValueAllowed"": 35000, ""totalFreeDeliveryPerMonth"": 12, ""actualChargesForMemberShipFees"": 0, ""refundableDepositDiscountAdmin"": 0, ""actualChargesForSecurityDeposit"": 0, ""actualChargesForDamageWaiverFees"": 999}",ASSIGNED,2026-09-27T07:46:40.955Z,2026-09-27T07:49:45.176Z,,"{""note"": ""Assigned from Google Sheet"", ""amount"": 0, ""gstApplied"": true, ""paymentDate"": ""2026-09-27T13:16:40+05:30"", ""gstPercentage"": 18, ""membershipData"": {""amount"": 0, ""isMembershipFee"": true}, ""priceBreakdown"": {""basePrice"": 7188, ""gstAmount"": 1474, ""couponCode"": null, ""finalPrice"": 9661, ""couponPercent"": null, ""proRataCredit"": 0, ""couponDiscount"": 0, ""membershipFees"": 0, ""securityDeposit"": 0, ""damageWaiverFees"": 999}, ""userTrialApplied"": false, ""isTrialPeriodExpired"": true, ""userDamageWaiverFeesApplied"": true}",,,,,,{},[],{}
76c80915-6099-4e87-8019-677b0e7896d8,c629799c-51f9-4265-80d1-8dcf6b39b742,,15588.0,2026-09-27T07:35:32Z,2027-09-27T07:35:32Z,0,order_TgypxLFJ5FgGj5,26a25589-5532-4f28-b820-1b6c7894c4fd,ACTIVE,,upi,,"{""discount"": ""25%"", ""isNewPlan"": false, ""trialDays"": 30, ""toyProgram"": ""-"", ""planSavings"": 3597, ""planVersion"": ""v2"", ""trialAmount"": 999, ""trialApplied"": false, ""memberShipFees"": 0, ""bonusDeliveries"": 0, ""deliveryCharges"": 100, ""sameDayDelivery"": true, ""damageWaiverFees"": 999, ""maxBigToyAllowed"": 1, ""refundableDeposit"": 0, ""moneyBackGuarantee"": 30, ""effectiveCostPerMonth"": 1299, ""membershipFeesApplied"": false, ""securityDepositApplied"": false, ""totalKeepCountPerMonth"": 3, ""damageWaiverFeesApplied"": true, ""isUnlimitedFreeDelivery"": true, ""maxToyHoldingValueAllowed"": 120000, ""totalFreeDeliveryPerMonth"": 0, ""actualChargesForMemberShipFees"": 0, ""actualChargesForSecurityDeposit"": 0, ""actualChargesForDamageWaiverFees"": 999}",ONE_TIME,2026-09-27T07:34:02.378Z,2026-09-27T07:35:32.691Z,ceb8e263-b939-45c4-91e5-429e57c0c65f,"{""deviceType"": ""MOBILE"", ""gstApplied"": true, ""promoCodeId"": ""payment_provider_0205f5e0cc86d5ccc0a6b301e471fb26"", ""paymentNotes"": {""userId"": ""c629799c-51f9-4265-80d1-8dcf6b39b742"", ""subscriptionType"": ""ONE_TIME"", ""subscriptionPlanId"": ""26a25589-5532-4f28-b820-1b6c7894c4fd""}, ""gstPercentage"": 18, ""membershipData"": {""amount"": 0, ""isMembershipFee"": true}, ""priceBreakdown"": {""basePrice"": 15588, ""gstAmount"": 1583, ""couponCode"": ""AL502026"", ""finalPrice"": 10376, ""couponPercent"": 50, ""proRataCredit"": null, ""couponDiscount"": 7794, ""membershipFees"": 0, ""securityDeposit"": 0, ""damageWaiverFees"": 999}, ""isRecurringInit"": false, ""paymentProvider"": ""RAZOR_PAY"", ""userTrialApplied"": false, ""securityDepositData"": {""securityDepositApplied"": false}, ""isTrialPeriodExpired"": true, ""merchantTransactionId"": ""order_TgypxLFJ5FgGj5"", ""userDamageWaiverFeesApplied"": true}",,,,,,{},[],"{""couponId"": ""ceb8e263-b939-45c4-91e5-429e57c0c65f"", ""couponAppliedStatus"": ""PENDING"", ""isCouponAppliedOnSubscriptionRenew"": false}"
f038914b-5bc0-44b0-909b-1ea29aa6e39b,d71089c9-c87f-420a-b578-0a41a9f66fd8,pay_Tgv6KtBxOgI0Uz,7188.0,2026-09-27T07:54:35Z,2027-09-27T07:54:35Z,0,assigned_88c55c976d69b5bf4c1739c6616e7fb2,55374b75-5e96-4a3e-9c28-d984967a554d,ACTIVE,,other,,"{""discount"": ""25%"", ""isNewPlan"": false, ""pricePaid"": 2360, ""trialDays"": 0, ""toyProgram"": ""-"", ""planSavings"": 3597, ""planVersion"": ""v2"", ""trialAmount"": 99, ""trialApplied"": false, ""memberShipFees"": 0, ""bonusDeliveries"": 0, ""deliveryCharges"": 100, ""sameDayDelivery"": false, ""damageWaiverFees"": 999, ""maxBigToyAllowed"": 0, ""refundableDeposit"": 0, ""memberShipFeesPaid"": 0, ""moneyBackGuarantee"": 14, ""effectiveCostPerMonth"": 599, ""membershipFeesApplied"": false, ""refundableDepositPaid"": 0, ""planPriceDiscountAdmin"": 0, ""securityDepositApplied"": false, ""totalKeepCountPerMonth"": 2, ""damageWaiverFeesApplied"": true, ""isUnlimitedFreeDelivery"": false, ""membershipDiscountAdmin"": 0, ""maxToyHoldingValueAllowed"": 35000, ""totalFreeDeliveryPerMonth"": 12, ""actualChargesForMemberShipFees"": 0, ""refundableDepositDiscountAdmin"": 0, ""actualChargesForSecurityDeposit"": 0, ""actualChargesForDamageWaiverFees"": 999}",ASSIGNED,2026-09-27T07:54:35.492Z,2026-09-27T07:56:29.019Z,,"{""note"": ""Assigned from Google Sheet"", ""amount"": 0, ""gstApplied"": true, ""paymentDate"": ""2026-09-27T13:24:35+05:30"", ""gstPercentage"": 18, ""membershipData"": {""amount"": 0, ""isMembershipFee"": true}, ""priceBreakdown"": {""basePrice"": 7188, ""gstAmount"": 1474, ""couponCode"": null, ""finalPrice"": 9661, ""couponPercent"": null, ""proRataCredit"": 0, ""couponDiscount"": 0, ""membershipFees"": 0, ""securityDeposit"": 0, ""damageWaiverFees"": 999}, ""userTrialApplied"": false, ""isTrialPeriodExpired"": true, ""userDamageWaiverFeesApplied"": true}",,,,,,{},[],{}
e5db8d8b-2308-410b-8c4a-075b6fabdf27,3d82e80b-c2dd-4ae3-a289-8c3ed5bbae31,,15588.0,2026-09-27T09:12:09Z,2027-09-27T09:12:09Z,0,order_TgXD0o5MKjbUHP,26a25589-5532-4f28-b820-1b6c7894c4fd,ACTIVE,,card,,"{""discount"": ""25%"", ""isNewPlan"": false, ""trialDays"": 30, ""toyProgram"": ""-"", ""planSavings"": 3597, ""planVersion"": ""v2"", ""trialAmount"": 999, ""trialApplied"": false, ""memberShipFees"": 0, ""bonusDeliveries"": 0, ""deliveryCharges"": 100, ""sameDayDelivery"": true, ""damageWaiverFees"": 999, ""maxBigToyAllowed"": 1, ""refundableDeposit"": 0, ""moneyBackGuarantee"": 30, ""effectiveCostPerMonth"": 1299, ""membershipFeesApplied"": false, ""securityDepositApplied"": false, ""totalKeepCountPerMonth"": 3, ""damageWaiverFeesApplied"": true, ""isUnlimitedFreeDelivery"": true, ""maxToyHoldingValueAllowed"": 120000, ""totalFreeDeliveryPerMonth"": 0, ""actualChargesForMemberShipFees"": 0, ""actualChargesForSecurityDeposit"": 0, ""actualChargesForDamageWaiverFees"": 999}",ONE_TIME,2026-09-26T04:32:26.764Z,2026-09-27T09:12:09.98Z,c6399045-ae57-4a97-b6d4-69dd768bd1d1,"{""deviceType"": ""MOBILE"", ""gstApplied"": true, ""promoCodeId"": ""payment_provider_05af293eb83f6034ab6f3fcf8a2d0816"", ""paymentNotes"": {""userId"": ""3d82e80b-c2dd-4ae3-a289-8c3ed5bbae31"", ""subscriptionType"": ""ONE_TIME"", ""subscriptionPlanId"": ""26a25589-5532-4f28-b820-1b6c7894c4fd""}, ""gstPercentage"": 18, ""membershipData"": {""amount"": 0, ""isMembershipFee"": true}, ""priceBreakdown"": {""basePrice"": 15588, ""gstAmount"": 2986, ""couponCode"": ""GANESHA"", ""finalPrice"": 13573, ""couponPercent"": null, ""proRataCredit"": null, ""couponDiscount"": 6000, ""membershipFees"": 0, ""securityDeposit"": 0, ""damageWaiverFees"": 999}, ""isRecurringInit"": false, ""paymentProvider"": ""RAZOR_PAY"", ""userTrialApplied"": false, ""securityDepositData"": {""securityDepositApplied"": false}, ""isTrialPeriodExpired"": true, ""merchantTransactionId"": ""order_TgXD0o5MKjbUHP"", ""userDamageWaiverFeesApplied"": true}",,,,,,{},[],"{""couponId"": ""c6399045-ae57-4a97-b6d4-69dd768bd1d1"", ""couponAppliedStatus"": ""PENDING"", ""isCouponAppliedOnSubscriptionRenew"": false}"
f2b4f788-a0df-4607-a959-f83ff7eeabec,4d642776-fc4e-4df1-8f8a-b4a6ae3c4bf6,pay_TguPaXo6Sm3rVE,7188.0,2026-09-27T07:57:58Z,2027-09-27T07:57:58Z,0,assigned_5f9161f10b58e2c43ae027dbb8ba44a0,55374b75-5e96-4a3e-9c28-d984967a554d,ACTIVE,,other,,"{""discount"": ""25%"", ""isNewPlan"": false, ""pricePaid"": 2360, ""trialDays"": 0, ""toyProgram"": ""-"", ""planSavings"": 3597, ""planVersion"": ""v2"", ""trialAmount"": 99, ""trialApplied"": false, ""memberShipFees"": 0, ""bonusDeliveries"": 0, ""deliveryCharges"": 100, ""sameDayDelivery"": false, ""damageWaiverFees"": 999, ""maxBigToyAllowed"": 0, ""refundableDeposit"": 0, ""memberShipFeesPaid"": 0, ""moneyBackGuarantee"": 14, ""effectiveCostPerMonth"": 599, ""membershipFeesApplied"": false, ""refundableDepositPaid"": 0, ""planPriceDiscountAdmin"": 0, ""securityDepositApplied"": false, ""totalKeepCountPerMonth"": 2, ""damageWaiverFeesApplied"": true, ""isUnlimitedFreeDelivery"": false, ""membershipDiscountAdmin"": 0, ""maxToyHoldingValueAllowed"": 35000, ""totalFreeDeliveryPerMonth"": 12, ""actualChargesForMemberShipFees"": 0, ""refundableDepositDiscountAdmin"": 0, ""actualChargesForSecurityDeposit"": 0, ""actualChargesForDamageWaiverFees"": 999}",ASSIGNED,2026-09-27T07:57:58.112Z,2026-09-27T08:01:19.307Z,,"{""note"": ""Assigned from Google Sheet"", ""amount"": 0, ""gstApplied"": true, ""paymentDate"": ""2026-09-27T13:27:58+05:30"", ""gstPercentage"": 18, ""membershipData"": {""amount"": 0, ""isMembershipFee"": true}, ""priceBreakdown"": {""basePrice"": 7188, ""gstAmount"": 1474, ""couponCode"": null, ""finalPrice"": 9661, ""couponPercent"": null, ""proRataCredit"": 0, ""couponDiscount"": 0, ""membershipFees"": 0, ""securityDeposit"": 0, ""damageWaiverFees"": 999}, ""userTrialApplied"": false, ""isTrialPeriodExpired"": true, ""userDamageWaiverFeesApplied"": true}",,,,,,{},[],{}
c6480628-09cb-41ee-9ebe-1393fb58763a,f3b750a5-2dd5-4e78-9731-66c71f896fc1,,15588.0,2026-09-27T08:23:12Z,2027-09-27T08:23:12Z,0,order_TgKGXDoxZCo3d0,26a25589-5532-4f28-b820-1b6c7894c4fd,ACTIVE,,card,,"{""discount"": ""25%"", ""isNewPlan"": false, ""trialDays"": 30, ""toyProgram"": ""-"", ""planSavings"": 3597, ""planVersion"": ""v2"", ""trialAmount"": 999, ""trialApplied"": false, ""memberShipFees"": 0, ""bonusDeliveries"": 0, ""deliveryCharges"": 100, ""sameDayDelivery"": true, ""damageWaiverFees"": 999, ""maxBigToyAllowed"": 1, ""refundableDeposit"": 0, ""moneyBackGuarantee"": 30, ""effectiveCostPerMonth"": 1299, ""membershipFeesApplied"": false, ""planPriceDiscountAdmin"": -1099001, ""securityDepositApplied"": false, ""totalKeepCountPerMonth"": 3, ""damageWaiverFeesApplied"": true, ""isUnlimitedFreeDelivery"": true, ""maxToyHoldingValueAllowed"": 120000, ""totalFreeDeliveryPerMonth"": 0, ""actualChargesForMemberShipFees"": 0, ""actualChargesForSecurityDeposit"": 0, ""actualChargesForDamageWaiverFees"": 999}",ONE_TIME,2026-09-26T05:40:23.315Z,2026-09-27T08:23:12.108Z,,"{""amount"": 1100000, ""deviceType"": ""MOBILE"", ""gstApplied"": true, ""paymentNotes"": {""userId"": ""f3b750a5-2dd5-4e78-9731-66c71f896fc1"", ""paymentLinkId"": ""ff76f87b-93d3-484f-a3bd-3c044f1f139a"", ""subscriptionPlanId"": ""26a25589-5532-4f28-b820-1b6c7894c4fd""}, ""gstPercentage"": 18, ""paymentLinkId"": ""ff76f87b-93d3-484f-a3bd-3c044f1f139a"", ""membershipData"": {""amount"": 0, ""isMembershipFee"": false}, ""isRecurringInit"": false, ""paymentProvider"": ""RAZOR_PAY"", ""userTrialApplied"": false, ""securityDepositData"": {""amount"": 0, ""securityDepositApplied"": false}, ""isTrialPeriodExpired"": true, ""merchantTransactionId"": ""order_TgKGXDoxZCo3d0"", ""userDamageWaiverFeesApplied"": true}",,,,,,{},[],{}
5d762ce1-f0dc-4f3c-92af-6f67f7823867,21505a70-54b6-4347-8de9-817414b5ffd5,,15588.0,2026-09-27T09:07:28Z,2027-09-27T09:07:28Z,0,order_TggpVYcH44rqaF,26a25589-5532-4f28-b820-1b6c7894c4fd,ACTIVE,,emi,,"{""discount"": ""25%"", ""isNewPlan"": false, ""trialDays"": 30, ""toyProgram"": ""-"", ""planSavings"": 3597, ""planVersion"": ""v2"", ""trialAmount"": 999, ""trialApplied"": false, ""memberShipFees"": 0, ""bonusDeliveries"": 0, ""deliveryCharges"": 100, ""sameDayDelivery"": true, ""damageWaiverFees"": 999, ""maxBigToyAllowed"": 1, ""refundableDeposit"": 0, ""moneyBackGuarantee"": 30, ""effectiveCostPerMonth"": 1299, ""membershipFeesApplied"": false, ""securityDepositApplied"": false, ""totalKeepCountPerMonth"": 3, ""damageWaiverFeesApplied"": true, ""isUnlimitedFreeDelivery"": true, ""maxToyHoldingValueAllowed"": 120000, ""totalFreeDeliveryPerMonth"": 0, ""actualChargesForMemberShipFees"": 0, ""actualChargesForSecurityDeposit"": 0, ""actualChargesForDamageWaiverFees"": 999}",ONE_TIME,2026-09-26T13:57:07.859Z,2026-09-27T09:07:29.018Z,4f267a61-b236-4cae-9056-84c7761efeb6,"{""deviceType"": ""MOBILE"", ""gstApplied"": true, ""promoCodeId"": ""payment_provider_03519e3c3491068f82b440bd564c6d42"", ""paymentNotes"": {""userId"": ""21505a70-54b6-4347-8de9-817414b5ffd5"", ""subscriptionType"": ""ONE_TIME"", ""subscriptionPlanId"": ""26a25589-5532-4f28-b820-1b6c7894c4fd""}, ""gstPercentage"": 18, ""membershipData"": {""amount"": 0, ""isMembershipFee"": true}, ""priceBreakdown"": {""basePrice"": 15588, ""gstAmount"": 2986, ""couponCode"": ""TOYJOY"", ""finalPrice"": 13573, ""couponPercent"": null, ""proRataCredit"": null, ""couponDiscount"": 6000, ""membershipFees"": 0, ""securityDeposit"": 0, ""damageWaiverFees"": 999}, ""isRecurringInit"": false, ""paymentProvider"": ""RAZOR_PAY"", ""userTrialApplied"": false, ""securityDepositData"": {""securityDepositApplied"": false}, ""isTrialPeriodExpired"": true, ""merchantTransactionId"": ""order_TggpVYcH44rqaF"", ""userDamageWaiverFeesApplied"": true}",,,,,,{},[],"{""couponId"": ""4f267a61-b236-4cae-9056-84c7761efeb6"", ""couponAppliedStatus"": ""PENDING"", ""isCouponAppliedOnSubscriptionRenew"": false}"
e3c80417-4136-4725-b2ae-0e6c5b615cb5,29ae188b-5928-4c64-b4a9-56ac1dbc9510,,15588.0,2026-09-27T11:58:35Z,2027-09-27T11:58:35Z,0,order_TgjJrY7JFhrcCB,26a25589-5532-4f28-b820-1b6c7894c4fd,ACTIVE,,cardless_emi,,"{""discount"": ""25%"", ""isNewPlan"": false, ""trialDays"": 30, ""toyProgram"": ""-"", ""planSavings"": 3597, ""planVersion"": ""v2"", ""trialAmount"": 999, ""trialApplied"": false, ""memberShipFees"": 0, ""bonusDeliveries"": 0, ""deliveryCharges"": 100, ""sameDayDelivery"": true, ""damageWaiverFees"": 999, ""maxBigToyAllowed"": 1, ""refundableDeposit"": 0, ""moneyBackGuarantee"": 30, ""effectiveCostPerMonth"": 1299, ""membershipFeesApplied"": false, ""securityDepositApplied"": false, ""totalKeepCountPerMonth"": 3, ""damageWaiverFeesApplied"": true, ""isUnlimitedFreeDelivery"": true, ""maxToyHoldingValueAllowed"": 120000, ""totalFreeDeliveryPerMonth"": 0, ""actualChargesForMemberShipFees"": 0, ""actualChargesForSecurityDeposit"": 0, ""actualChargesForDamageWaiverFees"": 999}",ONE_TIME,2026-09-26T16:23:15.249Z,2026-09-27T11:58:35.482Z,b48b437b-d6a6-4408-8933-652333ba893f,"{""deviceType"": ""MOBILE"", ""gstApplied"": true, ""promoCodeId"": ""payment_provider_09cdd57ffd526050fda398b8145fb5d2"", ""paymentNotes"": {""userId"": ""29ae188b-5928-4c64-b4a9-56ac1dbc9510"", ""subscriptionType"": ""ONE_TIME"", ""subscriptionPlanId"": ""26a25589-5532-4f28-b820-1b6c7894c4fd""}, ""gstPercentage"": 18, ""membershipData"": {""amount"": 0, ""isMembershipFee"": true}, ""priceBreakdown"": {""basePrice"": 15588, ""gstAmount"": 2986, ""couponCode"": ""AKFLAT11K"", ""finalPrice"": 11000, ""couponPercent"": null, ""proRataCredit"": null, ""couponDiscount"": 8573, ""membershipFees"": 0, ""securityDeposit"": 0, ""damageWaiverFees"": 999}, ""isRecurringInit"": false, ""paymentProvider"": ""RAZOR_PAY"", ""userTrialApplied"": false, ""securityDepositData"": {""securityDepositApplied"": false}, ""isTrialPeriodExpired"": true, ""merchantTransactionId"": ""order_TgjJrY7JFhrcCB"", ""userDamageWaiverFeesApplied"": true}",,,,,,{},[],"{""couponId"": ""b48b437b-d6a6-4408-8933-652333ba893f"", ""couponAppliedStatus"": ""PENDING"", ""isCouponAppliedOnSubscriptionRenew"": false}"
6ea5cd46-6972-4765-9060-767120a2645d,c2ab6daf-5d22-4080-9179-5d1d936a8438,130320185358,15588.0,2026-09-30T05:07:21Z,2027-09-30T05:07:21Z,0,assigned_5b9120b740aa86156b2c0875d0984b79,26a25589-5532-4f28-b820-1b6c7894c4fd,ACTIVE,,upi,,"{""discount"": ""25%"", ""isNewPlan"": false, ""pricePaid"": 9787, ""trialDays"": 30, ""toyProgram"": ""-"", ""planSavings"": 3597, ""planVersion"": ""v2"", ""trialAmount"": 999, ""trialApplied"": false, ""memberShipFees"": 0, ""bonusDeliveries"": 0, ""deliveryCharges"": 100, ""sameDayDelivery"": true, ""damageWaiverFees"": 999, ""maxBigToyAllowed"": 1, ""refundableDeposit"": 0, ""memberShipFeesPaid"": 0, ""moneyBackGuarantee"": 30, ""effectiveCostPerMonth"": 1299, ""membershipFeesApplied"": false, ""refundableDepositPaid"": 0, ""planPriceDiscountAdmin"": 0, ""securityDepositApplied"": false, ""totalKeepCountPerMonth"": 3, ""damageWaiverFeesApplied"": true, ""isUnlimitedFreeDelivery"": true, ""membershipDiscountAdmin"": 0, ""maxToyHoldingValueAllowed"": 120000, ""totalFreeDeliveryPerMonth"": 0, ""actualChargesForMemberShipFees"": 0, ""refundableDepositDiscountAdmin"": 0, ""actualChargesForSecurityDeposit"": 0, ""actualChargesForDamageWaiverFees"": 999}",ASSIGNED,2026-09-27T12:02:41.696Z,2026-09-30T05:07:21.416Z,,"{""note"": ""Assigned from Google Sheet"", ""amount"": 0, ""gstApplied"": true, ""paymentDate"": ""2026-09-27T17:32:41+05:30"", ""gstPercentage"": 18, ""membershipData"": {""amount"": 0, ""isMembershipFee"": true}, ""priceBreakdown"": {""basePrice"": 15588, ""gstAmount"": 2986, ""couponCode"": null, ""finalPrice"": 19573, ""couponPercent"": null, ""proRataCredit"": 0, ""couponDiscount"": 0, ""membershipFees"": 0, ""securityDeposit"": 0, ""damageWaiverFees"": 999}, ""userTrialApplied"": false, ""isTrialPeriodExpired"": true, ""userDamageWaiverFeesApplied"": true}",,,,,,{},[],{}
989feeb4-6084-4c5e-9147-f0f2e4d7ebba,3bebdce8-3d6e-4882-8162-eff7591fb128,T2609271814455619813758,15588.0,2026-09-27T12:56:02Z,2027-09-27T12:56:02Z,0,assigned_229b97a1c2ab88291b413c366de54af9,26a25589-5532-4f28-b820-1b6c7894c4fd,ACTIVE,,upi,,"{""discount"": ""25%"", ""isNewPlan"": false, ""pricePaid"": 11000, ""trialDays"": 30, ""toyProgram"": ""-"", ""planSavings"": 3597, ""planVersion"": ""v2"", ""trialAmount"": 999, ""trialApplied"": false, ""memberShipFees"": 0, ""bonusDeliveries"": 0, ""deliveryCharges"": 100, ""sameDayDelivery"": true, ""damageWaiverFees"": 999, ""maxBigToyAllowed"": 1, ""refundableDeposit"": 0, ""memberShipFeesPaid"": 0, ""moneyBackGuarantee"": 30, ""effectiveCostPerMonth"": 1299, ""membershipFeesApplied"": false, ""refundableDepositPaid"": 0, ""planPriceDiscountAdmin"": 0, ""securityDepositApplied"": false, ""totalKeepCountPerMonth"": 3, ""damageWaiverFeesApplied"": true, ""isUnlimitedFreeDelivery"": true, ""membershipDiscountAdmin"": 0, ""maxToyHoldingValueAllowed"": 120000, ""totalFreeDeliveryPerMonth"": 0, ""actualChargesForMemberShipFees"": 0, ""refundableDepositDiscountAdmin"": 0, ""actualChargesForSecurityDeposit"": 0, ""actualChargesForDamageWaiverFees"": 999}",ASSIGNED,2026-09-27T12:56:02.239Z,2026-09-27T12:56:02.239Z,,"{""note"": ""Assigned from Google Sheet"", ""amount"": 0, ""gstApplied"": true, ""paymentDate"": ""2026-09-27T18:26:02+05:30"", ""gstPercentage"": 18, ""membershipData"": {""amount"": 0, ""isMembershipFee"": true}, ""priceBreakdown"": {""basePrice"": 15588, ""gstAmount"": 2986, ""couponCode"": null, ""finalPrice"": 19573, ""couponPercent"": null, ""proRataCredit"": 0, ""couponDiscount"": 0, ""membershipFees"": 0, ""securityDeposit"": 0, ""damageWaiverFees"": 999}, ""userTrialApplied"": false, ""isTrialPeriodExpired"": true, ""userDamageWaiverFeesApplied"": true}",,,,,,{},[],{}
a85fd4c1-193f-4a73-8ee2-96b01910cf3b,37ed510c-b543-4118-88cc-0e92e987deda,,15588.0,2026-09-27T15:45:20Z,2027-09-27T15:45:20Z,0,order_Tgl3EpFYN4uoth,26a25589-5532-4f28-b820-1b6c7894c4fd,ACTIVE,,upi,,"{""discount"": ""25%"", ""isNewPlan"": false, ""trialDays"": 30, ""toyProgram"": ""-"", ""planSavings"": 3597, ""planVersion"": ""v2"", ""trialAmount"": 999, ""trialApplied"": false, ""memberShipFees"": 0, ""bonusDeliveries"": 0, ""deliveryCharges"": 100, ""sameDayDelivery"": true, ""damageWaiverFees"": 999, ""maxBigToyAllowed"": 1, ""refundableDeposit"": 0, ""moneyBackGuarantee"": 30, ""effectiveCostPerMonth"": 1299, ""membershipFeesApplied"": false, ""securityDepositApplied"": false, ""totalKeepCountPerMonth"": 3, ""damageWaiverFeesApplied"": true, ""isUnlimitedFreeDelivery"": true, ""maxToyHoldingValueAllowed"": 120000, ""totalFreeDeliveryPerMonth"": 0, ""actualChargesForMemberShipFees"": 0, ""actualChargesForSecurityDeposit"": 0, ""actualChargesForDamageWaiverFees"": 999}",ONE_TIME,2026-09-26T18:04:54.195Z,2026-09-27T15:45:20.389Z,c6399045-ae57-4a97-b6d4-69dd768bd1d1,"{""deviceType"": ""MOBILE"", ""gstApplied"": true, ""promoCodeId"": ""payment_provider_05af293eb83f6034ab6f3fcf8a2d0816"", ""paymentNotes"": {""userId"": ""37ed510c-b543-4118-88cc-0e92e987deda"", ""subscriptionType"": ""ONE_TIME"", ""subscriptionPlanId"": ""26a25589-5532-4f28-b820-1b6c7894c4fd""}, ""gstPercentage"": 18, ""membershipData"": {""amount"": 0, ""isMembershipFee"": true}, ""priceBreakdown"": {""basePrice"": 15588, ""gstAmount"": 2986, ""couponCode"": ""GANESHA"", ""finalPrice"": 13573, ""couponPercent"": null, ""proRataCredit"": null, ""couponDiscount"": 6000, ""membershipFees"": 0, ""securityDeposit"": 0, ""damageWaiverFees"": 999}, ""isRecurringInit"": false, ""paymentProvider"": ""RAZOR_PAY"", ""userTrialApplied"": false, ""securityDepositData"": {""securityDepositApplied"": false}, ""isTrialPeriodExpired"": true, ""merchantTransactionId"": ""order_Tgl3EpFYN4uoth"", ""userDamageWaiverFeesApplied"": true}",,,,,,{},[],"{""couponId"": ""c6399045-ae57-4a97-b6d4-69dd768bd1d1"", ""couponAppliedStatus"": ""PENDING"", ""isCouponAppliedOnSubscriptionRenew"": false}"
b361b9aa-088a-4351-b6c0-18f024928acf,3486d371-08dc-4cad-8701-7300365edf91,Pay_Tf7uAHtPXsF21o,15588.0,2026-09-28T03:35:50Z,2027-09-28T03:35:50Z,0,assigned_8ff1c16f34b401e7f3bad6dc44d37da3,26a25589-5532-4f28-b820-1b6c7894c4fd,ACTIVE,,card,,"{""discount"": ""25%"", ""isNewPlan"": false, ""pricePaid"": 11000, ""trialDays"": 30, ""toyProgram"": ""-"", ""planSavings"": 3597, ""planVersion"": ""v2"", ""trialAmount"": 999, ""trialApplied"": false, ""memberShipFees"": 0, ""bonusDeliveries"": 0, ""deliveryCharges"": 100, ""sameDayDelivery"": true, ""damageWaiverFees"": 999, ""maxBigToyAllowed"": 1, ""refundableDeposit"": 0, ""memberShipFeesPaid"": 0, ""moneyBackGuarantee"": 30, ""effectiveCostPerMonth"": 1299, ""membershipFeesApplied"": false, ""refundableDepositPaid"": 0, ""planPriceDiscountAdmin"": 0, ""securityDepositApplied"": false, ""totalKeepCountPerMonth"": 3, ""damageWaiverFeesApplied"": true, ""isUnlimitedFreeDelivery"": true, ""membershipDiscountAdmin"": 0, ""maxToyHoldingValueAllowed"": 120000, ""totalFreeDeliveryPerMonth"": 0, ""actualChargesForMemberShipFees"": 0, ""refundableDepositDiscountAdmin"": 0, ""actualChargesForSecurityDeposit"": 0, ""actualChargesForDamageWaiverFees"": 999}",ASSIGNED,2026-09-26T05:43:12.011Z,2026-09-28T03:35:50.813Z,,"{""note"": ""Assigned from Google Sheet"", ""amount"": 0, ""gstApplied"": true, ""paymentDate"": ""2026-09-26T11:13:11+05:30"", ""gstPercentage"": 18, ""membershipData"": {""amount"": 0, ""isMembershipFee"": true}, ""priceBreakdown"": {""basePrice"": 15588, ""gstAmount"": 2986, ""couponCode"": null, ""finalPrice"": 19573, ""couponPercent"": null, ""proRataCredit"": 0, ""couponDiscount"": 0, ""membershipFees"": 0, ""securityDeposit"": 0, ""damageWaiverFees"": 999}, ""userTrialApplied"": false, ""isTrialPeriodExpired"": true, ""userDamageWaiverFeesApplied"": true}",,,,,,{},[],{}
636196e5-6a3d-4481-8856-44c179772bae,0500f8cc-019d-4484-aa30-c8a84d397bec,,15588.0,2026-09-28T08:07:59Z,2027-09-28T08:07:59Z,0,order_Tgf6g8HxDWvMOA,26a25589-5532-4f28-b820-1b6c7894c4fd,ACTIVE,,upi,,"{""discount"": ""25%"", ""isNewPlan"": false, ""trialDays"": 30, ""toyProgram"": ""-"", ""planSavings"": 3597, ""planVersion"": ""v2"", ""trialAmount"": 999, ""trialApplied"": false, ""memberShipFees"": 0, ""bonusDeliveries"": 0, ""deliveryCharges"": 100, ""sameDayDelivery"": true, ""damageWaiverFees"": 999, ""maxBigToyAllowed"": 1, ""refundableDeposit"": 0, ""moneyBackGuarantee"": 30, ""effectiveCostPerMonth"": 1299, ""membershipFeesApplied"": false, ""securityDepositApplied"": false, ""totalKeepCountPerMonth"": 3, ""damageWaiverFeesApplied"": true, ""isUnlimitedFreeDelivery"": true, ""maxToyHoldingValueAllowed"": 120000, ""totalFreeDeliveryPerMonth"": 0, ""actualChargesForMemberShipFees"": 0, ""actualChargesForSecurityDeposit"": 0, ""actualChargesForDamageWaiverFees"": 999}",ONE_TIME,2026-09-26T12:15:59.915Z,2026-09-28T08:07:59.422Z,c6399045-ae57-4a97-b6d4-69dd768bd1d1,"{""deviceType"": ""MOBILE"", ""gstApplied"": true, ""promoCodeId"": ""payment_provider_05af293eb83f6034ab6f3fcf8a2d0816"", ""paymentNotes"": {""userId"": ""0500f8cc-019d-4484-aa30-c8a84d397bec"", ""subscriptionType"": ""ONE_TIME"", ""subscriptionPlanId"": ""26a25589-5532-4f28-b820-1b6c7894c4fd""}, ""gstPercentage"": 18, ""membershipData"": {""amount"": 0, ""isMembershipFee"": true}, ""priceBreakdown"": {""basePrice"": 15588, ""gstAmount"": 2986, ""couponCode"": ""GANESHA"", ""finalPrice"": 13573, ""couponPercent"": null, ""proRataCredit"": null, ""couponDiscount"": 6000, ""membershipFees"": 0, ""securityDeposit"": 0, ""damageWaiverFees"": 999}, ""isRecurringInit"": false, ""paymentProvider"": ""RAZOR_PAY"", ""userTrialApplied"": false, ""securityDepositData"": {""securityDepositApplied"": false}, ""isTrialPeriodExpired"": true, ""merchantTransactionId"": ""order_Tgf6g8HxDWvMOA"", ""userDamageWaiverFeesApplied"": true}",,,,,,{},[],"{""couponId"": ""c6399045-ae57-4a97-b6d4-69dd768bd1d1"", ""couponAppliedStatus"": ""PENDING"", ""isCouponAppliedOnSubscriptionRenew"": false}"
f015e1ad-2c6e-4d49-8e70-1633a28c6a6f,f096ed66-e1a3-42d2-8c8d-2c02a00ffc6e,,15588.0,2026-09-28T05:40:52Z,2027-09-28T05:40:52Z,0,order_TgekERaeN5UyOY,26a25589-5532-4f28-b820-1b6c7894c4fd,ACTIVE,,upi,,"{""discount"": ""25%"", ""isNewPlan"": false, ""trialDays"": 30, ""toyProgram"": ""-"", ""planSavings"": 3597, ""planVersion"": ""v2"", ""trialAmount"": 999, ""trialApplied"": false, ""memberShipFees"": 0, ""bonusDeliveries"": 0, ""deliveryCharges"": 100, ""sameDayDelivery"": true, ""damageWaiverFees"": 999, ""maxBigToyAllowed"": 1, ""refundableDeposit"": 0, ""moneyBackGuarantee"": 30, ""effectiveCostPerMonth"": 1299, ""membershipFeesApplied"": false, ""securityDepositApplied"": false, ""totalKeepCountPerMonth"": 3, ""damageWaiverFeesApplied"": true, ""isUnlimitedFreeDelivery"": true, ""maxToyHoldingValueAllowed"": 120000, ""totalFreeDeliveryPerMonth"": 0, ""actualChargesForMemberShipFees"": 0, ""actualChargesForSecurityDeposit"": 0, ""actualChargesForDamageWaiverFees"": 999}",ONE_TIME,2026-09-26T11:54:44.959Z,2026-09-28T05:40:52.852Z,b48b437b-d6a6-4408-8933-652333ba893f,"{""deviceType"": ""MOBILE"", ""gstApplied"": true, ""promoCodeId"": ""payment_provider_09cdd57ffd526050fda398b8145fb5d2"", ""paymentNotes"": {""userId"": ""f096ed66-e1a3-42d2-8c8d-2c02a00ffc6e"", ""subscriptionType"": ""ONE_TIME"", ""subscriptionPlanId"": ""26a25589-5532-4f28-b820-1b6c7894c4fd""}, ""gstPercentage"": 18, ""membershipData"": {""amount"": 0, ""isMembershipFee"": true}, ""priceBreakdown"": {""basePrice"": 15588, ""gstAmount"": 2986, ""couponCode"": ""AKFLAT11K"", ""finalPrice"": 11000, ""couponPercent"": null, ""proRataCredit"": null, ""couponDiscount"": 8573, ""membershipFees"": 0, ""securityDeposit"": 0, ""damageWaiverFees"": 999}, ""isRecurringInit"": false, ""paymentProvider"": ""RAZOR_PAY"", ""userTrialApplied"": false, ""securityDepositData"": {""securityDepositApplied"": false}, ""isTrialPeriodExpired"": true, ""merchantTransactionId"": ""order_TgekERaeN5UyOY"", ""userDamageWaiverFeesApplied"": true}",,,,,,{},[],"{""couponId"": ""b48b437b-d6a6-4408-8933-652333ba893f"", ""couponAppliedStatus"": ""PENDING"", ""isCouponAppliedOnSubscriptionRenew"": false}"
317621ec-c4da-44df-ab2c-5020a27c9305,0c80854e-421d-4bd5-8066-3230d6fdc7a7,,5997.0,2026-10-01T09:11:34Z,2027-01-01T09:11:34Z,0,order_ThV6l9eUeYAsUJ,03e58770-76d5-4434-9934-ea1d64e4096f,ACTIVE,,card,,"{""discount"": ""25%"", ""isNewPlan"": false, ""trialDays"": 30, ""toyProgram"": ""-"", ""planSavings"": 3597, ""planVersion"": ""v2"", ""trialAmount"": 99, ""trialApplied"": false, ""memberShipFees"": 0, ""bonusDeliveries"": 0, ""deliveryCharges"": 100, ""sameDayDelivery"": true, ""damageWaiverFees"": 999, ""maxBigToyAllowed"": 1, ""refundableDeposit"": 0, ""moneyBackGuarantee"": 30, ""effectiveCostPerMonth"": 1999, ""membershipFeesApplied"": false, ""securityDepositApplied"": false, ""totalKeepCountPerMonth"": 3, ""damageWaiverFeesApplied"": true, ""isUnlimitedFreeDelivery"": false, ""maxToyHoldingValueAllowed"": 35000, ""totalFreeDeliveryPerMonth"": 12, ""actualChargesForMemberShipFees"": 0, ""actualChargesForSecurityDeposit"": 0, ""actualChargesForDamageWaiverFees"": 999}",ONE_TIME,2026-09-28T15:08:08.475Z,2026-10-01T09:11:34.723Z,d9f45968-fdf9-45cb-a143-9bda0499e70b,"{""deviceType"": ""MOBILE"", ""gstApplied"": true, ""promoCodeId"": ""payment_provider_222024ad0be6b711af19f169bcb51d44"", ""paymentNotes"": {""userId"": ""0c80854e-421d-4bd5-8066-3230d6fdc7a7"", ""subscriptionType"": ""ONE_TIME"", ""subscriptionPlanId"": ""03e58770-76d5-4434-9934-ea1d64e4096f""}, ""gstPercentage"": 18, ""membershipData"": {""amount"": 0, ""isMembershipFee"": true}, ""priceBreakdown"": {""basePrice"": 5997, ""gstAmount"": 1260, ""couponCode"": ""FUNDEAL"", ""finalPrice"": 5756, ""couponPercent"": null, ""proRataCredit"": null, ""couponDiscount"": 2500, ""membershipFees"": 0, ""securityDeposit"": 0, ""damageWaiverFees"": 999}, ""isRecurringInit"": false, ""paymentProvider"": ""RAZOR_PAY"", ""userTrialApplied"": false, ""securityDepositData"": {""securityDepositApplied"": false}, ""isTrialPeriodExpired"": true, ""merchantTransactionId"": ""order_ThV6l9eUeYAsUJ"", ""userDamageWaiverFeesApplied"": true}",,,,,,{},[],"{""couponId"": ""d9f45968-fdf9-45cb-a143-9bda0499e70b"", ""couponAppliedStatus"": ""PENDING"", ""isCouponAppliedOnSubscriptionRenew"": false}"
6ab881ce-7416-4674-9145-e2e47b74ceed,f1eb973a-db4a-47c1-8cb6-a8c87d105d69,,4497.0,2026-09-28T06:58:10Z,2026-12-28T06:58:10Z,0,order_ThMkXXa5QYlkjf,864b3e20-b4b5-4be5-8b5c-bcd69573b6dd,ACTIVE,,upi,,"{""discount"": ""25%"", ""isNewPlan"": false, ""trialDays"": 30, ""toyProgram"": ""-"", ""planSavings"": 3597, ""planVersion"": ""v2"", ""trialAmount"": 99, ""trialApplied"": false, ""memberShipFees"": 0, ""bonusDeliveries"": 0, ""deliveryCharges"": 100, ""sameDayDelivery"": false, ""damageWaiverFees"": 299, ""maxBigToyAllowed"": 0, ""refundableDeposit"": 0, ""moneyBackGuarantee"": 30, ""effectiveCostPerMonth"": 1499, ""membershipFeesApplied"": false, ""securityDepositApplied"": false, ""totalKeepCountPerMonth"": 3, ""damageWaiverFeesApplied"": true, ""isUnlimitedFreeDelivery"": false, ""maxToyHoldingValueAllowed"": 20000, ""totalFreeDeliveryPerMonth"": 9, ""actualChargesForMemberShipFees"": 0, ""actualChargesForSecurityDeposit"": 0, ""actualChargesForDamageWaiverFees"": 299}",ONE_TIME,2026-09-28T06:57:33.519Z,2026-09-28T06:58:19.159Z,d9f45968-fdf9-45cb-a143-9bda0499e70b,"{""deviceType"": ""MOBILE"", ""gstApplied"": true, ""promoCodeId"": ""payment_provider_222024ad0be6b711af19f169bcb51d44"", ""paymentNotes"": {""userId"": ""f1eb973a-db4a-47c1-8cb6-a8c87d105d69"", ""subscriptionType"": ""ONE_TIME"", ""subscriptionPlanId"": ""864b3e20-b4b5-4be5-8b5c-bcd69573b6dd""}, ""gstPercentage"": 18, ""membershipData"": {""amount"": 0, ""isMembershipFee"": true}, ""priceBreakdown"": {""basePrice"": 4497, ""gstAmount"": 864, ""couponCode"": ""FUNDEAL"", ""finalPrice"": 3160, ""couponPercent"": null, ""proRataCredit"": null, ""couponDiscount"": 2500, ""membershipFees"": 0, ""securityDeposit"": 0, ""damageWaiverFees"": 299}, ""isRecurringInit"": false, ""paymentProvider"": ""RAZOR_PAY"", ""userTrialApplied"": false, ""securityDepositData"": {""securityDepositApplied"": false}, ""isTrialPeriodExpired"": true, ""merchantTransactionId"": ""order_ThMkXXa5QYlkjf"", ""userDamageWaiverFeesApplied"": true}",,,,,,{},[],"{""couponId"": ""d9f45968-fdf9-45cb-a143-9bda0499e70b"", ""couponAppliedStatus"": ""PENDING"", ""isCouponAppliedOnSubscriptionRenew"": false}"
0ceade06-25c5-40fd-a749-2435f8e94d3b,f23adcc7-8f39-4309-9766-fc3f4622087f,pay_Tgu3aeO9jn5VaB,7188.0,2026-09-28T09:02:40Z,2027-09-28T09:02:40Z,0,assigned_156d8e3992df5a77624e9fc737d2367c,55374b75-5e96-4a3e-9c28-d984967a554d,ACTIVE,,other,,"{""discount"": ""25%"", ""isNewPlan"": false, ""pricePaid"": 2360, ""trialDays"": 0, ""toyProgram"": ""-"", ""planSavings"": 3597, ""planVersion"": ""v2"", ""trialAmount"": 99, ""trialApplied"": false, ""memberShipFees"": 0, ""bonusDeliveries"": 0, ""deliveryCharges"": 100, ""sameDayDelivery"": false, ""damageWaiverFees"": 999, ""maxBigToyAllowed"": 0, ""refundableDeposit"": 0, ""memberShipFeesPaid"": 0, ""moneyBackGuarantee"": 14, ""effectiveCostPerMonth"": 599, ""membershipFeesApplied"": false, ""refundableDepositPaid"": 0, ""planPriceDiscountAdmin"": 0, ""securityDepositApplied"": false, ""totalKeepCountPerMonth"": 2, ""damageWaiverFeesApplied"": true, ""isUnlimitedFreeDelivery"": false, ""membershipDiscountAdmin"": 0, ""maxToyHoldingValueAllowed"": 35000, ""totalFreeDeliveryPerMonth"": 12, ""actualChargesForMemberShipFees"": 0, ""refundableDepositDiscountAdmin"": 0, ""actualChargesForSecurityDeposit"": 0, ""actualChargesForDamageWaiverFees"": 999}",ASSIGNED,2026-09-27T07:59:44.526Z,2026-09-28T09:02:40.769Z,,"{""note"": ""Assigned from Google Sheet"", ""amount"": 0, ""gstApplied"": true, ""paymentDate"": ""2026-09-27T13:29:44+05:30"", ""gstPercentage"": 18, ""membershipData"": {""amount"": 0, ""isMembershipFee"": true}, ""priceBreakdown"": {""basePrice"": 7188, ""gstAmount"": 1474, ""couponCode"": null, ""finalPrice"": 9661, ""couponPercent"": null, ""proRataCredit"": 0, ""couponDiscount"": 0, ""membershipFees"": 0, ""securityDeposit"": 0, ""damageWaiverFees"": 999}, ""userTrialApplied"": false, ""isTrialPeriodExpired"": true, ""userDamageWaiverFeesApplied"": true}",,,,,,{},[],{}
216d22d9-f029-4f8c-9677-2d4c92961efe,3571584a-56cc-4734-bc75-5102b229cd65,,5997.0,2026-09-28T07:31:44Z,2026-12-27T07:31:44Z,0,order_ThNG3HU8cK5bmV,03e58770-76d5-4434-9934-ea1d64e4096f,ACTIVE,,upi,,"{""discount"": ""25%"", ""isNewPlan"": false, ""trialDays"": 30, ""toyProgram"": ""-"", ""planSavings"": 3597, ""planVersion"": ""v2"", ""trialAmount"": 99, ""trialApplied"": false, ""memberShipFees"": 0, ""bonusDeliveries"": 0, ""deliveryCharges"": 100, ""sameDayDelivery"": true, ""damageWaiverFees"": 999, ""maxBigToyAllowed"": 1, ""refundableDeposit"": 0, ""moneyBackGuarantee"": 30, ""effectiveCostPerMonth"": 1999, ""membershipFeesApplied"": false, ""planPriceDiscountAdmin"": -418801, ""securityDepositApplied"": false, ""totalKeepCountPerMonth"": 3, ""damageWaiverFeesApplied"": true, ""isUnlimitedFreeDelivery"": false, ""maxToyHoldingValueAllowed"": 35000, ""totalFreeDeliveryPerMonth"": 12, ""actualChargesForMemberShipFees"": 0, ""actualChargesForSecurityDeposit"": 0, ""actualChargesForDamageWaiverFees"": 999}",ONE_TIME,2026-09-28T07:31:44.861Z,2026-09-28T07:31:44.861Z,,"{""amount"": 419800, ""deviceType"": ""MOBILE"", ""gstApplied"": true, ""paymentNotes"": {""userId"": ""3571584a-56cc-4734-bc75-5102b229cd65"", ""paymentLinkId"": ""c0d8ce6f-313e-4751-91d3-90d281010eba"", ""subscriptionPlanId"": ""03e58770-76d5-4434-9934-ea1d64e4096f""}, ""gstPercentage"": 18, ""paymentLinkId"": ""c0d8ce6f-313e-4751-91d3-90d281010eba"", ""membershipData"": {""amount"": 0, ""isMembershipFee"": false}, ""isRecurringInit"": false, ""paymentProvider"": ""RAZOR_PAY"", ""userTrialApplied"": false, ""securityDepositData"": {""amount"": 0, ""securityDepositApplied"": false}, ""isTrialPeriodExpired"": true, ""merchantTransactionId"": ""order_ThNG3HU8cK5bmV"", ""userDamageWaiverFeesApplied"": true}",,,,,,{},[],{}
5af8f92d-dee6-42ca-ab21-46b00b4519aa,687f62f5-c3e4-4852-93fc-7f9027b90bef,pay_Tgu8NDgp7KGY5y,7188.0,2026-09-28T07:34:28Z,2027-09-28T07:34:28Z,0,assigned_b5472fa76f9eff464175d21364d4d38b,55374b75-5e96-4a3e-9c28-d984967a554d,ACTIVE,,other,,"{""discount"": ""25%"", ""isNewPlan"": false, ""pricePaid"": 2360, ""trialDays"": 0, ""toyProgram"": ""-"", ""planSavings"": 3597, ""planVersion"": ""v2"", ""trialAmount"": 99, ""trialApplied"": false, ""memberShipFees"": 0, ""bonusDeliveries"": 0, ""deliveryCharges"": 100, ""sameDayDelivery"": false, ""damageWaiverFees"": 999, ""maxBigToyAllowed"": 0, ""refundableDeposit"": 0, ""memberShipFeesPaid"": 0, ""moneyBackGuarantee"": 14, ""effectiveCostPerMonth"": 599, ""membershipFeesApplied"": false, ""refundableDepositPaid"": 0, ""planPriceDiscountAdmin"": 0, ""securityDepositApplied"": false, ""totalKeepCountPerMonth"": 2, ""damageWaiverFeesApplied"": true, ""isUnlimitedFreeDelivery"": false, ""membershipDiscountAdmin"": 0, ""maxToyHoldingValueAllowed"": 35000, ""totalFreeDeliveryPerMonth"": 12, ""actualChargesForMemberShipFees"": 0, ""refundableDepositDiscountAdmin"": 0, ""actualChargesForSecurityDeposit"": 0, ""actualChargesForDamageWaiverFees"": 999}",ASSIGNED,2026-09-27T07:58:51.422Z,2026-09-28T07:34:29.075Z,,"{""note"": ""Assigned from Google Sheet"", ""amount"": 0, ""gstApplied"": true, ""paymentDate"": ""2026-09-27T13:28:51+05:30"", ""gstPercentage"": 18, ""membershipData"": {""amount"": 0, ""isMembershipFee"": true}, ""priceBreakdown"": {""basePrice"": 7188, ""gstAmount"": 1474, ""couponCode"": null, ""finalPrice"": 9661, ""couponPercent"": null, ""proRataCredit"": 0, ""couponDiscount"": 0, ""membershipFees"": 0, ""securityDeposit"": 0, ""damageWaiverFees"": 999}, ""userTrialApplied"": false, ""isTrialPeriodExpired"": true, ""userDamageWaiverFeesApplied"": true}",,,,,,{},[],{}
f18fdba6-0f1c-4ff6-a273-03e9888b50d9,8d4455fa-ae76-48a4-a8d8-194bbf10f043,,5997.0,2026-09-28T06:34:59Z,2026-12-28T06:34:59Z,0,order_ThMKzmEJOeWl6j,03e58770-76d5-4434-9934-ea1d64e4096f,ACTIVE,,wallet,,"{""discount"": ""25%"", ""isNewPlan"": false, ""trialDays"": 30, ""toyProgram"": ""-"", ""planSavings"": 3597, ""planVersion"": ""v2"", ""trialAmount"": 99, ""trialApplied"": false, ""memberShipFees"": 0, ""bonusDeliveries"": 0, ""deliveryCharges"": 100, ""sameDayDelivery"": true, ""damageWaiverFees"": 999, ""maxBigToyAllowed"": 2, ""refundableDeposit"": 0, ""moneyBackGuarantee"": 30, ""effectiveCostPerMonth"": 1999, ""membershipFeesApplied"": false, ""securityDepositApplied"": false, ""totalKeepCountPerMonth"": 3, ""damageWaiverFeesApplied"": true, ""isUnlimitedFreeDelivery"": false, ""maxToyHoldingValueAllowed"": 35000, ""totalFreeDeliveryPerMonth"": 12, ""actualChargesForMemberShipFees"": 0, ""actualChargesForSecurityDeposit"": 0, ""actualChargesForDamageWaiverFees"": 999}",ONE_TIME,2026-09-28T06:33:22.554Z,2026-09-28T06:35:05.124Z,eea9fa0e-0ba1-4a66-bd4e-3c9ab018620e,"{""deviceType"": ""MOBILE"", ""gstApplied"": true, ""promoCodeId"": ""payment_provider_461c1537ddd8d4fb2123c7b1c0e6835f"", ""paymentNotes"": {""userId"": ""8d4455fa-ae76-48a4-a8d8-194bbf10f043"", ""subscriptionType"": ""ONE_TIME"", ""subscriptionPlanId"": ""03e58770-76d5-4434-9934-ea1d64e4096f""}, ""gstPercentage"": 18, ""membershipData"": {""amount"": 0, ""isMembershipFee"": true}, ""priceBreakdown"": {""basePrice"": 5997, ""gstAmount"": 1260, ""couponCode"": ""FLAT5K"", ""finalPrice"": 5000, ""couponPercent"": null, ""proRataCredit"": null, ""couponDiscount"": 3256, ""membershipFees"": 0, ""securityDeposit"": 0, ""damageWaiverFees"": 999}, ""isRecurringInit"": false, ""paymentProvider"": ""RAZOR_PAY"", ""userTrialApplied"": false, ""securityDepositData"": {""securityDepositApplied"": false}, ""isTrialPeriodExpired"": true, ""merchantTransactionId"": ""order_ThMKzmEJOeWl6j"", ""userDamageWaiverFeesApplied"": true}",,,,,,{},[],"{""couponId"": ""eea9fa0e-0ba1-4a66-bd4e-3c9ab018620e"", ""couponAppliedStatus"": ""PENDING"", ""isCouponAppliedOnSubscriptionRenew"": false}"
ef4c2f3a-a1ee-4f96-b33f-aa9880b6248e,0c408709-c665-4717-80d1-c599f97db73c,,15588.0,2026-09-28T06:16:41Z,2027-10-28T18:29:59.999Z,0,order_ThM2zz35YE7oXP,26a25589-5532-4f28-b820-1b6c7894c4fd,ACTIVE,,upi,,"{""discount"": ""25%"", ""isNewPlan"": false, ""trialDays"": 30, ""toyProgram"": ""-"", ""planSavings"": 3597, ""planVersion"": ""v2"", ""trialAmount"": 999, ""trialApplied"": false, ""memberShipFees"": 0, ""bonusDeliveries"": 0, ""deliveryCharges"": 100, ""sameDayDelivery"": true, ""damageWaiverFees"": 999, ""maxBigToyAllowed"": 1, ""refundableDeposit"": 0, ""moneyBackGuarantee"": 30, ""effectiveCostPerMonth"": 1299, ""membershipFeesApplied"": false, ""securityDepositApplied"": false, ""totalKeepCountPerMonth"": 3, ""damageWaiverFeesApplied"": true, ""isUnlimitedFreeDelivery"": true, ""maxToyHoldingValueAllowed"": 120000, ""totalFreeDeliveryPerMonth"": 0, ""actualChargesForMemberShipFees"": 0, ""actualChargesForSecurityDeposit"": 0, ""actualChargesForDamageWaiverFees"": 999}",ONE_TIME,2026-09-28T06:16:20.329Z,2026-09-28T09:23:01.455Z,01e44bd5-f585-4ce5-a6a7-a6dd40de2334,"{""deviceType"": ""MOBILE"", ""gstApplied"": true, ""promoCodeId"": ""payment_provider_ff77eacfd6873255307a24ce752aacdb"", ""paymentNotes"": {""userId"": ""0c408709-c665-4717-80d1-c599f97db73c"", ""subscriptionType"": ""ONE_TIME"", ""subscriptionPlanId"": ""26a25589-5532-4f28-b820-1b6c7894c4fd""}, ""gstPercentage"": 18, ""membershipData"": {""amount"": 0, ""isMembershipFee"": true}, ""priceBreakdown"": {""basePrice"": 15588, ""gstAmount"": 2986, ""couponCode"": ""FLAT12K"", ""finalPrice"": 12000, ""couponPercent"": null, ""proRataCredit"": null, ""couponDiscount"": 7573, ""membershipFees"": 0, ""securityDeposit"": 0, ""damageWaiverFees"": 999}, ""isRecurringInit"": false, ""paymentProvider"": ""RAZOR_PAY"", ""userTrialApplied"": false, ""securityDepositData"": {""securityDepositApplied"": false}, ""isTrialPeriodExpired"": true, ""merchantTransactionId"": ""order_ThM2zz35YE7oXP"", ""userDamageWaiverFeesApplied"": true}",,,,,,{},[],"{""couponId"": ""01e44bd5-f585-4ce5-a6a7-a6dd40de2334"", ""couponAppliedStatus"": ""PENDING"", ""isCouponAppliedOnSubscriptionRenew"": false}"
d47cf69c-6fc4-4216-a840-58cc02ae5e35,487024aa-d732-409a-869f-9e528e7c7a8b,,15588.0,2026-09-28T09:26:03Z,2027-09-28T09:26:03Z,0,order_ThPCcOAO6rkFr4,26a25589-5532-4f28-b820-1b6c7894c4fd,ACTIVE,,card,,"{""discount"": ""25%"", ""isNewPlan"": false, ""trialDays"": 30, ""toyProgram"": ""-"", ""planSavings"": 3597, ""planVersion"": ""v2"", ""trialAmount"": 999, ""trialApplied"": false, ""memberShipFees"": 0, ""bonusDeliveries"": 0, ""deliveryCharges"": 100, ""sameDayDelivery"": true, ""damageWaiverFees"": 999, ""maxBigToyAllowed"": 1, ""refundableDeposit"": 0, ""moneyBackGuarantee"": 30, ""effectiveCostPerMonth"": 1299, ""membershipFeesApplied"": false, ""securityDepositApplied"": false, ""totalKeepCountPerMonth"": 3, ""damageWaiverFeesApplied"": true, ""isUnlimitedFreeDelivery"": true, ""maxToyHoldingValueAllowed"": 120000, ""totalFreeDeliveryPerMonth"": 0, ""actualChargesForMemberShipFees"": 0, ""actualChargesForSecurityDeposit"": 0, ""actualChargesForDamageWaiverFees"": 999}",ONE_TIME,2026-09-28T09:21:31.567Z,2026-09-28T09:26:06.119Z,01e44bd5-f585-4ce5-a6a7-a6dd40de2334,"{""deviceType"": ""MOBILE"", ""gstApplied"": true, ""promoCodeId"": ""payment_provider_ff77eacfd6873255307a24ce752aacdb"", ""paymentNotes"": {""userId"": ""487024aa-d732-409a-869f-9e528e7c7a8b"", ""subscriptionType"": ""ONE_TIME"", ""subscriptionPlanId"": ""26a25589-5532-4f28-b820-1b6c7894c4fd""}, ""gstPercentage"": 18, ""membershipData"": {""amount"": 0, ""isMembershipFee"": true}, ""priceBreakdown"": {""basePrice"": 15588, ""gstAmount"": 2986, ""couponCode"": ""FLAT12K"", ""finalPrice"": 12000, ""couponPercent"": null, ""proRataCredit"": null, ""couponDiscount"": 7573, ""membershipFees"": 0, ""securityDeposit"": 0, ""damageWaiverFees"": 999}, ""isRecurringInit"": false, ""paymentProvider"": ""RAZOR_PAY"", ""userTrialApplied"": false, ""securityDepositData"": {""securityDepositApplied"": false}, ""isTrialPeriodExpired"": true, ""merchantTransactionId"": ""order_ThPCcOAO6rkFr4"", ""userDamageWaiverFeesApplied"": true}",,,,,,{},[],"{""couponId"": ""01e44bd5-f585-4ce5-a6a7-a6dd40de2334"", ""couponAppliedStatus"": ""PENDING"", ""isCouponAppliedOnSubscriptionRenew"": false}"
20b08cc7-daaa-47c2-b9dc-66ce27d7d1ff,b459070e-7c3e-4b69-83d3-52ecefd2a99e,,15588.0,2026-09-28T10:44:44Z,2027-09-28T10:44:44Z,0,order_Th8AcCTHXTqbzO,26a25589-5532-4f28-b820-1b6c7894c4fd,ACTIVE,,cardless_emi,,"{""discount"": ""25%"", ""isNewPlan"": false, ""trialDays"": 30, ""toyProgram"": ""-"", ""planSavings"": 3597, ""planVersion"": ""v2"", ""trialAmount"": 999, ""trialApplied"": false, ""memberShipFees"": 0, ""bonusDeliveries"": 0, ""deliveryCharges"": 100, ""sameDayDelivery"": true, ""damageWaiverFees"": 999, ""maxBigToyAllowed"": 1, ""refundableDeposit"": 0, ""moneyBackGuarantee"": 30, ""effectiveCostPerMonth"": 1299, ""membershipFeesApplied"": false, ""securityDepositApplied"": false, ""totalKeepCountPerMonth"": 3, ""damageWaiverFeesApplied"": true, ""isUnlimitedFreeDelivery"": true, ""maxToyHoldingValueAllowed"": 120000, ""totalFreeDeliveryPerMonth"": 0, ""actualChargesForMemberShipFees"": 0, ""actualChargesForSecurityDeposit"": 0, ""actualChargesForDamageWaiverFees"": 999}",ONE_TIME,2026-09-27T16:41:50.35Z,2026-09-28T10:44:44.331Z,4f267a61-b236-4cae-9056-84c7761efeb6,"{""deviceType"": ""MOBILE"", ""gstApplied"": true, ""promoCodeId"": ""payment_provider_03519e3c3491068f82b440bd564c6d42"", ""paymentNotes"": {""userId"": ""b459070e-7c3e-4b69-83d3-52ecefd2a99e"", ""subscriptionType"": ""ONE_TIME"", ""subscriptionPlanId"": ""26a25589-5532-4f28-b820-1b6c7894c4fd""}, ""gstPercentage"": 18, ""membershipData"": {""amount"": 0, ""isMembershipFee"": true}, ""priceBreakdown"": {""basePrice"": 15588, ""gstAmount"": 2986, ""couponCode"": ""TOYJOY"", ""finalPrice"": 13573, ""couponPercent"": null, ""proRataCredit"": null, ""couponDiscount"": 6000, ""membershipFees"": 0, ""securityDeposit"": 0, ""damageWaiverFees"": 999}, ""isRecurringInit"": false, ""paymentProvider"": ""RAZOR_PAY"", ""userTrialApplied"": false, ""securityDepositData"": {""securityDepositApplied"": false}, ""isTrialPeriodExpired"": true, ""merchantTransactionId"": ""order_Th8AcCTHXTqbzO"", ""userDamageWaiverFeesApplied"": true}",,,,,,{},[],"{""couponId"": ""4f267a61-b236-4cae-9056-84c7761efeb6"", ""couponAppliedStatus"": ""PENDING"", ""isCouponAppliedOnSubscriptionRenew"": false}"
ccdf4031-8243-4f1d-8a46-892c8a244f5f,d347b00c-e324-4f83-b48e-885c582bc585,,8000.0,2026-09-28T10:52:49Z,2026-12-28T10:52:49Z,0,order_ThQTmxePcUnh1h,e05c6af3-2f9d-465e-9fa4-336adcd62f1d,ACTIVE,,card,,"{""discount"": ""25%"", ""isNewPlan"": true, ""isPlayMax"": false, ""trialDays"": 0, ""isPlayMini"": false, ""isPlayPlus"": false, ""toyProgram"": ""-"", ""planSavings"": 0, ""planVersion"": ""v2"", ""trialAmount"": 0, ""isWeeklyPlan"": true, ""trialApplied"": false, ""isDefaultView"": true, ""memberShipFees"": 0, ""bonusDeliveries"": 0, ""deliveryCharges"": 100, ""sameDayDelivery"": false, ""damageWaiverFees"": 299, ""maxBigToyAllowed"": 1, ""planDurationWeeks"": 12, ""refundableDeposit"": 0, ""moneyBackGuarantee"": 0, ""effectiveCostPerMonth"": 999, ""membershipFeesApplied"": false, ""deliveryFrequencyWeeks"": 1, ""securityDepositApplied"": false, ""totalKeepCountPerMonth"": 3, ""damageWaiverFeesApplied"": true, ""isUnlimitedFreeDelivery"": false, ""autoScheduledToyDelivery"": true, ""maxToyHoldingValueAllowed"": 90000, ""totalFreeDeliveryPerMonth"": 12, ""actualChargesForMemberShipFees"": 0, ""actualChargesForSecurityDeposit"": 0, ""actualChargesForDamageWaiverFees"": 299}",ONE_TIME,2026-09-28T10:36:28.463Z,2026-09-28T10:52:49.559Z,d9f45968-fdf9-45cb-a143-9bda0499e70b,"{""deviceType"": ""MOBILE"", ""gstApplied"": true, ""promoCodeId"": ""payment_provider_222024ad0be6b711af19f169bcb51d44"", ""paymentNotes"": {""userId"": ""d347b00c-e324-4f83-b48e-885c582bc585"", ""subscriptionType"": ""ONE_TIME"", ""subscriptionPlanId"": ""e05c6af3-2f9d-465e-9fa4-336adcd62f1d""}, ""gstPercentage"": 18, ""membershipData"": {""amount"": 0, ""isMembershipFee"": true}, ""priceBreakdown"": {""basePrice"": 8000, ""gstAmount"": 1494, ""couponCode"": ""FUNDEAL"", ""finalPrice"": 7293, ""couponPercent"": null, ""proRataCredit"": null, ""couponDiscount"": 2500, ""membershipFees"": 0, ""securityDeposit"": 0, ""damageWaiverFees"": 299}, ""isRecurringInit"": false, ""paymentProvider"": ""RAZOR_PAY"", ""userTrialApplied"": false, ""securityDepositData"": {""securityDepositApplied"": false}, ""isTrialPeriodExpired"": true, ""merchantTransactionId"": ""order_ThQTmxePcUnh1h"", ""userDamageWaiverFeesApplied"": true}",,,,,,{},[],"{""couponId"": ""d9f45968-fdf9-45cb-a143-9bda0499e70b"", ""couponAppliedStatus"": ""PENDING"", ""isCouponAppliedOnSubscriptionRenew"": false}"
4329b23e-1128-475e-aafc-806dd745ee58,9c01ff48-49cc-481e-9aa1-94a94802fe9e,,15588.0,2026-09-28T13:26:45Z,2027-09-28T13:26:45Z,0,order_ThTMTvekhv9Rr8,26a25589-5532-4f28-b820-1b6c7894c4fd,ACTIVE,,card,,"{""discount"": ""25%"", ""isNewPlan"": false, ""trialDays"": 30, ""toyProgram"": ""-"", ""planSavings"": 3597, ""planVersion"": ""v2"", ""trialAmount"": 999, ""trialApplied"": false, ""memberShipFees"": 0, ""bonusDeliveries"": 0, ""deliveryCharges"": 100, ""sameDayDelivery"": true, ""damageWaiverFees"": 999, ""maxBigToyAllowed"": 1, ""refundableDeposit"": 0, ""moneyBackGuarantee"": 30, ""effectiveCostPerMonth"": 1299, ""membershipFeesApplied"": false, ""securityDepositApplied"": false, ""totalKeepCountPerMonth"": 3, ""damageWaiverFeesApplied"": true, ""isUnlimitedFreeDelivery"": true, ""maxToyHoldingValueAllowed"": 120000, ""totalFreeDeliveryPerMonth"": 0, ""actualChargesForMemberShipFees"": 0, ""actualChargesForSecurityDeposit"": 0, ""actualChargesForDamageWaiverFees"": 999}",ONE_TIME,2026-09-28T13:25:38.275Z,2026-09-28T13:26:46.095Z,8a90f7f6-7489-4f41-991d-7c2bfd7faa87,"{""deviceType"": ""MOBILE"", ""gstApplied"": true, ""promoCodeId"": ""payment_provider_e108074727d4740524046612dbdbbd3a"", ""paymentNotes"": {""userId"": ""9c01ff48-49cc-481e-9aa1-94a94802fe9e"", ""subscriptionType"": ""ONE_TIME"", ""subscriptionPlanId"": ""26a25589-5532-4f28-b820-1b6c7894c4fd""}, ""gstPercentage"": 18, ""membershipData"": {""amount"": 0, ""isMembershipFee"": true}, ""priceBreakdown"": {""basePrice"": 15588, ""gstAmount"": 1583, ""couponCode"": ""VP502026"", ""finalPrice"": 10376, ""couponPercent"": 50, ""proRataCredit"": null, ""couponDiscount"": 7794, ""membershipFees"": 0, ""securityDeposit"": 0, ""damageWaiverFees"": 999}, ""isRecurringInit"": false, ""paymentProvider"": ""RAZOR_PAY"", ""userTrialApplied"": false, ""securityDepositData"": {""securityDepositApplied"": false}, ""isTrialPeriodExpired"": true, ""merchantTransactionId"": ""order_ThTMTvekhv9Rr8"", ""userDamageWaiverFeesApplied"": true}",,,,,,{},[],"{""couponId"": ""8a90f7f6-7489-4f41-991d-7c2bfd7faa87"", ""couponAppliedStatus"": ""PENDING"", ""isCouponAppliedOnSubscriptionRenew"": false}"
1bd5f34d-2633-4ea4-9116-95e1b8fabbee,fab02858-ad8b-4edc-a26b-df1d1f5bdb72,,4497.0,2026-09-28T17:31:06Z,2026-12-28T17:31:06Z,0,order_ThXX12XKvwGgSE,864b3e20-b4b5-4be5-8b5c-bcd69573b6dd,ACTIVE,,upi,,"{""discount"": ""25%"", ""isNewPlan"": false, ""trialDays"": 30, ""toyProgram"": ""-"", ""planSavings"": 3597, ""planVersion"": ""v2"", ""trialAmount"": 99, ""trialApplied"": false, ""memberShipFees"": 0, ""bonusDeliveries"": 0, ""deliveryCharges"": 100, ""sameDayDelivery"": false, ""damageWaiverFees"": 299, ""maxBigToyAllowed"": 0, ""refundableDeposit"": 0, ""moneyBackGuarantee"": 30, ""effectiveCostPerMonth"": 1499, ""membershipFeesApplied"": false, ""securityDepositApplied"": false, ""totalKeepCountPerMonth"": 3, ""damageWaiverFeesApplied"": true, ""isUnlimitedFreeDelivery"": false, ""maxToyHoldingValueAllowed"": 20000, ""totalFreeDeliveryPerMonth"": 9, ""actualChargesForMemberShipFees"": 0, ""actualChargesForSecurityDeposit"": 0, ""actualChargesForDamageWaiverFees"": 299}",ONE_TIME,2026-09-28T17:30:23.089Z,2026-09-28T17:31:06.626Z,d9f45968-fdf9-45cb-a143-9bda0499e70b,"{""deviceType"": ""MOBILE"", ""gstApplied"": true, ""promoCodeId"": ""payment_provider_222024ad0be6b711af19f169bcb51d44"", ""paymentNotes"": {""userId"": ""fab02858-ad8b-4edc-a26b-df1d1f5bdb72"", ""subscriptionType"": ""ONE_TIME"", ""subscriptionPlanId"": ""864b3e20-b4b5-4be5-8b5c-bcd69573b6dd""}, ""gstPercentage"": 18, ""membershipData"": {""amount"": 0, ""isMembershipFee"": true}, ""priceBreakdown"": {""basePrice"": 4497, ""gstAmount"": 864, ""couponCode"": ""FUNDEAL"", ""finalPrice"": 3160, ""couponPercent"": null, ""proRataCredit"": null, ""couponDiscount"": 2500, ""membershipFees"": 0, ""securityDeposit"": 0, ""damageWaiverFees"": 299}, ""isRecurringInit"": false, ""paymentProvider"": ""RAZOR_PAY"", ""userTrialApplied"": false, ""securityDepositData"": {""securityDepositApplied"": false}, ""isTrialPeriodExpired"": true, ""merchantTransactionId"": ""order_ThXX12XKvwGgSE"", ""userDamageWaiverFeesApplied"": true}",,,,,,{},[],"{""couponId"": ""d9f45968-fdf9-45cb-a143-9bda0499e70b"", ""couponAppliedStatus"": ""PENDING"", ""isCouponAppliedOnSubscriptionRenew"": false}"
5fde46cf-49c1-43f2-8943-bd2df5cde133,74407b37-4d89-4fea-b43f-8595437b3927,,24000.0,2026-09-29T04:19:40Z,2027-09-29T04:19:40Z,0,order_ThiR83zngJAib5,afa2626e-3430-4b53-a7f1-327e8b8bbf56,ACTIVE,,upi,,"{""discount"": ""25%"", ""isNewPlan"": true, ""isPlayMax"": false, ""trialDays"": 0, ""isPlayMini"": false, ""isPlayPlus"": false, ""toyProgram"": ""-"", ""planSavings"": 0, ""planVersion"": ""v2"", ""trialAmount"": 0, ""isWeeklyPlan"": true, ""trialApplied"": false, ""isDefaultView"": true, ""memberShipFees"": 0, ""bonusDeliveries"": 0, ""deliveryCharges"": 100, ""sameDayDelivery"": false, ""damageWaiverFees"": 999, ""maxBigToyAllowed"": 1, ""planDurationWeeks"": 52, ""refundableDeposit"": 0, ""moneyBackGuarantee"": 0, ""effectiveCostPerMonth"": 999, ""membershipFeesApplied"": false, ""deliveryFrequencyWeeks"": 1, ""securityDepositApplied"": false, ""totalKeepCountPerMonth"": 3, ""damageWaiverFeesApplied"": true, ""isUnlimitedFreeDelivery"": true, ""autoScheduledToyDelivery"": true, ""maxToyHoldingValueAllowed"": 400000, ""totalFreeDeliveryPerMonth"": 3, ""actualChargesForMemberShipFees"": 0, ""actualChargesForSecurityDeposit"": 0, ""actualChargesForDamageWaiverFees"": 999}",ONE_TIME,2026-09-29T04:10:26.464Z,2026-09-29T04:19:52.044Z,03484e29-4896-4950-af40-1ab13b0fc842,"{""deviceType"": ""MOBILE"", ""gstApplied"": true, ""promoCodeId"": ""payment_provider_cab290ec4b664c5d89b416c57a985928"", ""paymentNotes"": {""userId"": ""74407b37-4d89-4fea-b43f-8595437b3927"", ""subscriptionType"": ""ONE_TIME"", ""subscriptionPlanId"": ""afa2626e-3430-4b53-a7f1-327e8b8bbf56""}, ""gstPercentage"": 18, ""membershipData"": {""amount"": 0, ""isMembershipFee"": true}, ""priceBreakdown"": {""basePrice"": 24000, ""gstAmount"": 4500, ""couponCode"": ""AKULTRA17K"", ""finalPrice"": 17000, ""couponPercent"": null, ""proRataCredit"": null, ""couponDiscount"": 12499, ""membershipFees"": 0, ""securityDeposit"": 0, ""damageWaiverFees"": 999}, ""isRecurringInit"": false, ""paymentProvider"": ""RAZOR_PAY"", ""userTrialApplied"": false, ""securityDepositData"": {""securityDepositApplied"": false}, ""isTrialPeriodExpired"": true, ""merchantTransactionId"": ""order_ThiR83zngJAib5"", ""userDamageWaiverFeesApplied"": true}",,,,,,{},[],"{""couponId"": ""03484e29-4896-4950-af40-1ab13b0fc842"", ""couponAppliedStatus"": ""PENDING"", ""isCouponAppliedOnSubscriptionRenew"": false}"
465c2095-3ec5-4053-881f-685aafd944f3,76f64b99-fe5f-4f2a-9adc-4cd7463b3d57,,15588.0,2026-09-29T04:33:52Z,2027-09-29T04:33:52Z,0,order_Tgzo21biPUcuw0,26a25589-5532-4f28-b820-1b6c7894c4fd,ACTIVE,,cardless_emi,,"{""discount"": ""25%"", ""isNewPlan"": false, ""trialDays"": 30, ""toyProgram"": ""-"", ""planSavings"": 3597, ""planVersion"": ""v2"", ""trialAmount"": 999, ""trialApplied"": false, ""memberShipFees"": 0, ""bonusDeliveries"": 0, ""deliveryCharges"": 100, ""sameDayDelivery"": true, ""damageWaiverFees"": 999, ""maxBigToyAllowed"": 1, ""refundableDeposit"": 0, ""moneyBackGuarantee"": 30, ""effectiveCostPerMonth"": 1299, ""membershipFeesApplied"": false, ""securityDepositApplied"": false, ""totalKeepCountPerMonth"": 3, ""damageWaiverFeesApplied"": true, ""isUnlimitedFreeDelivery"": true, ""maxToyHoldingValueAllowed"": 120000, ""totalFreeDeliveryPerMonth"": 0, ""actualChargesForMemberShipFees"": 0, ""actualChargesForSecurityDeposit"": 0, ""actualChargesForDamageWaiverFees"": 999}",ONE_TIME,2026-09-27T08:30:54.673Z,2026-09-29T04:33:52.063Z,c6399045-ae57-4a97-b6d4-69dd768bd1d1,"{""deviceType"": ""MOBILE"", ""gstApplied"": true, ""promoCodeId"": ""payment_provider_05af293eb83f6034ab6f3fcf8a2d0816"", ""paymentNotes"": {""userId"": ""76f64b99-fe5f-4f2a-9adc-4cd7463b3d57"", ""subscriptionType"": ""ONE_TIME"", ""subscriptionPlanId"": ""26a25589-5532-4f28-b820-1b6c7894c4fd""}, ""gstPercentage"": 18, ""membershipData"": {""amount"": 0, ""isMembershipFee"": true}, ""priceBreakdown"": {""basePrice"": 15588, ""gstAmount"": 2986, ""couponCode"": ""GANESHA"", ""finalPrice"": 13573, ""couponPercent"": null, ""proRataCredit"": null, ""couponDiscount"": 6000, ""membershipFees"": 0, ""securityDeposit"": 0, ""damageWaiverFees"": 999}, ""isRecurringInit"": false, ""paymentProvider"": ""RAZOR_PAY"", ""userTrialApplied"": false, ""securityDepositData"": {""securityDepositApplied"": false}, ""isTrialPeriodExpired"": true, ""merchantTransactionId"": ""order_Tgzo21biPUcuw0"", ""userDamageWaiverFeesApplied"": true}",,,,,,{},[],"{""couponId"": ""c6399045-ae57-4a97-b6d4-69dd768bd1d1"", ""couponAppliedStatus"": ""PENDING"", ""isCouponAppliedOnSubscriptionRenew"": false}"
ac79c098-b52a-4191-8738-f2fa043b5455,385bc761-eda6-49ae-a044-ecea79d011b1,T2609281602277208652953,15588.0,2026-09-29T05:30:27Z,2027-09-29T05:30:27Z,0,assigned_c05307ac78dac9815d8d50d43cc62437,26a25589-5532-4f28-b820-1b6c7894c4fd,ACTIVE,,upi,,"{""discount"": ""25%"", ""isNewPlan"": false, ""pricePaid"": 12000, ""trialDays"": 30, ""toyProgram"": ""-"", ""planSavings"": 3597, ""planVersion"": ""v2"", ""trialAmount"": 999, ""trialApplied"": false, ""memberShipFees"": 0, ""bonusDeliveries"": 0, ""deliveryCharges"": 100, ""sameDayDelivery"": true, ""damageWaiverFees"": 999, ""maxBigToyAllowed"": 1, ""refundableDeposit"": 0, ""memberShipFeesPaid"": 0, ""moneyBackGuarantee"": 30, ""effectiveCostPerMonth"": 1299, ""membershipFeesApplied"": false, ""refundableDepositPaid"": 0, ""planPriceDiscountAdmin"": 0, ""securityDepositApplied"": false, ""totalKeepCountPerMonth"": 3, ""damageWaiverFeesApplied"": true, ""isUnlimitedFreeDelivery"": true, ""membershipDiscountAdmin"": 0, ""maxToyHoldingValueAllowed"": 120000, ""totalFreeDeliveryPerMonth"": 0, ""actualChargesForMemberShipFees"": 0, ""refundableDepositDiscountAdmin"": 0, ""actualChargesForSecurityDeposit"": 0, ""actualChargesForDamageWaiverFees"": 999}",ASSIGNED,2026-09-28T11:57:31.845Z,2026-09-29T05:30:27.875Z,,"{""note"": ""Assigned from Google Sheet"", ""amount"": 0, ""gstApplied"": true, ""paymentDate"": ""2026-09-28T17:27:31+05:30"", ""gstPercentage"": 18, ""membershipData"": {""amount"": 0, ""isMembershipFee"": true}, ""priceBreakdown"": {""basePrice"": 15588, ""gstAmount"": 2986, ""couponCode"": null, ""finalPrice"": 19573, ""couponPercent"": null, ""proRataCredit"": 0, ""couponDiscount"": 0, ""membershipFees"": 0, ""securityDeposit"": 0, ""damageWaiverFees"": 999}, ""userTrialApplied"": false, ""isTrialPeriodExpired"": true, ""userDamageWaiverFeesApplied"": true}",,,,,,{},[],{}
fe6df855-8253-434c-95a4-1135d6060095,343642ea-1fbf-4104-817c-db395df94e19,,5997.0,2026-09-29T05:53:34Z,2026-12-29T05:53:34Z,0,order_TghRvF53VDcLxW,03e58770-76d5-4434-9934-ea1d64e4096f,ACTIVE,,upi,,"{""discount"": ""25%"", ""isNewPlan"": false, ""trialDays"": 30, ""toyProgram"": ""-"", ""planSavings"": 3597, ""planVersion"": ""v2"", ""trialAmount"": 99, ""trialApplied"": false, ""memberShipFees"": 0, ""bonusDeliveries"": 0, ""deliveryCharges"": 100, ""sameDayDelivery"": true, ""damageWaiverFees"": 999, ""maxBigToyAllowed"": 1, ""refundableDeposit"": 0, ""moneyBackGuarantee"": 30, ""effectiveCostPerMonth"": 1999, ""membershipFeesApplied"": false, ""planPriceDiscountAdmin"": -499001, ""securityDepositApplied"": false, ""totalKeepCountPerMonth"": 3, ""damageWaiverFeesApplied"": true, ""isUnlimitedFreeDelivery"": false, ""maxToyHoldingValueAllowed"": 35000, ""totalFreeDeliveryPerMonth"": 12, ""actualChargesForMemberShipFees"": 0, ""actualChargesForSecurityDeposit"": 0, ""actualChargesForDamageWaiverFees"": 999}",ONE_TIME,2026-09-26T14:34:03.28Z,2026-09-29T05:53:34.609Z,,"{""amount"": 500000, ""deviceType"": ""MOBILE"", ""gstApplied"": true, ""paymentNotes"": {""userId"": ""343642ea-1fbf-4104-817c-db395df94e19"", ""paymentLinkId"": ""dfc76a87-6148-4cc8-842e-747c3353d8f3"", ""subscriptionPlanId"": ""03e58770-76d5-4434-9934-ea1d64e4096f""}, ""gstPercentage"": 18, ""paymentLinkId"": ""dfc76a87-6148-4cc8-842e-747c3353d8f3"", ""membershipData"": {""amount"": 0, ""isMembershipFee"": false}, ""isRecurringInit"": false, ""paymentProvider"": ""RAZOR_PAY"", ""userTrialApplied"": false, ""securityDepositData"": {""amount"": 0, ""securityDepositApplied"": false}, ""isTrialPeriodExpired"": true, ""merchantTransactionId"": ""order_TghRvF53VDcLxW"", ""userDamageWaiverFeesApplied"": true}",,,,,,{},[],{}
b43d3f80-6057-4be9-bc17-bfaf1d03bc04,15fd1a23-e685-42fb-82b4-2a86fc55e0a0,315616479778,15588.0,2026-09-29T06:03:02Z,2027-09-29T06:03:02Z,0,assigned_aaf6d3ae2af6ce3888bb2be28480cdf9,26a25589-5532-4f28-b820-1b6c7894c4fd,ACTIVE,,upi,,"{""discount"": ""25%"", ""isNewPlan"": false, ""pricePaid"": 11000, ""trialDays"": 30, ""toyProgram"": ""-"", ""planSavings"": 3597, ""planVersion"": ""v2"", ""trialAmount"": 999, ""trialApplied"": false, ""memberShipFees"": 0, ""bonusDeliveries"": 0, ""deliveryCharges"": 100, ""sameDayDelivery"": true, ""damageWaiverFees"": 999, ""maxBigToyAllowed"": 1, ""refundableDeposit"": 0, ""memberShipFeesPaid"": 0, ""moneyBackGuarantee"": 30, ""effectiveCostPerMonth"": 1299, ""membershipFeesApplied"": false, ""refundableDepositPaid"": 0, ""planPriceDiscountAdmin"": 0, ""securityDepositApplied"": false, ""totalKeepCountPerMonth"": 3, ""damageWaiverFeesApplied"": true, ""isUnlimitedFreeDelivery"": true, ""membershipDiscountAdmin"": 0, ""maxToyHoldingValueAllowed"": 120000, ""totalFreeDeliveryPerMonth"": 0, ""actualChargesForMemberShipFees"": 0, ""refundableDepositDiscountAdmin"": 0, ""actualChargesForSecurityDeposit"": 0, ""actualChargesForDamageWaiverFees"": 999}",ASSIGNED,2026-09-29T06:03:02.663Z,2026-09-29T06:03:02.663Z,,"{""note"": ""Assigned from Google Sheet"", ""amount"": 0, ""gstApplied"": true, ""paymentDate"": ""2026-09-29T11:33:02+05:30"", ""gstPercentage"": 18, ""membershipData"": {""amount"": 0, ""isMembershipFee"": true}, ""priceBreakdown"": {""basePrice"": 15588, ""gstAmount"": 2986, ""couponCode"": null, ""finalPrice"": 19573, ""couponPercent"": null, ""proRataCredit"": 0, ""couponDiscount"": 0, ""membershipFees"": 0, ""securityDeposit"": 0, ""damageWaiverFees"": 999}, ""userTrialApplied"": false, ""isTrialPeriodExpired"": true, ""userDamageWaiverFeesApplied"": true}",,,,,,{},[],{}
95a0f05c-874f-47e0-a86e-cd9136a92c16,ada1adc4-1571-4834-8adf-ff3be16c7327,,15588.0,2026-09-29T07:23:29Z,2027-09-29T07:23:29Z,0,order_Thlf6OHjT23abQ,26a25589-5532-4f28-b820-1b6c7894c4fd,ACTIVE,,cardless_emi,,"{""discount"": ""25%"", ""isNewPlan"": false, ""trialDays"": 30, ""toyProgram"": ""-"", ""planSavings"": 3597, ""planVersion"": ""v2"", ""trialAmount"": 999, ""trialApplied"": false, ""memberShipFees"": 0, ""bonusDeliveries"": 0, ""deliveryCharges"": 100, ""sameDayDelivery"": true, ""damageWaiverFees"": 999, ""maxBigToyAllowed"": 1, ""refundableDeposit"": 0, ""moneyBackGuarantee"": 30, ""effectiveCostPerMonth"": 1299, ""membershipFeesApplied"": false, ""securityDepositApplied"": false, ""totalKeepCountPerMonth"": 3, ""damageWaiverFeesApplied"": true, ""isUnlimitedFreeDelivery"": true, ""maxToyHoldingValueAllowed"": 120000, ""totalFreeDeliveryPerMonth"": 0, ""actualChargesForMemberShipFees"": 0, ""actualChargesForSecurityDeposit"": 0, ""actualChargesForDamageWaiverFees"": 999}",ONE_TIME,2026-09-29T07:19:44.982Z,2026-09-29T07:23:29.777Z,01e44bd5-f585-4ce5-a6a7-a6dd40de2334,"{""deviceType"": ""MOBILE"", ""gstApplied"": true, ""promoCodeId"": ""payment_provider_ff77eacfd6873255307a24ce752aacdb"", ""paymentNotes"": {""userId"": ""ada1adc4-1571-4834-8adf-ff3be16c7327"", ""subscriptionType"": ""ONE_TIME"", ""subscriptionPlanId"": ""26a25589-5532-4f28-b820-1b6c7894c4fd""}, ""gstPercentage"": 18, ""membershipData"": {""amount"": 0, ""isMembershipFee"": true}, ""priceBreakdown"": {""basePrice"": 15588, ""gstAmount"": 2986, ""couponCode"": ""FLAT12K"", ""finalPrice"": 12000, ""couponPercent"": null, ""proRataCredit"": null, ""couponDiscount"": 7573, ""membershipFees"": 0, ""securityDeposit"": 0, ""damageWaiverFees"": 999}, ""isRecurringInit"": false, ""paymentProvider"": ""RAZOR_PAY"", ""userTrialApplied"": false, ""securityDepositData"": {""securityDepositApplied"": false}, ""isTrialPeriodExpired"": true, ""merchantTransactionId"": ""order_Thlf6OHjT23abQ"", ""userDamageWaiverFeesApplied"": true}",,,,,,{},[],"{""couponId"": ""01e44bd5-f585-4ce5-a6a7-a6dd40de2334"", ""couponAppliedStatus"": ""PENDING"", ""isCouponAppliedOnSubscriptionRenew"": false}"
33a34cff-989f-49cb-b15a-b959663152a0,fbec36fa-1817-4dea-b90f-cfe3df82a4ca,,5997.0,2026-09-29T07:48:13Z,2026-12-29T07:48:13Z,0,order_TgdPmwT2LVbzTa,03e58770-76d5-4434-9934-ea1d64e4096f,ACTIVE,,upi,,"{""discount"": ""25%"", ""isNewPlan"": false, ""trialDays"": 30, ""toyProgram"": ""-"", ""planSavings"": 3597, ""planVersion"": ""v2"", ""trialAmount"": 99, ""trialApplied"": false, ""memberShipFees"": 0, ""bonusDeliveries"": 0, ""deliveryCharges"": 100, ""sameDayDelivery"": true, ""damageWaiverFees"": 999, ""maxBigToyAllowed"": 1, ""refundableDeposit"": 0, ""moneyBackGuarantee"": 30, ""effectiveCostPerMonth"": 1999, ""membershipFeesApplied"": false, ""planPriceDiscountAdmin"": -499001, ""securityDepositApplied"": false, ""totalKeepCountPerMonth"": 3, ""damageWaiverFeesApplied"": true, ""isUnlimitedFreeDelivery"": false, ""maxToyHoldingValueAllowed"": 35000, ""totalFreeDeliveryPerMonth"": 12, ""actualChargesForMemberShipFees"": 0, ""actualChargesForSecurityDeposit"": 0, ""actualChargesForDamageWaiverFees"": 999}",ONE_TIME,2026-09-26T10:39:47.007Z,2026-09-29T07:48:13.815Z,,"{""amount"": 500000, ""deviceType"": ""MOBILE"", ""gstApplied"": true, ""paymentNotes"": {""userId"": ""fbec36fa-1817-4dea-b90f-cfe3df82a4ca"", ""paymentLinkId"": ""459d69d0-549c-454f-915c-a37620b5e2a9"", ""subscriptionPlanId"": ""03e58770-76d5-4434-9934-ea1d64e4096f""}, ""gstPercentage"": 18, ""paymentLinkId"": ""459d69d0-549c-454f-915c-a37620b5e2a9"", ""membershipData"": {""amount"": 0, ""isMembershipFee"": false}, ""isRecurringInit"": false, ""paymentProvider"": ""RAZOR_PAY"", ""userTrialApplied"": false, ""securityDepositData"": {""amount"": 0, ""securityDepositApplied"": false}, ""isTrialPeriodExpired"": true, ""merchantTransactionId"": ""order_TgdPmwT2LVbzTa"", ""userDamageWaiverFeesApplied"": true}",,,,,,{},[],{}
cf67b81f-0473-49ea-900a-804a6fe37da1,5838d218-fd3e-4cbb-959c-e55bdd526819,,5997.0,2026-09-29T07:53:59Z,2026-12-29T07:53:59Z,0,order_ThXEcv6r3fcuOK,03e58770-76d5-4434-9934-ea1d64e4096f,ACTIVE,,upi,,"{""discount"": ""25%"", ""isNewPlan"": false, ""trialDays"": 30, ""toyProgram"": ""-"", ""planSavings"": 3597, ""planVersion"": ""v2"", ""trialAmount"": 99, ""trialApplied"": false, ""memberShipFees"": 0, ""bonusDeliveries"": 0, ""deliveryCharges"": 100, ""sameDayDelivery"": true, ""damageWaiverFees"": 999, ""maxBigToyAllowed"": 1, ""refundableDeposit"": 0, ""moneyBackGuarantee"": 30, ""effectiveCostPerMonth"": 1999, ""membershipFeesApplied"": false, ""securityDepositApplied"": false, ""totalKeepCountPerMonth"": 3, ""damageWaiverFeesApplied"": true, ""isUnlimitedFreeDelivery"": false, ""maxToyHoldingValueAllowed"": 35000, ""totalFreeDeliveryPerMonth"": 12, ""actualChargesForMemberShipFees"": 0, ""actualChargesForSecurityDeposit"": 0, ""actualChargesForDamageWaiverFees"": 999}",ONE_TIME,2026-09-28T17:12:58.561Z,2026-09-29T07:53:59.464Z,d9f45968-fdf9-45cb-a143-9bda0499e70b,"{""deviceType"": ""MOBILE"", ""gstApplied"": true, ""promoCodeId"": ""payment_provider_222024ad0be6b711af19f169bcb51d44"", ""paymentNotes"": {""userId"": ""5838d218-fd3e-4cbb-959c-e55bdd526819"", ""subscriptionType"": ""ONE_TIME"", ""subscriptionPlanId"": ""03e58770-76d5-4434-9934-ea1d64e4096f""}, ""gstPercentage"": 18, ""membershipData"": {""amount"": 0, ""isMembershipFee"": true}, ""priceBreakdown"": {""basePrice"": 5997, ""gstAmount"": 1260, ""couponCode"": ""FUNDEAL"", ""finalPrice"": 5756, ""couponPercent"": null, ""proRataCredit"": null, ""couponDiscount"": 2500, ""membershipFees"": 0, ""securityDeposit"": 0, ""damageWaiverFees"": 999}, ""isRecurringInit"": false, ""paymentProvider"": ""RAZOR_PAY"", ""userTrialApplied"": false, ""securityDepositData"": {""securityDepositApplied"": false}, ""isTrialPeriodExpired"": true, ""merchantTransactionId"": ""order_ThXEcv6r3fcuOK"", ""userDamageWaiverFeesApplied"": true}",,,,,,{},[],"{""couponId"": ""d9f45968-fdf9-45cb-a143-9bda0499e70b"", ""couponAppliedStatus"": ""PENDING"", ""isCouponAppliedOnSubscriptionRenew"": false}"
2486d582-e459-4b92-bef2-29cdc5175d9f,5097259a-468b-4263-a608-f3dd78d1d9db,,5997.0,2026-09-29T08:42:40Z,2026-12-29T08:42:40Z,0,order_Thn0NvVg57nLaK,03e58770-76d5-4434-9934-ea1d64e4096f,ACTIVE,,cardless_emi,,"{""discount"": ""25%"", ""isNewPlan"": false, ""trialDays"": 30, ""toyProgram"": ""-"", ""planSavings"": 3597, ""planVersion"": ""v2"", ""trialAmount"": 99, ""trialApplied"": false, ""memberShipFees"": 0, ""bonusDeliveries"": 0, ""deliveryCharges"": 100, ""sameDayDelivery"": true, ""damageWaiverFees"": 999, ""maxBigToyAllowed"": 1, ""refundableDeposit"": 0, ""moneyBackGuarantee"": 30, ""effectiveCostPerMonth"": 1999, ""membershipFeesApplied"": false, ""securityDepositApplied"": false, ""totalKeepCountPerMonth"": 3, ""damageWaiverFeesApplied"": true, ""isUnlimitedFreeDelivery"": false, ""maxToyHoldingValueAllowed"": 35000, ""totalFreeDeliveryPerMonth"": 12, ""actualChargesForMemberShipFees"": 0, ""actualChargesForSecurityDeposit"": 0, ""actualChargesForDamageWaiverFees"": 999}",ONE_TIME,2026-09-29T08:38:35.451Z,2026-09-29T08:42:41.384Z,eea9fa0e-0ba1-4a66-bd4e-3c9ab018620e,"{""deviceType"": ""MOBILE"", ""gstApplied"": true, ""promoCodeId"": ""payment_provider_461c1537ddd8d4fb2123c7b1c0e6835f"", ""paymentNotes"": {""userId"": ""5097259a-468b-4263-a608-f3dd78d1d9db"", ""subscriptionType"": ""ONE_TIME"", ""subscriptionPlanId"": ""03e58770-76d5-4434-9934-ea1d64e4096f""}, ""gstPercentage"": 18, ""membershipData"": {""amount"": 0, ""isMembershipFee"": true}, ""priceBreakdown"": {""basePrice"": 5997, ""gstAmount"": 1260, ""couponCode"": ""FLAT5K"", ""finalPrice"": 5000, ""couponPercent"": null, ""proRataCredit"": null, ""couponDiscount"": 3256, ""membershipFees"": 0, ""securityDeposit"": 0, ""damageWaiverFees"": 999}, ""isRecurringInit"": false, ""paymentProvider"": ""RAZOR_PAY"", ""userTrialApplied"": false, ""securityDepositData"": {""securityDepositApplied"": false}, ""isTrialPeriodExpired"": true, ""merchantTransactionId"": ""order_Thn0NvVg57nLaK"", ""userDamageWaiverFeesApplied"": true}",,,,,,{},[],"{""couponId"": ""eea9fa0e-0ba1-4a66-bd4e-3c9ab018620e"", ""couponAppliedStatus"": ""PENDING"", ""isCouponAppliedOnSubscriptionRenew"": false}"
1a0c024c-ebd8-4125-8d66-0daf66d84db5,2985aeff-ec7d-428a-a5fa-7cca5cfc3980,,15588.0,2026-09-29T10:18:29Z,2027-09-29T10:18:29Z,0,order_Th1O8lCCDTJGje,26a25589-5532-4f28-b820-1b6c7894c4fd,ACTIVE,,card,,"{""discount"": ""25%"", ""isNewPlan"": false, ""trialDays"": 30, ""toyProgram"": ""-"", ""planSavings"": 3597, ""planVersion"": ""v2"", ""trialAmount"": 999, ""trialApplied"": false, ""memberShipFees"": 0, ""bonusDeliveries"": 0, ""deliveryCharges"": 100, ""sameDayDelivery"": true, ""damageWaiverFees"": 999, ""maxBigToyAllowed"": 2, ""refundableDeposit"": 0, ""moneyBackGuarantee"": 30, ""effectiveCostPerMonth"": 1299, ""membershipFeesApplied"": false, ""securityDepositApplied"": false, ""totalKeepCountPerMonth"": 4, ""damageWaiverFeesApplied"": true, ""isUnlimitedFreeDelivery"": true, ""maxToyHoldingValueAllowed"": 120000, ""totalFreeDeliveryPerMonth"": 0, ""actualChargesForMemberShipFees"": 0, ""actualChargesForSecurityDeposit"": 0, ""actualChargesForDamageWaiverFees"": 999}",ONE_TIME,2026-09-27T10:03:47.271Z,2026-09-29T10:18:29.068Z,c6399045-ae57-4a97-b6d4-69dd768bd1d1,"{""deviceType"": ""MOBILE"", ""gstApplied"": true, ""promoCodeId"": ""payment_provider_05af293eb83f6034ab6f3fcf8a2d0816"", ""paymentNotes"": {""userId"": ""2985aeff-ec7d-428a-a5fa-7cca5cfc3980"", ""subscriptionType"": ""ONE_TIME"", ""subscriptionPlanId"": ""26a25589-5532-4f28-b820-1b6c7894c4fd""}, ""gstPercentage"": 18, ""membershipData"": {""amount"": 0, ""isMembershipFee"": true}, ""priceBreakdown"": {""basePrice"": 15588, ""gstAmount"": 2986, ""couponCode"": ""GANESHA"", ""finalPrice"": 13573, ""couponPercent"": null, ""proRataCredit"": null, ""couponDiscount"": 6000, ""membershipFees"": 0, ""securityDeposit"": 0, ""damageWaiverFees"": 999}, ""isRecurringInit"": false, ""paymentProvider"": ""RAZOR_PAY"", ""userTrialApplied"": false, ""securityDepositData"": {""securityDepositApplied"": false}, ""isTrialPeriodExpired"": true, ""merchantTransactionId"": ""order_Th1O8lCCDTJGje"", ""userDamageWaiverFeesApplied"": true}",,,,,,{},[],"{""couponId"": ""c6399045-ae57-4a97-b6d4-69dd768bd1d1"", ""couponAppliedStatus"": ""PENDING"", ""isCouponAppliedOnSubscriptionRenew"": false}"
f10184dd-cb98-478b-b515-67fb628af8f5,b2c99de3-916c-4d5d-8f9f-b58ae6dc91e5,pay_TguTtTsn93FWdm,7188.0,2026-09-29T10:28:27Z,2027-09-29T10:28:27Z,0,assigned_db7882aaad4bffbeb3769af879fff515,55374b75-5e96-4a3e-9c28-d984967a554d,ACTIVE,,other,,"{""discount"": ""25%"", ""isNewPlan"": false, ""pricePaid"": 2360, ""trialDays"": 0, ""toyProgram"": ""-"", ""planSavings"": 3597, ""planVersion"": ""v2"", ""trialAmount"": 99, ""trialApplied"": false, ""memberShipFees"": 0, ""bonusDeliveries"": 0, ""deliveryCharges"": 100, ""sameDayDelivery"": false, ""damageWaiverFees"": 999, ""maxBigToyAllowed"": 0, ""refundableDeposit"": 0, ""memberShipFeesPaid"": 0, ""moneyBackGuarantee"": 14, ""effectiveCostPerMonth"": 599, ""membershipFeesApplied"": false, ""refundableDepositPaid"": 0, ""planPriceDiscountAdmin"": 0, ""securityDepositApplied"": false, ""totalKeepCountPerMonth"": 2, ""damageWaiverFeesApplied"": true, ""isUnlimitedFreeDelivery"": false, ""membershipDiscountAdmin"": 0, ""maxToyHoldingValueAllowed"": 35000, ""totalFreeDeliveryPerMonth"": 12, ""actualChargesForMemberShipFees"": 0, ""refundableDepositDiscountAdmin"": 0, ""actualChargesForSecurityDeposit"": 0, ""actualChargesForDamageWaiverFees"": 999}",ASSIGNED,2026-09-27T07:56:26.319Z,2026-09-29T10:28:27.551Z,,"{""note"": ""Assigned from Google Sheet"", ""amount"": 0, ""gstApplied"": true, ""paymentDate"": ""2026-09-27T13:26:26+05:30"", ""gstPercentage"": 18, ""membershipData"": {""amount"": 0, ""isMembershipFee"": true}, ""priceBreakdown"": {""basePrice"": 7188, ""gstAmount"": 1474, ""couponCode"": null, ""finalPrice"": 9661, ""couponPercent"": null, ""proRataCredit"": 0, ""couponDiscount"": 0, ""membershipFees"": 0, ""securityDeposit"": 0, ""damageWaiverFees"": 999}, ""userTrialApplied"": false, ""isTrialPeriodExpired"": true, ""userDamageWaiverFeesApplied"": true}",,,,,,{},[],{}
d1219dd5-a752-4760-a3d4-a46f7fd0c5ab,a8c4905a-cd01-49c3-ad90-f638df985ab3,,15588.0,2026-09-29T10:45:04Z,2027-09-29T10:45:04Z,0,order_ThNfS9YMLb5XSi,26a25589-5532-4f28-b820-1b6c7894c4fd,ACTIVE,,upi,,"{""discount"": ""25%"", ""isNewPlan"": false, ""trialDays"": 30, ""toyProgram"": ""-"", ""planSavings"": 3597, ""planVersion"": ""v2"", ""trialAmount"": 999, ""trialApplied"": false, ""memberShipFees"": 0, ""bonusDeliveries"": 0, ""deliveryCharges"": 100, ""sameDayDelivery"": true, ""damageWaiverFees"": 999, ""maxBigToyAllowed"": 1, ""refundableDeposit"": 0, ""moneyBackGuarantee"": 30, ""effectiveCostPerMonth"": 1299, ""membershipFeesApplied"": false, ""securityDepositApplied"": false, ""totalKeepCountPerMonth"": 3, ""damageWaiverFeesApplied"": true, ""isUnlimitedFreeDelivery"": true, ""maxToyHoldingValueAllowed"": 120000, ""totalFreeDeliveryPerMonth"": 0, ""actualChargesForMemberShipFees"": 0, ""actualChargesForSecurityDeposit"": 0, ""actualChargesForDamageWaiverFees"": 999}",ONE_TIME,2026-09-28T07:51:26.171Z,2026-09-29T10:45:04.078Z,8a90f7f6-7489-4f41-991d-7c2bfd7faa87,"{""deviceType"": ""MOBILE"", ""gstApplied"": true, ""promoCodeId"": ""payment_provider_e108074727d4740524046612dbdbbd3a"", ""paymentNotes"": {""userId"": ""a8c4905a-cd01-49c3-ad90-f638df985ab3"", ""subscriptionType"": ""ONE_TIME"", ""subscriptionPlanId"": ""26a25589-5532-4f28-b820-1b6c7894c4fd""}, ""gstPercentage"": 18, ""membershipData"": {""amount"": 0, ""isMembershipFee"": true}, ""priceBreakdown"": {""basePrice"": 15588, ""gstAmount"": 1583, ""couponCode"": ""VP502026"", ""finalPrice"": 10376, ""couponPercent"": 50, ""proRataCredit"": null, ""couponDiscount"": 7794, ""membershipFees"": 0, ""securityDeposit"": 0, ""damageWaiverFees"": 999}, ""isRecurringInit"": false, ""paymentProvider"": ""RAZOR_PAY"", ""userTrialApplied"": false, ""securityDepositData"": {""securityDepositApplied"": false}, ""isTrialPeriodExpired"": true, ""merchantTransactionId"": ""order_ThNfS9YMLb5XSi"", ""userDamageWaiverFeesApplied"": true}",,,,,,{},[],"{""couponId"": ""8a90f7f6-7489-4f41-991d-7c2bfd7faa87"", ""couponAppliedStatus"": ""PENDING"", ""isCouponAppliedOnSubscriptionRenew"": false}"
0e7b2044-6179-470c-86a0-ac9504f5d72f,47add784-b899-41f9-ae71-ec517dbb22e7,,15588.0,2026-09-29T10:58:56Z,2027-09-29T10:58:56Z,0,order_Th4zrZCzxOrbLv,26a25589-5532-4f28-b820-1b6c7894c4fd,ACTIVE,,cardless_emi,,"{""discount"": ""25%"", ""isNewPlan"": false, ""trialDays"": 30, ""toyProgram"": ""-"", ""planSavings"": 3597, ""planVersion"": ""v2"", ""trialAmount"": 999, ""trialApplied"": false, ""memberShipFees"": 0, ""bonusDeliveries"": 0, ""deliveryCharges"": 100, ""sameDayDelivery"": true, ""damageWaiverFees"": 999, ""maxBigToyAllowed"": 1, ""refundableDeposit"": 0, ""moneyBackGuarantee"": 30, ""effectiveCostPerMonth"": 1299, ""membershipFeesApplied"": false, ""securityDepositApplied"": false, ""totalKeepCountPerMonth"": 3, ""damageWaiverFeesApplied"": true, ""isUnlimitedFreeDelivery"": true, ""maxToyHoldingValueAllowed"": 120000, ""totalFreeDeliveryPerMonth"": 0, ""actualChargesForMemberShipFees"": 0, ""actualChargesForSecurityDeposit"": 0, ""actualChargesForDamageWaiverFees"": 999}",ONE_TIME,2026-09-27T13:35:35.822Z,2026-09-29T10:58:56.792Z,c6399045-ae57-4a97-b6d4-69dd768bd1d1,"{""deviceType"": ""MOBILE"", ""gstApplied"": true, ""promoCodeId"": ""payment_provider_05af293eb83f6034ab6f3fcf8a2d0816"", ""paymentNotes"": {""userId"": ""47add784-b899-41f9-ae71-ec517dbb22e7"", ""subscriptionType"": ""ONE_TIME"", ""subscriptionPlanId"": ""26a25589-5532-4f28-b820-1b6c7894c4fd""}, ""gstPercentage"": 18, ""membershipData"": {""amount"": 0, ""isMembershipFee"": true}, ""priceBreakdown"": {""basePrice"": 15588, ""gstAmount"": 2986, ""couponCode"": ""GANESHA"", ""finalPrice"": 13573, ""couponPercent"": null, ""proRataCredit"": null, ""couponDiscount"": 6000, ""membershipFees"": 0, ""securityDeposit"": 0, ""damageWaiverFees"": 999}, ""isRecurringInit"": false, ""paymentProvider"": ""RAZOR_PAY"", ""userTrialApplied"": false, ""securityDepositData"": {""securityDepositApplied"": false}, ""isTrialPeriodExpired"": true, ""merchantTransactionId"": ""order_Th4zrZCzxOrbLv"", ""userDamageWaiverFeesApplied"": true}",,,,,,{},[],"{""couponId"": ""c6399045-ae57-4a97-b6d4-69dd768bd1d1"", ""couponAppliedStatus"": ""PENDING"", ""isCouponAppliedOnSubscriptionRenew"": false}"
f8961b9c-0b54-425b-bc32-f779a82176cd,476402df-dc8d-418d-b2da-fb2258c69108,,24000.0,2026-09-29T11:09:11Z,2027-09-28T11:09:11Z,0,order_ThpW9ZOp9Whznh,afa2626e-3430-4b53-a7f1-327e8b8bbf56,ACTIVE,,upi,,"{""discount"": ""25%"", ""isNewPlan"": true, ""isPlayMax"": false, ""trialDays"": 0, ""isPlayMini"": false, ""isPlayPlus"": false, ""toyProgram"": ""-"", ""planSavings"": 0, ""planVersion"": ""v2"", ""trialAmount"": 0, ""isWeeklyPlan"": true, ""trialApplied"": false, ""isDefaultView"": true, ""memberShipFees"": 0, ""bonusDeliveries"": 0, ""deliveryCharges"": 100, ""sameDayDelivery"": false, ""damageWaiverFees"": 999, ""maxBigToyAllowed"": 1, ""planDurationWeeks"": 52, ""refundableDeposit"": 0, ""moneyBackGuarantee"": 0, ""effectiveCostPerMonth"": 999, ""membershipFeesApplied"": false, ""deliveryFrequencyWeeks"": 1, ""planPriceDiscountAdmin"": -2199001, ""securityDepositApplied"": false, ""totalKeepCountPerMonth"": 3, ""damageWaiverFeesApplied"": true, ""isUnlimitedFreeDelivery"": true, ""autoScheduledToyDelivery"": true, ""maxToyHoldingValueAllowed"": 400000, ""totalFreeDeliveryPerMonth"": 3, ""actualChargesForMemberShipFees"": 0, ""actualChargesForSecurityDeposit"": 0, ""actualChargesForDamageWaiverFees"": 999}",ONE_TIME,2026-09-29T11:09:11.945Z,2026-09-29T11:09:11.945Z,,"{""amount"": 2200000, ""deviceType"": ""MOBILE"", ""gstApplied"": true, ""paymentNotes"": {""userId"": ""476402df-dc8d-418d-b2da-fb2258c69108"", ""paymentLinkId"": ""3594ae18-1a46-4516-a307-d10aac01e94c"", ""subscriptionPlanId"": ""afa2626e-3430-4b53-a7f1-327e8b8bbf56""}, ""gstPercentage"": 18, ""paymentLinkId"": ""3594ae18-1a46-4516-a307-d10aac01e94c"", ""membershipData"": {""amount"": 0, ""isMembershipFee"": false}, ""isRecurringInit"": false, ""paymentProvider"": ""RAZOR_PAY"", ""userTrialApplied"": false, ""securityDepositData"": {""amount"": 0, ""securityDepositApplied"": false}, ""isTrialPeriodExpired"": true, ""merchantTransactionId"": ""order_ThpW9ZOp9Whznh"", ""userDamageWaiverFeesApplied"": true}",,,,,,{},[],{}
68bd4d72-ec44-463e-bff5-c30c5183c582,b3aac842-3cdf-404c-80e3-62fde3b37ced,,15588.0,2026-09-29T11:18:29Z,2027-09-29T11:18:29Z,0,order_Tghu0o3kPRnPMU,26a25589-5532-4f28-b820-1b6c7894c4fd,ACTIVE,,cardless_emi,,"{""discount"": ""25%"", ""isNewPlan"": false, ""trialDays"": 30, ""toyProgram"": ""-"", ""planSavings"": 3597, ""planVersion"": ""v2"", ""trialAmount"": 999, ""trialApplied"": false, ""memberShipFees"": 0, ""bonusDeliveries"": 0, ""deliveryCharges"": 100, ""sameDayDelivery"": true, ""damageWaiverFees"": 999, ""maxBigToyAllowed"": 1, ""refundableDeposit"": 0, ""moneyBackGuarantee"": 30, ""effectiveCostPerMonth"": 1299, ""membershipFeesApplied"": false, ""securityDepositApplied"": false, ""totalKeepCountPerMonth"": 3, ""damageWaiverFeesApplied"": true, ""isUnlimitedFreeDelivery"": true, ""maxToyHoldingValueAllowed"": 120000, ""totalFreeDeliveryPerMonth"": 0, ""actualChargesForMemberShipFees"": 0, ""actualChargesForSecurityDeposit"": 0, ""actualChargesForDamageWaiverFees"": 999}",ONE_TIME,2026-09-26T15:00:05.3Z,2026-09-29T11:18:29.971Z,b48b437b-d6a6-4408-8933-652333ba893f,"{""deviceType"": ""MOBILE"", ""gstApplied"": true, ""promoCodeId"": ""payment_provider_09cdd57ffd526050fda398b8145fb5d2"", ""paymentNotes"": {""userId"": ""b3aac842-3cdf-404c-80e3-62fde3b37ced"", ""subscriptionType"": ""ONE_TIME"", ""subscriptionPlanId"": ""26a25589-5532-4f28-b820-1b6c7894c4fd""}, ""gstPercentage"": 18, ""membershipData"": {""amount"": 0, ""isMembershipFee"": true}, ""priceBreakdown"": {""basePrice"": 15588, ""gstAmount"": 2986, ""couponCode"": ""AKFLAT11K"", ""finalPrice"": 11000, ""couponPercent"": null, ""proRataCredit"": null, ""couponDiscount"": 8573, ""membershipFees"": 0, ""securityDeposit"": 0, ""damageWaiverFees"": 999}, ""isRecurringInit"": false, ""paymentProvider"": ""RAZOR_PAY"", ""userTrialApplied"": false, ""securityDepositData"": {""securityDepositApplied"": false}, ""isTrialPeriodExpired"": true, ""merchantTransactionId"": ""order_Tghu0o3kPRnPMU"", ""userDamageWaiverFeesApplied"": true}",,,,,,{},[],"{""couponId"": ""b48b437b-d6a6-4408-8933-652333ba893f"", ""couponAppliedStatus"": ""PENDING"", ""isCouponAppliedOnSubscriptionRenew"": false}"
7cda8447-b12e-49e8-99d9-221ef19187ac,086bdba5-5294-4301-b1f8-e2e71ca040b6,pay_TggTsQ2D4jmWo2,15588.0,2026-09-29T12:07:40Z,2027-09-29T12:07:40Z,0,assigned_586216a2b84e92d71e5a6a6bad1c3012,26a25589-5532-4f28-b820-1b6c7894c4fd,ACTIVE,,upi,,"{""discount"": ""25%"", ""isNewPlan"": false, ""pricePaid"": 5000, ""trialDays"": 30, ""toyProgram"": ""-"", ""planSavings"": 3597, ""planVersion"": ""v2"", ""trialAmount"": 999, ""trialApplied"": false, ""memberShipFees"": 0, ""bonusDeliveries"": 0, ""deliveryCharges"": 100, ""sameDayDelivery"": true, ""damageWaiverFees"": 999, ""maxBigToyAllowed"": 1, ""refundableDeposit"": 0, ""memberShipFeesPaid"": 0, ""moneyBackGuarantee"": 30, ""effectiveCostPerMonth"": 1299, ""membershipFeesApplied"": false, ""refundableDepositPaid"": 0, ""planPriceDiscountAdmin"": 0, ""securityDepositApplied"": false, ""totalKeepCountPerMonth"": 3, ""damageWaiverFeesApplied"": true, ""isUnlimitedFreeDelivery"": true, ""membershipDiscountAdmin"": 0, ""maxToyHoldingValueAllowed"": 120000, ""totalFreeDeliveryPerMonth"": 0, ""actualChargesForMemberShipFees"": 0, ""refundableDepositDiscountAdmin"": 0, ""actualChargesForSecurityDeposit"": 0, ""actualChargesForDamageWaiverFees"": 999}",ASSIGNED,2026-09-26T13:46:36.057Z,2026-09-29T12:07:40.42Z,,"{""note"": ""Upgraded from Google Sheet"", ""amount"": 0, ""gstApplied"": true, ""paymentDate"": ""2026-09-26T19:16:35+05:30"", ""gstPercentage"": 18, ""membershipData"": {""amount"": 0, ""isMembershipFee"": true}, ""priceBreakdown"": {""basePrice"": 15588, ""gstAmount"": 2806, ""couponCode"": null, ""finalPrice"": 15218, ""couponPercent"": null, ""proRataCredit"": 3176, ""couponDiscount"": 0, ""membershipFees"": 0, ""securityDeposit"": 0, ""damageWaiverFees"": 0}, ""userTrialApplied"": false, ""isTrialPeriodExpired"": true, ""userDamageWaiverFeesApplied"": false}",,,,,,{},[],{}
1f52ddfc-2a0d-400a-bfff-59ee442a018e,31a1b82a-8b15-489b-99d0-0b9bc8fdebf2,,15588.0,2026-09-29T12:55:24Z,2027-09-29T12:55:24Z,0,order_Tgb7eTfnjsrJFb,26a25589-5532-4f28-b820-1b6c7894c4fd,ACTIVE,,upi,,"{""discount"": ""25%"", ""isNewPlan"": false, ""trialDays"": 30, ""toyProgram"": ""-"", ""planSavings"": 3597, ""planVersion"": ""v2"", ""trialAmount"": 999, ""trialApplied"": false, ""memberShipFees"": 0, ""bonusDeliveries"": 0, ""deliveryCharges"": 100, ""sameDayDelivery"": true, ""damageWaiverFees"": 999, ""maxBigToyAllowed"": 1, ""refundableDeposit"": 0, ""moneyBackGuarantee"": 30, ""effectiveCostPerMonth"": 1299, ""membershipFeesApplied"": false, ""securityDepositApplied"": false, ""totalKeepCountPerMonth"": 3, ""damageWaiverFeesApplied"": true, ""isUnlimitedFreeDelivery"": true, ""maxToyHoldingValueAllowed"": 120000, ""totalFreeDeliveryPerMonth"": 0, ""actualChargesForMemberShipFees"": 0, ""actualChargesForSecurityDeposit"": 0, ""actualChargesForDamageWaiverFees"": 999}",ONE_TIME,2026-09-26T08:22:08.766Z,2026-09-29T12:55:24.82Z,39d4dac4-9537-4653-874b-36bd27b763a0,"{""deviceType"": ""MOBILE"", ""gstApplied"": true, ""promoCodeId"": ""payment_provider_444be18c9e16d1cd1b19ef1c8a66b2ab"", ""paymentNotes"": {""userId"": ""31a1b82a-8b15-489b-99d0-0b9bc8fdebf2"", ""subscriptionType"": ""ONE_TIME"", ""subscriptionPlanId"": ""26a25589-5532-4f28-b820-1b6c7894c4fd""}, ""gstPercentage"": 18, ""membershipData"": {""amount"": 0, ""isMembershipFee"": true}, ""priceBreakdown"": {""basePrice"": 15588, ""gstAmount"": 2986, ""couponCode"": ""FLAT11KAK"", ""finalPrice"": 11000, ""couponPercent"": null, ""proRataCredit"": null, ""couponDiscount"": 8573, ""membershipFees"": 0, ""securityDeposit"": 0, ""damageWaiverFees"": 999}, ""isRecurringInit"": false, ""paymentProvider"": ""RAZOR_PAY"", ""userTrialApplied"": false, ""securityDepositData"": {""securityDepositApplied"": false}, ""isTrialPeriodExpired"": true, ""merchantTransactionId"": ""order_Tgb7eTfnjsrJFb"", ""userDamageWaiverFeesApplied"": true}",,,,,,{},[],"{""couponId"": ""39d4dac4-9537-4653-874b-36bd27b763a0"", ""couponAppliedStatus"": ""PENDING"", ""isCouponAppliedOnSubscriptionRenew"": false}"
71f7e330-c198-4180-b57c-505bfc6da0a8,87e53a91-7b50-4651-af19-1d7f9eb49fbf,T2609271518102070546769,15588.0,2026-09-29T12:56:37Z,2027-09-29T12:56:37Z,0,assigned_1e93d981d464a31754e0b53c2752d91d,26a25589-5532-4f28-b820-1b6c7894c4fd,ACTIVE,,upi,,"{""discount"": ""25%"", ""isNewPlan"": false, ""pricePaid"": 11000, ""trialDays"": 30, ""toyProgram"": ""-"", ""planSavings"": 3597, ""planVersion"": ""v2"", ""trialAmount"": 999, ""trialApplied"": false, ""memberShipFees"": 0, ""bonusDeliveries"": 0, ""deliveryCharges"": 100, ""sameDayDelivery"": true, ""damageWaiverFees"": 999, ""maxBigToyAllowed"": 1, ""refundableDeposit"": 0, ""memberShipFeesPaid"": 0, ""moneyBackGuarantee"": 30, ""effectiveCostPerMonth"": 1299, ""membershipFeesApplied"": false, ""refundableDepositPaid"": 0, ""planPriceDiscountAdmin"": 0, ""securityDepositApplied"": false, ""totalKeepCountPerMonth"": 3, ""damageWaiverFeesApplied"": true, ""isUnlimitedFreeDelivery"": true, ""membershipDiscountAdmin"": 0, ""maxToyHoldingValueAllowed"": 120000, ""totalFreeDeliveryPerMonth"": 0, ""actualChargesForMemberShipFees"": 0, ""refundableDepositDiscountAdmin"": 0, ""actualChargesForSecurityDeposit"": 0, ""actualChargesForDamageWaiverFees"": 999}",ASSIGNED,2026-09-27T09:52:15.097Z,2026-09-29T12:56:37.379Z,,"{""note"": ""Assigned from Google Sheet"", ""amount"": 0, ""gstApplied"": true, ""paymentDate"": ""2026-09-27T15:22:15+05:30"", ""gstPercentage"": 18, ""membershipData"": {""amount"": 0, ""isMembershipFee"": true}, ""priceBreakdown"": {""basePrice"": 15588, ""gstAmount"": 2986, ""couponCode"": null, ""finalPrice"": 19573, ""couponPercent"": null, ""proRataCredit"": 0, ""couponDiscount"": 0, ""membershipFees"": 0, ""securityDeposit"": 0, ""damageWaiverFees"": 999}, ""userTrialApplied"": false, ""isTrialPeriodExpired"": true, ""userDamageWaiverFeesApplied"": true}",,,,,,{},[],{}
aec38c28-2fcd-4a61-a238-ed4b1d7d2e16,0a66c55a-3396-472d-aa4f-c9b992e6e664,,15588.0,2026-09-29T13:06:52Z,2027-09-29T13:06:52Z,0,order_TgaOtvzAcgfQ64,26a25589-5532-4f28-b820-1b6c7894c4fd,ACTIVE,,upi,,"{""discount"": ""25%"", ""isNewPlan"": false, ""trialDays"": 30, ""toyProgram"": ""-"", ""planSavings"": 3597, ""planVersion"": ""v2"", ""trialAmount"": 999, ""trialApplied"": false, ""memberShipFees"": 0, ""bonusDeliveries"": 0, ""deliveryCharges"": 100, ""sameDayDelivery"": true, ""damageWaiverFees"": 999, ""maxBigToyAllowed"": 1, ""refundableDeposit"": 0, ""moneyBackGuarantee"": 30, ""effectiveCostPerMonth"": 1299, ""membershipFeesApplied"": false, ""securityDepositApplied"": false, ""totalKeepCountPerMonth"": 3, ""damageWaiverFeesApplied"": true, ""isUnlimitedFreeDelivery"": true, ""maxToyHoldingValueAllowed"": 120000, ""totalFreeDeliveryPerMonth"": 0, ""actualChargesForMemberShipFees"": 0, ""actualChargesForSecurityDeposit"": 0, ""actualChargesForDamageWaiverFees"": 999}",ONE_TIME,2026-09-26T07:39:46.89Z,2026-09-29T13:06:52.749Z,c6399045-ae57-4a97-b6d4-69dd768bd1d1,"{""deviceType"": ""MOBILE"", ""gstApplied"": true, ""promoCodeId"": ""payment_provider_05af293eb83f6034ab6f3fcf8a2d0816"", ""paymentNotes"": {""userId"": ""0a66c55a-3396-472d-aa4f-c9b992e6e664"", ""subscriptionType"": ""ONE_TIME"", ""subscriptionPlanId"": ""26a25589-5532-4f28-b820-1b6c7894c4fd""}, ""gstPercentage"": 18, ""membershipData"": {""amount"": 0, ""isMembershipFee"": true}, ""priceBreakdown"": {""basePrice"": 15588, ""gstAmount"": 2986, ""couponCode"": ""GANESHA"", ""finalPrice"": 13573, ""couponPercent"": null, ""proRataCredit"": null, ""couponDiscount"": 6000, ""membershipFees"": 0, ""securityDeposit"": 0, ""damageWaiverFees"": 999}, ""isRecurringInit"": false, ""paymentProvider"": ""RAZOR_PAY"", ""userTrialApplied"": false, ""securityDepositData"": {""securityDepositApplied"": false}, ""isTrialPeriodExpired"": true, ""merchantTransactionId"": ""order_TgaOtvzAcgfQ64"", ""userDamageWaiverFeesApplied"": true}",,,,,,{},[],"{""couponId"": ""c6399045-ae57-4a97-b6d4-69dd768bd1d1"", ""couponAppliedStatus"": ""PENDING"", ""isCouponAppliedOnSubscriptionRenew"": false}"
19c655aa-bba6-4187-bc72-22f06ec9e8ad,5c677f79-7ca9-41df-a84a-7564fba69f8f,,15588.0,2026-09-29T13:46:22Z,2027-09-29T13:46:22Z,0,order_Ths5Lt2X9GtMXL,26a25589-5532-4f28-b820-1b6c7894c4fd,ACTIVE,,cardless_emi,,"{""discount"": ""25%"", ""isNewPlan"": false, ""trialDays"": 30, ""toyProgram"": ""-"", ""planSavings"": 3597, ""planVersion"": ""v2"", ""trialAmount"": 999, ""trialApplied"": false, ""memberShipFees"": 0, ""bonusDeliveries"": 0, ""deliveryCharges"": 100, ""sameDayDelivery"": true, ""damageWaiverFees"": 999, ""maxBigToyAllowed"": 1, ""refundableDeposit"": 0, ""moneyBackGuarantee"": 30, ""effectiveCostPerMonth"": 1299, ""membershipFeesApplied"": false, ""securityDepositApplied"": false, ""totalKeepCountPerMonth"": 3, ""damageWaiverFeesApplied"": true, ""isUnlimitedFreeDelivery"": true, ""maxToyHoldingValueAllowed"": 120000, ""totalFreeDeliveryPerMonth"": 0, ""actualChargesForMemberShipFees"": 0, ""actualChargesForSecurityDeposit"": 0, ""actualChargesForDamageWaiverFees"": 999}",ONE_TIME,2026-09-29T13:36:45.662Z,2026-09-29T13:46:22.584Z,ff77994e-5850-4727-9a77-16e330f40f1d,"{""deviceType"": ""MOBILE"", ""gstApplied"": true, ""promoCodeId"": ""payment_provider_ad2c1a4b0f579ab1582c31d129ef207a"", ""paymentNotes"": {""userId"": ""5c677f79-7ca9-41df-a84a-7564fba69f8f"", ""subscriptionType"": ""ONE_TIME"", ""subscriptionPlanId"": ""26a25589-5532-4f28-b820-1b6c7894c4fd""}, ""gstPercentage"": 18, ""membershipData"": {""amount"": 0, ""isMembershipFee"": true}, ""priceBreakdown"": {""basePrice"": 15588, ""gstAmount"": 1864, ""couponCode"": ""SAELEFANT2026"", ""finalPrice"": 12215, ""couponPercent"": 40, ""proRataCredit"": null, ""couponDiscount"": 6236, ""membershipFees"": 0, ""securityDeposit"": 0, ""damageWaiverFees"": 999}, ""isRecurringInit"": false, ""paymentProvider"": ""RAZOR_PAY"", ""userTrialApplied"": false, ""securityDepositData"": {""securityDepositApplied"": false}, ""isTrialPeriodExpired"": true, ""merchantTransactionId"": ""order_Ths5Lt2X9GtMXL"", ""userDamageWaiverFeesApplied"": true}",,,,,,{},[],"{""couponId"": ""ff77994e-5850-4727-9a77-16e330f40f1d"", ""couponAppliedStatus"": ""PENDING"", ""isCouponAppliedOnSubscriptionRenew"": false}"
57b24f10-7e3c-4128-9255-2abc83c6e48d,716e03f6-e298-4e68-a8b7-5dcdd78d16b0,AXBBCD01031169842CE8A8934DC2BDA9EF3,15588.0,2026-09-29T14:27:07Z,2027-09-29T14:27:07Z,0,assigned_48ea9afeec4b88d74f347e784831dce9,26a25589-5532-4f28-b820-1b6c7894c4fd,ACTIVE,,other,,"{""discount"": ""25%"", ""isNewPlan"": false, ""pricePaid"": 11000, ""trialDays"": 30, ""toyProgram"": ""-"", ""planSavings"": 3597, ""planVersion"": ""v2"", ""trialAmount"": 999, ""trialApplied"": false, ""memberShipFees"": 0, ""bonusDeliveries"": 0, ""deliveryCharges"": 100, ""sameDayDelivery"": true, ""damageWaiverFees"": 999, ""maxBigToyAllowed"": 1, ""refundableDeposit"": 0, ""memberShipFeesPaid"": 0, ""moneyBackGuarantee"": 30, ""effectiveCostPerMonth"": 1299, ""membershipFeesApplied"": false, ""refundableDepositPaid"": 0, ""planPriceDiscountAdmin"": 0, ""securityDepositApplied"": false, ""totalKeepCountPerMonth"": 3, ""damageWaiverFeesApplied"": true, ""isUnlimitedFreeDelivery"": true, ""membershipDiscountAdmin"": 0, ""maxToyHoldingValueAllowed"": 120000, ""totalFreeDeliveryPerMonth"": 0, ""actualChargesForMemberShipFees"": 0, ""refundableDepositDiscountAdmin"": 0, ""actualChargesForSecurityDeposit"": 0, ""actualChargesForDamageWaiverFees"": 999}",ASSIGNED,2026-09-26T08:38:24.375Z,2026-09-29T14:27:07.958Z,,"{""note"": ""Assigned from Google Sheet"", ""amount"": 0, ""gstApplied"": true, ""paymentDate"": ""2026-09-26T14:08:24+05:30"", ""gstPercentage"": 18, ""membershipData"": {""amount"": 0, ""isMembershipFee"": true}, ""priceBreakdown"": {""basePrice"": 15588, ""gstAmount"": 2986, ""couponCode"": null, ""finalPrice"": 19573, ""couponPercent"": null, ""proRataCredit"": 0, ""couponDiscount"": 0, ""membershipFees"": 0, ""securityDeposit"": 0, ""damageWaiverFees"": 999}, ""userTrialApplied"": false, ""isTrialPeriodExpired"": true, ""userDamageWaiverFeesApplied"": true}",,,,,,{},[],{}
ed283d6f-8d72-4ab5-a789-71e94142944e,8046776f-b662-4078-9232-1cf541d6aebb,,15588.0,2026-09-29T16:38:57Z,2027-09-29T16:38:57Z,0,order_Thv7z8cJZm0KU1,26a25589-5532-4f28-b820-1b6c7894c4fd,ACTIVE,,card,,"{""discount"": ""25%"", ""isNewPlan"": false, ""trialDays"": 30, ""toyProgram"": ""-"", ""planSavings"": 3597, ""planVersion"": ""v2"", ""trialAmount"": 999, ""trialApplied"": false, ""memberShipFees"": 0, ""bonusDeliveries"": 0, ""deliveryCharges"": 100, ""sameDayDelivery"": true, ""damageWaiverFees"": 999, ""maxBigToyAllowed"": 1, ""refundableDeposit"": 0, ""moneyBackGuarantee"": 30, ""effectiveCostPerMonth"": 1299, ""membershipFeesApplied"": false, ""securityDepositApplied"": false, ""totalKeepCountPerMonth"": 3, ""damageWaiverFeesApplied"": true, ""isUnlimitedFreeDelivery"": true, ""maxToyHoldingValueAllowed"": 120000, ""totalFreeDeliveryPerMonth"": 0, ""actualChargesForMemberShipFees"": 0, ""actualChargesForSecurityDeposit"": 0, ""actualChargesForDamageWaiverFees"": 999}",ONE_TIME,2026-09-29T16:35:20.09Z,2026-09-29T16:38:57.095Z,cb81d7b9-7d38-4635-a4d5-5d517530c507,"{""deviceType"": ""MOBILE"", ""gstApplied"": true, ""promoCodeId"": ""payment_provider_985154968a3d90ffecf85059926d40ce"", ""paymentNotes"": {""userId"": ""8046776f-b662-4078-9232-1cf541d6aebb"", ""subscriptionType"": ""ONE_TIME"", ""subscriptionPlanId"": ""26a25589-5532-4f28-b820-1b6c7894c4fd""}, ""gstPercentage"": 18, ""membershipData"": {""amount"": 0, ""isMembershipFee"": true}, ""priceBreakdown"": {""basePrice"": 15588, ""gstAmount"": 2986, ""couponCode"": ""BOGOAKA"", ""finalPrice"": 9787, ""couponPercent"": null, ""proRataCredit"": null, ""couponDiscount"": 9786, ""membershipFees"": 0, ""securityDeposit"": 0, ""damageWaiverFees"": 999}, ""isRecurringInit"": false, ""paymentProvider"": ""RAZOR_PAY"", ""userTrialApplied"": false, ""securityDepositData"": {""securityDepositApplied"": false}, ""isTrialPeriodExpired"": true, ""merchantTransactionId"": ""order_Thv7z8cJZm0KU1"", ""userDamageWaiverFeesApplied"": true}",,,,,,{},[],"{""couponId"": ""cb81d7b9-7d38-4635-a4d5-5d517530c507"", ""couponAppliedStatus"": ""PENDING"", ""isCouponAppliedOnSubscriptionRenew"": false}"
d4766d68-b472-47a8-8783-604c80107194,37123f8f-4dcc-4e29-a97c-8b3a28548949,,15588.0,2026-09-29T18:13:15Z,2027-09-29T18:13:15Z,0,order_ThOPOtkV2vH7Ds,26a25589-5532-4f28-b820-1b6c7894c4fd,ACTIVE,,wallet,,"{""discount"": ""25%"", ""isNewPlan"": false, ""trialDays"": 30, ""toyProgram"": ""-"", ""planSavings"": 3597, ""planVersion"": ""v2"", ""trialAmount"": 999, ""trialApplied"": false, ""memberShipFees"": 0, ""bonusDeliveries"": 0, ""deliveryCharges"": 100, ""sameDayDelivery"": true, ""damageWaiverFees"": 999, ""maxBigToyAllowed"": 1, ""refundableDeposit"": 0, ""moneyBackGuarantee"": 30, ""effectiveCostPerMonth"": 1299, ""membershipFeesApplied"": false, ""securityDepositApplied"": false, ""totalKeepCountPerMonth"": 3, ""damageWaiverFeesApplied"": true, ""isUnlimitedFreeDelivery"": true, ""maxToyHoldingValueAllowed"": 120000, ""totalFreeDeliveryPerMonth"": 0, ""actualChargesForMemberShipFees"": 0, ""actualChargesForSecurityDeposit"": 0, ""actualChargesForDamageWaiverFees"": 999}",ONE_TIME,2026-09-28T08:34:56Z,2026-09-29T18:13:15.374Z,01e44bd5-f585-4ce5-a6a7-a6dd40de2334,"{""deviceType"": ""MOBILE"", ""gstApplied"": true, ""promoCodeId"": ""payment_provider_ff77eacfd6873255307a24ce752aacdb"", ""paymentNotes"": {""userId"": ""37123f8f-4dcc-4e29-a97c-8b3a28548949"", ""subscriptionType"": ""ONE_TIME"", ""subscriptionPlanId"": ""26a25589-5532-4f28-b820-1b6c7894c4fd""}, ""gstPercentage"": 18, ""membershipData"": {""amount"": 0, ""isMembershipFee"": true}, ""priceBreakdown"": {""basePrice"": 15588, ""gstAmount"": 2986, ""couponCode"": ""FLAT12K"", ""finalPrice"": 12000, ""couponPercent"": null, ""proRataCredit"": null, ""couponDiscount"": 7573, ""membershipFees"": 0, ""securityDeposit"": 0, ""damageWaiverFees"": 999}, ""isRecurringInit"": false, ""paymentProvider"": ""RAZOR_PAY"", ""userTrialApplied"": false, ""securityDepositData"": {""securityDepositApplied"": false}, ""isTrialPeriodExpired"": true, ""merchantTransactionId"": ""order_ThOPOtkV2vH7Ds"", ""userDamageWaiverFeesApplied"": true}",,,,,,{},[],"{""couponId"": ""01e44bd5-f585-4ce5-a6a7-a6dd40de2334"", ""couponAppliedStatus"": ""PENDING"", ""isCouponAppliedOnSubscriptionRenew"": false}"
8774acf2-dd5d-4cad-a677-595e9929545d,3897f841-0432-4584-be51-9405e15fa120,,15588.0,2026-09-29T18:27:45Z,2027-09-29T18:27:45Z,0,order_Tgjfjsd1LVEmG1,26a25589-5532-4f28-b820-1b6c7894c4fd,ACTIVE,,upi,,"{""discount"": ""25%"", ""isNewPlan"": false, ""trialDays"": 30, ""toyProgram"": ""-"", ""planSavings"": 3597, ""planVersion"": ""v2"", ""trialAmount"": 999, ""trialApplied"": false, ""memberShipFees"": 0, ""bonusDeliveries"": 0, ""deliveryCharges"": 100, ""sameDayDelivery"": true, ""damageWaiverFees"": 999, ""maxBigToyAllowed"": 1, ""refundableDeposit"": 0, ""moneyBackGuarantee"": 30, ""effectiveCostPerMonth"": 1299, ""membershipFeesApplied"": false, ""securityDepositApplied"": false, ""totalKeepCountPerMonth"": 3, ""damageWaiverFeesApplied"": true, ""isUnlimitedFreeDelivery"": true, ""maxToyHoldingValueAllowed"": 120000, ""totalFreeDeliveryPerMonth"": 0, ""actualChargesForMemberShipFees"": 0, ""actualChargesForSecurityDeposit"": 0, ""actualChargesForDamageWaiverFees"": 999}",ONE_TIME,2026-09-26T16:43:57.83Z,2026-09-29T18:27:45.442Z,c6399045-ae57-4a97-b6d4-69dd768bd1d1,"{""deviceType"": ""MOBILE"", ""gstApplied"": true, ""promoCodeId"": ""payment_provider_05af293eb83f6034ab6f3fcf8a2d0816"", ""paymentNotes"": {""userId"": ""3897f841-0432-4584-be51-9405e15fa120"", ""subscriptionType"": ""ONE_TIME"", ""subscriptionPlanId"": ""26a25589-5532-4f28-b820-1b6c7894c4fd""}, ""gstPercentage"": 18, ""membershipData"": {""amount"": 0, ""isMembershipFee"": true}, ""priceBreakdown"": {""basePrice"": 15588, ""gstAmount"": 2986, ""couponCode"": ""GANESHA"", ""finalPrice"": 13573, ""couponPercent"": null, ""proRataCredit"": null, ""couponDiscount"": 6000, ""membershipFees"": 0, ""securityDeposit"": 0, ""damageWaiverFees"": 999}, ""isRecurringInit"": false, ""paymentProvider"": ""RAZOR_PAY"", ""userTrialApplied"": false, ""securityDepositData"": {""securityDepositApplied"": false}, ""isTrialPeriodExpired"": true, ""merchantTransactionId"": ""order_Tgjfjsd1LVEmG1"", ""userDamageWaiverFeesApplied"": true}",,,,,,{},[],"{""couponId"": ""c6399045-ae57-4a97-b6d4-69dd768bd1d1"", ""couponAppliedStatus"": ""PENDING"", ""isCouponAppliedOnSubscriptionRenew"": false}"
54ee6942-ae4d-480b-b0be-9907de14b656,1463998d-9360-4f24-8994-f0f0f48e3cd2,,15588.0,2026-09-29T22:16:32Z,2027-09-29T22:16:32Z,0,order_Ti0w6wXjmFxJxG,26a25589-5532-4f28-b820-1b6c7894c4fd,ACTIVE,,upi,,"{""discount"": ""25%"", ""isNewPlan"": false, ""trialDays"": 30, ""toyProgram"": ""-"", ""planSavings"": 3597, ""planVersion"": ""v2"", ""trialAmount"": 999, ""trialApplied"": false, ""memberShipFees"": 0, ""bonusDeliveries"": 0, ""deliveryCharges"": 100, ""sameDayDelivery"": true, ""damageWaiverFees"": 999, ""maxBigToyAllowed"": 1, ""refundableDeposit"": 0, ""moneyBackGuarantee"": 30, ""effectiveCostPerMonth"": 1299, ""membershipFeesApplied"": false, ""securityDepositApplied"": false, ""totalKeepCountPerMonth"": 3, ""damageWaiverFeesApplied"": true, ""isUnlimitedFreeDelivery"": true, ""maxToyHoldingValueAllowed"": 120000, ""totalFreeDeliveryPerMonth"": 0, ""actualChargesForMemberShipFees"": 0, ""actualChargesForSecurityDeposit"": 0, ""actualChargesForDamageWaiverFees"": 999}",ONE_TIME,2026-09-29T22:16:15.312Z,2026-09-29T22:16:32.68Z,2c051b6f-baeb-40d9-872c-28ab117ea39b,"{""deviceType"": ""MOBILE"", ""gstApplied"": true, ""promoCodeId"": ""payment_provider_aa492afb039154b981bf6a2abfefb8fe"", ""paymentNotes"": {""userId"": ""1463998d-9360-4f24-8994-f0f0f48e3cd2"", ""subscriptionType"": ""ONE_TIME"", ""subscriptionPlanId"": ""26a25589-5532-4f28-b820-1b6c7894c4fd""}, ""gstPercentage"": 18, ""membershipData"": {""amount"": 0, ""isMembershipFee"": true}, ""priceBreakdown"": {""basePrice"": 15588, ""gstAmount"": 2986, ""couponCode"": ""LASTCALL"", ""finalPrice"": 13573, ""couponPercent"": null, ""proRataCredit"": null, ""couponDiscount"": 6000, ""membershipFees"": 0, ""securityDeposit"": 0, ""damageWaiverFees"": 999}, ""isRecurringInit"": false, ""paymentProvider"": ""RAZOR_PAY"", ""userTrialApplied"": false, ""securityDepositData"": {""securityDepositApplied"": false}, ""isTrialPeriodExpired"": true, ""merchantTransactionId"": ""order_Ti0w6wXjmFxJxG"", ""userDamageWaiverFeesApplied"": true}",,,,,,{},[],"{""couponId"": ""2c051b6f-baeb-40d9-872c-28ab117ea39b"", ""couponAppliedStatus"": ""PENDING"", ""isCouponAppliedOnSubscriptionRenew"": false}"
8455f5df-fecd-44e3-989f-2376eb3161fe,201d5722-c73a-4033-889c-7849fda1749e,130320178926,15588.0,2026-09-30T05:06:01Z,2027-09-30T05:06:01Z,0,assigned_51cd1c09a7c2fa2a1417de7ee0241ebf,26a25589-5532-4f28-b820-1b6c7894c4fd,ACTIVE,,upi,,"{""discount"": ""25%"", ""isNewPlan"": false, ""pricePaid"": 9787, ""trialDays"": 30, ""toyProgram"": ""-"", ""planSavings"": 3597, ""planVersion"": ""v2"", ""trialAmount"": 999, ""trialApplied"": false, ""memberShipFees"": 0, ""bonusDeliveries"": 0, ""deliveryCharges"": 100, ""sameDayDelivery"": true, ""damageWaiverFees"": 999, ""maxBigToyAllowed"": 1, ""refundableDeposit"": 0, ""memberShipFeesPaid"": 0, ""moneyBackGuarantee"": 30, ""effectiveCostPerMonth"": 1299, ""membershipFeesApplied"": false, ""refundableDepositPaid"": 0, ""planPriceDiscountAdmin"": 0, ""securityDepositApplied"": false, ""totalKeepCountPerMonth"": 3, ""damageWaiverFeesApplied"": true, ""isUnlimitedFreeDelivery"": true, ""membershipDiscountAdmin"": 0, ""maxToyHoldingValueAllowed"": 120000, ""totalFreeDeliveryPerMonth"": 0, ""actualChargesForMemberShipFees"": 0, ""refundableDepositDiscountAdmin"": 0, ""actualChargesForSecurityDeposit"": 0, ""actualChargesForDamageWaiverFees"": 999}",ASSIGNED,2026-09-27T11:59:00.94Z,2026-09-30T05:06:01.81Z,,"{""note"": ""Assigned from Google Sheet"", ""amount"": 0, ""gstApplied"": true, ""paymentDate"": ""2026-09-27T17:29:00+05:30"", ""gstPercentage"": 18, ""membershipData"": {""amount"": 0, ""isMembershipFee"": true}, ""priceBreakdown"": {""basePrice"": 15588, ""gstAmount"": 2986, ""couponCode"": null, ""finalPrice"": 19573, ""couponPercent"": null, ""proRataCredit"": 0, ""couponDiscount"": 0, ""membershipFees"": 0, ""securityDeposit"": 0, ""damageWaiverFees"": 999}, ""userTrialApplied"": false, ""isTrialPeriodExpired"": true, ""userDamageWaiverFeesApplied"": true}",,,,,,{},[],{}
f0403dec-05ef-4281-9530-1a08a9940ba8,66ab3c81-0a30-49f5-8c2f-42145ee08905,NA,15588.0,2026-09-30T05:16:14Z,2027-09-30T05:16:14Z,0,assigned_0c632951aaa4798aca679ca6ccb8d844,26a25589-5532-4f28-b820-1b6c7894c4fd,ACTIVE,,razorpay,,"{""discount"": ""25%"", ""isNewPlan"": false, ""pricePaid"": 11000, ""trialDays"": 30, ""toyProgram"": ""-"", ""planSavings"": 3597, ""planVersion"": ""v2"", ""trialAmount"": 999, ""trialApplied"": false, ""memberShipFees"": 0, ""bonusDeliveries"": 0, ""deliveryCharges"": 100, ""sameDayDelivery"": true, ""damageWaiverFees"": 999, ""maxBigToyAllowed"": 1, ""refundableDeposit"": 0, ""memberShipFeesPaid"": 0, ""moneyBackGuarantee"": 30, ""effectiveCostPerMonth"": 1299, ""membershipFeesApplied"": false, ""refundableDepositPaid"": 0, ""planPriceDiscountAdmin"": 4588, ""securityDepositApplied"": false, ""totalKeepCountPerMonth"": 3, ""damageWaiverFeesApplied"": true, ""isUnlimitedFreeDelivery"": true, ""membershipDiscountAdmin"": 0, ""maxToyHoldingValueAllowed"": 120000, ""totalFreeDeliveryPerMonth"": 0, ""actualChargesForMemberShipFees"": 0, ""refundableDepositDiscountAdmin"": 0, ""actualChargesForSecurityDeposit"": 0, ""actualChargesForDamageWaiverFees"": 999}",ASSIGNED,2026-09-27T15:49:54.881Z,2026-09-30T05:16:14.817Z,,"{""amount"": 11000, ""gstApplied"": true, ""paymentDate"": ""2026-09-27T15:49:52.805Z"", ""gstPercentage"": 18, ""membershipData"": {""amount"": 0, ""isMembershipFee"": true}, ""priceBreakdown"": {""basePrice"": 15588, ""gstAmount"": 2986, ""couponCode"": null, ""finalPrice"": 19573, ""couponPercent"": null, ""proRataCredit"": 0, ""couponDiscount"": 0, ""membershipFees"": 0, ""securityDeposit"": 0, ""damageWaiverFees"": 999}, ""userTrialApplied"": false, ""isTrialPeriodExpired"": true, ""userDamageWaiverFeesApplied"": true}",,,,,,{},[],{}
c5c349e0-df3f-4c63-8cc7-2662df6041ff,e2b85294-5ec6-42fa-bdf5-154d9c204aaf,,15588.0,2026-09-30T06:00:15Z,2027-09-30T06:00:15Z,0,order_Ti8mQjPNrjbwA8,26a25589-5532-4f28-b820-1b6c7894c4fd,ACTIVE,,cardless_emi,,"{""discount"": ""25%"", ""isNewPlan"": false, ""trialDays"": 30, ""toyProgram"": ""-"", ""planSavings"": 3597, ""planVersion"": ""v2"", ""trialAmount"": 999, ""trialApplied"": false, ""memberShipFees"": 0, ""bonusDeliveries"": 0, ""deliveryCharges"": 100, ""sameDayDelivery"": true, ""damageWaiverFees"": 999, ""maxBigToyAllowed"": 1, ""refundableDeposit"": 0, ""moneyBackGuarantee"": 30, ""effectiveCostPerMonth"": 1299, ""membershipFeesApplied"": false, ""securityDepositApplied"": false, ""totalKeepCountPerMonth"": 3, ""damageWaiverFeesApplied"": true, ""isUnlimitedFreeDelivery"": true, ""maxToyHoldingValueAllowed"": 120000, ""totalFreeDeliveryPerMonth"": 0, ""actualChargesForMemberShipFees"": 0, ""actualChargesForSecurityDeposit"": 0, ""actualChargesForDamageWaiverFees"": 999}",ONE_TIME,2026-09-30T05:56:38.351Z,2026-09-30T06:00:15.298Z,01e44bd5-f585-4ce5-a6a7-a6dd40de2334,"{""deviceType"": ""MOBILE"", ""gstApplied"": true, ""promoCodeId"": ""payment_provider_ff77eacfd6873255307a24ce752aacdb"", ""paymentNotes"": {""userId"": ""e2b85294-5ec6-42fa-bdf5-154d9c204aaf"", ""subscriptionType"": ""ONE_TIME"", ""subscriptionPlanId"": ""26a25589-5532-4f28-b820-1b6c7894c4fd""}, ""gstPercentage"": 18, ""membershipData"": {""amount"": 0, ""isMembershipFee"": true}, ""priceBreakdown"": {""basePrice"": 15588, ""gstAmount"": 2986, ""couponCode"": ""FLAT12K"", ""finalPrice"": 12000, ""couponPercent"": null, ""proRataCredit"": null, ""couponDiscount"": 7573, ""membershipFees"": 0, ""securityDeposit"": 0, ""damageWaiverFees"": 999}, ""isRecurringInit"": false, ""paymentProvider"": ""RAZOR_PAY"", ""userTrialApplied"": false, ""securityDepositData"": {""securityDepositApplied"": false}, ""isTrialPeriodExpired"": true, ""merchantTransactionId"": ""order_Ti8mQjPNrjbwA8"", ""userDamageWaiverFeesApplied"": true}",,,,,,{},[],"{""couponId"": ""01e44bd5-f585-4ce5-a6a7-a6dd40de2334"", ""couponAppliedStatus"": ""PENDING"", ""isCouponAppliedOnSubscriptionRenew"": false}"
63e581bc-18f3-43ad-9d51-6ad34cb26b37,c25b7b77-3e84-4a67-a969-d947f1899f1e,,15588.0,2026-09-30T07:20:38Z,2027-09-30T07:20:38Z,0,order_ThRmwYUPNFMNqc,26a25589-5532-4f28-b820-1b6c7894c4fd,ACTIVE,,cardless_emi,,"{""discount"": ""25%"", ""isNewPlan"": false, ""trialDays"": 30, ""toyProgram"": ""-"", ""planSavings"": 3597, ""planVersion"": ""v2"", ""trialAmount"": 999, ""trialApplied"": false, ""memberShipFees"": 0, ""bonusDeliveries"": 0, ""deliveryCharges"": 100, ""sameDayDelivery"": true, ""damageWaiverFees"": 999, ""maxBigToyAllowed"": 1, ""refundableDeposit"": 0, ""moneyBackGuarantee"": 30, ""effectiveCostPerMonth"": 1299, ""membershipFeesApplied"": false, ""securityDepositApplied"": false, ""totalKeepCountPerMonth"": 3, ""damageWaiverFeesApplied"": true, ""isUnlimitedFreeDelivery"": true, ""maxToyHoldingValueAllowed"": 120000, ""totalFreeDeliveryPerMonth"": 0, ""actualChargesForMemberShipFees"": 0, ""actualChargesForSecurityDeposit"": 0, ""actualChargesForDamageWaiverFees"": 999}",ONE_TIME,2026-09-28T11:53:18.079Z,2026-09-30T07:20:38.287Z,01e44bd5-f585-4ce5-a6a7-a6dd40de2334,"{""deviceType"": ""MOBILE"", ""gstApplied"": true, ""promoCodeId"": ""payment_provider_ff77eacfd6873255307a24ce752aacdb"", ""paymentNotes"": {""userId"": ""c25b7b77-3e84-4a67-a969-d947f1899f1e"", ""subscriptionType"": ""ONE_TIME"", ""subscriptionPlanId"": ""26a25589-5532-4f28-b820-1b6c7894c4fd""}, ""gstPercentage"": 18, ""membershipData"": {""amount"": 0, ""isMembershipFee"": true}, ""priceBreakdown"": {""basePrice"": 15588, ""gstAmount"": 2986, ""couponCode"": ""FLAT12K"", ""finalPrice"": 12000, ""couponPercent"": null, ""proRataCredit"": null, ""couponDiscount"": 7573, ""membershipFees"": 0, ""securityDeposit"": 0, ""damageWaiverFees"": 999}, ""isRecurringInit"": false, ""paymentProvider"": ""RAZOR_PAY"", ""userTrialApplied"": false, ""securityDepositData"": {""securityDepositApplied"": false}, ""isTrialPeriodExpired"": true, ""merchantTransactionId"": ""order_ThRmwYUPNFMNqc"", ""userDamageWaiverFeesApplied"": true}",,,,,,{},[],"{""couponId"": ""01e44bd5-f585-4ce5-a6a7-a6dd40de2334"", ""couponAppliedStatus"": ""PENDING"", ""isCouponAppliedOnSubscriptionRenew"": false}"
bc634b2f-435a-4539-b9d9-503b02a87f71,f5ca34f6-86b6-4eaa-8f60-5c41f4cb334f,,15588.0,2026-10-02T06:46:11Z,2027-10-02T06:46:11Z,0,order_Ti8pYvGDqxebGl,26a25589-5532-4f28-b820-1b6c7894c4fd,ACTIVE,,card,,"{""discount"": ""25%"", ""isNewPlan"": false, ""trialDays"": 30, ""toyProgram"": ""-"", ""planSavings"": 3597, ""planVersion"": ""v2"", ""trialAmount"": 999, ""trialApplied"": false, ""memberShipFees"": 0, ""bonusDeliveries"": 0, ""deliveryCharges"": 100, ""sameDayDelivery"": true, ""damageWaiverFees"": 999, ""maxBigToyAllowed"": 1, ""refundableDeposit"": 0, ""moneyBackGuarantee"": 30, ""effectiveCostPerMonth"": 1299, ""membershipFeesApplied"": false, ""securityDepositApplied"": false, ""totalKeepCountPerMonth"": 3, ""damageWaiverFeesApplied"": true, ""isUnlimitedFreeDelivery"": true, ""maxToyHoldingValueAllowed"": 120000, ""totalFreeDeliveryPerMonth"": 0, ""actualChargesForMemberShipFees"": 0, ""actualChargesForSecurityDeposit"": 0, ""actualChargesForDamageWaiverFees"": 999}",ONE_TIME,2026-09-30T05:59:36.256Z,2026-10-02T06:46:11.141Z,01e44bd5-f585-4ce5-a6a7-a6dd40de2334,"{""deviceType"": ""MOBILE"", ""gstApplied"": true, ""promoCodeId"": ""payment_provider_ff77eacfd6873255307a24ce752aacdb"", ""paymentNotes"": {""userId"": ""f5ca34f6-86b6-4eaa-8f60-5c41f4cb334f"", ""subscriptionType"": ""ONE_TIME"", ""subscriptionPlanId"": ""26a25589-5532-4f28-b820-1b6c7894c4fd""}, ""gstPercentage"": 18, ""membershipData"": {""amount"": 0, ""isMembershipFee"": true}, ""priceBreakdown"": {""basePrice"": 15588, ""gstAmount"": 2986, ""couponCode"": ""FLAT12K"", ""finalPrice"": 12000, ""couponPercent"": null, ""proRataCredit"": null, ""couponDiscount"": 7573, ""membershipFees"": 0, ""securityDeposit"": 0, ""damageWaiverFees"": 999}, ""isRecurringInit"": false, ""paymentProvider"": ""RAZOR_PAY"", ""userTrialApplied"": false, ""securityDepositData"": {""securityDepositApplied"": false}, ""isTrialPeriodExpired"": true, ""merchantTransactionId"": ""order_Ti8pYvGDqxebGl"", ""userDamageWaiverFeesApplied"": true}",,,,,,{},[],"{""couponId"": ""01e44bd5-f585-4ce5-a6a7-a6dd40de2334"", ""couponAppliedStatus"": ""PENDING"", ""isCouponAppliedOnSubscriptionRenew"": false}"
b147daf6-88d2-4560-a7b4-eed140f4aa3a,bf4fed19-3e5b-4489-bb2e-f558313ce7fd,,15588.0,2026-10-01T12:06:12Z,2027-10-01T12:06:12Z,0,order_ThRHRK9FXpmwk3,26a25589-5532-4f28-b820-1b6c7894c4fd,ACTIVE,,upi,,"{""discount"": ""25%"", ""isNewPlan"": false, ""trialDays"": 30, ""toyProgram"": ""-"", ""planSavings"": 3597, ""planVersion"": ""v2"", ""trialAmount"": 999, ""trialApplied"": false, ""memberShipFees"": 0, ""bonusDeliveries"": 0, ""deliveryCharges"": 100, ""sameDayDelivery"": true, ""damageWaiverFees"": 999, ""maxBigToyAllowed"": 1, ""refundableDeposit"": 0, ""moneyBackGuarantee"": 30, ""effectiveCostPerMonth"": 1299, ""membershipFeesApplied"": false, ""securityDepositApplied"": false, ""totalKeepCountPerMonth"": 3, ""damageWaiverFeesApplied"": true, ""isUnlimitedFreeDelivery"": true, ""maxToyHoldingValueAllowed"": 120000, ""totalFreeDeliveryPerMonth"": 0, ""actualChargesForMemberShipFees"": 0, ""actualChargesForSecurityDeposit"": 0, ""actualChargesForDamageWaiverFees"": 999}",ONE_TIME,2026-09-28T11:23:28.66Z,2026-10-01T12:06:12.361Z,c6399045-ae57-4a97-b6d4-69dd768bd1d1,"{""deviceType"": ""MOBILE"", ""gstApplied"": true, ""promoCodeId"": ""payment_provider_05af293eb83f6034ab6f3fcf8a2d0816"", ""paymentNotes"": {""userId"": ""bf4fed19-3e5b-4489-bb2e-f558313ce7fd"", ""subscriptionType"": ""ONE_TIME"", ""subscriptionPlanId"": ""26a25589-5532-4f28-b820-1b6c7894c4fd""}, ""gstPercentage"": 18, ""membershipData"": {""amount"": 0, ""isMembershipFee"": true}, ""priceBreakdown"": {""basePrice"": 15588, ""gstAmount"": 2986, ""couponCode"": ""GANESHA"", ""finalPrice"": 13573, ""couponPercent"": null, ""proRataCredit"": null, ""couponDiscount"": 6000, ""membershipFees"": 0, ""securityDeposit"": 0, ""damageWaiverFees"": 999}, ""isRecurringInit"": false, ""paymentProvider"": ""RAZOR_PAY"", ""userTrialApplied"": false, ""securityDepositData"": {""securityDepositApplied"": false}, ""isTrialPeriodExpired"": true, ""merchantTransactionId"": ""order_ThRHRK9FXpmwk3"", ""userDamageWaiverFeesApplied"": true}",,,,,,{},[],"{""couponId"": ""c6399045-ae57-4a97-b6d4-69dd768bd1d1"", ""couponAppliedStatus"": ""PENDING"", ""isCouponAppliedOnSubscriptionRenew"": false}"
a19cb4b1-3437-4966-8c15-02d9a1a926cb,9bbcc2e4-0d83-44bc-b8f7-23b1ff1954fe,,15588.0,2026-09-30T07:16:14Z,2027-09-30T07:16:14Z,0,order_ThpSVcP3HD5HzO,26a25589-5532-4f28-b820-1b6c7894c4fd,ACTIVE,,upi,,"{""discount"": ""25%"", ""isNewPlan"": false, ""trialDays"": 30, ""toyProgram"": ""-"", ""planSavings"": 3597, ""planVersion"": ""v2"", ""trialAmount"": 999, ""trialApplied"": false, ""memberShipFees"": 0, ""bonusDeliveries"": 0, ""deliveryCharges"": 100, ""sameDayDelivery"": true, ""damageWaiverFees"": 999, ""maxBigToyAllowed"": 1, ""refundableDeposit"": 0, ""moneyBackGuarantee"": 30, ""effectiveCostPerMonth"": 1299, ""membershipFeesApplied"": false, ""securityDepositApplied"": false, ""totalKeepCountPerMonth"": 3, ""damageWaiverFeesApplied"": true, ""isUnlimitedFreeDelivery"": true, ""maxToyHoldingValueAllowed"": 120000, ""totalFreeDeliveryPerMonth"": 0, ""actualChargesForMemberShipFees"": 0, ""actualChargesForSecurityDeposit"": 0, ""actualChargesForDamageWaiverFees"": 999}",ONE_TIME,2026-09-29T11:04:56.628Z,2026-09-30T07:16:14.976Z,d5886f7f-95cc-4333-ad3f-c19cfdce45d6,"{""deviceType"": ""MOBILE"", ""gstApplied"": true, ""paymentNotes"": {""userId"": ""9bbcc2e4-0d83-44bc-b8f7-23b1ff1954fe"", ""subscriptionPlanId"": ""26a25589-5532-4f28-b820-1b6c7894c4fd""}, ""gstPercentage"": 18, ""membershipData"": {""amount"": 0, ""isMembershipFee"": false}, ""priceBreakdown"": {""basePrice"": 15588, ""gstAmount"": 2569, ""couponCode"": ""DISCOUNT40"", ""finalPrice"": 7200, ""couponPercent"": 40, ""proRataCredit"": 9635, ""couponDiscount"": 2320, ""membershipFees"": 0, ""securityDeposit"": 0, ""damageWaiverFees"": 999}, ""isRecurringInit"": false, ""paymentProvider"": ""RAZOR_PAY"", ""userTrialApplied"": false, ""securityDepositData"": {""amount"": 0, ""securityDepositApplied"": false}, ""isTrialPeriodExpired"": true, ""merchantTransactionId"": ""order_ThpSVcP3HD5HzO"", ""userDamageWaiverFeesApplied"": true}",,,,,,{},[],"{""couponAppliedStatus"": ""PENDING"", ""isCouponAppliedOnSubscriptionRenew"": false}"
6b1841c2-7ef5-4123-b235-b3d156ed9acb,766bad03-6881-4dd3-a9ac-62d081b359b1,,15588.0,2026-09-30T07:33:22Z,2027-09-30T07:33:22Z,0,order_TiAPejslxnX1FF,26a25589-5532-4f28-b820-1b6c7894c4fd,ACTIVE,,upi,,"{""discount"": ""25%"", ""isNewPlan"": false, ""trialDays"": 30, ""toyProgram"": ""-"", ""planSavings"": 3597, ""planVersion"": ""v2"", ""trialAmount"": 999, ""trialApplied"": false, ""memberShipFees"": 0, ""bonusDeliveries"": 0, ""deliveryCharges"": 100, ""sameDayDelivery"": true, ""damageWaiverFees"": 999, ""maxBigToyAllowed"": 1, ""refundableDeposit"": 0, ""moneyBackGuarantee"": 30, ""effectiveCostPerMonth"": 1299, ""membershipFeesApplied"": false, ""securityDepositApplied"": false, ""totalKeepCountPerMonth"": 3, ""damageWaiverFeesApplied"": true, ""isUnlimitedFreeDelivery"": true, ""maxToyHoldingValueAllowed"": 120000, ""totalFreeDeliveryPerMonth"": 0, ""actualChargesForMemberShipFees"": 0, ""actualChargesForSecurityDeposit"": 0, ""actualChargesForDamageWaiverFees"": 999}",ONE_TIME,2026-09-30T07:32:28.003Z,2026-09-30T07:33:26.321Z,361f55fe-f098-44a6-9c1f-32d371a138cb,"{""deviceType"": ""MOBILE"", ""gstApplied"": true, ""promoCodeId"": ""payment_provider_a7166b52cceefc6f75f015fa811d0a22"", ""paymentNotes"": {""userId"": ""766bad03-6881-4dd3-a9ac-62d081b359b1"", ""subscriptionType"": ""ONE_TIME"", ""subscriptionPlanId"": ""26a25589-5532-4f28-b820-1b6c7894c4fd""}, ""gstPercentage"": 18, ""membershipData"": {""amount"": 0, ""isMembershipFee"": true}, ""priceBreakdown"": {""basePrice"": 15588, ""gstAmount"": 1864, ""couponCode"": ""BOGO40"", ""finalPrice"": 12215, ""couponPercent"": 40, ""proRataCredit"": null, ""couponDiscount"": 6236, ""membershipFees"": 0, ""securityDeposit"": 0, ""damageWaiverFees"": 999}, ""isRecurringInit"": false, ""paymentProvider"": ""RAZOR_PAY"", ""userTrialApplied"": false, ""securityDepositData"": {""securityDepositApplied"": false}, ""isTrialPeriodExpired"": true, ""merchantTransactionId"": ""order_TiAPejslxnX1FF"", ""userDamageWaiverFeesApplied"": true}",,,,,,{},[],"{""couponId"": ""361f55fe-f098-44a6-9c1f-32d371a138cb"", ""couponAppliedStatus"": ""PENDING"", ""isCouponAppliedOnSubscriptionRenew"": false}"
b1a98fd5-9477-4be1-bdc8-a66ee73b42f3,f8a54f83-c062-414a-bf92-5702dcd5e933,81478487431,15588.0,2026-10-02T17:32:39Z,2027-10-02T17:32:39Z,0,assigned_8daa90c09ce17a1957bc97cbbe31fb52,26a25589-5532-4f28-b820-1b6c7894c4fd,ACTIVE,,razorpay,,"{""discount"": ""25%"", ""isNewPlan"": false, ""pricePaid"": 11000, ""trialDays"": 30, ""toyProgram"": ""-"", ""planSavings"": 3597, ""planVersion"": ""v2"", ""trialAmount"": 999, ""trialApplied"": false, ""memberShipFees"": 0, ""bonusDeliveries"": 0, ""deliveryCharges"": 100, ""sameDayDelivery"": true, ""damageWaiverFees"": 999, ""maxBigToyAllowed"": 1, ""refundableDeposit"": 0, ""memberShipFeesPaid"": 0, ""moneyBackGuarantee"": 30, ""effectiveCostPerMonth"": 1299, ""membershipFeesApplied"": false, ""refundableDepositPaid"": 0, ""planPriceDiscountAdmin"": 4588, ""securityDepositApplied"": false, ""totalKeepCountPerMonth"": 3, ""damageWaiverFeesApplied"": true, ""isUnlimitedFreeDelivery"": true, ""membershipDiscountAdmin"": 0, ""maxToyHoldingValueAllowed"": 120000, ""totalFreeDeliveryPerMonth"": 0, ""actualChargesForMemberShipFees"": 0, ""refundableDepositDiscountAdmin"": 0, ""actualChargesForSecurityDeposit"": 0, ""actualChargesForDamageWaiverFees"": 999}",ASSIGNED,2026-09-30T07:34:42.999Z,2026-10-02T17:32:39.751Z,,"{""amount"": 11000, ""gstApplied"": true, ""paymentDate"": ""2026-09-30T07:34:40.802Z"", ""gstPercentage"": 18, ""membershipData"": {""amount"": 0, ""isMembershipFee"": true}, ""priceBreakdown"": {""basePrice"": 15588, ""gstAmount"": 2986, ""couponCode"": null, ""finalPrice"": 19573, ""couponPercent"": null, ""proRataCredit"": 0, ""couponDiscount"": 0, ""membershipFees"": 0, ""securityDeposit"": 0, ""damageWaiverFees"": 999}, ""userTrialApplied"": false, ""isTrialPeriodExpired"": true, ""userDamageWaiverFeesApplied"": true}",,,,,,{},[],{}
57275569-d4c5-41b7-a19d-f514bdf04f69,041b8cb8-948f-41ed-a919-759feb7f4518,,15588.0,2026-09-30T08:40:57Z,2027-09-30T08:40:57Z,0,order_ThTLpIaRDEtqnH,26a25589-5532-4f28-b820-1b6c7894c4fd,ACTIVE,,upi,,"{""discount"": ""25%"", ""isNewPlan"": false, ""trialDays"": 30, ""toyProgram"": ""-"", ""planSavings"": 3597, ""planVersion"": ""v2"", ""trialAmount"": 999, ""trialApplied"": false, ""memberShipFees"": 0, ""bonusDeliveries"": 0, ""deliveryCharges"": 100, ""sameDayDelivery"": true, ""damageWaiverFees"": 999, ""maxBigToyAllowed"": 1, ""refundableDeposit"": 0, ""moneyBackGuarantee"": 30, ""effectiveCostPerMonth"": 1299, ""membershipFeesApplied"": false, ""securityDepositApplied"": false, ""totalKeepCountPerMonth"": 3, ""damageWaiverFeesApplied"": true, ""isUnlimitedFreeDelivery"": true, ""maxToyHoldingValueAllowed"": 120000, ""totalFreeDeliveryPerMonth"": 0, ""actualChargesForMemberShipFees"": 0, ""actualChargesForSecurityDeposit"": 0, ""actualChargesForDamageWaiverFees"": 999}",ONE_TIME,2026-09-28T13:25:01.051Z,2026-09-30T08:40:57.839Z,4f267a61-b236-4cae-9056-84c7761efeb6,"{""deviceType"": ""MOBILE"", ""gstApplied"": true, ""promoCodeId"": ""payment_provider_03519e3c3491068f82b440bd564c6d42"", ""paymentNotes"": {""userId"": ""041b8cb8-948f-41ed-a919-759feb7f4518"", ""subscriptionType"": ""ONE_TIME"", ""subscriptionPlanId"": ""26a25589-5532-4f28-b820-1b6c7894c4fd""}, ""gstPercentage"": 18, ""membershipData"": {""amount"": 0, ""isMembershipFee"": true}, ""priceBreakdown"": {""basePrice"": 15588, ""gstAmount"": 2986, ""couponCode"": ""TOYJOY"", ""finalPrice"": 13573, ""couponPercent"": null, ""proRataCredit"": null, ""couponDiscount"": 6000, ""membershipFees"": 0, ""securityDeposit"": 0, ""damageWaiverFees"": 999}, ""isRecurringInit"": false, ""paymentProvider"": ""RAZOR_PAY"", ""userTrialApplied"": false, ""securityDepositData"": {""securityDepositApplied"": false}, ""isTrialPeriodExpired"": true, ""merchantTransactionId"": ""order_ThTLpIaRDEtqnH"", ""userDamageWaiverFeesApplied"": true}",,,,,,{},[],"{""couponId"": ""4f267a61-b236-4cae-9056-84c7761efeb6"", ""couponAppliedStatus"": ""PENDING"", ""isCouponAppliedOnSubscriptionRenew"": false}"
9fe47c91-83f7-4acb-801e-de096b9ca2f1,8dcddfa5-c956-4fce-8dc0-4783385405fb,,15588.0,2026-09-30T09:49:38Z,2027-09-30T09:49:38Z,0,order_TgaP4NnNKlNr7o,26a25589-5532-4f28-b820-1b6c7894c4fd,ACTIVE,,cardless_emi,,"{""discount"": ""25%"", ""isNewPlan"": false, ""trialDays"": 30, ""toyProgram"": ""-"", ""planSavings"": 3597, ""planVersion"": ""v2"", ""trialAmount"": 999, ""trialApplied"": false, ""memberShipFees"": 0, ""bonusDeliveries"": 0, ""deliveryCharges"": 100, ""sameDayDelivery"": true, ""damageWaiverFees"": 999, ""maxBigToyAllowed"": 1, ""refundableDeposit"": 0, ""moneyBackGuarantee"": 30, ""effectiveCostPerMonth"": 1299, ""membershipFeesApplied"": false, ""securityDepositApplied"": false, ""totalKeepCountPerMonth"": 3, ""damageWaiverFeesApplied"": true, ""isUnlimitedFreeDelivery"": true, ""maxToyHoldingValueAllowed"": 120000, ""totalFreeDeliveryPerMonth"": 0, ""actualChargesForMemberShipFees"": 0, ""actualChargesForSecurityDeposit"": 0, ""actualChargesForDamageWaiverFees"": 999}",ONE_TIME,2026-09-26T07:39:56.466Z,2026-09-30T09:49:38.924Z,39d4dac4-9537-4653-874b-36bd27b763a0,"{""deviceType"": ""MOBILE"", ""gstApplied"": true, ""promoCodeId"": ""payment_provider_444be18c9e16d1cd1b19ef1c8a66b2ab"", ""paymentNotes"": {""userId"": ""8dcddfa5-c956-4fce-8dc0-4783385405fb"", ""subscriptionType"": ""ONE_TIME"", ""subscriptionPlanId"": ""26a25589-5532-4f28-b820-1b6c7894c4fd""}, ""gstPercentage"": 18, ""membershipData"": {""amount"": 0, ""isMembershipFee"": true}, ""priceBreakdown"": {""basePrice"": 15588, ""gstAmount"": 2986, ""couponCode"": ""FLAT11KAK"", ""finalPrice"": 11000, ""couponPercent"": null, ""proRataCredit"": null, ""couponDiscount"": 8573, ""membershipFees"": 0, ""securityDeposit"": 0, ""damageWaiverFees"": 999}, ""isRecurringInit"": false, ""paymentProvider"": ""RAZOR_PAY"", ""userTrialApplied"": false, ""securityDepositData"": {""securityDepositApplied"": false}, ""isTrialPeriodExpired"": true, ""merchantTransactionId"": ""order_TgaP4NnNKlNr7o"", ""userDamageWaiverFeesApplied"": true}",,,,,,{},[],"{""couponId"": ""39d4dac4-9537-4653-874b-36bd27b763a0"", ""couponAppliedStatus"": ""PENDING"", ""isCouponAppliedOnSubscriptionRenew"": false}"
5a17de9d-f3c2-41a4-99b3-6408ad04e4bb,66de7a27-70c0-4335-a17c-f3de6da2a798,,15588.0,2026-09-30T08:15:09Z,2027-09-30T08:15:09Z,0,order_TiAxpwaOV5YM5v,26a25589-5532-4f28-b820-1b6c7894c4fd,ACTIVE,,cardless_emi,,"{""discount"": ""25%"", ""isNewPlan"": false, ""trialDays"": 30, ""toyProgram"": ""-"", ""planSavings"": 3597, ""planVersion"": ""v2"", ""trialAmount"": 999, ""trialApplied"": false, ""memberShipFees"": 0, ""bonusDeliveries"": 0, ""deliveryCharges"": 100, ""sameDayDelivery"": true, ""damageWaiverFees"": 999, ""maxBigToyAllowed"": 1, ""refundableDeposit"": 0, ""moneyBackGuarantee"": 30, ""effectiveCostPerMonth"": 1299, ""membershipFeesApplied"": false, ""securityDepositApplied"": false, ""totalKeepCountPerMonth"": 3, ""damageWaiverFeesApplied"": true, ""isUnlimitedFreeDelivery"": true, ""maxToyHoldingValueAllowed"": 120000, ""totalFreeDeliveryPerMonth"": 0, ""actualChargesForMemberShipFees"": 0, ""actualChargesForSecurityDeposit"": 0, ""actualChargesForDamageWaiverFees"": 999}",ONE_TIME,2026-09-30T08:04:49.547Z,2026-09-30T08:15:15.532Z,38f3f6a6-5690-485c-8c19-9677c33eab30,"{""deviceType"": ""MOBILE"", ""gstApplied"": true, ""promoCodeId"": ""payment_provider_43e991b7fdf15ab260be27bf4db8af83"", ""paymentNotes"": {""userId"": ""66de7a27-70c0-4335-a17c-f3de6da2a798"", ""subscriptionType"": ""ONE_TIME"", ""subscriptionPlanId"": ""26a25589-5532-4f28-b820-1b6c7894c4fd""}, ""gstPercentage"": 18, ""membershipData"": {""amount"": 0, ""isMembershipFee"": true}, ""priceBreakdown"": {""basePrice"": 15588, ""gstAmount"": 1864, ""couponCode"": ""CPELEFANT2026"", ""finalPrice"": 12215, ""couponPercent"": 40, ""proRataCredit"": null, ""couponDiscount"": 6236, ""membershipFees"": 0, ""securityDeposit"": 0, ""damageWaiverFees"": 999}, ""isRecurringInit"": false, ""paymentProvider"": ""RAZOR_PAY"", ""userTrialApplied"": false, ""securityDepositData"": {""securityDepositApplied"": false}, ""isTrialPeriodExpired"": true, ""merchantTransactionId"": ""order_TiAxpwaOV5YM5v"", ""userDamageWaiverFeesApplied"": true}",,,,,,{},[],"{""couponId"": ""38f3f6a6-5690-485c-8c19-9677c33eab30"", ""couponAppliedStatus"": ""PENDING"", ""isCouponAppliedOnSubscriptionRenew"": false}"
4798c666-627e-4a3e-aed3-eaf1cde7d6a2,08300ffc-e0a6-4714-ba02-33856202ed41,,15588.0,2026-09-30T10:49:15Z,2027-09-30T10:49:15Z,0,order_TgdDUk7iXamgeq,26a25589-5532-4f28-b820-1b6c7894c4fd,ACTIVE,,cardless_emi,,"{""discount"": ""25%"", ""isNewPlan"": false, ""trialDays"": 30, ""toyProgram"": ""-"", ""planSavings"": 3597, ""planVersion"": ""v2"", ""trialAmount"": 999, ""trialApplied"": false, ""memberShipFees"": 0, ""bonusDeliveries"": 0, ""deliveryCharges"": 100, ""sameDayDelivery"": true, ""damageWaiverFees"": 999, ""maxBigToyAllowed"": 1, ""refundableDeposit"": 0, ""moneyBackGuarantee"": 30, ""effectiveCostPerMonth"": 1299, ""membershipFeesApplied"": false, ""securityDepositApplied"": false, ""totalKeepCountPerMonth"": 3, ""damageWaiverFeesApplied"": true, ""isUnlimitedFreeDelivery"": true, ""maxToyHoldingValueAllowed"": 120000, ""totalFreeDeliveryPerMonth"": 0, ""actualChargesForMemberShipFees"": 0, ""actualChargesForSecurityDeposit"": 0, ""actualChargesForDamageWaiverFees"": 999}",ONE_TIME,2026-09-26T10:25:03.853Z,2026-09-30T10:49:16.053Z,39d4dac4-9537-4653-874b-36bd27b763a0,"{""deviceType"": ""MOBILE"", ""gstApplied"": true, ""promoCodeId"": ""payment_provider_444be18c9e16d1cd1b19ef1c8a66b2ab"", ""paymentNotes"": {""userId"": ""08300ffc-e0a6-4714-ba02-33856202ed41"", ""subscriptionType"": ""ONE_TIME"", ""subscriptionPlanId"": ""26a25589-5532-4f28-b820-1b6c7894c4fd""}, ""gstPercentage"": 18, ""membershipData"": {""amount"": 0, ""isMembershipFee"": true}, ""priceBreakdown"": {""basePrice"": 15588, ""gstAmount"": 2986, ""couponCode"": ""FLAT11KAK"", ""finalPrice"": 11000, ""couponPercent"": null, ""proRataCredit"": null, ""couponDiscount"": 8573, ""membershipFees"": 0, ""securityDeposit"": 0, ""damageWaiverFees"": 999}, ""isRecurringInit"": false, ""paymentProvider"": ""RAZOR_PAY"", ""userTrialApplied"": false, ""securityDepositData"": {""securityDepositApplied"": false}, ""isTrialPeriodExpired"": true, ""merchantTransactionId"": ""order_TgdDUk7iXamgeq"", ""userDamageWaiverFeesApplied"": true}",,,,,,{},[],"{""couponId"": ""39d4dac4-9537-4653-874b-36bd27b763a0"", ""couponAppliedStatus"": ""PENDING"", ""isCouponAppliedOnSubscriptionRenew"": false}"
a99f704c-39be-4f5b-b875-b103b7d8b4f4,072106ba-aa59-49eb-b733-1cb357c4d556,T2609291404010367932393,15588.0,2026-09-30T08:40:10Z,2027-09-30T08:40:10Z,0,assigned_5a57ec0b062ff77fb20501c34e7e9242,26a25589-5532-4f28-b820-1b6c7894c4fd,ACTIVE,,upi,,"{""discount"": ""25%"", ""isNewPlan"": false, ""pricePaid"": 10376, ""trialDays"": 30, ""toyProgram"": ""-"", ""planSavings"": 3597, ""planVersion"": ""v2"", ""trialAmount"": 999, ""trialApplied"": false, ""memberShipFees"": 0, ""bonusDeliveries"": 0, ""deliveryCharges"": 100, ""sameDayDelivery"": true, ""damageWaiverFees"": 999, ""maxBigToyAllowed"": 1, ""refundableDeposit"": 0, ""memberShipFeesPaid"": 0, ""moneyBackGuarantee"": 30, ""effectiveCostPerMonth"": 1299, ""membershipFeesApplied"": false, ""refundableDepositPaid"": 0, ""planPriceDiscountAdmin"": 0, ""securityDepositApplied"": false, ""totalKeepCountPerMonth"": 3, ""damageWaiverFeesApplied"": true, ""isUnlimitedFreeDelivery"": true, ""membershipDiscountAdmin"": 0, ""maxToyHoldingValueAllowed"": 120000, ""totalFreeDeliveryPerMonth"": 0, ""actualChargesForMemberShipFees"": 0, ""refundableDepositDiscountAdmin"": 0, ""actualChargesForSecurityDeposit"": 0, ""actualChargesForDamageWaiverFees"": 999}",ASSIGNED,2026-09-30T08:40:10.236Z,2026-09-30T08:40:10.236Z,,"{""note"": ""Assigned from Google Sheet"", ""amount"": 0, ""gstApplied"": true, ""paymentDate"": ""2026-09-30T14:10:10+05:30"", ""gstPercentage"": 18, ""membershipData"": {""amount"": 0, ""isMembershipFee"": true}, ""priceBreakdown"": {""basePrice"": 15588, ""gstAmount"": 2986, ""couponCode"": null, ""finalPrice"": 19573, ""couponPercent"": null, ""proRataCredit"": 0, ""couponDiscount"": 0, ""membershipFees"": 0, ""securityDeposit"": 0, ""damageWaiverFees"": 999}, ""userTrialApplied"": false, ""isTrialPeriodExpired"": true, ""userDamageWaiverFeesApplied"": true}",,,,,,{},[],{}
aa6dae35-9872-4625-abe1-5f197e63ec05,e74ce5f3-9cde-4d0b-907a-77fd4f445016,,15588.0,2026-09-30T10:50:41Z,2027-09-30T10:50:41Z,0,order_TgXuqP7vVYhpmp,26a25589-5532-4f28-b820-1b6c7894c4fd,ACTIVE,,cardless_emi,,"{""discount"": ""25%"", ""isNewPlan"": false, ""trialDays"": 30, ""toyProgram"": ""-"", ""planSavings"": 3597, ""planVersion"": ""v2"", ""trialAmount"": 999, ""trialApplied"": false, ""memberShipFees"": 0, ""bonusDeliveries"": 0, ""deliveryCharges"": 100, ""sameDayDelivery"": true, ""damageWaiverFees"": 999, ""maxBigToyAllowed"": 1, ""refundableDeposit"": 0, ""moneyBackGuarantee"": 30, ""effectiveCostPerMonth"": 1299, ""membershipFeesApplied"": false, ""securityDepositApplied"": false, ""totalKeepCountPerMonth"": 3, ""damageWaiverFeesApplied"": true, ""isUnlimitedFreeDelivery"": true, ""maxToyHoldingValueAllowed"": 120000, ""totalFreeDeliveryPerMonth"": 0, ""actualChargesForMemberShipFees"": 0, ""actualChargesForSecurityDeposit"": 0, ""actualChargesForDamageWaiverFees"": 999}",ONE_TIME,2026-09-26T05:13:56.422Z,2026-09-30T10:50:41.304Z,39d4dac4-9537-4653-874b-36bd27b763a0,"{""deviceType"": ""MOBILE"", ""gstApplied"": true, ""promoCodeId"": ""payment_provider_444be18c9e16d1cd1b19ef1c8a66b2ab"", ""paymentNotes"": {""userId"": ""e74ce5f3-9cde-4d0b-907a-77fd4f445016"", ""subscriptionType"": ""ONE_TIME"", ""subscriptionPlanId"": ""26a25589-5532-4f28-b820-1b6c7894c4fd""}, ""gstPercentage"": 18, ""membershipData"": {""amount"": 0, ""isMembershipFee"": true}, ""priceBreakdown"": {""basePrice"": 15588, ""gstAmount"": 2986, ""couponCode"": ""FLAT11KAK"", ""finalPrice"": 11000, ""couponPercent"": null, ""proRataCredit"": null, ""couponDiscount"": 8573, ""membershipFees"": 0, ""securityDeposit"": 0, ""damageWaiverFees"": 999}, ""isRecurringInit"": false, ""paymentProvider"": ""RAZOR_PAY"", ""userTrialApplied"": false, ""securityDepositData"": {""securityDepositApplied"": false}, ""isTrialPeriodExpired"": true, ""merchantTransactionId"": ""order_TgXuqP7vVYhpmp"", ""userDamageWaiverFeesApplied"": true}",,,,,,{},[],"{""couponId"": ""39d4dac4-9537-4653-874b-36bd27b763a0"", ""couponAppliedStatus"": ""PENDING"", ""isCouponAppliedOnSubscriptionRenew"": false}"
923b1fd1-520a-47cb-9eda-59523f133965,57377626-75ce-436e-87d0-65f6116c7c80,,15588.0,2026-09-30T09:07:06Z,2027-09-30T09:07:06Z,0,order_TiByP30UQneW6a,26a25589-5532-4f28-b820-1b6c7894c4fd,ACTIVE,,emi,,"{""discount"": ""25%"", ""isNewPlan"": false, ""trialDays"": 30, ""toyProgram"": ""-"", ""planSavings"": 3597, ""planVersion"": ""v2"", ""trialAmount"": 999, ""trialApplied"": false, ""memberShipFees"": 0, ""bonusDeliveries"": 0, ""deliveryCharges"": 100, ""sameDayDelivery"": true, ""damageWaiverFees"": 999, ""maxBigToyAllowed"": 1, ""refundableDeposit"": 0, ""moneyBackGuarantee"": 30, ""effectiveCostPerMonth"": 1299, ""membershipFeesApplied"": false, ""securityDepositApplied"": false, ""totalKeepCountPerMonth"": 3, ""damageWaiverFeesApplied"": true, ""isUnlimitedFreeDelivery"": true, ""maxToyHoldingValueAllowed"": 120000, ""totalFreeDeliveryPerMonth"": 0, ""actualChargesForMemberShipFees"": 0, ""actualChargesForSecurityDeposit"": 0, ""actualChargesForDamageWaiverFees"": 999}",ONE_TIME,2026-09-30T09:04:03.251Z,2026-09-30T09:07:06.771Z,01e44bd5-f585-4ce5-a6a7-a6dd40de2334,"{""deviceType"": ""MOBILE"", ""gstApplied"": true, ""promoCodeId"": ""payment_provider_ff77eacfd6873255307a24ce752aacdb"", ""paymentNotes"": {""userId"": ""57377626-75ce-436e-87d0-65f6116c7c80"", ""subscriptionType"": ""ONE_TIME"", ""subscriptionPlanId"": ""26a25589-5532-4f28-b820-1b6c7894c4fd""}, ""gstPercentage"": 18, ""membershipData"": {""amount"": 0, ""isMembershipFee"": true}, ""priceBreakdown"": {""basePrice"": 15588, ""gstAmount"": 2986, ""couponCode"": ""FLAT12K"", ""finalPrice"": 12000, ""couponPercent"": null, ""proRataCredit"": null, ""couponDiscount"": 7573, ""membershipFees"": 0, ""securityDeposit"": 0, ""damageWaiverFees"": 999}, ""isRecurringInit"": false, ""paymentProvider"": ""RAZOR_PAY"", ""userTrialApplied"": false, ""securityDepositData"": {""securityDepositApplied"": false}, ""isTrialPeriodExpired"": true, ""merchantTransactionId"": ""order_TiByP30UQneW6a"", ""userDamageWaiverFeesApplied"": true}",,,,,,{},[],"{""couponId"": ""01e44bd5-f585-4ce5-a6a7-a6dd40de2334"", ""couponAppliedStatus"": ""PENDING"", ""isCouponAppliedOnSubscriptionRenew"": false}"
ee20a494-f569-4a4c-8ad8-56c3e5c01332,7924a5da-ba13-4ed8-b340-d2479ef22f00,,15588.0,2026-09-30T09:09:20Z,2027-09-30T09:09:20Z,0,order_Tgi2CI2S26gBbV,26a25589-5532-4f28-b820-1b6c7894c4fd,ACTIVE,,card,,"{""discount"": ""25%"", ""isNewPlan"": false, ""trialDays"": 30, ""toyProgram"": ""-"", ""planSavings"": 3597, ""planVersion"": ""v2"", ""trialAmount"": 999, ""trialApplied"": false, ""memberShipFees"": 0, ""bonusDeliveries"": 0, ""deliveryCharges"": 100, ""sameDayDelivery"": true, ""damageWaiverFees"": 999, ""maxBigToyAllowed"": 1, ""refundableDeposit"": 0, ""moneyBackGuarantee"": 30, ""effectiveCostPerMonth"": 1299, ""membershipFeesApplied"": false, ""securityDepositApplied"": false, ""totalKeepCountPerMonth"": 3, ""damageWaiverFeesApplied"": true, ""isUnlimitedFreeDelivery"": true, ""maxToyHoldingValueAllowed"": 120000, ""totalFreeDeliveryPerMonth"": 0, ""actualChargesForMemberShipFees"": 0, ""actualChargesForSecurityDeposit"": 0, ""actualChargesForDamageWaiverFees"": 999}",ONE_TIME,2026-09-26T15:07:50.218Z,2026-09-30T09:09:20.64Z,b48b437b-d6a6-4408-8933-652333ba893f,"{""deviceType"": ""MOBILE"", ""gstApplied"": true, ""promoCodeId"": ""payment_provider_09cdd57ffd526050fda398b8145fb5d2"", ""paymentNotes"": {""userId"": ""7924a5da-ba13-4ed8-b340-d2479ef22f00"", ""subscriptionType"": ""ONE_TIME"", ""subscriptionPlanId"": ""26a25589-5532-4f28-b820-1b6c7894c4fd""}, ""gstPercentage"": 18, ""membershipData"": {""amount"": 0, ""isMembershipFee"": true}, ""priceBreakdown"": {""basePrice"": 15588, ""gstAmount"": 2986, ""couponCode"": ""AKFLAT11K"", ""finalPrice"": 11000, ""couponPercent"": null, ""proRataCredit"": null, ""couponDiscount"": 8573, ""membershipFees"": 0, ""securityDeposit"": 0, ""damageWaiverFees"": 999}, ""isRecurringInit"": false, ""paymentProvider"": ""RAZOR_PAY"", ""userTrialApplied"": false, ""securityDepositData"": {""securityDepositApplied"": false}, ""isTrialPeriodExpired"": true, ""merchantTransactionId"": ""order_Tgi2CI2S26gBbV"", ""userDamageWaiverFeesApplied"": true}",,,,,,{},[],"{""couponId"": ""b48b437b-d6a6-4408-8933-652333ba893f"", ""couponAppliedStatus"": ""PENDING"", ""isCouponAppliedOnSubscriptionRenew"": false}"
ca938cf5-5525-438a-b65a-25fe6128319e,bc5700b4-b83d-4a8a-9380-65d9d86b6e8c,,15588.0,2026-09-30T09:20:04Z,2027-09-30T09:20:04Z,0,order_Tgw2bNB1pmHbvH,26a25589-5532-4f28-b820-1b6c7894c4fd,ACTIVE,,cardless_emi,,"{""discount"": ""25%"", ""isNewPlan"": false, ""trialDays"": 30, ""toyProgram"": ""-"", ""planSavings"": 3597, ""planVersion"": ""v2"", ""trialAmount"": 999, ""trialApplied"": false, ""memberShipFees"": 0, ""bonusDeliveries"": 0, ""deliveryCharges"": 100, ""sameDayDelivery"": true, ""damageWaiverFees"": 999, ""maxBigToyAllowed"": 1, ""refundableDeposit"": 0, ""moneyBackGuarantee"": 30, ""effectiveCostPerMonth"": 1299, ""membershipFeesApplied"": false, ""securityDepositApplied"": false, ""totalKeepCountPerMonth"": 3, ""damageWaiverFeesApplied"": true, ""isUnlimitedFreeDelivery"": true, ""maxToyHoldingValueAllowed"": 120000, ""totalFreeDeliveryPerMonth"": 0, ""actualChargesForMemberShipFees"": 0, ""actualChargesForSecurityDeposit"": 0, ""actualChargesForDamageWaiverFees"": 999}",ONE_TIME,2026-09-27T04:49:55.84Z,2026-09-30T09:20:04.827Z,01e44bd5-f585-4ce5-a6a7-a6dd40de2334,"{""deviceType"": ""MOBILE"", ""gstApplied"": true, ""promoCodeId"": ""payment_provider_ff77eacfd6873255307a24ce752aacdb"", ""paymentNotes"": {""userId"": ""bc5700b4-b83d-4a8a-9380-65d9d86b6e8c"", ""subscriptionType"": ""ONE_TIME"", ""subscriptionPlanId"": ""26a25589-5532-4f28-b820-1b6c7894c4fd""}, ""gstPercentage"": 18, ""membershipData"": {""amount"": 0, ""isMembershipFee"": true}, ""priceBreakdown"": {""basePrice"": 15588, ""gstAmount"": 2986, ""couponCode"": ""FLAT12K"", ""finalPrice"": 12000, ""couponPercent"": null, ""proRataCredit"": null, ""couponDiscount"": 7573, ""membershipFees"": 0, ""securityDeposit"": 0, ""damageWaiverFees"": 999}, ""isRecurringInit"": false, ""paymentProvider"": ""RAZOR_PAY"", ""userTrialApplied"": false, ""securityDepositData"": {""securityDepositApplied"": false}, ""isTrialPeriodExpired"": true, ""merchantTransactionId"": ""order_Tgw2bNB1pmHbvH"", ""userDamageWaiverFeesApplied"": true}",,,,,,{},[],"{""couponId"": ""01e44bd5-f585-4ce5-a6a7-a6dd40de2334"", ""couponAppliedStatus"": ""PENDING"", ""isCouponAppliedOnSubscriptionRenew"": false}"
7839c6a3-0cb9-4dd5-9c71-51614f19d792,2259c553-4729-4784-bb8b-0a8e137d3cac,,5997.0,2026-09-30T09:20:42Z,2026-12-30T09:20:42Z,0,order_ThldzFWJ2Kbb0p,03e58770-76d5-4434-9934-ea1d64e4096f,ACTIVE,,wallet,,"{""discount"": ""25%"", ""isNewPlan"": false, ""trialDays"": 30, ""toyProgram"": ""-"", ""planSavings"": 3597, ""planVersion"": ""v2"", ""trialAmount"": 99, ""trialApplied"": false, ""memberShipFees"": 0, ""bonusDeliveries"": 0, ""deliveryCharges"": 100, ""sameDayDelivery"": true, ""damageWaiverFees"": 999, ""maxBigToyAllowed"": 1, ""refundableDeposit"": 0, ""moneyBackGuarantee"": 30, ""effectiveCostPerMonth"": 1999, ""membershipFeesApplied"": false, ""securityDepositApplied"": false, ""totalKeepCountPerMonth"": 3, ""damageWaiverFeesApplied"": true, ""isUnlimitedFreeDelivery"": false, ""maxToyHoldingValueAllowed"": 35000, ""totalFreeDeliveryPerMonth"": 12, ""actualChargesForMemberShipFees"": 0, ""actualChargesForSecurityDeposit"": 0, ""actualChargesForDamageWaiverFees"": 999}",ONE_TIME,2026-09-29T07:18:41.635Z,2026-09-30T09:20:42.6Z,eea9fa0e-0ba1-4a66-bd4e-3c9ab018620e,"{""deviceType"": ""MOBILE"", ""gstApplied"": true, ""promoCodeId"": ""payment_provider_461c1537ddd8d4fb2123c7b1c0e6835f"", ""paymentNotes"": {""userId"": ""2259c553-4729-4784-bb8b-0a8e137d3cac"", ""subscriptionType"": ""ONE_TIME"", ""subscriptionPlanId"": ""03e58770-76d5-4434-9934-ea1d64e4096f""}, ""gstPercentage"": 18, ""membershipData"": {""amount"": 0, ""isMembershipFee"": true}, ""priceBreakdown"": {""basePrice"": 5997, ""gstAmount"": 1260, ""couponCode"": ""FLAT5K"", ""finalPrice"": 5000, ""couponPercent"": null, ""proRataCredit"": null, ""couponDiscount"": 3256, ""membershipFees"": 0, ""securityDeposit"": 0, ""damageWaiverFees"": 999}, ""isRecurringInit"": false, ""paymentProvider"": ""RAZOR_PAY"", ""userTrialApplied"": false, ""securityDepositData"": {""securityDepositApplied"": false}, ""isTrialPeriodExpired"": true, ""merchantTransactionId"": ""order_ThldzFWJ2Kbb0p"", ""userDamageWaiverFeesApplied"": true}",,,,,,{},[],"{""couponId"": ""eea9fa0e-0ba1-4a66-bd4e-3c9ab018620e"", ""couponAppliedStatus"": ""PENDING"", ""isCouponAppliedOnSubscriptionRenew"": false}"
5d2e5dc9-a7c3-4b8c-8011-999fd7c427a6,2f931d32-c875-4094-98ee-f2f55924eb8a,,15588.0,2026-09-30T09:40:23Z,2027-09-30T09:40:23Z,0,order_Thnc8JfNaq3B8x,26a25589-5532-4f28-b820-1b6c7894c4fd,ACTIVE,,upi,,"{""discount"": ""25%"", ""isNewPlan"": false, ""trialDays"": 30, ""toyProgram"": ""-"", ""planSavings"": 3597, ""planVersion"": ""v2"", ""trialAmount"": 999, ""trialApplied"": false, ""memberShipFees"": 0, ""bonusDeliveries"": 0, ""deliveryCharges"": 100, ""sameDayDelivery"": true, ""damageWaiverFees"": 999, ""maxBigToyAllowed"": 1, ""refundableDeposit"": 0, ""moneyBackGuarantee"": 30, ""effectiveCostPerMonth"": 1299, ""membershipFeesApplied"": false, ""securityDepositApplied"": false, ""totalKeepCountPerMonth"": 3, ""damageWaiverFeesApplied"": true, ""isUnlimitedFreeDelivery"": true, ""maxToyHoldingValueAllowed"": 120000, ""totalFreeDeliveryPerMonth"": 0, ""actualChargesForMemberShipFees"": 0, ""actualChargesForSecurityDeposit"": 0, ""actualChargesForDamageWaiverFees"": 999}",ONE_TIME,2026-09-29T09:14:19.565Z,2026-09-30T09:40:23.392Z,01e44bd5-f585-4ce5-a6a7-a6dd40de2334,"{""deviceType"": ""MOBILE"", ""gstApplied"": true, ""promoCodeId"": ""payment_provider_ff77eacfd6873255307a24ce752aacdb"", ""paymentNotes"": {""userId"": ""2f931d32-c875-4094-98ee-f2f55924eb8a"", ""subscriptionType"": ""ONE_TIME"", ""subscriptionPlanId"": ""26a25589-5532-4f28-b820-1b6c7894c4fd""}, ""gstPercentage"": 18, ""membershipData"": {""amount"": 0, ""isMembershipFee"": true}, ""priceBreakdown"": {""basePrice"": 15588, ""gstAmount"": 2986, ""couponCode"": ""FLAT12K"", ""finalPrice"": 12000, ""couponPercent"": null, ""proRataCredit"": null, ""couponDiscount"": 7573, ""membershipFees"": 0, ""securityDeposit"": 0, ""damageWaiverFees"": 999}, ""isRecurringInit"": false, ""paymentProvider"": ""RAZOR_PAY"", ""userTrialApplied"": false, ""securityDepositData"": {""securityDepositApplied"": false}, ""isTrialPeriodExpired"": true, ""merchantTransactionId"": ""order_Thnc8JfNaq3B8x"", ""userDamageWaiverFeesApplied"": true}",,,,,,{},[],"{""couponId"": ""01e44bd5-f585-4ce5-a6a7-a6dd40de2334"", ""couponAppliedStatus"": ""PENDING"", ""isCouponAppliedOnSubscriptionRenew"": false}"
2ddf8b50-4835-4819-bb5c-577269777e5e,ca62404a-363f-40fd-a324-fa05dbade2c6,,15588.0,2026-09-30T09:45:46Z,2027-09-30T09:45:46Z,0,order_ThSKKk4uYRZZKU,26a25589-5532-4f28-b820-1b6c7894c4fd,ACTIVE,,card,,"{""discount"": ""25%"", ""isNewPlan"": false, ""trialDays"": 30, ""toyProgram"": ""-"", ""planSavings"": 3597, ""planVersion"": ""v2"", ""trialAmount"": 999, ""trialApplied"": false, ""memberShipFees"": 0, ""bonusDeliveries"": 0, ""deliveryCharges"": 100, ""sameDayDelivery"": true, ""damageWaiverFees"": 999, ""maxBigToyAllowed"": 1, ""refundableDeposit"": 0, ""moneyBackGuarantee"": 30, ""effectiveCostPerMonth"": 1299, ""membershipFeesApplied"": false, ""planPriceDiscountAdmin"": -1099001, ""securityDepositApplied"": false, ""totalKeepCountPerMonth"": 3, ""damageWaiverFeesApplied"": true, ""isUnlimitedFreeDelivery"": true, ""maxToyHoldingValueAllowed"": 120000, ""totalFreeDeliveryPerMonth"": 0, ""actualChargesForMemberShipFees"": 0, ""actualChargesForSecurityDeposit"": 0, ""actualChargesForDamageWaiverFees"": 999}",ONE_TIME,2026-09-28T12:31:01.156Z,2026-09-30T09:45:46.376Z,,"{""amount"": 1100000, ""deviceType"": ""MOBILE"", ""gstApplied"": true, ""paymentNotes"": {""userId"": ""ca62404a-363f-40fd-a324-fa05dbade2c6"", ""paymentLinkId"": ""edbf0319-d3ac-4482-bac4-3225544df784"", ""subscriptionPlanId"": ""26a25589-5532-4f28-b820-1b6c7894c4fd""}, ""gstPercentage"": 18, ""paymentLinkId"": ""edbf0319-d3ac-4482-bac4-3225544df784"", ""membershipData"": {""amount"": 0, ""isMembershipFee"": false}, ""isRecurringInit"": false, ""paymentProvider"": ""RAZOR_PAY"", ""userTrialApplied"": false, ""securityDepositData"": {""amount"": 0, ""securityDepositApplied"": false}, ""isTrialPeriodExpired"": true, ""merchantTransactionId"": ""order_ThSKKk4uYRZZKU"", ""userDamageWaiverFeesApplied"": true}",,,,,,{},[],{}
71cff79e-bc6e-4c1d-9126-05539feba488,6f45a363-0cd1-4df6-a023-f4a55a5ef1b1,,15588.0,2026-09-30T09:51:03Z,2027-09-30T09:51:03Z,0,order_TiCjmND7GCWR19,26a25589-5532-4f28-b820-1b6c7894c4fd,ACTIVE,,cardless_emi,,"{""discount"": ""25%"", ""isNewPlan"": false, ""trialDays"": 30, ""toyProgram"": ""-"", ""planSavings"": 3597, ""planVersion"": ""v2"", ""trialAmount"": 999, ""trialApplied"": false, ""memberShipFees"": 0, ""bonusDeliveries"": 0, ""deliveryCharges"": 100, ""sameDayDelivery"": true, ""damageWaiverFees"": 999, ""maxBigToyAllowed"": 1, ""refundableDeposit"": 0, ""moneyBackGuarantee"": 30, ""effectiveCostPerMonth"": 1299, ""membershipFeesApplied"": false, ""securityDepositApplied"": false, ""totalKeepCountPerMonth"": 3, ""damageWaiverFeesApplied"": true, ""isUnlimitedFreeDelivery"": true, ""maxToyHoldingValueAllowed"": 120000, ""totalFreeDeliveryPerMonth"": 0, ""actualChargesForMemberShipFees"": 0, ""actualChargesForSecurityDeposit"": 0, ""actualChargesForDamageWaiverFees"": 999}",ONE_TIME,2026-09-30T09:48:54.233Z,2026-09-30T09:51:04.251Z,01e44bd5-f585-4ce5-a6a7-a6dd40de2334,"{""deviceType"": ""MOBILE"", ""gstApplied"": true, ""promoCodeId"": ""payment_provider_ff77eacfd6873255307a24ce752aacdb"", ""paymentNotes"": {""userId"": ""6f45a363-0cd1-4df6-a023-f4a55a5ef1b1"", ""subscriptionType"": ""ONE_TIME"", ""subscriptionPlanId"": ""26a25589-5532-4f28-b820-1b6c7894c4fd""}, ""gstPercentage"": 18, ""membershipData"": {""amount"": 0, ""isMembershipFee"": true}, ""priceBreakdown"": {""basePrice"": 15588, ""gstAmount"": 2986, ""couponCode"": ""FLAT12K"", ""finalPrice"": 12000, ""couponPercent"": null, ""proRataCredit"": null, ""couponDiscount"": 7573, ""membershipFees"": 0, ""securityDeposit"": 0, ""damageWaiverFees"": 999}, ""isRecurringInit"": false, ""paymentProvider"": ""RAZOR_PAY"", ""userTrialApplied"": false, ""securityDepositData"": {""securityDepositApplied"": false}, ""isTrialPeriodExpired"": true, ""merchantTransactionId"": ""order_TiCjmND7GCWR19"", ""userDamageWaiverFeesApplied"": true}",,,,,,{},[],"{""couponId"": ""01e44bd5-f585-4ce5-a6a7-a6dd40de2334"", ""couponAppliedStatus"": ""PENDING"", ""isCouponAppliedOnSubscriptionRenew"": false}"
ccc9e49a-6596-4da7-a896-4b38d6c79e19,96a84083-16a6-4cb8-bf03-2c8a53a6bedc,,15588.0,2026-09-30T09:59:43Z,2027-09-30T09:59:43Z,0,order_ThVEuFIqw6YOpM,26a25589-5532-4f28-b820-1b6c7894c4fd,ACTIVE,,upi,,"{""discount"": ""25%"", ""isNewPlan"": false, ""trialDays"": 30, ""toyProgram"": ""-"", ""planSavings"": 3597, ""planVersion"": ""v2"", ""trialAmount"": 999, ""trialApplied"": false, ""memberShipFees"": 0, ""bonusDeliveries"": 0, ""deliveryCharges"": 100, ""sameDayDelivery"": true, ""damageWaiverFees"": 999, ""maxBigToyAllowed"": 1, ""refundableDeposit"": 0, ""moneyBackGuarantee"": 30, ""effectiveCostPerMonth"": 1299, ""membershipFeesApplied"": false, ""securityDepositApplied"": false, ""totalKeepCountPerMonth"": 3, ""damageWaiverFeesApplied"": true, ""isUnlimitedFreeDelivery"": true, ""maxToyHoldingValueAllowed"": 120000, ""totalFreeDeliveryPerMonth"": 0, ""actualChargesForMemberShipFees"": 0, ""actualChargesForSecurityDeposit"": 0, ""actualChargesForDamageWaiverFees"": 999}",ONE_TIME,2026-09-28T15:15:51.215Z,2026-09-30T09:59:43.588Z,f335fef3-f295-4b3f-b69e-1b49402d782b,"{""deviceType"": ""MOBILE"", ""gstApplied"": true, ""promoCodeId"": ""payment_provider_fec0543b41a5f1e288f52e645b078249"", ""paymentNotes"": {""userId"": ""96a84083-16a6-4cb8-bf03-2c8a53a6bedc"", ""subscriptionType"": ""ONE_TIME"", ""subscriptionPlanId"": ""26a25589-5532-4f28-b820-1b6c7894c4fd""}, ""gstPercentage"": 18, ""membershipData"": {""amount"": 0, ""isMembershipFee"": true}, ""priceBreakdown"": {""basePrice"": 15588, ""gstAmount"": 2986, ""couponCode"": ""FLAT10AK"", ""finalPrice"": 10000, ""couponPercent"": null, ""proRataCredit"": null, ""couponDiscount"": 9573, ""membershipFees"": 0, ""securityDeposit"": 0, ""damageWaiverFees"": 999}, ""isRecurringInit"": false, ""paymentProvider"": ""RAZOR_PAY"", ""userTrialApplied"": false, ""securityDepositData"": {""securityDepositApplied"": false}, ""isTrialPeriodExpired"": true, ""merchantTransactionId"": ""order_ThVEuFIqw6YOpM"", ""userDamageWaiverFeesApplied"": true}",,,,,,{},[],"{""couponId"": ""f335fef3-f295-4b3f-b69e-1b49402d782b"", ""couponAppliedStatus"": ""PENDING"", ""isCouponAppliedOnSubscriptionRenew"": false}"
e8b217fb-ff45-45ff-9545-ea39f8e64042,9f5713b9-5489-4940-a7e2-d99d16890017,,15588.0,2026-09-30T10:07:14Z,2027-09-30T10:07:14Z,0,order_Tgk2jtKhE5bJP5,26a25589-5532-4f28-b820-1b6c7894c4fd,ACTIVE,,upi,,"{""discount"": ""25%"", ""isNewPlan"": false, ""trialDays"": 30, ""toyProgram"": ""-"", ""planSavings"": 3597, ""planVersion"": ""v2"", ""trialAmount"": 999, ""trialApplied"": false, ""memberShipFees"": 0, ""bonusDeliveries"": 0, ""deliveryCharges"": 100, ""sameDayDelivery"": true, ""damageWaiverFees"": 999, ""maxBigToyAllowed"": 1, ""refundableDeposit"": 0, ""moneyBackGuarantee"": 30, ""effectiveCostPerMonth"": 1299, ""membershipFeesApplied"": false, ""securityDepositApplied"": false, ""totalKeepCountPerMonth"": 3, ""damageWaiverFeesApplied"": true, ""isUnlimitedFreeDelivery"": true, ""maxToyHoldingValueAllowed"": 120000, ""totalFreeDeliveryPerMonth"": 0, ""actualChargesForMemberShipFees"": 0, ""actualChargesForSecurityDeposit"": 0, ""actualChargesForDamageWaiverFees"": 999}",ONE_TIME,2026-09-26T17:05:44.23Z,2026-09-30T10:07:14.623Z,96042d9b-2726-488e-b2b9-497485e86363,"{""deviceType"": ""MOBILE"", ""gstApplied"": true, ""promoCodeId"": ""payment_provider_85c55cda0381cc8b21850a6439ec3833"", ""paymentNotes"": {""userId"": ""9f5713b9-5489-4940-a7e2-d99d16890017"", ""subscriptionType"": ""ONE_TIME"", ""subscriptionPlanId"": ""26a25589-5532-4f28-b820-1b6c7894c4fd""}, ""gstPercentage"": 18, ""membershipData"": {""amount"": 0, ""isMembershipFee"": true}, ""priceBreakdown"": {""basePrice"": 15588, ""gstAmount"": 1864, ""couponCode"": ""KCELEFANT2026"", ""finalPrice"": 12215, ""couponPercent"": 40, ""proRataCredit"": null, ""couponDiscount"": 6236, ""membershipFees"": 0, ""securityDeposit"": 0, ""damageWaiverFees"": 999}, ""isRecurringInit"": false, ""paymentProvider"": ""RAZOR_PAY"", ""userTrialApplied"": false, ""securityDepositData"": {""securityDepositApplied"": false}, ""isTrialPeriodExpired"": true, ""merchantTransactionId"": ""order_Tgk2jtKhE5bJP5"", ""userDamageWaiverFeesApplied"": true}",,,,,,{},[],"{""couponId"": ""96042d9b-2726-488e-b2b9-497485e86363"", ""couponAppliedStatus"": ""PENDING"", ""isCouponAppliedOnSubscriptionRenew"": false}"
7538d684-13e1-40b4-b507-6ff726258c9b,412f38fc-8212-4cd2-b696-2da62f3dfe14,,5997.0,2026-09-30T10:29:17Z,2026-12-30T10:29:17Z,0,order_TiDPGAcRrZ2MtF,03e58770-76d5-4434-9934-ea1d64e4096f,ACTIVE,,upi,,"{""discount"": ""25%"", ""isNewPlan"": false, ""trialDays"": 30, ""toyProgram"": ""-"", ""planSavings"": 3597, ""planVersion"": ""v2"", ""trialAmount"": 99, ""trialApplied"": false, ""memberShipFees"": 0, ""bonusDeliveries"": 0, ""deliveryCharges"": 100, ""sameDayDelivery"": true, ""damageWaiverFees"": 999, ""maxBigToyAllowed"": 1, ""refundableDeposit"": 0, ""moneyBackGuarantee"": 30, ""effectiveCostPerMonth"": 1999, ""membershipFeesApplied"": false, ""securityDepositApplied"": false, ""totalKeepCountPerMonth"": 3, ""damageWaiverFeesApplied"": true, ""isUnlimitedFreeDelivery"": false, ""maxToyHoldingValueAllowed"": 35000, ""totalFreeDeliveryPerMonth"": 12, ""actualChargesForMemberShipFees"": 0, ""actualChargesForSecurityDeposit"": 0, ""actualChargesForDamageWaiverFees"": 999}",ONE_TIME,2026-09-30T10:28:10.339Z,2026-09-30T10:29:17.989Z,d9f45968-fdf9-45cb-a143-9bda0499e70b,"{""deviceType"": ""MOBILE"", ""gstApplied"": true, ""promoCodeId"": ""payment_provider_222024ad0be6b711af19f169bcb51d44"", ""paymentNotes"": {""userId"": ""412f38fc-8212-4cd2-b696-2da62f3dfe14"", ""subscriptionType"": ""ONE_TIME"", ""subscriptionPlanId"": ""03e58770-76d5-4434-9934-ea1d64e4096f""}, ""gstPercentage"": 18, ""membershipData"": {""amount"": 0, ""isMembershipFee"": true}, ""priceBreakdown"": {""basePrice"": 5997, ""gstAmount"": 1260, ""couponCode"": ""FUNDEAL"", ""finalPrice"": 5756, ""couponPercent"": null, ""proRataCredit"": null, ""couponDiscount"": 2500, ""membershipFees"": 0, ""securityDeposit"": 0, ""damageWaiverFees"": 999}, ""isRecurringInit"": false, ""paymentProvider"": ""RAZOR_PAY"", ""userTrialApplied"": false, ""securityDepositData"": {""securityDepositApplied"": false}, ""isTrialPeriodExpired"": true, ""merchantTransactionId"": ""order_TiDPGAcRrZ2MtF"", ""userDamageWaiverFeesApplied"": true}",,,,,,{},[],"{""couponId"": ""d9f45968-fdf9-45cb-a143-9bda0499e70b"", ""couponAppliedStatus"": ""PENDING"", ""isCouponAppliedOnSubscriptionRenew"": false}"
6d87a38e-0823-4c29-a30d-8a2f7c8e40d2,8dfca617-019c-4123-99e6-94faa9d65761,,15588.0,2026-09-30T11:06:34Z,2027-09-30T11:06:34Z,0,order_TghcRlS0mkg2sD,26a25589-5532-4f28-b820-1b6c7894c4fd,ACTIVE,,emi,,"{""discount"": ""25%"", ""isNewPlan"": false, ""trialDays"": 30, ""toyProgram"": ""-"", ""planSavings"": 3597, ""planVersion"": ""v2"", ""trialAmount"": 999, ""trialApplied"": false, ""memberShipFees"": 0, ""bonusDeliveries"": 0, ""deliveryCharges"": 100, ""sameDayDelivery"": true, ""damageWaiverFees"": 999, ""maxBigToyAllowed"": 1, ""refundableDeposit"": 0, ""moneyBackGuarantee"": 30, ""effectiveCostPerMonth"": 1299, ""membershipFeesApplied"": false, ""securityDepositApplied"": false, ""totalKeepCountPerMonth"": 3, ""damageWaiverFeesApplied"": true, ""isUnlimitedFreeDelivery"": true, ""maxToyHoldingValueAllowed"": 120000, ""totalFreeDeliveryPerMonth"": 0, ""actualChargesForMemberShipFees"": 0, ""actualChargesForSecurityDeposit"": 0, ""actualChargesForDamageWaiverFees"": 999}",ONE_TIME,2026-09-26T14:43:27.591Z,2026-09-30T11:06:34.25Z,01e44bd5-f585-4ce5-a6a7-a6dd40de2334,"{""deviceType"": ""MOBILE"", ""gstApplied"": true, ""promoCodeId"": ""payment_provider_ff77eacfd6873255307a24ce752aacdb"", ""paymentNotes"": {""userId"": ""8dfca617-019c-4123-99e6-94faa9d65761"", ""subscriptionType"": ""ONE_TIME"", ""subscriptionPlanId"": ""26a25589-5532-4f28-b820-1b6c7894c4fd""}, ""gstPercentage"": 18, ""membershipData"": {""amount"": 0, ""isMembershipFee"": true}, ""priceBreakdown"": {""basePrice"": 15588, ""gstAmount"": 2986, ""couponCode"": ""FLAT12K"", ""finalPrice"": 12000, ""couponPercent"": null, ""proRataCredit"": null, ""couponDiscount"": 7573, ""membershipFees"": 0, ""securityDeposit"": 0, ""damageWaiverFees"": 999}, ""isRecurringInit"": false, ""paymentProvider"": ""RAZOR_PAY"", ""userTrialApplied"": false, ""securityDepositData"": {""securityDepositApplied"": false}, ""isTrialPeriodExpired"": true, ""merchantTransactionId"": ""order_TghcRlS0mkg2sD"", ""userDamageWaiverFeesApplied"": true}",,,,,,{},[],"{""couponId"": ""01e44bd5-f585-4ce5-a6a7-a6dd40de2334"", ""couponAppliedStatus"": ""PENDING"", ""isCouponAppliedOnSubscriptionRenew"": false}"
47b97b43-2641-4721-ad68-f122b2e81219,9826ac22-03e8-4f6d-8eef-ae9fbb403376,,15588.0,2026-09-30T11:07:17Z,2027-09-30T11:07:17Z,0,order_TiE3sPaq1O0510,26a25589-5532-4f28-b820-1b6c7894c4fd,ACTIVE,,upi,,"{""discount"": ""25%"", ""isNewPlan"": false, ""trialDays"": 30, ""toyProgram"": ""-"", ""planSavings"": 3597, ""planVersion"": ""v2"", ""trialAmount"": 999, ""trialApplied"": false, ""memberShipFees"": 0, ""bonusDeliveries"": 0, ""deliveryCharges"": 100, ""sameDayDelivery"": true, ""damageWaiverFees"": 999, ""maxBigToyAllowed"": 1, ""refundableDeposit"": 0, ""moneyBackGuarantee"": 30, ""effectiveCostPerMonth"": 1299, ""membershipFeesApplied"": false, ""securityDepositApplied"": false, ""totalKeepCountPerMonth"": 3, ""damageWaiverFeesApplied"": true, ""isUnlimitedFreeDelivery"": true, ""maxToyHoldingValueAllowed"": 120000, ""totalFreeDeliveryPerMonth"": 0, ""actualChargesForMemberShipFees"": 0, ""actualChargesForSecurityDeposit"": 0, ""actualChargesForDamageWaiverFees"": 999}",ONE_TIME,2026-09-30T11:06:37.38Z,2026-09-30T11:07:17.408Z,13fa1d1b-f4aa-405f-a06f-601f97f47738,"{""deviceType"": ""MOBILE"", ""gstApplied"": true, ""promoCodeId"": ""payment_provider_fca0fcd4a1b654c7e6d58469b6ff8bec"", ""paymentNotes"": {""userId"": ""9826ac22-03e8-4f6d-8eef-ae9fbb403376"", ""subscriptionType"": ""ONE_TIME"", ""subscriptionPlanId"": ""26a25589-5532-4f28-b820-1b6c7894c4fd""}, ""gstPercentage"": 18, ""membershipData"": {""amount"": 0, ""isMembershipFee"": true}, ""priceBreakdown"": {""basePrice"": 15588, ""gstAmount"": 1864, ""couponCode"": ""AMELEFANT2026"", ""finalPrice"": 12215, ""couponPercent"": 40, ""proRataCredit"": null, ""couponDiscount"": 6236, ""membershipFees"": 0, ""securityDeposit"": 0, ""damageWaiverFees"": 999}, ""isRecurringInit"": false, ""paymentProvider"": ""RAZOR_PAY"", ""userTrialApplied"": false, ""securityDepositData"": {""securityDepositApplied"": false}, ""isTrialPeriodExpired"": true, ""merchantTransactionId"": ""order_TiE3sPaq1O0510"", ""userDamageWaiverFeesApplied"": true}",,,,,,{},[],"{""couponId"": ""13fa1d1b-f4aa-405f-a06f-601f97f47738"", ""couponAppliedStatus"": ""PENDING"", ""isCouponAppliedOnSubscriptionRenew"": false}"
7d43bb6c-1ef3-48d2-a4af-eca41d2b9e71,1426ce9d-337b-4084-aa52-c92c76d4b8e1,,15588.0,2026-09-30T11:36:20Z,2027-09-30T11:36:20Z,0,order_Th9vpL9q4Qlrwh,26a25589-5532-4f28-b820-1b6c7894c4fd,ACTIVE,,emi,,"{""discount"": ""25%"", ""isNewPlan"": false, ""trialDays"": 30, ""toyProgram"": ""-"", ""planSavings"": 3597, ""planVersion"": ""v2"", ""trialAmount"": 999, ""trialApplied"": false, ""memberShipFees"": 0, ""bonusDeliveries"": 0, ""deliveryCharges"": 100, ""sameDayDelivery"": true, ""damageWaiverFees"": 999, ""maxBigToyAllowed"": 1, ""refundableDeposit"": 0, ""moneyBackGuarantee"": 30, ""effectiveCostPerMonth"": 1299, ""membershipFeesApplied"": false, ""securityDepositApplied"": false, ""totalKeepCountPerMonth"": 3, ""damageWaiverFeesApplied"": true, ""isUnlimitedFreeDelivery"": true, ""maxToyHoldingValueAllowed"": 120000, ""totalFreeDeliveryPerMonth"": 0, ""actualChargesForMemberShipFees"": 0, ""actualChargesForSecurityDeposit"": 0, ""actualChargesForDamageWaiverFees"": 999}",ONE_TIME,2026-09-27T18:25:13.603Z,2026-09-30T11:36:20.966Z,64657f0e-dfb1-4666-bfdf-7dde9e84f420,"{""deviceType"": ""MOBILE"", ""gstApplied"": true, ""promoCodeId"": ""payment_provider_667a49e2c472825cb7b74bc8798a1fe7"", ""paymentNotes"": {""userId"": ""1426ce9d-337b-4084-aa52-c92c76d4b8e1"", ""subscriptionType"": ""ONE_TIME"", ""subscriptionPlanId"": ""26a25589-5532-4f28-b820-1b6c7894c4fd""}, ""gstPercentage"": 18, ""membershipData"": {""amount"": 0, ""isMembershipFee"": true}, ""priceBreakdown"": {""basePrice"": 15588, ""gstAmount"": 1864, ""couponCode"": ""SSELEFANT2026"", ""finalPrice"": 12215, ""couponPercent"": 40, ""proRataCredit"": null, ""couponDiscount"": 6236, ""membershipFees"": 0, ""securityDeposit"": 0, ""damageWaiverFees"": 999}, ""isRecurringInit"": false, ""paymentProvider"": ""RAZOR_PAY"", ""userTrialApplied"": false, ""securityDepositData"": {""securityDepositApplied"": false}, ""isTrialPeriodExpired"": true, ""merchantTransactionId"": ""order_Th9vpL9q4Qlrwh"", ""userDamageWaiverFeesApplied"": true}",,,,,,{},[],"{""couponId"": ""64657f0e-dfb1-4666-bfdf-7dde9e84f420"", ""couponAppliedStatus"": ""PENDING"", ""isCouponAppliedOnSubscriptionRenew"": false}"
c79e0cc0-c916-45fd-b0ff-e5d35cbf1589,2a5f389f-d91e-48c8-a790-95755c1a683f,8904479543,5997.0,2026-09-30T12:32:26Z,2026-12-30T12:32:26Z,0,assigned_c36786fc153a47427df64947d1ea8f55,03e58770-76d5-4434-9934-ea1d64e4096f,ACTIVE,,razorpay,,"{""discount"": ""25%"", ""isNewPlan"": false, ""pricePaid"": 5000, ""trialDays"": 30, ""toyProgram"": ""-"", ""planSavings"": 3597, ""planVersion"": ""v2"", ""trialAmount"": 99, ""trialApplied"": false, ""memberShipFees"": 0, ""bonusDeliveries"": 0, ""deliveryCharges"": 100, ""sameDayDelivery"": true, ""damageWaiverFees"": 999, ""maxBigToyAllowed"": 1, ""refundableDeposit"": 0, ""memberShipFeesPaid"": 0, ""moneyBackGuarantee"": 30, ""effectiveCostPerMonth"": 1999, ""membershipFeesApplied"": false, ""refundableDepositPaid"": 0, ""planPriceDiscountAdmin"": 997, ""securityDepositApplied"": false, ""totalKeepCountPerMonth"": 3, ""damageWaiverFeesApplied"": true, ""isUnlimitedFreeDelivery"": false, ""membershipDiscountAdmin"": 0, ""maxToyHoldingValueAllowed"": 35000, ""totalFreeDeliveryPerMonth"": 12, ""actualChargesForMemberShipFees"": 0, ""refundableDepositDiscountAdmin"": 0, ""actualChargesForSecurityDeposit"": 0, ""actualChargesForDamageWaiverFees"": 999}",ASSIGNED,2026-09-30T12:32:26.488Z,2026-09-30T12:32:26.488Z,,"{""note"": ""Paid 1K"", ""amount"": 5000, ""gstApplied"": true, ""paymentDate"": ""2026-09-30T12:32:22.932Z"", ""gstPercentage"": 18, ""membershipData"": {""amount"": 0, ""isMembershipFee"": true}, ""priceBreakdown"": {""basePrice"": 5997, ""gstAmount"": 1260, ""couponCode"": null, ""finalPrice"": 8256, ""couponPercent"": null, ""proRataCredit"": 0, ""couponDiscount"": 0, ""membershipFees"": 0, ""securityDeposit"": 0, ""damageWaiverFees"": 999}, ""userTrialApplied"": false, ""isTrialPeriodExpired"": true, ""userDamageWaiverFeesApplied"": true}",,,,,,{},[],{}
4badd744-bcc9-4b37-9909-30bbb7c26360,10e732eb-a2f8-4398-8ea7-1c9874cd10a7,,15588.0,2026-09-30T12:35:27Z,2027-09-30T12:35:27Z,0,order_Th3nbFw2S7XyWv,26a25589-5532-4f28-b820-1b6c7894c4fd,ACTIVE,,cardless_emi,,"{""discount"": ""25%"", ""isNewPlan"": false, ""trialDays"": 30, ""toyProgram"": ""-"", ""planSavings"": 3597, ""planVersion"": ""v2"", ""trialAmount"": 999, ""trialApplied"": false, ""memberShipFees"": 0, ""bonusDeliveries"": 0, ""deliveryCharges"": 100, ""sameDayDelivery"": true, ""damageWaiverFees"": 999, ""maxBigToyAllowed"": 1, ""refundableDeposit"": 0, ""moneyBackGuarantee"": 30, ""effectiveCostPerMonth"": 1299, ""membershipFeesApplied"": false, ""securityDepositApplied"": false, ""totalKeepCountPerMonth"": 3, ""damageWaiverFeesApplied"": true, ""isUnlimitedFreeDelivery"": true, ""maxToyHoldingValueAllowed"": 120000, ""totalFreeDeliveryPerMonth"": 0, ""actualChargesForMemberShipFees"": 0, ""actualChargesForSecurityDeposit"": 0, ""actualChargesForDamageWaiverFees"": 999}",ONE_TIME,2026-09-27T12:25:16.606Z,2026-09-30T12:35:27.564Z,01e44bd5-f585-4ce5-a6a7-a6dd40de2334,"{""deviceType"": ""MOBILE"", ""gstApplied"": true, ""promoCodeId"": ""payment_provider_ff77eacfd6873255307a24ce752aacdb"", ""paymentNotes"": {""userId"": ""10e732eb-a2f8-4398-8ea7-1c9874cd10a7"", ""subscriptionType"": ""ONE_TIME"", ""subscriptionPlanId"": ""26a25589-5532-4f28-b820-1b6c7894c4fd""}, ""gstPercentage"": 18, ""membershipData"": {""amount"": 0, ""isMembershipFee"": true}, ""priceBreakdown"": {""basePrice"": 15588, ""gstAmount"": 2986, ""couponCode"": ""FLAT12K"", ""finalPrice"": 12000, ""couponPercent"": null, ""proRataCredit"": null, ""couponDiscount"": 7573, ""membershipFees"": 0, ""securityDeposit"": 0, ""damageWaiverFees"": 999}, ""isRecurringInit"": false, ""paymentProvider"": ""RAZOR_PAY"", ""userTrialApplied"": false, ""securityDepositData"": {""securityDepositApplied"": false}, ""isTrialPeriodExpired"": true, ""merchantTransactionId"": ""order_Th3nbFw2S7XyWv"", ""userDamageWaiverFeesApplied"": true}",,,,,,{},[],"{""couponId"": ""01e44bd5-f585-4ce5-a6a7-a6dd40de2334"", ""couponAppliedStatus"": ""PENDING"", ""isCouponAppliedOnSubscriptionRenew"": false}"
44f742a3-c56b-4e24-a6ee-28044a2dc9c2,3d230d22-b039-4abe-af84-eaeb893bae46,,5997.0,2026-09-30T13:24:34Z,2026-12-29T13:24:34Z,0,order_TiGBERQ6BtA5KE,03e58770-76d5-4434-9934-ea1d64e4096f,ACTIVE,,upi,,"{""discount"": ""25%"", ""isNewPlan"": false, ""trialDays"": 30, ""toyProgram"": ""-"", ""planSavings"": 3597, ""planVersion"": ""v2"", ""trialAmount"": 99, ""trialApplied"": false, ""memberShipFees"": 0, ""bonusDeliveries"": 0, ""deliveryCharges"": 100, ""sameDayDelivery"": true, ""damageWaiverFees"": 999, ""maxBigToyAllowed"": 1, ""refundableDeposit"": 0, ""moneyBackGuarantee"": 30, ""effectiveCostPerMonth"": 1999, ""membershipFeesApplied"": false, ""planPriceDiscountAdmin"": -418801, ""securityDepositApplied"": false, ""totalKeepCountPerMonth"": 3, ""damageWaiverFeesApplied"": true, ""isUnlimitedFreeDelivery"": false, ""maxToyHoldingValueAllowed"": 35000, ""totalFreeDeliveryPerMonth"": 12, ""actualChargesForMemberShipFees"": 0, ""actualChargesForSecurityDeposit"": 0, ""actualChargesForDamageWaiverFees"": 999}",ONE_TIME,2026-09-30T13:24:34.786Z,2026-09-30T13:24:34.786Z,,"{""amount"": 419800, ""deviceType"": ""MOBILE"", ""gstApplied"": true, ""paymentNotes"": {""userId"": ""3d230d22-b039-4abe-af84-eaeb893bae46"", ""paymentLinkId"": ""2c419c6d-40b3-40ce-b26a-586b88a3ec10"", ""subscriptionPlanId"": ""03e58770-76d5-4434-9934-ea1d64e4096f""}, ""gstPercentage"": 18, ""paymentLinkId"": ""2c419c6d-40b3-40ce-b26a-586b88a3ec10"", ""membershipData"": {""amount"": 0, ""isMembershipFee"": false}, ""isRecurringInit"": false, ""paymentProvider"": ""RAZOR_PAY"", ""userTrialApplied"": false, ""securityDepositData"": {""amount"": 0, ""securityDepositApplied"": false}, ""isTrialPeriodExpired"": true, ""merchantTransactionId"": ""order_TiGBERQ6BtA5KE"", ""userDamageWaiverFeesApplied"": true}",,,,,,{},[],{}
f8aa0724-b922-4935-a80b-c5e0cfc2c448,3b9b40c7-88b4-4a62-94f7-cfcd54dad620,,15588.0,2026-09-30T14:05:58Z,2027-09-30T14:05:58Z,0,order_TgdNZqqgaVN1cY,26a25589-5532-4f28-b820-1b6c7894c4fd,ACTIVE,,emi,,"{""discount"": ""25%"", ""isNewPlan"": false, ""trialDays"": 30, ""toyProgram"": ""-"", ""planSavings"": 3597, ""planVersion"": ""v2"", ""trialAmount"": 999, ""trialApplied"": false, ""memberShipFees"": 0, ""bonusDeliveries"": 0, ""deliveryCharges"": 100, ""sameDayDelivery"": true, ""damageWaiverFees"": 999, ""maxBigToyAllowed"": 1, ""refundableDeposit"": 0, ""moneyBackGuarantee"": 30, ""effectiveCostPerMonth"": 1299, ""membershipFeesApplied"": false, ""securityDepositApplied"": false, ""totalKeepCountPerMonth"": 3, ""damageWaiverFeesApplied"": true, ""isUnlimitedFreeDelivery"": true, ""maxToyHoldingValueAllowed"": 120000, ""totalFreeDeliveryPerMonth"": 0, ""actualChargesForMemberShipFees"": 0, ""actualChargesForSecurityDeposit"": 0, ""actualChargesForDamageWaiverFees"": 999}",ONE_TIME,2026-09-26T10:34:36.55Z,2026-09-30T14:05:58.071Z,39d4dac4-9537-4653-874b-36bd27b763a0,"{""deviceType"": ""MOBILE"", ""gstApplied"": true, ""promoCodeId"": ""payment_provider_444be18c9e16d1cd1b19ef1c8a66b2ab"", ""paymentNotes"": {""userId"": ""3b9b40c7-88b4-4a62-94f7-cfcd54dad620"", ""subscriptionType"": ""ONE_TIME"", ""subscriptionPlanId"": ""26a25589-5532-4f28-b820-1b6c7894c4fd""}, ""gstPercentage"": 18, ""membershipData"": {""amount"": 0, ""isMembershipFee"": true}, ""priceBreakdown"": {""basePrice"": 15588, ""gstAmount"": 2986, ""couponCode"": ""FLAT11KAK"", ""finalPrice"": 11000, ""couponPercent"": null, ""proRataCredit"": null, ""couponDiscount"": 8573, ""membershipFees"": 0, ""securityDeposit"": 0, ""damageWaiverFees"": 999}, ""isRecurringInit"": false, ""paymentProvider"": ""RAZOR_PAY"", ""userTrialApplied"": false, ""securityDepositData"": {""securityDepositApplied"": false}, ""isTrialPeriodExpired"": true, ""merchantTransactionId"": ""order_TgdNZqqgaVN1cY"", ""userDamageWaiverFeesApplied"": true}",,,,,,{},[],"{""couponId"": ""39d4dac4-9537-4653-874b-36bd27b763a0"", ""couponAppliedStatus"": ""PENDING"", ""isCouponAppliedOnSubscriptionRenew"": false}"
35d225e9-8404-4734-b23e-a4166e47de5e,373b65b3-3e63-478a-88b9-7f098d8b4386,,15588.0,2026-09-30T14:38:48Z,2027-09-30T14:38:48Z,0,order_TiHaB41ZZybkhV,26a25589-5532-4f28-b820-1b6c7894c4fd,ACTIVE,,card,,"{""discount"": ""25%"", ""isNewPlan"": false, ""trialDays"": 30, ""toyProgram"": ""-"", ""planSavings"": 3597, ""planVersion"": ""v2"", ""trialAmount"": 999, ""trialApplied"": false, ""memberShipFees"": 0, ""bonusDeliveries"": 0, ""deliveryCharges"": 100, ""sameDayDelivery"": true, ""damageWaiverFees"": 999, ""maxBigToyAllowed"": 1, ""refundableDeposit"": 0, ""moneyBackGuarantee"": 30, ""effectiveCostPerMonth"": 1299, ""membershipFeesApplied"": false, ""securityDepositApplied"": false, ""totalKeepCountPerMonth"": 3, ""damageWaiverFeesApplied"": true, ""isUnlimitedFreeDelivery"": true, ""maxToyHoldingValueAllowed"": 120000, ""totalFreeDeliveryPerMonth"": 0, ""actualChargesForMemberShipFees"": 0, ""actualChargesForSecurityDeposit"": 0, ""actualChargesForDamageWaiverFees"": 999}",ONE_TIME,2026-09-30T14:33:16.921Z,2026-09-30T14:38:48.435Z,11cc4d09-1439-4fd6-a666-436fbea916d5,"{""deviceType"": ""MOBILE"", ""gstApplied"": true, ""promoCodeId"": ""payment_provider_e925eeebd212aee3eb9043e857144df1"", ""paymentNotes"": {""userId"": ""373b65b3-3e63-478a-88b9-7f098d8b4386"", ""subscriptionType"": ""ONE_TIME"", ""subscriptionPlanId"": ""26a25589-5532-4f28-b820-1b6c7894c4fd""}, ""gstPercentage"": 18, ""membershipData"": {""amount"": 0, ""isMembershipFee"": true}, ""priceBreakdown"": {""basePrice"": 15588, ""gstAmount"": 1864, ""couponCode"": ""KSELEFANT2026"", ""finalPrice"": 12215, ""couponPercent"": 40, ""proRataCredit"": null, ""couponDiscount"": 6236, ""membershipFees"": 0, ""securityDeposit"": 0, ""damageWaiverFees"": 999}, ""isRecurringInit"": false, ""paymentProvider"": ""RAZOR_PAY"", ""userTrialApplied"": false, ""securityDepositData"": {""securityDepositApplied"": false}, ""isTrialPeriodExpired"": true, ""merchantTransactionId"": ""order_TiHaB41ZZybkhV"", ""userDamageWaiverFeesApplied"": true}",,,,,,{},[],"{""couponId"": ""11cc4d09-1439-4fd6-a666-436fbea916d5"", ""couponAppliedStatus"": ""PENDING"", ""isCouponAppliedOnSubscriptionRenew"": false}"
13eaf582-614e-48bf-906c-481fc6393323,7111222b-5eba-462d-876c-6eff30ee7584,,15588.0,2026-09-30T14:19:53Z,2027-09-30T14:19:53Z,0,order_TiHKuLQSdueMdf,26a25589-5532-4f28-b820-1b6c7894c4fd,ACTIVE,,upi,,"{""discount"": ""25%"", ""isNewPlan"": false, ""trialDays"": 30, ""toyProgram"": ""-"", ""planSavings"": 3597, ""planVersion"": ""v2"", ""trialAmount"": 999, ""trialApplied"": false, ""memberShipFees"": 0, ""bonusDeliveries"": 0, ""deliveryCharges"": 100, ""sameDayDelivery"": true, ""damageWaiverFees"": 999, ""maxBigToyAllowed"": 1, ""refundableDeposit"": 0, ""moneyBackGuarantee"": 30, ""effectiveCostPerMonth"": 1299, ""membershipFeesApplied"": false, ""securityDepositApplied"": false, ""totalKeepCountPerMonth"": 3, ""damageWaiverFeesApplied"": true, ""isUnlimitedFreeDelivery"": true, ""maxToyHoldingValueAllowed"": 120000, ""totalFreeDeliveryPerMonth"": 0, ""actualChargesForMemberShipFees"": 0, ""actualChargesForSecurityDeposit"": 0, ""actualChargesForDamageWaiverFees"": 999}",ONE_TIME,2026-09-30T14:18:49.602Z,2026-09-30T14:19:54.088Z,cb81d7b9-7d38-4635-a4d5-5d517530c507,"{""deviceType"": ""MOBILE"", ""gstApplied"": true, ""promoCodeId"": ""payment_provider_985154968a3d90ffecf85059926d40ce"", ""paymentNotes"": {""userId"": ""7111222b-5eba-462d-876c-6eff30ee7584"", ""subscriptionType"": ""ONE_TIME"", ""subscriptionPlanId"": ""26a25589-5532-4f28-b820-1b6c7894c4fd""}, ""gstPercentage"": 18, ""membershipData"": {""amount"": 0, ""isMembershipFee"": true}, ""priceBreakdown"": {""basePrice"": 15588, ""gstAmount"": 2986, ""couponCode"": ""BOGOAKA"", ""finalPrice"": 9787, ""couponPercent"": null, ""proRataCredit"": null, ""couponDiscount"": 9786, ""membershipFees"": 0, ""securityDeposit"": 0, ""damageWaiverFees"": 999}, ""isRecurringInit"": false, ""paymentProvider"": ""RAZOR_PAY"", ""userTrialApplied"": false, ""securityDepositData"": {""securityDepositApplied"": false}, ""isTrialPeriodExpired"": true, ""merchantTransactionId"": ""order_TiHKuLQSdueMdf"", ""userDamageWaiverFeesApplied"": true}",,,,,,{},[],"{""couponId"": ""cb81d7b9-7d38-4635-a4d5-5d517530c507"", ""couponAppliedStatus"": ""PENDING"", ""isCouponAppliedOnSubscriptionRenew"": false}"
59e9808c-42fd-4af9-b823-eea200a63809,26699d34-26d3-42b2-94cb-59642a607320,,15588.0,2026-09-30T14:31:04Z,2027-09-30T14:31:04Z,0,order_TiHWxOux4h3Ldm,26a25589-5532-4f28-b820-1b6c7894c4fd,ACTIVE,,upi,,"{""discount"": ""25%"", ""isNewPlan"": false, ""trialDays"": 30, ""toyProgram"": ""-"", ""planSavings"": 3597, ""planVersion"": ""v2"", ""trialAmount"": 999, ""trialApplied"": false, ""memberShipFees"": 0, ""bonusDeliveries"": 0, ""deliveryCharges"": 100, ""sameDayDelivery"": true, ""damageWaiverFees"": 999, ""maxBigToyAllowed"": 1, ""refundableDeposit"": 0, ""moneyBackGuarantee"": 30, ""effectiveCostPerMonth"": 1299, ""membershipFeesApplied"": false, ""securityDepositApplied"": false, ""totalKeepCountPerMonth"": 3, ""damageWaiverFeesApplied"": true, ""isUnlimitedFreeDelivery"": true, ""maxToyHoldingValueAllowed"": 120000, ""totalFreeDeliveryPerMonth"": 0, ""actualChargesForMemberShipFees"": 0, ""actualChargesForSecurityDeposit"": 0, ""actualChargesForDamageWaiverFees"": 999}",ONE_TIME,2026-09-30T14:30:14.002Z,2026-09-30T14:31:04.743Z,cb81d7b9-7d38-4635-a4d5-5d517530c507,"{""deviceType"": ""MOBILE"", ""gstApplied"": true, ""promoCodeId"": ""payment_provider_985154968a3d90ffecf85059926d40ce"", ""paymentNotes"": {""userId"": ""26699d34-26d3-42b2-94cb-59642a607320"", ""subscriptionType"": ""ONE_TIME"", ""subscriptionPlanId"": ""26a25589-5532-4f28-b820-1b6c7894c4fd""}, ""gstPercentage"": 18, ""membershipData"": {""amount"": 0, ""isMembershipFee"": true}, ""priceBreakdown"": {""basePrice"": 15588, ""gstAmount"": 2986, ""couponCode"": ""BOGOAKA"", ""finalPrice"": 9787, ""couponPercent"": null, ""proRataCredit"": null, ""couponDiscount"": 9786, ""membershipFees"": 0, ""securityDeposit"": 0, ""damageWaiverFees"": 999}, ""isRecurringInit"": false, ""paymentProvider"": ""RAZOR_PAY"", ""userTrialApplied"": false, ""securityDepositData"": {""securityDepositApplied"": false}, ""isTrialPeriodExpired"": true, ""merchantTransactionId"": ""order_TiHWxOux4h3Ldm"", ""userDamageWaiverFeesApplied"": true}",,,,,,{},[],"{""couponId"": ""cb81d7b9-7d38-4635-a4d5-5d517530c507"", ""couponAppliedStatus"": ""PENDING"", ""isCouponAppliedOnSubscriptionRenew"": false}"
99be62f0-3387-4473-9dbb-9d313f01e168,de4332b6-f4e8-4f30-964a-631e6d117af7,,15588.0,2026-09-30T15:57:44Z,2027-09-30T15:57:44Z,0,order_TiIzGvW6eVBtEY,26a25589-5532-4f28-b820-1b6c7894c4fd,ACTIVE,,upi,,"{""discount"": ""25%"", ""isNewPlan"": false, ""trialDays"": 30, ""toyProgram"": ""-"", ""planSavings"": 3597, ""planVersion"": ""v2"", ""trialAmount"": 999, ""trialApplied"": false, ""memberShipFees"": 0, ""bonusDeliveries"": 0, ""deliveryCharges"": 100, ""sameDayDelivery"": true, ""damageWaiverFees"": 999, ""maxBigToyAllowed"": 1, ""refundableDeposit"": 0, ""moneyBackGuarantee"": 30, ""effectiveCostPerMonth"": 1299, ""membershipFeesApplied"": false, ""securityDepositApplied"": false, ""totalKeepCountPerMonth"": 3, ""damageWaiverFeesApplied"": true, ""isUnlimitedFreeDelivery"": true, ""maxToyHoldingValueAllowed"": 120000, ""totalFreeDeliveryPerMonth"": 0, ""actualChargesForMemberShipFees"": 0, ""actualChargesForSecurityDeposit"": 0, ""actualChargesForDamageWaiverFees"": 999}",ONE_TIME,2026-09-30T15:55:43.912Z,2026-09-30T15:57:44.636Z,c7d3784b-d35c-457a-9519-c75abe4f5de8,"{""deviceType"": ""MOBILE"", ""gstApplied"": true, ""promoCodeId"": ""payment_provider_08239d2e3a5ad63d68262171193a8163"", ""paymentNotes"": {""userId"": ""de4332b6-f4e8-4f30-964a-631e6d117af7"", ""subscriptionType"": ""ONE_TIME"", ""subscriptionPlanId"": ""26a25589-5532-4f28-b820-1b6c7894c4fd""}, ""gstPercentage"": 18, ""membershipData"": {""amount"": 0, ""isMembershipFee"": true}, ""priceBreakdown"": {""basePrice"": 15588, ""gstAmount"": 2986, ""couponCode"": ""FLAT13KAK"", ""finalPrice"": 13000, ""couponPercent"": null, ""proRataCredit"": null, ""couponDiscount"": 6573, ""membershipFees"": 0, ""securityDeposit"": 0, ""damageWaiverFees"": 999}, ""isRecurringInit"": false, ""paymentProvider"": ""RAZOR_PAY"", ""userTrialApplied"": false, ""securityDepositData"": {""securityDepositApplied"": false}, ""isTrialPeriodExpired"": true, ""merchantTransactionId"": ""order_TiIzGvW6eVBtEY"", ""userDamageWaiverFeesApplied"": true}",,,,,,{},[],"{""couponId"": ""c7d3784b-d35c-457a-9519-c75abe4f5de8"", ""couponAppliedStatus"": ""PENDING"", ""isCouponAppliedOnSubscriptionRenew"": false}"
b11b40cb-ccee-454b-8492-7bc574b2f437,1525f23f-8c1c-4eff-b027-db399fee1f15,,15588.0,2026-09-30T15:10:20Z,2027-10-30T18:29:59.999Z,0,order_TiI9lq4aQBvVME,26a25589-5532-4f28-b820-1b6c7894c4fd,ACTIVE,,cardless_emi,,"{""discount"": ""25%"", ""isNewPlan"": false, ""trialDays"": 30, ""toyProgram"": ""-"", ""planSavings"": 3597, ""planVersion"": ""v2"", ""trialAmount"": 999, ""trialApplied"": false, ""memberShipFees"": 0, ""bonusDeliveries"": 0, ""deliveryCharges"": 100, ""sameDayDelivery"": true, ""damageWaiverFees"": 999, ""maxBigToyAllowed"": 1, ""refundableDeposit"": 0, ""moneyBackGuarantee"": 30, ""effectiveCostPerMonth"": 1299, ""membershipFeesApplied"": false, ""securityDepositApplied"": false, ""totalKeepCountPerMonth"": 3, ""damageWaiverFeesApplied"": true, ""isUnlimitedFreeDelivery"": true, ""maxToyHoldingValueAllowed"": 120000, ""totalFreeDeliveryPerMonth"": 0, ""actualChargesForMemberShipFees"": 0, ""actualChargesForSecurityDeposit"": 0, ""actualChargesForDamageWaiverFees"": 999}",ONE_TIME,2026-09-30T15:06:58.627Z,2026-10-02T07:38:14.075Z,39d4dac4-9537-4653-874b-36bd27b763a0,"{""deviceType"": ""MOBILE"", ""gstApplied"": true, ""promoCodeId"": ""payment_provider_444be18c9e16d1cd1b19ef1c8a66b2ab"", ""paymentNotes"": {""userId"": ""1525f23f-8c1c-4eff-b027-db399fee1f15"", ""subscriptionType"": ""ONE_TIME"", ""subscriptionPlanId"": ""26a25589-5532-4f28-b820-1b6c7894c4fd""}, ""gstPercentage"": 18, ""membershipData"": {""amount"": 0, ""isMembershipFee"": true}, ""priceBreakdown"": {""basePrice"": 15588, ""gstAmount"": 2986, ""couponCode"": ""FLAT11KAK"", ""finalPrice"": 11000, ""couponPercent"": null, ""proRataCredit"": null, ""couponDiscount"": 8573, ""membershipFees"": 0, ""securityDeposit"": 0, ""damageWaiverFees"": 999}, ""isRecurringInit"": false, ""paymentProvider"": ""RAZOR_PAY"", ""userTrialApplied"": false, ""securityDepositData"": {""securityDepositApplied"": false}, ""isTrialPeriodExpired"": true, ""merchantTransactionId"": ""order_TiI9lq4aQBvVME"", ""userDamageWaiverFeesApplied"": true}",,,,,,{},[],"{""couponId"": ""39d4dac4-9537-4653-874b-36bd27b763a0"", ""couponAppliedStatus"": ""PENDING"", ""isCouponAppliedOnSubscriptionRenew"": false}"
6431615e-5804-4b02-98a0-0b162900e97f,5d11e936-1c91-4549-a3b1-e66604791d49,,5997.0,2026-09-30T16:36:39Z,2026-12-30T16:36:39Z,0,order_TiJfywZIEdyH0s,03e58770-76d5-4434-9934-ea1d64e4096f,ACTIVE,,upi,,"{""discount"": ""25%"", ""isNewPlan"": false, ""trialDays"": 30, ""toyProgram"": ""-"", ""planSavings"": 3597, ""planVersion"": ""v2"", ""trialAmount"": 99, ""trialApplied"": false, ""memberShipFees"": 0, ""bonusDeliveries"": 0, ""deliveryCharges"": 100, ""sameDayDelivery"": true, ""damageWaiverFees"": 999, ""maxBigToyAllowed"": 1, ""refundableDeposit"": 0, ""moneyBackGuarantee"": 30, ""effectiveCostPerMonth"": 1999, ""membershipFeesApplied"": false, ""securityDepositApplied"": false, ""totalKeepCountPerMonth"": 3, ""damageWaiverFeesApplied"": true, ""isUnlimitedFreeDelivery"": false, ""maxToyHoldingValueAllowed"": 35000, ""totalFreeDeliveryPerMonth"": 12, ""actualChargesForMemberShipFees"": 0, ""actualChargesForSecurityDeposit"": 0, ""actualChargesForDamageWaiverFees"": 999}",ONE_TIME,2026-09-30T16:36:09.844Z,2026-09-30T16:36:39.635Z,d9f45968-fdf9-45cb-a143-9bda0499e70b,"{""deviceType"": ""MOBILE"", ""gstApplied"": true, ""promoCodeId"": ""payment_provider_222024ad0be6b711af19f169bcb51d44"", ""paymentNotes"": {""userId"": ""5d11e936-1c91-4549-a3b1-e66604791d49"", ""subscriptionType"": ""ONE_TIME"", ""subscriptionPlanId"": ""03e58770-76d5-4434-9934-ea1d64e4096f""}, ""gstPercentage"": 18, ""membershipData"": {""amount"": 0, ""isMembershipFee"": true}, ""priceBreakdown"": {""basePrice"": 5997, ""gstAmount"": 1260, ""couponCode"": ""FUNDEAL"", ""finalPrice"": 5756, ""couponPercent"": null, ""proRataCredit"": null, ""couponDiscount"": 2500, ""membershipFees"": 0, ""securityDeposit"": 0, ""damageWaiverFees"": 999}, ""isRecurringInit"": false, ""paymentProvider"": ""RAZOR_PAY"", ""userTrialApplied"": false, ""securityDepositData"": {""securityDepositApplied"": false}, ""isTrialPeriodExpired"": true, ""merchantTransactionId"": ""order_TiJfywZIEdyH0s"", ""userDamageWaiverFeesApplied"": true}",,,,,,{},[],"{""couponId"": ""d9f45968-fdf9-45cb-a143-9bda0499e70b"", ""couponAppliedStatus"": ""PENDING"", ""isCouponAppliedOnSubscriptionRenew"": false}"
b87de784-0668-43c9-9671-59260daf5837,39f59b40-99d1-4308-81a2-6da662cba12a,,15588.0,2026-09-30T15:45:22Z,2027-09-30T15:45:22Z,0,order_TiImGssMoJqbP4,26a25589-5532-4f28-b820-1b6c7894c4fd,ACTIVE,,cardless_emi,,"{""discount"": ""25%"", ""isNewPlan"": false, ""trialDays"": 30, ""toyProgram"": ""-"", ""planSavings"": 3597, ""planVersion"": ""v2"", ""trialAmount"": 999, ""trialApplied"": false, ""memberShipFees"": 0, ""bonusDeliveries"": 0, ""deliveryCharges"": 100, ""sameDayDelivery"": true, ""damageWaiverFees"": 999, ""maxBigToyAllowed"": 1, ""refundableDeposit"": 0, ""moneyBackGuarantee"": 30, ""effectiveCostPerMonth"": 1299, ""membershipFeesApplied"": false, ""securityDepositApplied"": false, ""totalKeepCountPerMonth"": 3, ""damageWaiverFeesApplied"": true, ""isUnlimitedFreeDelivery"": true, ""maxToyHoldingValueAllowed"": 120000, ""totalFreeDeliveryPerMonth"": 0, ""actualChargesForMemberShipFees"": 0, ""actualChargesForSecurityDeposit"": 0, ""actualChargesForDamageWaiverFees"": 999}",ONE_TIME,2026-09-30T15:43:25.48Z,2026-09-30T15:45:22.491Z,361f55fe-f098-44a6-9c1f-32d371a138cb,"{""deviceType"": ""MOBILE"", ""gstApplied"": true, ""promoCodeId"": ""payment_provider_a7166b52cceefc6f75f015fa811d0a22"", ""paymentNotes"": {""userId"": ""39f59b40-99d1-4308-81a2-6da662cba12a"", ""subscriptionType"": ""ONE_TIME"", ""subscriptionPlanId"": ""26a25589-5532-4f28-b820-1b6c7894c4fd""}, ""gstPercentage"": 18, ""membershipData"": {""amount"": 0, ""isMembershipFee"": true}, ""priceBreakdown"": {""basePrice"": 15588, ""gstAmount"": 1864, ""couponCode"": ""BOGO40"", ""finalPrice"": 12215, ""couponPercent"": 40, ""proRataCredit"": null, ""couponDiscount"": 6236, ""membershipFees"": 0, ""securityDeposit"": 0, ""damageWaiverFees"": 999}, ""isRecurringInit"": false, ""paymentProvider"": ""RAZOR_PAY"", ""userTrialApplied"": false, ""securityDepositData"": {""securityDepositApplied"": false}, ""isTrialPeriodExpired"": true, ""merchantTransactionId"": ""order_TiImGssMoJqbP4"", ""userDamageWaiverFeesApplied"": true}",,,,,,{},[],"{""couponId"": ""361f55fe-f098-44a6-9c1f-32d371a138cb"", ""couponAppliedStatus"": ""PENDING"", ""isCouponAppliedOnSubscriptionRenew"": false}"
12e90785-e992-43bf-816c-5a20f405d38a,646d9bf2-6e4a-41cd-a141-2f8775d1682c,,15588.0,2026-09-30T16:00:50Z,2027-09-30T16:00:50Z,0,order_TiJ12C0WxQhbav,26a25589-5532-4f28-b820-1b6c7894c4fd,ACTIVE,,cardless_emi,,"{""discount"": ""25%"", ""isNewPlan"": false, ""trialDays"": 30, ""toyProgram"": ""-"", ""planSavings"": 3597, ""planVersion"": ""v2"", ""trialAmount"": 999, ""trialApplied"": false, ""memberShipFees"": 0, ""bonusDeliveries"": 0, ""deliveryCharges"": 100, ""sameDayDelivery"": true, ""damageWaiverFees"": 999, ""maxBigToyAllowed"": 1, ""refundableDeposit"": 0, ""moneyBackGuarantee"": 30, ""effectiveCostPerMonth"": 1299, ""membershipFeesApplied"": false, ""securityDepositApplied"": false, ""totalKeepCountPerMonth"": 3, ""damageWaiverFeesApplied"": true, ""isUnlimitedFreeDelivery"": true, ""maxToyHoldingValueAllowed"": 120000, ""totalFreeDeliveryPerMonth"": 0, ""actualChargesForMemberShipFees"": 0, ""actualChargesForSecurityDeposit"": 0, ""actualChargesForDamageWaiverFees"": 999}",ONE_TIME,2026-09-30T15:57:24.016Z,2026-09-30T16:00:50.395Z,2c051b6f-baeb-40d9-872c-28ab117ea39b,"{""deviceType"": ""MOBILE"", ""gstApplied"": true, ""promoCodeId"": ""payment_provider_aa492afb039154b981bf6a2abfefb8fe"", ""paymentNotes"": {""userId"": ""646d9bf2-6e4a-41cd-a141-2f8775d1682c"", ""subscriptionType"": ""ONE_TIME"", ""subscriptionPlanId"": ""26a25589-5532-4f28-b820-1b6c7894c4fd""}, ""gstPercentage"": 18, ""membershipData"": {""amount"": 0, ""isMembershipFee"": true}, ""priceBreakdown"": {""basePrice"": 15588, ""gstAmount"": 2986, ""couponCode"": ""LASTCALL"", ""finalPrice"": 13573, ""couponPercent"": null, ""proRataCredit"": null, ""couponDiscount"": 6000, ""membershipFees"": 0, ""securityDeposit"": 0, ""damageWaiverFees"": 999}, ""isRecurringInit"": false, ""paymentProvider"": ""RAZOR_PAY"", ""userTrialApplied"": false, ""securityDepositData"": {""securityDepositApplied"": false}, ""isTrialPeriodExpired"": true, ""merchantTransactionId"": ""order_TiJ12C0WxQhbav"", ""userDamageWaiverFeesApplied"": true}",,,,,,{},[],"{""couponId"": ""2c051b6f-baeb-40d9-872c-28ab117ea39b"", ""couponAppliedStatus"": ""PENDING"", ""isCouponAppliedOnSubscriptionRenew"": false}"
cfcf64b7-edb8-41db-b11f-651d29ba5d77,3321ab01-57c3-471c-aee0-cec4b3f46b3f,,15588.0,2026-09-30T16:06:13Z,2027-09-30T16:06:13Z,0,order_TiJ6Zh0Sn4iJPS,26a25589-5532-4f28-b820-1b6c7894c4fd,ACTIVE,,upi,,"{""discount"": ""25%"", ""isNewPlan"": false, ""trialDays"": 30, ""toyProgram"": ""-"", ""planSavings"": 3597, ""planVersion"": ""v2"", ""trialAmount"": 999, ""trialApplied"": false, ""memberShipFees"": 0, ""bonusDeliveries"": 0, ""deliveryCharges"": 100, ""sameDayDelivery"": true, ""damageWaiverFees"": 999, ""maxBigToyAllowed"": 1, ""refundableDeposit"": 0, ""moneyBackGuarantee"": 30, ""effectiveCostPerMonth"": 1299, ""membershipFeesApplied"": false, ""securityDepositApplied"": false, ""totalKeepCountPerMonth"": 3, ""damageWaiverFeesApplied"": true, ""isUnlimitedFreeDelivery"": true, ""maxToyHoldingValueAllowed"": 120000, ""totalFreeDeliveryPerMonth"": 0, ""actualChargesForMemberShipFees"": 0, ""actualChargesForSecurityDeposit"": 0, ""actualChargesForDamageWaiverFees"": 999}",ONE_TIME,2026-09-30T16:02:38.717Z,2026-09-30T16:06:13.435Z,01e44bd5-f585-4ce5-a6a7-a6dd40de2334,"{""deviceType"": ""MOBILE"", ""gstApplied"": true, ""promoCodeId"": ""payment_provider_ff77eacfd6873255307a24ce752aacdb"", ""paymentNotes"": {""userId"": ""3321ab01-57c3-471c-aee0-cec4b3f46b3f"", ""subscriptionType"": ""ONE_TIME"", ""subscriptionPlanId"": ""26a25589-5532-4f28-b820-1b6c7894c4fd""}, ""gstPercentage"": 18, ""membershipData"": {""amount"": 0, ""isMembershipFee"": true}, ""priceBreakdown"": {""basePrice"": 15588, ""gstAmount"": 2986, ""couponCode"": ""FLAT12K"", ""finalPrice"": 12000, ""couponPercent"": null, ""proRataCredit"": null, ""couponDiscount"": 7573, ""membershipFees"": 0, ""securityDeposit"": 0, ""damageWaiverFees"": 999}, ""isRecurringInit"": false, ""paymentProvider"": ""RAZOR_PAY"", ""userTrialApplied"": false, ""securityDepositData"": {""securityDepositApplied"": false}, ""isTrialPeriodExpired"": true, ""merchantTransactionId"": ""order_TiJ6Zh0Sn4iJPS"", ""userDamageWaiverFeesApplied"": true}",,,,,,{},[],"{""couponId"": ""01e44bd5-f585-4ce5-a6a7-a6dd40de2334"", ""couponAppliedStatus"": ""PENDING"", ""isCouponAppliedOnSubscriptionRenew"": false}"
e9a91652-9aea-4a2f-bd08-7232e347a418,fe163475-05eb-4859-8674-930a7847733d,,15588.0,2026-09-30T16:21:25Z,2027-09-30T16:21:25Z,0,order_TiJKxzQ5WEf5Oo,26a25589-5532-4f28-b820-1b6c7894c4fd,ACTIVE,,cardless_emi,,"{""discount"": ""25%"", ""isNewPlan"": false, ""trialDays"": 30, ""toyProgram"": ""-"", ""planSavings"": 3597, ""planVersion"": ""v2"", ""trialAmount"": 999, ""trialApplied"": false, ""memberShipFees"": 0, ""bonusDeliveries"": 0, ""deliveryCharges"": 100, ""sameDayDelivery"": true, ""damageWaiverFees"": 999, ""maxBigToyAllowed"": 1, ""refundableDeposit"": 0, ""moneyBackGuarantee"": 30, ""effectiveCostPerMonth"": 1299, ""membershipFeesApplied"": false, ""securityDepositApplied"": false, ""totalKeepCountPerMonth"": 3, ""damageWaiverFeesApplied"": true, ""isUnlimitedFreeDelivery"": true, ""maxToyHoldingValueAllowed"": 120000, ""totalFreeDeliveryPerMonth"": 0, ""actualChargesForMemberShipFees"": 0, ""actualChargesForSecurityDeposit"": 0, ""actualChargesForDamageWaiverFees"": 999}",ONE_TIME,2026-09-30T16:16:16.172Z,2026-09-30T16:21:25.603Z,01e44bd5-f585-4ce5-a6a7-a6dd40de2334,"{""deviceType"": ""MOBILE"", ""gstApplied"": true, ""promoCodeId"": ""payment_provider_ff77eacfd6873255307a24ce752aacdb"", ""paymentNotes"": {""userId"": ""fe163475-05eb-4859-8674-930a7847733d"", ""subscriptionType"": ""ONE_TIME"", ""subscriptionPlanId"": ""26a25589-5532-4f28-b820-1b6c7894c4fd""}, ""gstPercentage"": 18, ""membershipData"": {""amount"": 0, ""isMembershipFee"": true}, ""priceBreakdown"": {""basePrice"": 15588, ""gstAmount"": 2986, ""couponCode"": ""FLAT12K"", ""finalPrice"": 12000, ""couponPercent"": null, ""proRataCredit"": null, ""couponDiscount"": 7573, ""membershipFees"": 0, ""securityDeposit"": 0, ""damageWaiverFees"": 999}, ""isRecurringInit"": false, ""paymentProvider"": ""RAZOR_PAY"", ""userTrialApplied"": false, ""securityDepositData"": {""securityDepositApplied"": false}, ""isTrialPeriodExpired"": true, ""merchantTransactionId"": ""order_TiJKxzQ5WEf5Oo"", ""userDamageWaiverFeesApplied"": true}",,,,,,{},[],"{""couponId"": ""01e44bd5-f585-4ce5-a6a7-a6dd40de2334"", ""couponAppliedStatus"": ""PENDING"", ""isCouponAppliedOnSubscriptionRenew"": false}"
063adc29-7778-48d7-bf77-9d05d0535546,4f27627b-5422-4510-87f6-2dc06b5a60f8,,15588.0,2026-09-30T17:54:29Z,2027-09-30T17:54:29Z,0,order_TiL0C2X486nZCa,26a25589-5532-4f28-b820-1b6c7894c4fd,ACTIVE,,upi,,"{""discount"": ""25%"", ""isNewPlan"": false, ""trialDays"": 30, ""toyProgram"": ""-"", ""planSavings"": 3597, ""planVersion"": ""v2"", ""trialAmount"": 999, ""trialApplied"": false, ""memberShipFees"": 0, ""bonusDeliveries"": 0, ""deliveryCharges"": 100, ""sameDayDelivery"": true, ""damageWaiverFees"": 999, ""maxBigToyAllowed"": 1, ""refundableDeposit"": 0, ""moneyBackGuarantee"": 30, ""effectiveCostPerMonth"": 1299, ""membershipFeesApplied"": false, ""securityDepositApplied"": false, ""totalKeepCountPerMonth"": 3, ""damageWaiverFeesApplied"": true, ""isUnlimitedFreeDelivery"": true, ""maxToyHoldingValueAllowed"": 120000, ""totalFreeDeliveryPerMonth"": 0, ""actualChargesForMemberShipFees"": 0, ""actualChargesForSecurityDeposit"": 0, ""actualChargesForDamageWaiverFees"": 999}",ONE_TIME,2026-09-30T17:53:59.465Z,2026-09-30T17:54:29.539Z,2c051b6f-baeb-40d9-872c-28ab117ea39b,"{""deviceType"": ""MOBILE"", ""gstApplied"": true, ""promoCodeId"": ""payment_provider_aa492afb039154b981bf6a2abfefb8fe"", ""paymentNotes"": {""userId"": ""4f27627b-5422-4510-87f6-2dc06b5a60f8"", ""subscriptionType"": ""ONE_TIME"", ""subscriptionPlanId"": ""26a25589-5532-4f28-b820-1b6c7894c4fd""}, ""gstPercentage"": 18, ""membershipData"": {""amount"": 0, ""isMembershipFee"": true}, ""priceBreakdown"": {""basePrice"": 15588, ""gstAmount"": 2986, ""couponCode"": ""LASTCALL"", ""finalPrice"": 13573, ""couponPercent"": null, ""proRataCredit"": null, ""couponDiscount"": 6000, ""membershipFees"": 0, ""securityDeposit"": 0, ""damageWaiverFees"": 999}, ""isRecurringInit"": false, ""paymentProvider"": ""RAZOR_PAY"", ""userTrialApplied"": false, ""securityDepositData"": {""securityDepositApplied"": false}, ""isTrialPeriodExpired"": true, ""merchantTransactionId"": ""order_TiL0C2X486nZCa"", ""userDamageWaiverFeesApplied"": true}",,,,,,{},[],"{""couponId"": ""2c051b6f-baeb-40d9-872c-28ab117ea39b"", ""couponAppliedStatus"": ""PENDING"", ""isCouponAppliedOnSubscriptionRenew"": false}"
81c6dcf5-9d65-43e1-9255-dc5a6ff5e544,06f99bd4-1f99-46e7-a887-1b0d7b13dba7,,15588.0,2026-09-30T18:57:47Z,2027-09-30T18:57:47Z,0,order_TiM2YdusBmhtl1,26a25589-5532-4f28-b820-1b6c7894c4fd,ACTIVE,,emi,,"{""discount"": ""25%"", ""isNewPlan"": false, ""trialDays"": 30, ""toyProgram"": ""-"", ""planSavings"": 3597, ""planVersion"": ""v2"", ""trialAmount"": 999, ""trialApplied"": false, ""memberShipFees"": 0, ""bonusDeliveries"": 0, ""deliveryCharges"": 100, ""sameDayDelivery"": true, ""damageWaiverFees"": 999, ""maxBigToyAllowed"": 1, ""refundableDeposit"": 0, ""moneyBackGuarantee"": 30, ""effectiveCostPerMonth"": 1299, ""membershipFeesApplied"": false, ""securityDepositApplied"": false, ""totalKeepCountPerMonth"": 3, ""damageWaiverFeesApplied"": true, ""isUnlimitedFreeDelivery"": true, ""maxToyHoldingValueAllowed"": 120000, ""totalFreeDeliveryPerMonth"": 0, ""actualChargesForMemberShipFees"": 0, ""actualChargesForSecurityDeposit"": 0, ""actualChargesForDamageWaiverFees"": 999}",ONE_TIME,2026-09-30T18:54:55.385Z,2026-09-30T18:57:47.234Z,01e44bd5-f585-4ce5-a6a7-a6dd40de2334,"{""deviceType"": ""MOBILE"", ""gstApplied"": true, ""promoCodeId"": ""payment_provider_ff77eacfd6873255307a24ce752aacdb"", ""paymentNotes"": {""userId"": ""06f99bd4-1f99-46e7-a887-1b0d7b13dba7"", ""subscriptionType"": ""ONE_TIME"", ""subscriptionPlanId"": ""26a25589-5532-4f28-b820-1b6c7894c4fd""}, ""gstPercentage"": 18, ""membershipData"": {""amount"": 0, ""isMembershipFee"": true}, ""priceBreakdown"": {""basePrice"": 15588, ""gstAmount"": 2986, ""couponCode"": ""FLAT12K"", ""finalPrice"": 12000, ""couponPercent"": null, ""proRataCredit"": null, ""couponDiscount"": 7573, ""membershipFees"": 0, ""securityDeposit"": 0, ""damageWaiverFees"": 999}, ""isRecurringInit"": false, ""paymentProvider"": ""RAZOR_PAY"", ""userTrialApplied"": false, ""securityDepositData"": {""securityDepositApplied"": false}, ""isTrialPeriodExpired"": true, ""merchantTransactionId"": ""order_TiM2YdusBmhtl1"", ""userDamageWaiverFeesApplied"": true}",,,,,,{},[],"{""couponId"": ""01e44bd5-f585-4ce5-a6a7-a6dd40de2334"", ""couponAppliedStatus"": ""PENDING"", ""isCouponAppliedOnSubscriptionRenew"": false}"
c474e923-9cb1-4e0b-adca-3195c4372701,7d99fc2b-433f-4055-a625-3821bc8fe2ac,,5997.0,2026-10-01T04:45:54Z,2027-01-01T04:45:54Z,0,order_TiW6PktAGR1YVG,03e58770-76d5-4434-9934-ea1d64e4096f,ACTIVE,,upi,,"{""discount"": ""25%"", ""isNewPlan"": false, ""trialDays"": 30, ""toyProgram"": ""-"", ""planSavings"": 3597, ""planVersion"": ""v2"", ""trialAmount"": 99, ""trialApplied"": false, ""memberShipFees"": 0, ""bonusDeliveries"": 0, ""deliveryCharges"": 100, ""sameDayDelivery"": true, ""damageWaiverFees"": 999, ""maxBigToyAllowed"": 1, ""refundableDeposit"": 0, ""moneyBackGuarantee"": 30, ""effectiveCostPerMonth"": 1999, ""membershipFeesApplied"": false, ""securityDepositApplied"": false, ""totalKeepCountPerMonth"": 3, ""damageWaiverFeesApplied"": true, ""isUnlimitedFreeDelivery"": false, ""maxToyHoldingValueAllowed"": 35000, ""totalFreeDeliveryPerMonth"": 12, ""actualChargesForMemberShipFees"": 0, ""actualChargesForSecurityDeposit"": 0, ""actualChargesForDamageWaiverFees"": 999}",ONE_TIME,2026-10-01T04:45:30.595Z,2026-10-01T04:45:54.904Z,d9f45968-fdf9-45cb-a143-9bda0499e70b,"{""deviceType"": ""MOBILE"", ""gstApplied"": true, ""promoCodeId"": ""payment_provider_222024ad0be6b711af19f169bcb51d44"", ""paymentNotes"": {""userId"": ""7d99fc2b-433f-4055-a625-3821bc8fe2ac"", ""subscriptionType"": ""ONE_TIME"", ""subscriptionPlanId"": ""03e58770-76d5-4434-9934-ea1d64e4096f""}, ""gstPercentage"": 18, ""membershipData"": {""amount"": 0, ""isMembershipFee"": true}, ""priceBreakdown"": {""basePrice"": 5997, ""gstAmount"": 1260, ""couponCode"": ""FUNDEAL"", ""finalPrice"": 5756, ""couponPercent"": null, ""proRataCredit"": null, ""couponDiscount"": 2500, ""membershipFees"": 0, ""securityDeposit"": 0, ""damageWaiverFees"": 999}, ""isRecurringInit"": false, ""paymentProvider"": ""RAZOR_PAY"", ""userTrialApplied"": false, ""securityDepositData"": {""securityDepositApplied"": false}, ""isTrialPeriodExpired"": true, ""merchantTransactionId"": ""order_TiW6PktAGR1YVG"", ""userDamageWaiverFeesApplied"": true}",,,,,,{},[],"{""couponId"": ""d9f45968-fdf9-45cb-a143-9bda0499e70b"", ""couponAppliedStatus"": ""PENDING"", ""isCouponAppliedOnSubscriptionRenew"": false}"
cbea8566-7e05-479a-820b-7991e178a708,14afc8b7-40d1-4a4b-ad26-4e5f2bdce5dc,,15588.0,2026-10-01T04:48:42Z,2027-10-01T04:48:42Z,0,order_TiW4I73rq6bmX1,26a25589-5532-4f28-b820-1b6c7894c4fd,ACTIVE,,emi,,"{""discount"": ""25%"", ""isNewPlan"": false, ""trialDays"": 30, ""toyProgram"": ""-"", ""planSavings"": 3597, ""planVersion"": ""v2"", ""trialAmount"": 999, ""trialApplied"": false, ""memberShipFees"": 0, ""bonusDeliveries"": 0, ""deliveryCharges"": 100, ""sameDayDelivery"": true, ""damageWaiverFees"": 999, ""maxBigToyAllowed"": 1, ""refundableDeposit"": 0, ""moneyBackGuarantee"": 30, ""effectiveCostPerMonth"": 1299, ""membershipFeesApplied"": false, ""securityDepositApplied"": false, ""totalKeepCountPerMonth"": 3, ""damageWaiverFeesApplied"": true, ""isUnlimitedFreeDelivery"": true, ""maxToyHoldingValueAllowed"": 120000, ""totalFreeDeliveryPerMonth"": 0, ""actualChargesForMemberShipFees"": 0, ""actualChargesForSecurityDeposit"": 0, ""actualChargesForDamageWaiverFees"": 999}",ONE_TIME,2026-10-01T04:43:29.988Z,2026-10-01T04:48:42.99Z,01e44bd5-f585-4ce5-a6a7-a6dd40de2334,"{""deviceType"": ""MOBILE"", ""gstApplied"": true, ""promoCodeId"": ""payment_provider_ff77eacfd6873255307a24ce752aacdb"", ""paymentNotes"": {""userId"": ""14afc8b7-40d1-4a4b-ad26-4e5f2bdce5dc"", ""subscriptionType"": ""ONE_TIME"", ""subscriptionPlanId"": ""26a25589-5532-4f28-b820-1b6c7894c4fd""}, ""gstPercentage"": 18, ""membershipData"": {""amount"": 0, ""isMembershipFee"": true}, ""priceBreakdown"": {""basePrice"": 15588, ""gstAmount"": 2986, ""couponCode"": ""FLAT12K"", ""finalPrice"": 12000, ""couponPercent"": null, ""proRataCredit"": null, ""couponDiscount"": 7573, ""membershipFees"": 0, ""securityDeposit"": 0, ""damageWaiverFees"": 999}, ""isRecurringInit"": false, ""paymentProvider"": ""RAZOR_PAY"", ""userTrialApplied"": false, ""securityDepositData"": {""securityDepositApplied"": false}, ""isTrialPeriodExpired"": true, ""merchantTransactionId"": ""order_TiW4I73rq6bmX1"", ""userDamageWaiverFeesApplied"": true}",,,,,,{},[],"{""couponId"": ""01e44bd5-f585-4ce5-a6a7-a6dd40de2334"", ""couponAppliedStatus"": ""PENDING"", ""isCouponAppliedOnSubscriptionRenew"": false}"
9b04f131-aaf0-449f-8efd-705b83a2a868,6d706cf7-abe7-4e64-95ec-bb8bfb54953b,,15588.0,2026-10-01T05:33:33Z,2027-10-01T05:33:33Z,0,order_ThRY77VGBJmWVZ,26a25589-5532-4f28-b820-1b6c7894c4fd,ACTIVE,,card,,"{""discount"": ""25%"", ""isNewPlan"": false, ""trialDays"": 30, ""toyProgram"": ""-"", ""planSavings"": 3597, ""planVersion"": ""v2"", ""trialAmount"": 999, ""trialApplied"": false, ""memberShipFees"": 0, ""bonusDeliveries"": 0, ""deliveryCharges"": 100, ""sameDayDelivery"": true, ""damageWaiverFees"": 999, ""maxBigToyAllowed"": 1, ""refundableDeposit"": 0, ""moneyBackGuarantee"": 30, ""effectiveCostPerMonth"": 1299, ""membershipFeesApplied"": false, ""securityDepositApplied"": false, ""totalKeepCountPerMonth"": 3, ""damageWaiverFeesApplied"": true, ""isUnlimitedFreeDelivery"": true, ""maxToyHoldingValueAllowed"": 120000, ""totalFreeDeliveryPerMonth"": 0, ""actualChargesForMemberShipFees"": 0, ""actualChargesForSecurityDeposit"": 0, ""actualChargesForDamageWaiverFees"": 999}",ONE_TIME,2026-09-28T11:39:15.745Z,2026-10-01T05:33:33.876Z,3c50fa51-67f2-49d3-9969-dcb60f34aa6c,"{""deviceType"": ""MOBILE"", ""gstApplied"": true, ""promoCodeId"": ""payment_provider_c93a584d81234cfb690b7ab46d4e874f"", ""paymentNotes"": {""userId"": ""6d706cf7-abe7-4e64-95ec-bb8bfb54953b"", ""subscriptionType"": ""ONE_TIME"", ""subscriptionPlanId"": ""26a25589-5532-4f28-b820-1b6c7894c4fd""}, ""gstPercentage"": 18, ""membershipData"": {""amount"": 0, ""isMembershipFee"": true}, ""priceBreakdown"": {""basePrice"": 15588, ""gstAmount"": 1864, ""couponCode"": ""VSMAXOFFICIAL40"", ""finalPrice"": 12215, ""couponPercent"": 40, ""proRataCredit"": null, ""couponDiscount"": 6236, ""membershipFees"": 0, ""securityDeposit"": 0, ""damageWaiverFees"": 999}, ""isRecurringInit"": false, ""paymentProvider"": ""RAZOR_PAY"", ""userTrialApplied"": false, ""securityDepositData"": {""securityDepositApplied"": false}, ""isTrialPeriodExpired"": true, ""merchantTransactionId"": ""order_ThRY77VGBJmWVZ"", ""userDamageWaiverFeesApplied"": true}",,,,,,{},[],"{""couponId"": ""3c50fa51-67f2-49d3-9969-dcb60f34aa6c"", ""couponAppliedStatus"": ""PENDING"", ""isCouponAppliedOnSubscriptionRenew"": false}"
3c53c297-e4a1-4006-ab87-b059d33f730d,03569e60-43e3-41f8-b3ea-e5294a8be0de,8248305903,15588.0,2026-10-01T05:37:51Z,2027-11-01T18:29:59.999Z,0,assigned_ff96f05428fbc6ab746ec0b1e8badef3,26a25589-5532-4f28-b820-1b6c7894c4fd,ACTIVE,,razorpay,,"{""discount"": ""25%"", ""isNewPlan"": false, ""pricePaid"": 12000, ""trialDays"": 30, ""toyProgram"": ""-"", ""planSavings"": 3597, ""planVersion"": ""v2"", ""trialAmount"": 999, ""trialApplied"": false, ""memberShipFees"": 0, ""bonusDeliveries"": 0, ""deliveryCharges"": 100, ""sameDayDelivery"": true, ""damageWaiverFees"": 999, ""maxBigToyAllowed"": 1, ""refundableDeposit"": 0, ""memberShipFeesPaid"": 0, ""moneyBackGuarantee"": 30, ""effectiveCostPerMonth"": 1299, ""membershipFeesApplied"": false, ""refundableDepositPaid"": 0, ""planPriceDiscountAdmin"": 3588, ""securityDepositApplied"": false, ""totalKeepCountPerMonth"": 3, ""damageWaiverFeesApplied"": true, ""isUnlimitedFreeDelivery"": true, ""membershipDiscountAdmin"": 0, ""maxToyHoldingValueAllowed"": 120000, ""totalFreeDeliveryPerMonth"": 0, ""actualChargesForMemberShipFees"": 0, ""refundableDepositDiscountAdmin"": 0, ""actualChargesForSecurityDeposit"": 0, ""actualChargesForDamageWaiverFees"": 999}",ASSIGNED,2026-10-01T05:37:51.827Z,2026-10-01T05:37:58.899Z,,"{""amount"": 12000, ""gstApplied"": true, ""paymentDate"": ""2026-10-01T05:37:49.868Z"", ""gstPercentage"": 18, ""membershipData"": {""amount"": 0, ""isMembershipFee"": true}, ""priceBreakdown"": {""basePrice"": 15588, ""gstAmount"": 2986, ""couponCode"": null, ""finalPrice"": 19573, ""couponPercent"": null, ""proRataCredit"": 0, ""couponDiscount"": 0, ""membershipFees"": 0, ""securityDeposit"": 0, ""damageWaiverFees"": 999}, ""userTrialApplied"": false, ""isTrialPeriodExpired"": true, ""userDamageWaiverFeesApplied"": true}",,,,,,{},[],{}
f07f2615-b7e8-4942-838f-46f19ffc461c,e8bf7e26-d26b-486a-9387-e49eb7547643,9811260177,15588.0,2026-10-01T05:47:19Z,2027-10-01T05:47:19Z,0,assigned_668007e8f86392edf5c53f1c1a59cb53,26a25589-5532-4f28-b820-1b6c7894c4fd,ACTIVE,,razorpay,,"{""discount"": ""25%"", ""isNewPlan"": false, ""pricePaid"": 8258, ""trialDays"": 30, ""toyProgram"": ""-"", ""planSavings"": 3597, ""planVersion"": ""v2"", ""trialAmount"": 999, ""trialApplied"": false, ""memberShipFees"": 0, ""bonusDeliveries"": 0, ""deliveryCharges"": 100, ""sameDayDelivery"": true, ""damageWaiverFees"": 999, ""maxBigToyAllowed"": 1, ""refundableDeposit"": 0, ""memberShipFeesPaid"": 0, ""moneyBackGuarantee"": 30, ""effectiveCostPerMonth"": 1299, ""membershipFeesApplied"": false, ""refundableDepositPaid"": 0, ""planPriceDiscountAdmin"": 7330, ""securityDepositApplied"": false, ""totalKeepCountPerMonth"": 3, ""damageWaiverFeesApplied"": true, ""isUnlimitedFreeDelivery"": true, ""membershipDiscountAdmin"": 0, ""maxToyHoldingValueAllowed"": 120000, ""totalFreeDeliveryPerMonth"": 0, ""actualChargesForMemberShipFees"": 0, ""refundableDepositDiscountAdmin"": 0, ""actualChargesForSecurityDeposit"": 0, ""actualChargesForDamageWaiverFees"": 999}",ASSIGNED,2026-10-01T05:47:19.767Z,2026-10-01T05:47:19.767Z,,"{""amount"": 8258, ""gstApplied"": true, ""paymentDate"": ""2026-10-01T05:47:16.280Z"", ""gstPercentage"": 18, ""membershipData"": {""amount"": 0, ""isMembershipFee"": true}, ""priceBreakdown"": {""basePrice"": 15588, ""gstAmount"": 2986, ""couponCode"": null, ""finalPrice"": 19573, ""couponPercent"": null, ""proRataCredit"": 0, ""couponDiscount"": 0, ""membershipFees"": 0, ""securityDeposit"": 0, ""damageWaiverFees"": 999}, ""userTrialApplied"": false, ""isTrialPeriodExpired"": true, ""userDamageWaiverFeesApplied"": true}",,,,,,{},[],{}
9a98cf66-e969-42de-bbdd-008bdd5a3491,f899e660-75d1-4ed3-aded-f753be4a8190,,15588.0,2026-10-01T05:54:40Z,2027-10-01T05:54:40Z,0,order_ThWPGBG2rFtmW3,26a25589-5532-4f28-b820-1b6c7894c4fd,ACTIVE,,upi,,"{""discount"": ""25%"", ""isNewPlan"": false, ""trialDays"": 30, ""toyProgram"": ""-"", ""planSavings"": 3597, ""planVersion"": ""v2"", ""trialAmount"": 999, ""trialApplied"": false, ""memberShipFees"": 0, ""bonusDeliveries"": 0, ""deliveryCharges"": 100, ""sameDayDelivery"": true, ""damageWaiverFees"": 999, ""maxBigToyAllowed"": 1, ""refundableDeposit"": 0, ""moneyBackGuarantee"": 30, ""effectiveCostPerMonth"": 1299, ""membershipFeesApplied"": false, ""planPriceDiscountAdmin"": -1099001, ""securityDepositApplied"": false, ""totalKeepCountPerMonth"": 3, ""damageWaiverFeesApplied"": true, ""isUnlimitedFreeDelivery"": true, ""maxToyHoldingValueAllowed"": 120000, ""totalFreeDeliveryPerMonth"": 0, ""actualChargesForMemberShipFees"": 0, ""actualChargesForSecurityDeposit"": 0, ""actualChargesForDamageWaiverFees"": 999}",ONE_TIME,2026-09-28T16:25:57.944Z,2026-10-01T05:54:40.624Z,,"{""amount"": 1100000, ""deviceType"": ""MOBILE"", ""gstApplied"": true, ""paymentNotes"": {""userId"": ""f899e660-75d1-4ed3-aded-f753be4a8190"", ""paymentLinkId"": ""fe90196d-7c95-4e6d-b46b-a3021ff57cce"", ""subscriptionPlanId"": ""26a25589-5532-4f28-b820-1b6c7894c4fd""}, ""gstPercentage"": 18, ""paymentLinkId"": ""fe90196d-7c95-4e6d-b46b-a3021ff57cce"", ""membershipData"": {""amount"": 0, ""isMembershipFee"": false}, ""isRecurringInit"": false, ""paymentProvider"": ""RAZOR_PAY"", ""userTrialApplied"": false, ""securityDepositData"": {""amount"": 0, ""securityDepositApplied"": false}, ""isTrialPeriodExpired"": true, ""merchantTransactionId"": ""order_ThWPGBG2rFtmW3"", ""userDamageWaiverFeesApplied"": true}",,,,,,{},[],{}
37f71279-8f62-446a-b0b0-002afe082b0c,abcd458f-9988-4416-9f32-baadc5276676,9952980919,1499.0,2026-10-01T06:03:07Z,2026-11-01T06:03:07Z,0,assigned_5ae633728a547b9c3762055db2ea724e,94db8463-7ed8-43de-b29c-407bf30a8c43,ACTIVE,,razorpay,,"{""discount"": ""25%"", ""isNewPlan"": false, ""pricePaid"": 1499, ""trialDays"": 7, ""toyProgram"": ""-"", ""planSavings"": 99, ""planVersion"": ""v2"", ""trialAmount"": 99, ""trialApplied"": false, ""memberShipFees"": 0, ""bonusDeliveries"": 0, ""deliveryCharges"": 100, ""sameDayDelivery"": false, ""damageWaiverFees"": 499, ""maxBigToyAllowed"": 1, ""refundableDeposit"": 0, ""memberShipFeesPaid"": 0, ""moneyBackGuarantee"": 15, ""effectiveCostPerMonth"": 1499, ""membershipFeesApplied"": false, ""refundableDepositPaid"": 0, ""planPriceDiscountAdmin"": 0, ""securityDepositApplied"": false, ""totalKeepCountPerMonth"": 3, ""damageWaiverFeesApplied"": true, ""isUnlimitedFreeDelivery"": false, ""membershipDiscountAdmin"": 0, ""maxToyHoldingValueAllowed"": 6000, ""totalFreeDeliveryPerMonth"": 4, ""actualChargesForMemberShipFees"": 0, ""refundableDepositDiscountAdmin"": 0, ""actualChargesForSecurityDeposit"": 0, ""actualChargesForDamageWaiverFees"": 499}",ASSIGNED,2026-10-01T06:03:07.831Z,2026-10-01T06:03:18.312Z,,"{""amount"": 1499, ""gstApplied"": true, ""paymentDate"": ""2026-10-01T06:03:05.704Z"", ""gstPercentage"": 18, ""membershipData"": {""amount"": 0, ""isMembershipFee"": true}, ""priceBreakdown"": {""basePrice"": 1499, ""gstAmount"": 360, ""couponCode"": null, ""finalPrice"": 2358, ""couponPercent"": null, ""proRataCredit"": 0, ""couponDiscount"": 0, ""membershipFees"": 0, ""securityDeposit"": 0, ""damageWaiverFees"": 499}, ""userTrialApplied"": false, ""isTrialPeriodExpired"": true, ""userDamageWaiverFeesApplied"": true}",,,,,,{},[],{}
873293e9-d0ff-4efb-adea-7239996d93c9,ce2aec08-ef78-4b63-a228-4530cf8f1992,_ThU2acBYafiAhi,15588.0,2026-10-01T06:46:42Z,2027-10-01T06:46:42Z,0,assigned_47b3930a5ba792da848238d8e8449ae9,26a25589-5532-4f28-b820-1b6c7894c4fd,ACTIVE,,upi,,"{""discount"": ""25%"", ""isNewPlan"": false, ""pricePaid"": 11000, ""trialDays"": 30, ""toyProgram"": ""-"", ""planSavings"": 3597, ""planVersion"": ""v2"", ""trialAmount"": 999, ""trialApplied"": false, ""memberShipFees"": 0, ""bonusDeliveries"": 0, ""deliveryCharges"": 100, ""sameDayDelivery"": true, ""damageWaiverFees"": 999, ""maxBigToyAllowed"": 1, ""refundableDeposit"": 0, ""memberShipFeesPaid"": 0, ""moneyBackGuarantee"": 30, ""effectiveCostPerMonth"": 1299, ""membershipFeesApplied"": false, ""refundableDepositPaid"": 0, ""planPriceDiscountAdmin"": 0, ""securityDepositApplied"": false, ""totalKeepCountPerMonth"": 3, ""damageWaiverFeesApplied"": true, ""isUnlimitedFreeDelivery"": true, ""membershipDiscountAdmin"": 0, ""maxToyHoldingValueAllowed"": 120000, ""totalFreeDeliveryPerMonth"": 0, ""actualChargesForMemberShipFees"": 0, ""refundableDepositDiscountAdmin"": 0, ""actualChargesForSecurityDeposit"": 0, ""actualChargesForDamageWaiverFees"": 999}",ASSIGNED,2026-09-28T14:12:41.807Z,2026-10-01T06:46:42.247Z,,"{""note"": ""Assigned from Google Sheet"", ""amount"": 0, ""gstApplied"": true, ""paymentDate"": ""2026-09-28T19:42:41+05:30"", ""gstPercentage"": 18, ""membershipData"": {""amount"": 0, ""isMembershipFee"": true}, ""priceBreakdown"": {""basePrice"": 15588, ""gstAmount"": 2986, ""couponCode"": null, ""finalPrice"": 19573, ""couponPercent"": null, ""proRataCredit"": 0, ""couponDiscount"": 0, ""membershipFees"": 0, ""securityDeposit"": 0, ""damageWaiverFees"": 999}, ""userTrialApplied"": false, ""isTrialPeriodExpired"": true, ""userDamageWaiverFeesApplied"": true}",,,,,,{},[],{}
9d17980c-19e6-4de8-94ce-fc0b007c4fef,061f81e9-fce8-48f1-88cb-2a81c83540a5,,15588.0,2026-10-01T08:00:07Z,2027-10-01T08:00:07Z,0,order_ThuDVZ8nlKirg7,26a25589-5532-4f28-b820-1b6c7894c4fd,ACTIVE,,emi,,"{""discount"": ""25%"", ""isNewPlan"": false, ""trialDays"": 30, ""toyProgram"": ""-"", ""planSavings"": 3597, ""planVersion"": ""v2"", ""trialAmount"": 999, ""trialApplied"": false, ""memberShipFees"": 0, ""bonusDeliveries"": 0, ""deliveryCharges"": 100, ""sameDayDelivery"": true, ""damageWaiverFees"": 999, ""maxBigToyAllowed"": 1, ""refundableDeposit"": 0, ""moneyBackGuarantee"": 30, ""effectiveCostPerMonth"": 1299, ""membershipFeesApplied"": false, ""planPriceDiscountAdmin"": -1141641, ""securityDepositApplied"": false, ""totalKeepCountPerMonth"": 3, ""damageWaiverFeesApplied"": true, ""isUnlimitedFreeDelivery"": true, ""maxToyHoldingValueAllowed"": 120000, ""totalFreeDeliveryPerMonth"": 0, ""actualChargesForMemberShipFees"": 0, ""actualChargesForSecurityDeposit"": 0, ""actualChargesForDamageWaiverFees"": 999}",ONE_TIME,2026-09-29T15:45:02.54Z,2026-10-01T08:00:07.675Z,,"{""amount"": 1142640, ""deviceType"": ""MOBILE"", ""gstApplied"": true, ""paymentNotes"": {""userId"": ""061f81e9-fce8-48f1-88cb-2a81c83540a5"", ""paymentLinkId"": ""a831427e-3dfb-4b9d-8c1c-42612c1f60a0"", ""subscriptionPlanId"": ""26a25589-5532-4f28-b820-1b6c7894c4fd""}, ""gstPercentage"": 18, ""paymentLinkId"": ""a831427e-3dfb-4b9d-8c1c-42612c1f60a0"", ""membershipData"": {""amount"": 0, ""isMembershipFee"": false}, ""isRecurringInit"": false, ""paymentProvider"": ""RAZOR_PAY"", ""userTrialApplied"": false, ""securityDepositData"": {""amount"": 0, ""securityDepositApplied"": false}, ""isTrialPeriodExpired"": true, ""merchantTransactionId"": ""order_ThuDVZ8nlKirg7"", ""userDamageWaiverFeesApplied"": true}",,,,,,{},[],{}
a84d02a3-aa18-446f-856f-bc8695394a1f,3225ec5f-173b-4776-8d81-e685f635eaa5,,15588.0,2026-10-01T07:36:46Z,2027-10-01T07:36:46Z,0,order_ThnquRRPvQQeMs,26a25589-5532-4f28-b820-1b6c7894c4fd,ACTIVE,,card,,"{""discount"": ""25%"", ""isNewPlan"": false, ""trialDays"": 30, ""toyProgram"": ""-"", ""planSavings"": 3597, ""planVersion"": ""v2"", ""trialAmount"": 999, ""trialApplied"": false, ""memberShipFees"": 0, ""bonusDeliveries"": 0, ""deliveryCharges"": 100, ""sameDayDelivery"": true, ""damageWaiverFees"": 999, ""maxBigToyAllowed"": 1, ""refundableDeposit"": 0, ""moneyBackGuarantee"": 30, ""effectiveCostPerMonth"": 1299, ""membershipFeesApplied"": false, ""securityDepositApplied"": false, ""totalKeepCountPerMonth"": 3, ""damageWaiverFeesApplied"": true, ""isUnlimitedFreeDelivery"": true, ""maxToyHoldingValueAllowed"": 120000, ""totalFreeDeliveryPerMonth"": 0, ""actualChargesForMemberShipFees"": 0, ""actualChargesForSecurityDeposit"": 0, ""actualChargesForDamageWaiverFees"": 999}",ONE_TIME,2026-09-29T09:28:18.877Z,2026-10-01T07:36:46.303Z,ceb8e263-b939-45c4-91e5-429e57c0c65f,"{""deviceType"": ""MOBILE"", ""gstApplied"": true, ""promoCodeId"": ""payment_provider_0205f5e0cc86d5ccc0a6b301e471fb26"", ""paymentNotes"": {""userId"": ""3225ec5f-173b-4776-8d81-e685f635eaa5"", ""subscriptionType"": ""ONE_TIME"", ""subscriptionPlanId"": ""26a25589-5532-4f28-b820-1b6c7894c4fd""}, ""gstPercentage"": 18, ""membershipData"": {""amount"": 0, ""isMembershipFee"": true}, ""priceBreakdown"": {""basePrice"": 15588, ""gstAmount"": 1583, ""couponCode"": ""AL502026"", ""finalPrice"": 10376, ""couponPercent"": 50, ""proRataCredit"": null, ""couponDiscount"": 7794, ""membershipFees"": 0, ""securityDeposit"": 0, ""damageWaiverFees"": 999}, ""isRecurringInit"": false, ""paymentProvider"": ""RAZOR_PAY"", ""userTrialApplied"": false, ""securityDepositData"": {""securityDepositApplied"": false}, ""isTrialPeriodExpired"": true, ""merchantTransactionId"": ""order_ThnquRRPvQQeMs"", ""userDamageWaiverFeesApplied"": true}",,,,,,{},[],"{""couponId"": ""ceb8e263-b939-45c4-91e5-429e57c0c65f"", ""couponAppliedStatus"": ""PENDING"", ""isCouponAppliedOnSubscriptionRenew"": false}"
032030c3-e461-4dbf-bc33-b27962c686d9,8170646a-c955-440d-9a14-f6bdaa3d3666,627093890088,5997.0,2026-10-01T08:17:09Z,2027-01-01T08:17:09Z,0,assigned_137c9288602172ff01e30795b87bf585,03e58770-76d5-4434-9934-ea1d64e4096f,ACTIVE,,upi,,"{""discount"": ""25%"", ""isNewPlan"": false, ""pricePaid"": 5000, ""trialDays"": 30, ""toyProgram"": ""-"", ""planSavings"": 3597, ""planVersion"": ""v2"", ""trialAmount"": 99, ""trialApplied"": false, ""memberShipFees"": 0, ""bonusDeliveries"": 0, ""deliveryCharges"": 100, ""sameDayDelivery"": true, ""damageWaiverFees"": 999, ""maxBigToyAllowed"": 1, ""refundableDeposit"": 0, ""memberShipFeesPaid"": 0, ""moneyBackGuarantee"": 30, ""effectiveCostPerMonth"": 1999, ""membershipFeesApplied"": false, ""refundableDepositPaid"": 0, ""planPriceDiscountAdmin"": 0, ""securityDepositApplied"": false, ""totalKeepCountPerMonth"": 3, ""damageWaiverFeesApplied"": true, ""isUnlimitedFreeDelivery"": false, ""membershipDiscountAdmin"": 0, ""maxToyHoldingValueAllowed"": 35000, ""totalFreeDeliveryPerMonth"": 12, ""actualChargesForMemberShipFees"": 0, ""refundableDepositDiscountAdmin"": 0, ""actualChargesForSecurityDeposit"": 0, ""actualChargesForDamageWaiverFees"": 999}",ASSIGNED,2026-09-27T11:30:29.911Z,2026-10-01T08:17:09.313Z,,"{""note"": ""Assigned from Google Sheet"", ""amount"": 0, ""gstApplied"": true, ""paymentDate"": ""2026-09-27T17:00:29+05:30"", ""gstPercentage"": 18, ""membershipData"": {""amount"": 0, ""isMembershipFee"": true}, ""priceBreakdown"": {""basePrice"": 5997, ""gstAmount"": 1260, ""couponCode"": null, ""finalPrice"": 8256, ""couponPercent"": null, ""proRataCredit"": 0, ""couponDiscount"": 0, ""membershipFees"": 0, ""securityDeposit"": 0, ""damageWaiverFees"": 999}, ""userTrialApplied"": false, ""isTrialPeriodExpired"": true, ""userDamageWaiverFeesApplied"": true}",,,,,,{},[],{}
749ecc16-1cba-4502-b88a-d350c31eed8b,8f9c643b-ae59-444b-ace3-8b964816c05d,,15588.0,2026-10-01T10:17:36Z,2027-10-01T10:17:36Z,0,order_ThqRgyNx1CYly8,26a25589-5532-4f28-b820-1b6c7894c4fd,ACTIVE,,cardless_emi,,"{""discount"": ""25%"", ""isNewPlan"": false, ""trialDays"": 30, ""toyProgram"": ""-"", ""planSavings"": 3597, ""planVersion"": ""v2"", ""trialAmount"": 999, ""trialApplied"": false, ""memberShipFees"": 0, ""bonusDeliveries"": 0, ""deliveryCharges"": 100, ""sameDayDelivery"": true, ""damageWaiverFees"": 999, ""maxBigToyAllowed"": 1, ""refundableDeposit"": 0, ""moneyBackGuarantee"": 30, ""effectiveCostPerMonth"": 1299, ""membershipFeesApplied"": false, ""securityDepositApplied"": false, ""totalKeepCountPerMonth"": 3, ""damageWaiverFeesApplied"": true, ""isUnlimitedFreeDelivery"": true, ""maxToyHoldingValueAllowed"": 120000, ""totalFreeDeliveryPerMonth"": 0, ""actualChargesForMemberShipFees"": 0, ""actualChargesForSecurityDeposit"": 0, ""actualChargesForDamageWaiverFees"": 999}",ONE_TIME,2026-09-29T12:00:31.379Z,2026-10-01T10:17:36.09Z,3c50fa51-67f2-49d3-9969-dcb60f34aa6c,"{""deviceType"": ""MOBILE"", ""gstApplied"": true, ""promoCodeId"": ""payment_provider_c93a584d81234cfb690b7ab46d4e874f"", ""paymentNotes"": {""userId"": ""8f9c643b-ae59-444b-ace3-8b964816c05d"", ""subscriptionType"": ""ONE_TIME"", ""subscriptionPlanId"": ""26a25589-5532-4f28-b820-1b6c7894c4fd""}, ""gstPercentage"": 18, ""membershipData"": {""amount"": 0, ""isMembershipFee"": true}, ""priceBreakdown"": {""basePrice"": 15588, ""gstAmount"": 1864, ""couponCode"": ""VSMAXOFFICIAL40"", ""finalPrice"": 12215, ""couponPercent"": 40, ""proRataCredit"": null, ""couponDiscount"": 6236, ""membershipFees"": 0, ""securityDeposit"": 0, ""damageWaiverFees"": 999}, ""isRecurringInit"": false, ""paymentProvider"": ""RAZOR_PAY"", ""userTrialApplied"": false, ""securityDepositData"": {""securityDepositApplied"": false}, ""isTrialPeriodExpired"": true, ""merchantTransactionId"": ""order_ThqRgyNx1CYly8"", ""userDamageWaiverFeesApplied"": true}",,,,,,{},[],"{""couponId"": ""3c50fa51-67f2-49d3-9969-dcb60f34aa6c"", ""couponAppliedStatus"": ""PENDING"", ""isCouponAppliedOnSubscriptionRenew"": false}"
078651ad-cb3d-4db5-a592-9f0d12126a7b,1e42307d-6151-4b21-9962-44ea462dbc42,8976060502,15588.0,2026-10-01T08:37:52Z,2027-10-01T08:37:52Z,0,assigned_3bb4497f5474551cbb2893dfd4a5926c,26a25589-5532-4f28-b820-1b6c7894c4fd,ACTIVE,,upi,,"{""discount"": ""25%"", ""isNewPlan"": false, ""pricePaid"": 11000, ""trialDays"": 30, ""toyProgram"": ""-"", ""planSavings"": 3597, ""planVersion"": ""v2"", ""trialAmount"": 999, ""trialApplied"": false, ""memberShipFees"": 0, ""bonusDeliveries"": 0, ""deliveryCharges"": 100, ""sameDayDelivery"": true, ""damageWaiverFees"": 999, ""maxBigToyAllowed"": 1, ""refundableDeposit"": 0, ""memberShipFeesPaid"": 0, ""moneyBackGuarantee"": 30, ""effectiveCostPerMonth"": 1299, ""membershipFeesApplied"": false, ""refundableDepositPaid"": 0, ""planPriceDiscountAdmin"": 0, ""securityDepositApplied"": false, ""totalKeepCountPerMonth"": 3, ""damageWaiverFeesApplied"": true, ""isUnlimitedFreeDelivery"": true, ""membershipDiscountAdmin"": 0, ""maxToyHoldingValueAllowed"": 120000, ""totalFreeDeliveryPerMonth"": 0, ""actualChargesForMemberShipFees"": 0, ""refundableDepositDiscountAdmin"": 0, ""actualChargesForSecurityDeposit"": 0, ""actualChargesForDamageWaiverFees"": 999}",ASSIGNED,2026-09-28T07:39:46.282Z,2026-10-01T08:37:52.648Z,,"{""note"": ""Assigned from Google Sheet"", ""amount"": 0, ""gstApplied"": true, ""paymentDate"": ""2026-09-28T13:09:46+05:30"", ""gstPercentage"": 18, ""membershipData"": {""amount"": 0, ""isMembershipFee"": true}, ""priceBreakdown"": {""basePrice"": 15588, ""gstAmount"": 2986, ""couponCode"": null, ""finalPrice"": 19573, ""couponPercent"": null, ""proRataCredit"": 0, ""couponDiscount"": 0, ""membershipFees"": 0, ""securityDeposit"": 0, ""damageWaiverFees"": 999}, ""userTrialApplied"": false, ""isTrialPeriodExpired"": true, ""userDamageWaiverFeesApplied"": true}",,,,,,{},[],{}
b3bbf6f9-d19f-43c0-a548-4c911f56538e,c50ca878-819f-4081-adb0-c661a85e1945,,15588.0,2026-10-01T11:41:08Z,2027-10-01T11:41:08Z,0,order_ThqGQP33eU8MNl,26a25589-5532-4f28-b820-1b6c7894c4fd,ACTIVE,,cardless_emi,,"{""discount"": ""25%"", ""isNewPlan"": false, ""trialDays"": 30, ""toyProgram"": ""-"", ""planSavings"": 3597, ""planVersion"": ""v2"", ""trialAmount"": 999, ""trialApplied"": false, ""memberShipFees"": 0, ""bonusDeliveries"": 0, ""deliveryCharges"": 100, ""sameDayDelivery"": true, ""damageWaiverFees"": 999, ""maxBigToyAllowed"": 1, ""refundableDeposit"": 0, ""moneyBackGuarantee"": 30, ""effectiveCostPerMonth"": 1299, ""membershipFeesApplied"": false, ""securityDepositApplied"": false, ""totalKeepCountPerMonth"": 3, ""damageWaiverFeesApplied"": true, ""isUnlimitedFreeDelivery"": true, ""maxToyHoldingValueAllowed"": 120000, ""totalFreeDeliveryPerMonth"": 0, ""actualChargesForMemberShipFees"": 0, ""actualChargesForSecurityDeposit"": 0, ""actualChargesForDamageWaiverFees"": 999}",ONE_TIME,2026-09-29T11:49:51.383Z,2026-10-01T11:41:08.347Z,01e44bd5-f585-4ce5-a6a7-a6dd40de2334,"{""deviceType"": ""MOBILE"", ""gstApplied"": true, ""promoCodeId"": ""payment_provider_ff77eacfd6873255307a24ce752aacdb"", ""paymentNotes"": {""userId"": ""c50ca878-819f-4081-adb0-c661a85e1945"", ""subscriptionType"": ""ONE_TIME"", ""subscriptionPlanId"": ""26a25589-5532-4f28-b820-1b6c7894c4fd""}, ""gstPercentage"": 18, ""membershipData"": {""amount"": 0, ""isMembershipFee"": true}, ""priceBreakdown"": {""basePrice"": 15588, ""gstAmount"": 2986, ""couponCode"": ""FLAT12K"", ""finalPrice"": 12000, ""couponPercent"": null, ""proRataCredit"": null, ""couponDiscount"": 7573, ""membershipFees"": 0, ""securityDeposit"": 0, ""damageWaiverFees"": 999}, ""isRecurringInit"": false, ""paymentProvider"": ""RAZOR_PAY"", ""userTrialApplied"": false, ""securityDepositData"": {""securityDepositApplied"": false}, ""isTrialPeriodExpired"": true, ""merchantTransactionId"": ""order_ThqGQP33eU8MNl"", ""userDamageWaiverFeesApplied"": true}",,,,,,{},[],"{""couponId"": ""01e44bd5-f585-4ce5-a6a7-a6dd40de2334"", ""couponAppliedStatus"": ""PENDING"", ""isCouponAppliedOnSubscriptionRenew"": false}"
76a674b0-f89f-4ef7-aea3-586ece3f021d,936928bb-c29e-4d4f-bb1c-eefc87e8746e,,15588.0,2026-10-01T10:17:39Z,2027-10-01T10:17:39Z,0,order_ThvGSvg03fQsLW,26a25589-5532-4f28-b820-1b6c7894c4fd,ACTIVE,,upi,,"{""discount"": ""25%"", ""isNewPlan"": false, ""trialDays"": 30, ""toyProgram"": ""-"", ""planSavings"": 3597, ""planVersion"": ""v2"", ""trialAmount"": 999, ""trialApplied"": false, ""memberShipFees"": 0, ""bonusDeliveries"": 0, ""deliveryCharges"": 100, ""sameDayDelivery"": true, ""damageWaiverFees"": 999, ""maxBigToyAllowed"": 1, ""refundableDeposit"": 0, ""moneyBackGuarantee"": 30, ""effectiveCostPerMonth"": 1299, ""membershipFeesApplied"": false, ""securityDepositApplied"": false, ""totalKeepCountPerMonth"": 3, ""damageWaiverFeesApplied"": true, ""isUnlimitedFreeDelivery"": true, ""maxToyHoldingValueAllowed"": 120000, ""totalFreeDeliveryPerMonth"": 0, ""actualChargesForMemberShipFees"": 0, ""actualChargesForSecurityDeposit"": 0, ""actualChargesForDamageWaiverFees"": 999}",ONE_TIME,2026-09-29T16:43:21.763Z,2026-10-01T10:17:39.579Z,cb81d7b9-7d38-4635-a4d5-5d517530c507,"{""deviceType"": ""MOBILE"", ""gstApplied"": true, ""promoCodeId"": ""payment_provider_985154968a3d90ffecf85059926d40ce"", ""paymentNotes"": {""userId"": ""936928bb-c29e-4d4f-bb1c-eefc87e8746e"", ""subscriptionType"": ""ONE_TIME"", ""subscriptionPlanId"": ""26a25589-5532-4f28-b820-1b6c7894c4fd""}, ""gstPercentage"": 18, ""membershipData"": {""amount"": 0, ""isMembershipFee"": true}, ""priceBreakdown"": {""basePrice"": 15588, ""gstAmount"": 2986, ""couponCode"": ""BOGOAKA"", ""finalPrice"": 9787, ""couponPercent"": null, ""proRataCredit"": null, ""couponDiscount"": 9786, ""membershipFees"": 0, ""securityDeposit"": 0, ""damageWaiverFees"": 999}, ""isRecurringInit"": false, ""paymentProvider"": ""RAZOR_PAY"", ""userTrialApplied"": false, ""securityDepositData"": {""securityDepositApplied"": false}, ""isTrialPeriodExpired"": true, ""merchantTransactionId"": ""order_ThvGSvg03fQsLW"", ""userDamageWaiverFeesApplied"": true}",,,,,,{},[],"{""couponId"": ""cb81d7b9-7d38-4635-a4d5-5d517530c507"", ""couponAppliedStatus"": ""PENDING"", ""isCouponAppliedOnSubscriptionRenew"": false}"
ee091c7e-f0dd-4e28-8442-1c5239c95427,c6610418-564f-44a8-b54c-6ea14de9d83f,,15588.0,2026-10-01T09:32:22Z,2027-10-01T09:32:22Z,0,order_Ti8K4Mb8hnyaTK,26a25589-5532-4f28-b820-1b6c7894c4fd,ACTIVE,,card,,"{""discount"": ""25%"", ""isNewPlan"": false, ""trialDays"": 30, ""toyProgram"": ""-"", ""planSavings"": 3597, ""planVersion"": ""v2"", ""trialAmount"": 999, ""trialApplied"": false, ""memberShipFees"": 0, ""bonusDeliveries"": 0, ""deliveryCharges"": 100, ""sameDayDelivery"": true, ""damageWaiverFees"": 999, ""maxBigToyAllowed"": 1, ""refundableDeposit"": 0, ""moneyBackGuarantee"": 30, ""effectiveCostPerMonth"": 1299, ""membershipFeesApplied"": false, ""securityDepositApplied"": false, ""totalKeepCountPerMonth"": 3, ""damageWaiverFeesApplied"": true, ""isUnlimitedFreeDelivery"": true, ""maxToyHoldingValueAllowed"": 120000, ""totalFreeDeliveryPerMonth"": 0, ""actualChargesForMemberShipFees"": 0, ""actualChargesForSecurityDeposit"": 0, ""actualChargesForDamageWaiverFees"": 999}",ONE_TIME,2026-09-30T05:29:47.447Z,2026-10-01T09:32:22.952Z,ceb8e263-b939-45c4-91e5-429e57c0c65f,"{""deviceType"": ""MOBILE"", ""gstApplied"": true, ""promoCodeId"": ""payment_provider_0205f5e0cc86d5ccc0a6b301e471fb26"", ""paymentNotes"": {""userId"": ""c6610418-564f-44a8-b54c-6ea14de9d83f"", ""subscriptionType"": ""ONE_TIME"", ""subscriptionPlanId"": ""26a25589-5532-4f28-b820-1b6c7894c4fd""}, ""gstPercentage"": 18, ""membershipData"": {""amount"": 0, ""isMembershipFee"": true}, ""priceBreakdown"": {""basePrice"": 15588, ""gstAmount"": 1583, ""couponCode"": ""AL502026"", ""finalPrice"": 10376, ""couponPercent"": 50, ""proRataCredit"": null, ""couponDiscount"": 7794, ""membershipFees"": 0, ""securityDeposit"": 0, ""damageWaiverFees"": 999}, ""isRecurringInit"": false, ""paymentProvider"": ""RAZOR_PAY"", ""userTrialApplied"": false, ""securityDepositData"": {""securityDepositApplied"": false}, ""isTrialPeriodExpired"": true, ""merchantTransactionId"": ""order_Ti8K4Mb8hnyaTK"", ""userDamageWaiverFeesApplied"": true}",,,,,,{},[],"{""couponId"": ""ceb8e263-b939-45c4-91e5-429e57c0c65f"", ""couponAppliedStatus"": ""PENDING"", ""isCouponAppliedOnSubscriptionRenew"": false}"
497d6336-0d88-451c-8db7-19b7b198d063,0bdbf096-a8fd-4c3c-b1ae-b3cebc128d19,,15588.0,2026-10-01T10:45:50Z,2027-10-01T10:45:50Z,0,order_Th4BI1RDFJXGlu,26a25589-5532-4f28-b820-1b6c7894c4fd,ACTIVE,,upi,,"{""discount"": ""25%"", ""isNewPlan"": false, ""trialDays"": 30, ""toyProgram"": ""-"", ""planSavings"": 3597, ""planVersion"": ""v2"", ""trialAmount"": 999, ""trialApplied"": false, ""memberShipFees"": 0, ""bonusDeliveries"": 0, ""deliveryCharges"": 100, ""sameDayDelivery"": true, ""damageWaiverFees"": 999, ""maxBigToyAllowed"": 1, ""refundableDeposit"": 0, ""moneyBackGuarantee"": 30, ""effectiveCostPerMonth"": 1299, ""membershipFeesApplied"": false, ""securityDepositApplied"": false, ""totalKeepCountPerMonth"": 3, ""damageWaiverFeesApplied"": true, ""isUnlimitedFreeDelivery"": true, ""maxToyHoldingValueAllowed"": 120000, ""totalFreeDeliveryPerMonth"": 0, ""actualChargesForMemberShipFees"": 0, ""actualChargesForSecurityDeposit"": 0, ""actualChargesForDamageWaiverFees"": 999}",ONE_TIME,2026-09-27T12:47:42.198Z,2026-10-01T10:45:50.948Z,01e44bd5-f585-4ce5-a6a7-a6dd40de2334,"{""deviceType"": ""MOBILE"", ""gstApplied"": true, ""promoCodeId"": ""payment_provider_ff77eacfd6873255307a24ce752aacdb"", ""paymentNotes"": {""userId"": ""0bdbf096-a8fd-4c3c-b1ae-b3cebc128d19"", ""subscriptionType"": ""ONE_TIME"", ""subscriptionPlanId"": ""26a25589-5532-4f28-b820-1b6c7894c4fd""}, ""gstPercentage"": 18, ""membershipData"": {""amount"": 0, ""isMembershipFee"": true}, ""priceBreakdown"": {""basePrice"": 15588, ""gstAmount"": 2986, ""couponCode"": ""FLAT12K"", ""finalPrice"": 12000, ""couponPercent"": null, ""proRataCredit"": null, ""couponDiscount"": 7573, ""membershipFees"": 0, ""securityDeposit"": 0, ""damageWaiverFees"": 999}, ""isRecurringInit"": false, ""paymentProvider"": ""RAZOR_PAY"", ""userTrialApplied"": false, ""securityDepositData"": {""securityDepositApplied"": false}, ""isTrialPeriodExpired"": true, ""merchantTransactionId"": ""order_Th4BI1RDFJXGlu"", ""userDamageWaiverFeesApplied"": true}",,,,,,{},[],"{""couponId"": ""01e44bd5-f585-4ce5-a6a7-a6dd40de2334"", ""couponAppliedStatus"": ""PENDING"", ""isCouponAppliedOnSubscriptionRenew"": false}"
8907a544-d662-4c9f-8e01-3b0c7688c70b,4705beb9-8998-429e-affa-10891155428c,,15588.0,2026-10-01T11:39:48Z,2027-10-01T11:39:48Z,0,order_ThuwfcPfO5FHw2,26a25589-5532-4f28-b820-1b6c7894c4fd,ACTIVE,,upi,,"{""discount"": ""25%"", ""isNewPlan"": false, ""trialDays"": 30, ""toyProgram"": ""-"", ""planSavings"": 3597, ""planVersion"": ""v2"", ""trialAmount"": 999, ""trialApplied"": false, ""memberShipFees"": 0, ""bonusDeliveries"": 0, ""deliveryCharges"": 100, ""sameDayDelivery"": true, ""damageWaiverFees"": 999, ""maxBigToyAllowed"": 1, ""refundableDeposit"": 0, ""moneyBackGuarantee"": 30, ""effectiveCostPerMonth"": 1299, ""membershipFeesApplied"": false, ""securityDepositApplied"": false, ""totalKeepCountPerMonth"": 3, ""damageWaiverFeesApplied"": true, ""isUnlimitedFreeDelivery"": true, ""maxToyHoldingValueAllowed"": 120000, ""totalFreeDeliveryPerMonth"": 0, ""actualChargesForMemberShipFees"": 0, ""actualChargesForSecurityDeposit"": 0, ""actualChargesForDamageWaiverFees"": 999}",ONE_TIME,2026-09-29T16:24:37.386Z,2026-10-01T11:39:48.266Z,01e44bd5-f585-4ce5-a6a7-a6dd40de2334,"{""deviceType"": ""MOBILE"", ""gstApplied"": true, ""promoCodeId"": ""payment_provider_ff77eacfd6873255307a24ce752aacdb"", ""paymentNotes"": {""userId"": ""4705beb9-8998-429e-affa-10891155428c"", ""subscriptionType"": ""ONE_TIME"", ""subscriptionPlanId"": ""26a25589-5532-4f28-b820-1b6c7894c4fd""}, ""gstPercentage"": 18, ""membershipData"": {""amount"": 0, ""isMembershipFee"": true}, ""priceBreakdown"": {""basePrice"": 15588, ""gstAmount"": 2986, ""couponCode"": ""FLAT12K"", ""finalPrice"": 12000, ""couponPercent"": null, ""proRataCredit"": null, ""couponDiscount"": 7573, ""membershipFees"": 0, ""securityDeposit"": 0, ""damageWaiverFees"": 999}, ""isRecurringInit"": false, ""paymentProvider"": ""RAZOR_PAY"", ""userTrialApplied"": false, ""securityDepositData"": {""securityDepositApplied"": false}, ""isTrialPeriodExpired"": true, ""merchantTransactionId"": ""order_ThuwfcPfO5FHw2"", ""userDamageWaiverFeesApplied"": true}",,,,,,{},[],"{""couponId"": ""01e44bd5-f585-4ce5-a6a7-a6dd40de2334"", ""couponAppliedStatus"": ""PENDING"", ""isCouponAppliedOnSubscriptionRenew"": false}"
1d2c83b8-b590-41c1-afff-0f151312585b,99921eaf-28d3-40f5-ac9e-c149429e9698,,15588.0,2026-10-01T11:47:15Z,2027-10-01T11:47:15Z,0,order_TghYvG8hHR8nab,26a25589-5532-4f28-b820-1b6c7894c4fd,ACTIVE,,upi,,"{""discount"": ""25%"", ""isNewPlan"": false, ""trialDays"": 30, ""toyProgram"": ""-"", ""planSavings"": 3597, ""planVersion"": ""v2"", ""trialAmount"": 999, ""trialApplied"": false, ""memberShipFees"": 0, ""bonusDeliveries"": 0, ""deliveryCharges"": 100, ""sameDayDelivery"": true, ""damageWaiverFees"": 999, ""maxBigToyAllowed"": 1, ""refundableDeposit"": 0, ""moneyBackGuarantee"": 30, ""effectiveCostPerMonth"": 1299, ""membershipFeesApplied"": false, ""securityDepositApplied"": false, ""totalKeepCountPerMonth"": 3, ""damageWaiverFeesApplied"": true, ""isUnlimitedFreeDelivery"": true, ""maxToyHoldingValueAllowed"": 120000, ""totalFreeDeliveryPerMonth"": 0, ""actualChargesForMemberShipFees"": 0, ""actualChargesForSecurityDeposit"": 0, ""actualChargesForDamageWaiverFees"": 999}",ONE_TIME,2026-09-26T14:40:07.407Z,2026-10-01T11:47:15.75Z,b48b437b-d6a6-4408-8933-652333ba893f,"{""deviceType"": ""MOBILE"", ""gstApplied"": true, ""promoCodeId"": ""payment_provider_09cdd57ffd526050fda398b8145fb5d2"", ""paymentNotes"": {""userId"": ""99921eaf-28d3-40f5-ac9e-c149429e9698"", ""subscriptionType"": ""ONE_TIME"", ""subscriptionPlanId"": ""26a25589-5532-4f28-b820-1b6c7894c4fd""}, ""gstPercentage"": 18, ""membershipData"": {""amount"": 0, ""isMembershipFee"": true}, ""priceBreakdown"": {""basePrice"": 15588, ""gstAmount"": 2986, ""couponCode"": ""AKFLAT11K"", ""finalPrice"": 11000, ""couponPercent"": null, ""proRataCredit"": null, ""couponDiscount"": 8573, ""membershipFees"": 0, ""securityDeposit"": 0, ""damageWaiverFees"": 999}, ""isRecurringInit"": false, ""paymentProvider"": ""RAZOR_PAY"", ""userTrialApplied"": false, ""securityDepositData"": {""securityDepositApplied"": false}, ""isTrialPeriodExpired"": true, ""merchantTransactionId"": ""order_TghYvG8hHR8nab"", ""userDamageWaiverFeesApplied"": true}",,,,,,{},[],"{""couponId"": ""b48b437b-d6a6-4408-8933-652333ba893f"", ""couponAppliedStatus"": ""PENDING"", ""isCouponAppliedOnSubscriptionRenew"": false}"
c98996fa-91db-41c2-8924-b3176252cfad,f446ef7d-60db-45f4-9726-f7e5eadcee3a,,4497.0,2026-10-01T12:04:51Z,2027-01-01T12:04:51Z,0,order_Th8WnQsKEZszrI,864b3e20-b4b5-4be5-8b5c-bcd69573b6dd,ACTIVE,,upi,,"{""discount"": ""25%"", ""isNewPlan"": false, ""trialDays"": 30, ""toyProgram"": ""-"", ""planSavings"": 3597, ""planVersion"": ""v2"", ""trialAmount"": 99, ""trialApplied"": false, ""memberShipFees"": 0, ""bonusDeliveries"": 0, ""deliveryCharges"": 100, ""sameDayDelivery"": false, ""damageWaiverFees"": 299, ""maxBigToyAllowed"": 0, ""refundableDeposit"": 0, ""moneyBackGuarantee"": 30, ""effectiveCostPerMonth"": 1499, ""membershipFeesApplied"": false, ""securityDepositApplied"": false, ""totalKeepCountPerMonth"": 3, ""damageWaiverFeesApplied"": true, ""isUnlimitedFreeDelivery"": false, ""maxToyHoldingValueAllowed"": 20000, ""totalFreeDeliveryPerMonth"": 9, ""actualChargesForMemberShipFees"": 0, ""actualChargesForSecurityDeposit"": 0, ""actualChargesForDamageWaiverFees"": 299}",ONE_TIME,2026-09-27T17:02:50.238Z,2026-10-01T12:04:51.639Z,d9f45968-fdf9-45cb-a143-9bda0499e70b,"{""deviceType"": ""MOBILE"", ""gstApplied"": true, ""promoCodeId"": ""payment_provider_222024ad0be6b711af19f169bcb51d44"", ""paymentNotes"": {""userId"": ""f446ef7d-60db-45f4-9726-f7e5eadcee3a"", ""subscriptionType"": ""ONE_TIME"", ""subscriptionPlanId"": ""864b3e20-b4b5-4be5-8b5c-bcd69573b6dd""}, ""gstPercentage"": 18, ""membershipData"": {""amount"": 0, ""isMembershipFee"": true}, ""priceBreakdown"": {""basePrice"": 4497, ""gstAmount"": 864, ""couponCode"": ""FUNDEAL"", ""finalPrice"": 3160, ""couponPercent"": null, ""proRataCredit"": null, ""couponDiscount"": 2500, ""membershipFees"": 0, ""securityDeposit"": 0, ""damageWaiverFees"": 299}, ""isRecurringInit"": false, ""paymentProvider"": ""RAZOR_PAY"", ""userTrialApplied"": false, ""securityDepositData"": {""securityDepositApplied"": false}, ""isTrialPeriodExpired"": true, ""merchantTransactionId"": ""order_Th8WnQsKEZszrI"", ""userDamageWaiverFeesApplied"": true}",,,,,,{},[],"{""couponId"": ""d9f45968-fdf9-45cb-a143-9bda0499e70b"", ""couponAppliedStatus"": ""PENDING"", ""isCouponAppliedOnSubscriptionRenew"": false}"
215aae1c-343c-4c0e-87d8-48884fd95430,62f2450f-39ba-4cb5-9daf-b076aaece4ae,,15588.0,2026-10-01T11:54:51Z,2027-10-01T11:54:51Z,0,order_TiFwnQ7HZTJFum,26a25589-5532-4f28-b820-1b6c7894c4fd,ACTIVE,,emi,,"{""discount"": ""25%"", ""isNewPlan"": false, ""trialDays"": 30, ""toyProgram"": ""-"", ""planSavings"": 3597, ""planVersion"": ""v2"", ""trialAmount"": 999, ""trialApplied"": false, ""memberShipFees"": 0, ""bonusDeliveries"": 0, ""deliveryCharges"": 100, ""sameDayDelivery"": true, ""damageWaiverFees"": 999, ""maxBigToyAllowed"": 1, ""refundableDeposit"": 0, ""moneyBackGuarantee"": 30, ""effectiveCostPerMonth"": 1299, ""membershipFeesApplied"": false, ""securityDepositApplied"": false, ""totalKeepCountPerMonth"": 3, ""damageWaiverFeesApplied"": true, ""isUnlimitedFreeDelivery"": true, ""maxToyHoldingValueAllowed"": 120000, ""totalFreeDeliveryPerMonth"": 0, ""actualChargesForMemberShipFees"": 0, ""actualChargesForSecurityDeposit"": 0, ""actualChargesForDamageWaiverFees"": 999}",ONE_TIME,2026-09-30T12:57:18.438Z,2026-10-01T11:54:51.733Z,01e44bd5-f585-4ce5-a6a7-a6dd40de2334,"{""deviceType"": ""MOBILE"", ""gstApplied"": true, ""promoCodeId"": ""payment_provider_ff77eacfd6873255307a24ce752aacdb"", ""paymentNotes"": {""userId"": ""62f2450f-39ba-4cb5-9daf-b076aaece4ae"", ""subscriptionType"": ""ONE_TIME"", ""subscriptionPlanId"": ""26a25589-5532-4f28-b820-1b6c7894c4fd""}, ""gstPercentage"": 18, ""membershipData"": {""amount"": 0, ""isMembershipFee"": true}, ""priceBreakdown"": {""basePrice"": 15588, ""gstAmount"": 2986, ""couponCode"": ""FLAT12K"", ""finalPrice"": 12000, ""couponPercent"": null, ""proRataCredit"": null, ""couponDiscount"": 7573, ""membershipFees"": 0, ""securityDeposit"": 0, ""damageWaiverFees"": 999}, ""isRecurringInit"": false, ""paymentProvider"": ""RAZOR_PAY"", ""userTrialApplied"": false, ""securityDepositData"": {""securityDepositApplied"": false}, ""isTrialPeriodExpired"": true, ""merchantTransactionId"": ""order_TiFwnQ7HZTJFum"", ""userDamageWaiverFeesApplied"": true}",,,,,,{},[],"{""couponId"": ""01e44bd5-f585-4ce5-a6a7-a6dd40de2334"", ""couponAppliedStatus"": ""PENDING"", ""isCouponAppliedOnSubscriptionRenew"": false}"
5950144d-6b6d-43fe-89bc-5697b12b4f80,aa99af57-0e5c-45c1-b938-fbc33a42fa4b,,8000.0,2026-10-01T12:05:31Z,2026-12-24T12:05:31Z,0,order_TidPXFx5yZPaRh,e05c6af3-2f9d-465e-9fa4-336adcd62f1d,ACTIVE,,card,,"{""discount"": ""25%"", ""isNewPlan"": true, ""isPlayMax"": false, ""trialDays"": 0, ""isPlayMini"": false, ""isPlayPlus"": false, ""toyProgram"": ""-"", ""planSavings"": 0, ""planVersion"": ""v2"", ""trialAmount"": 0, ""isWeeklyPlan"": true, ""trialApplied"": false, ""isDefaultView"": true, ""memberShipFees"": 0, ""bonusDeliveries"": 0, ""deliveryCharges"": 100, ""sameDayDelivery"": false, ""damageWaiverFees"": 299, ""maxBigToyAllowed"": 1, ""planDurationWeeks"": 12, ""refundableDeposit"": 0, ""moneyBackGuarantee"": 0, ""effectiveCostPerMonth"": 999, ""membershipFeesApplied"": false, ""deliveryFrequencyWeeks"": 1, ""planPriceDiscountAdmin"": -601401, ""securityDepositApplied"": false, ""totalKeepCountPerMonth"": 3, ""damageWaiverFeesApplied"": true, ""isUnlimitedFreeDelivery"": false, ""autoScheduledToyDelivery"": true, ""maxToyHoldingValueAllowed"": 90000, ""totalFreeDeliveryPerMonth"": 12, ""actualChargesForMemberShipFees"": 0, ""actualChargesForSecurityDeposit"": 0, ""actualChargesForDamageWaiverFees"": 299}",ONE_TIME,2026-10-01T12:05:31.845Z,2026-10-01T12:05:31.845Z,,"{""amount"": 601700, ""deviceType"": ""MOBILE"", ""gstApplied"": true, ""paymentNotes"": {""userId"": ""aa99af57-0e5c-45c1-b938-fbc33a42fa4b"", ""paymentLinkId"": ""6b7e75fa-ea94-4ea6-9173-13d24ee714b8"", ""subscriptionPlanId"": ""e05c6af3-2f9d-465e-9fa4-336adcd62f1d""}, ""gstPercentage"": 18, ""paymentLinkId"": ""6b7e75fa-ea94-4ea6-9173-13d24ee714b8"", ""membershipData"": {""amount"": 0, ""isMembershipFee"": false}, ""isRecurringInit"": false, ""paymentProvider"": ""RAZOR_PAY"", ""userTrialApplied"": false, ""securityDepositData"": {""amount"": 0, ""securityDepositApplied"": false}, ""isTrialPeriodExpired"": true, ""merchantTransactionId"": ""order_TidPXFx5yZPaRh"", ""userDamageWaiverFeesApplied"": true}",,,,,,{},[],{}
beb5389f-db3b-4ed4-8576-2478beb2f7a2,1fc936b6-9a2d-45fb-9cb1-47dc8189b454,,15588.0,2026-10-01T12:38:23Z,2027-10-01T12:38:23Z,0,order_Tie7lt34bpA9IR,26a25589-5532-4f28-b820-1b6c7894c4fd,ACTIVE,,cardless_emi,,"{""discount"": ""25%"", ""isNewPlan"": false, ""trialDays"": 30, ""toyProgram"": ""-"", ""planSavings"": 3597, ""planVersion"": ""v2"", ""trialAmount"": 999, ""trialApplied"": false, ""memberShipFees"": 0, ""bonusDeliveries"": 0, ""deliveryCharges"": 100, ""sameDayDelivery"": true, ""damageWaiverFees"": 999, ""maxBigToyAllowed"": 1, ""refundableDeposit"": 0, ""moneyBackGuarantee"": 30, ""effectiveCostPerMonth"": 1299, ""membershipFeesApplied"": false, ""securityDepositApplied"": false, ""totalKeepCountPerMonth"": 3, ""damageWaiverFeesApplied"": true, ""isUnlimitedFreeDelivery"": true, ""maxToyHoldingValueAllowed"": 120000, ""totalFreeDeliveryPerMonth"": 0, ""actualChargesForMemberShipFees"": 0, ""actualChargesForSecurityDeposit"": 0, ""actualChargesForDamageWaiverFees"": 999}",ONE_TIME,2026-10-01T12:36:20.591Z,2026-10-01T12:38:23.557Z,,"{""deviceType"": ""MOBILE"", ""gstApplied"": true, ""paymentNotes"": {""userId"": ""1fc936b6-9a2d-45fb-9cb1-47dc8189b454"", ""subscriptionType"": ""ONE_TIME"", ""subscriptionPlanId"": ""26a25589-5532-4f28-b820-1b6c7894c4fd""}, ""gstPercentage"": 18, ""membershipData"": {""amount"": 0, ""isMembershipFee"": true}, ""priceBreakdown"": {""basePrice"": 15588, ""gstAmount"": 2986, ""couponCode"": null, ""finalPrice"": 19573, ""couponPercent"": null, ""proRataCredit"": null, ""couponDiscount"": 0, ""membershipFees"": 0, ""securityDeposit"": 0, ""damageWaiverFees"": 999}, ""isRecurringInit"": false, ""paymentProvider"": ""RAZOR_PAY"", ""userTrialApplied"": false, ""securityDepositData"": {""securityDepositApplied"": false}, ""isTrialPeriodExpired"": true, ""merchantTransactionId"": ""order_Tie7lt34bpA9IR"", ""userDamageWaiverFeesApplied"": true}",,,,,,{},[],"{""couponAppliedStatus"": ""PENDING"", ""isCouponAppliedOnSubscriptionRenew"": false}"
2dccd912-d3df-43ff-baf1-4c33155431a3,0250b132-8a37-4fbb-8cdf-c93accd6a7c8,,15588.0,2026-10-01T13:39:35Z,2027-10-01T13:39:35Z,0,order_TifBBCXvkfZn9b,26a25589-5532-4f28-b820-1b6c7894c4fd,ACTIVE,,upi,,"{""discount"": ""25%"", ""isNewPlan"": false, ""trialDays"": 30, ""toyProgram"": ""-"", ""planSavings"": 3597, ""planVersion"": ""v2"", ""trialAmount"": 999, ""trialApplied"": false, ""memberShipFees"": 0, ""bonusDeliveries"": 0, ""deliveryCharges"": 100, ""sameDayDelivery"": true, ""damageWaiverFees"": 999, ""maxBigToyAllowed"": 1, ""refundableDeposit"": 0, ""moneyBackGuarantee"": 30, ""effectiveCostPerMonth"": 1299, ""membershipFeesApplied"": false, ""securityDepositApplied"": false, ""totalKeepCountPerMonth"": 3, ""damageWaiverFeesApplied"": true, ""isUnlimitedFreeDelivery"": true, ""maxToyHoldingValueAllowed"": 120000, ""totalFreeDeliveryPerMonth"": 0, ""actualChargesForMemberShipFees"": 0, ""actualChargesForSecurityDeposit"": 0, ""actualChargesForDamageWaiverFees"": 999}",ONE_TIME,2026-10-01T13:38:15.8Z,2026-10-01T13:39:35.692Z,01e44bd5-f585-4ce5-a6a7-a6dd40de2334,"{""deviceType"": ""MOBILE"", ""gstApplied"": true, ""promoCodeId"": ""payment_provider_ff77eacfd6873255307a24ce752aacdb"", ""paymentNotes"": {""userId"": ""0250b132-8a37-4fbb-8cdf-c93accd6a7c8"", ""subscriptionType"": ""ONE_TIME"", ""subscriptionPlanId"": ""26a25589-5532-4f28-b820-1b6c7894c4fd""}, ""gstPercentage"": 18, ""membershipData"": {""amount"": 0, ""isMembershipFee"": true}, ""priceBreakdown"": {""basePrice"": 15588, ""gstAmount"": 2986, ""couponCode"": ""FLAT12K"", ""finalPrice"": 12000, ""couponPercent"": null, ""proRataCredit"": null, ""couponDiscount"": 7573, ""membershipFees"": 0, ""securityDeposit"": 0, ""damageWaiverFees"": 999}, ""isRecurringInit"": false, ""paymentProvider"": ""RAZOR_PAY"", ""userTrialApplied"": false, ""securityDepositData"": {""securityDepositApplied"": false}, ""isTrialPeriodExpired"": true, ""merchantTransactionId"": ""order_TifBBCXvkfZn9b"", ""userDamageWaiverFeesApplied"": true}",,,,,,{},[],"{""couponId"": ""01e44bd5-f585-4ce5-a6a7-a6dd40de2334"", ""couponAppliedStatus"": ""PENDING"", ""isCouponAppliedOnSubscriptionRenew"": false}"
3032b711-14a6-42e2-bd21-92cc523c7663,09a59b77-4525-4b3d-b75e-8bc032021823,pay_ThmnDzS537j5X5,15588.0,2026-10-01T14:33:12Z,2027-10-01T14:33:12Z,0,assigned_619cd74337bb507bb351352c888b0156,26a25589-5532-4f28-b820-1b6c7894c4fd,ACTIVE,,other,,"{""discount"": ""25%"", ""isNewPlan"": false, ""pricePaid"": 11000, ""trialDays"": 30, ""toyProgram"": ""-"", ""planSavings"": 3597, ""planVersion"": ""v2"", ""trialAmount"": 999, ""trialApplied"": false, ""memberShipFees"": 0, ""bonusDeliveries"": 0, ""deliveryCharges"": 100, ""sameDayDelivery"": true, ""damageWaiverFees"": 999, ""maxBigToyAllowed"": 1, ""refundableDeposit"": 0, ""memberShipFeesPaid"": 0, ""moneyBackGuarantee"": 30, ""effectiveCostPerMonth"": 1299, ""membershipFeesApplied"": false, ""refundableDepositPaid"": 0, ""planPriceDiscountAdmin"": 0, ""securityDepositApplied"": false, ""totalKeepCountPerMonth"": 3, ""damageWaiverFeesApplied"": true, ""isUnlimitedFreeDelivery"": true, ""membershipDiscountAdmin"": 0, ""maxToyHoldingValueAllowed"": 120000, ""totalFreeDeliveryPerMonth"": 0, ""actualChargesForMemberShipFees"": 0, ""refundableDepositDiscountAdmin"": 0, ""actualChargesForSecurityDeposit"": 0, ""actualChargesForDamageWaiverFees"": 999}",ASSIGNED,2026-10-01T14:33:12.084Z,2026-10-01T14:33:12.084Z,,"{""note"": ""Assigned from Google Sheet"", ""amount"": 0, ""gstApplied"": true, ""paymentDate"": ""2026-10-01T20:03:11+05:30"", ""gstPercentage"": 18, ""membershipData"": {""amount"": 0, ""isMembershipFee"": true}, ""priceBreakdown"": {""basePrice"": 15588, ""gstAmount"": 2986, ""couponCode"": null, ""finalPrice"": 19573, ""couponPercent"": null, ""proRataCredit"": 0, ""couponDiscount"": 0, ""membershipFees"": 0, ""securityDeposit"": 0, ""damageWaiverFees"": 999}, ""userTrialApplied"": false, ""isTrialPeriodExpired"": true, ""userDamageWaiverFeesApplied"": true}",,,,,,{},[],{}
26df5655-c2f1-4003-b678-949a44143995,515a9add-30be-4a1d-a542-89dba9dbf832,,15588.0,2026-10-01T14:15:52Z,2027-10-01T14:15:52Z,0,order_TifZOmQhqMo6iZ,26a25589-5532-4f28-b820-1b6c7894c4fd,ACTIVE,,cardless_emi,,"{""discount"": ""25%"", ""isNewPlan"": false, ""trialDays"": 30, ""toyProgram"": ""-"", ""planSavings"": 3597, ""planVersion"": ""v2"", ""trialAmount"": 999, ""trialApplied"": false, ""memberShipFees"": 0, ""bonusDeliveries"": 0, ""deliveryCharges"": 100, ""sameDayDelivery"": true, ""damageWaiverFees"": 999, ""maxBigToyAllowed"": 1, ""refundableDeposit"": 0, ""moneyBackGuarantee"": 30, ""effectiveCostPerMonth"": 1299, ""membershipFeesApplied"": false, ""securityDepositApplied"": false, ""totalKeepCountPerMonth"": 3, ""damageWaiverFeesApplied"": true, ""isUnlimitedFreeDelivery"": true, ""maxToyHoldingValueAllowed"": 120000, ""totalFreeDeliveryPerMonth"": 0, ""actualChargesForMemberShipFees"": 0, ""actualChargesForSecurityDeposit"": 0, ""actualChargesForDamageWaiverFees"": 999}",ONE_TIME,2026-10-01T14:01:11.439Z,2026-10-01T14:15:52.013Z,,"{""deviceType"": ""MOBILE"", ""gstApplied"": true, ""paymentNotes"": {""userId"": ""515a9add-30be-4a1d-a542-89dba9dbf832"", ""subscriptionType"": ""ONE_TIME"", ""subscriptionPlanId"": ""26a25589-5532-4f28-b820-1b6c7894c4fd""}, ""gstPercentage"": 18, ""membershipData"": {""amount"": 0, ""isMembershipFee"": true}, ""priceBreakdown"": {""basePrice"": 15588, ""gstAmount"": 2986, ""couponCode"": null, ""finalPrice"": 19573, ""couponPercent"": null, ""proRataCredit"": null, ""couponDiscount"": 0, ""membershipFees"": 0, ""securityDeposit"": 0, ""damageWaiverFees"": 999}, ""isRecurringInit"": false, ""paymentProvider"": ""RAZOR_PAY"", ""userTrialApplied"": false, ""securityDepositData"": {""securityDepositApplied"": false}, ""isTrialPeriodExpired"": true, ""merchantTransactionId"": ""order_TifZOmQhqMo6iZ"", ""userDamageWaiverFeesApplied"": true}",,,,,,{},[],"{""couponAppliedStatus"": ""PENDING"", ""isCouponAppliedOnSubscriptionRenew"": false}"
fa9afa8e-38cb-48a1-8471-7510450e0766,13e8125f-a77f-479f-8660-269c6047daa5,9033925104,15588.0,2026-10-01T16:57:41Z,2027-10-01T16:57:41Z,0,assigned_4f3c7c3dac2debeec0ac10da870d4677,26a25589-5532-4f28-b820-1b6c7894c4fd,ACTIVE,,razorpay,,"{""discount"": ""25%"", ""isNewPlan"": false, ""pricePaid"": 10000, ""trialDays"": 30, ""toyProgram"": ""-"", ""planSavings"": 3597, ""planVersion"": ""v2"", ""trialAmount"": 999, ""trialApplied"": false, ""memberShipFees"": 0, ""bonusDeliveries"": 0, ""deliveryCharges"": 100, ""sameDayDelivery"": true, ""damageWaiverFees"": 999, ""maxBigToyAllowed"": 1, ""refundableDeposit"": 0, ""memberShipFeesPaid"": 0, ""moneyBackGuarantee"": 30, ""effectiveCostPerMonth"": 1299, ""membershipFeesApplied"": false, ""refundableDepositPaid"": 0, ""planPriceDiscountAdmin"": 5588, ""securityDepositApplied"": false, ""totalKeepCountPerMonth"": 3, ""damageWaiverFeesApplied"": true, ""isUnlimitedFreeDelivery"": true, ""membershipDiscountAdmin"": 0, ""maxToyHoldingValueAllowed"": 120000, ""totalFreeDeliveryPerMonth"": 0, ""actualChargesForMemberShipFees"": 0, ""refundableDepositDiscountAdmin"": 0, ""actualChargesForSecurityDeposit"": 0, ""actualChargesForDamageWaiverFees"": 999}",ASSIGNED,2026-10-01T16:57:41.237Z,2026-10-01T16:57:41.237Z,,"{""amount"": 10000, ""gstApplied"": true, ""paymentDate"": ""2026-10-01T16:57:38.542Z"", ""gstPercentage"": 18, ""membershipData"": {""amount"": 0, ""isMembershipFee"": true}, ""priceBreakdown"": {""basePrice"": 15588, ""gstAmount"": 2986, ""couponCode"": null, ""finalPrice"": 19573, ""couponPercent"": null, ""proRataCredit"": 0, ""couponDiscount"": 0, ""membershipFees"": 0, ""securityDeposit"": 0, ""damageWaiverFees"": 999}, ""userTrialApplied"": false, ""isTrialPeriodExpired"": true, ""userDamageWaiverFeesApplied"": true}",,,,,,{},[],{}
c9666735-284a-49a5-a654-8941bd3999ab,344900df-9e7b-49f2-bbb2-760f3609eef6,,15588.0,2026-10-01T18:10:38Z,2027-10-01T18:10:38Z,0,order_ThpffTrS8NaelF,26a25589-5532-4f28-b820-1b6c7894c4fd,ACTIVE,,upi,,"{""discount"": ""25%"", ""isNewPlan"": false, ""trialDays"": 30, ""toyProgram"": ""-"", ""planSavings"": 3597, ""planVersion"": ""v2"", ""trialAmount"": 999, ""trialApplied"": false, ""memberShipFees"": 0, ""bonusDeliveries"": 0, ""deliveryCharges"": 100, ""sameDayDelivery"": true, ""damageWaiverFees"": 999, ""maxBigToyAllowed"": 1, ""refundableDeposit"": 0, ""moneyBackGuarantee"": 30, ""effectiveCostPerMonth"": 1299, ""membershipFeesApplied"": false, ""securityDepositApplied"": false, ""totalKeepCountPerMonth"": 3, ""damageWaiverFeesApplied"": true, ""isUnlimitedFreeDelivery"": true, ""maxToyHoldingValueAllowed"": 120000, ""totalFreeDeliveryPerMonth"": 0, ""actualChargesForMemberShipFees"": 0, ""actualChargesForSecurityDeposit"": 0, ""actualChargesForDamageWaiverFees"": 999}",ONE_TIME,2026-09-29T11:15:03.591Z,2026-10-01T18:10:38.823Z,01e44bd5-f585-4ce5-a6a7-a6dd40de2334,"{""deviceType"": ""MOBILE"", ""gstApplied"": true, ""promoCodeId"": ""payment_provider_ff77eacfd6873255307a24ce752aacdb"", ""paymentNotes"": {""userId"": ""344900df-9e7b-49f2-bbb2-760f3609eef6"", ""subscriptionType"": ""ONE_TIME"", ""subscriptionPlanId"": ""26a25589-5532-4f28-b820-1b6c7894c4fd""}, ""gstPercentage"": 18, ""membershipData"": {""amount"": 0, ""isMembershipFee"": true}, ""priceBreakdown"": {""basePrice"": 15588, ""gstAmount"": 2986, ""couponCode"": ""FLAT12K"", ""finalPrice"": 12000, ""couponPercent"": null, ""proRataCredit"": null, ""couponDiscount"": 7573, ""membershipFees"": 0, ""securityDeposit"": 0, ""damageWaiverFees"": 999}, ""isRecurringInit"": false, ""paymentProvider"": ""RAZOR_PAY"", ""userTrialApplied"": false, ""securityDepositData"": {""securityDepositApplied"": false}, ""isTrialPeriodExpired"": true, ""merchantTransactionId"": ""order_ThpffTrS8NaelF"", ""userDamageWaiverFeesApplied"": true}",,,,,,{},[],"{""couponId"": ""01e44bd5-f585-4ce5-a6a7-a6dd40de2334"", ""couponAppliedStatus"": ""PENDING"", ""isCouponAppliedOnSubscriptionRenew"": false}"
0ea05f96-a3d9-4502-b32c-0b0e02b010f0,4085341f-428b-4295-996b-c6db7722889d,,5997.0,2026-10-02T01:42:44Z,2027-01-02T01:42:44Z,0,order_TirV6DDaaZsHJG,03e58770-76d5-4434-9934-ea1d64e4096f,ACTIVE,,upi,,"{""discount"": ""25%"", ""isNewPlan"": false, ""trialDays"": 30, ""toyProgram"": ""-"", ""planSavings"": 3597, ""planVersion"": ""v2"", ""trialAmount"": 99, ""trialApplied"": false, ""memberShipFees"": 0, ""bonusDeliveries"": 0, ""deliveryCharges"": 100, ""sameDayDelivery"": true, ""damageWaiverFees"": 999, ""maxBigToyAllowed"": 1, ""refundableDeposit"": 0, ""moneyBackGuarantee"": 30, ""effectiveCostPerMonth"": 1999, ""membershipFeesApplied"": false, ""securityDepositApplied"": false, ""totalKeepCountPerMonth"": 3, ""damageWaiverFeesApplied"": true, ""isUnlimitedFreeDelivery"": false, ""maxToyHoldingValueAllowed"": 35000, ""totalFreeDeliveryPerMonth"": 12, ""actualChargesForMemberShipFees"": 0, ""actualChargesForSecurityDeposit"": 0, ""actualChargesForDamageWaiverFees"": 999}",ONE_TIME,2026-10-02T01:41:26.596Z,2026-10-02T01:42:44.522Z,d9f45968-fdf9-45cb-a143-9bda0499e70b,"{""deviceType"": ""MOBILE"", ""gstApplied"": true, ""promoCodeId"": ""payment_provider_222024ad0be6b711af19f169bcb51d44"", ""paymentNotes"": {""userId"": ""4085341f-428b-4295-996b-c6db7722889d"", ""subscriptionType"": ""ONE_TIME"", ""subscriptionPlanId"": ""03e58770-76d5-4434-9934-ea1d64e4096f""}, ""gstPercentage"": 18, ""membershipData"": {""amount"": 0, ""isMembershipFee"": true}, ""priceBreakdown"": {""basePrice"": 5997, ""gstAmount"": 1260, ""couponCode"": ""FUNDEAL"", ""finalPrice"": 5756, ""couponPercent"": null, ""proRataCredit"": null, ""couponDiscount"": 2500, ""membershipFees"": 0, ""securityDeposit"": 0, ""damageWaiverFees"": 999}, ""isRecurringInit"": false, ""paymentProvider"": ""RAZOR_PAY"", ""userTrialApplied"": false, ""securityDepositData"": {""securityDepositApplied"": false}, ""isTrialPeriodExpired"": true, ""merchantTransactionId"": ""order_TirV6DDaaZsHJG"", ""userDamageWaiverFeesApplied"": true}",,,,,,{},[],"{""couponId"": ""d9f45968-fdf9-45cb-a143-9bda0499e70b"", ""couponAppliedStatus"": ""PENDING"", ""isCouponAppliedOnSubscriptionRenew"": false}"
4a217608-6a46-4054-8361-30531f7ae1ef,48e629c8-eaa4-4ca3-b5ce-5699c8ecc68f,,5997.0,2026-10-02T04:21:31Z,2027-01-02T04:21:31Z,0,order_TiuDreM95hCbWb,03e58770-76d5-4434-9934-ea1d64e4096f,ACTIVE,,upi,,"{""discount"": ""25%"", ""isNewPlan"": false, ""trialDays"": 30, ""toyProgram"": ""-"", ""planSavings"": 3597, ""planVersion"": ""v2"", ""trialAmount"": 99, ""trialApplied"": false, ""memberShipFees"": 0, ""bonusDeliveries"": 0, ""deliveryCharges"": 100, ""sameDayDelivery"": true, ""damageWaiverFees"": 999, ""maxBigToyAllowed"": 1, ""refundableDeposit"": 0, ""moneyBackGuarantee"": 30, ""effectiveCostPerMonth"": 1999, ""membershipFeesApplied"": false, ""securityDepositApplied"": false, ""totalKeepCountPerMonth"": 3, ""damageWaiverFeesApplied"": true, ""isUnlimitedFreeDelivery"": false, ""maxToyHoldingValueAllowed"": 35000, ""totalFreeDeliveryPerMonth"": 12, ""actualChargesForMemberShipFees"": 0, ""actualChargesForSecurityDeposit"": 0, ""actualChargesForDamageWaiverFees"": 999}",ONE_TIME,2026-10-02T04:21:12.521Z,2026-10-02T04:21:31.491Z,d9f45968-fdf9-45cb-a143-9bda0499e70b,"{""deviceType"": ""MOBILE"", ""gstApplied"": true, ""promoCodeId"": ""payment_provider_222024ad0be6b711af19f169bcb51d44"", ""paymentNotes"": {""userId"": ""48e629c8-eaa4-4ca3-b5ce-5699c8ecc68f"", ""subscriptionType"": ""ONE_TIME"", ""subscriptionPlanId"": ""03e58770-76d5-4434-9934-ea1d64e4096f""}, ""gstPercentage"": 18, ""membershipData"": {""amount"": 0, ""isMembershipFee"": true}, ""priceBreakdown"": {""basePrice"": 5997, ""gstAmount"": 1260, ""couponCode"": ""FUNDEAL"", ""finalPrice"": 5756, ""couponPercent"": null, ""proRataCredit"": null, ""couponDiscount"": 2500, ""membershipFees"": 0, ""securityDeposit"": 0, ""damageWaiverFees"": 999}, ""isRecurringInit"": false, ""paymentProvider"": ""RAZOR_PAY"", ""userTrialApplied"": false, ""securityDepositData"": {""securityDepositApplied"": false}, ""isTrialPeriodExpired"": true, ""merchantTransactionId"": ""order_TiuDreM95hCbWb"", ""userDamageWaiverFeesApplied"": true}",,,,,,{},[],"{""couponId"": ""d9f45968-fdf9-45cb-a143-9bda0499e70b"", ""couponAppliedStatus"": ""PENDING"", ""isCouponAppliedOnSubscriptionRenew"": false}"
4df9390b-4894-48ab-b59b-9c5c578583fb,0e9c33c1-06df-429e-acc9-ec2f302cdc49,,15588.0,2026-10-02T04:24:48Z,2027-10-02T04:24:48Z,0,order_ThSwSfhUrxMIOe,26a25589-5532-4f28-b820-1b6c7894c4fd,ACTIVE,,cardless_emi,,"{""discount"": ""25%"", ""isNewPlan"": false, ""trialDays"": 30, ""toyProgram"": ""-"", ""planSavings"": 3597, ""planVersion"": ""v2"", ""trialAmount"": 999, ""trialApplied"": false, ""memberShipFees"": 0, ""bonusDeliveries"": 0, ""deliveryCharges"": 100, ""sameDayDelivery"": true, ""damageWaiverFees"": 999, ""maxBigToyAllowed"": 1, ""refundableDeposit"": 0, ""moneyBackGuarantee"": 30, ""effectiveCostPerMonth"": 1299, ""membershipFeesApplied"": false, ""securityDepositApplied"": false, ""totalKeepCountPerMonth"": 3, ""damageWaiverFeesApplied"": true, ""isUnlimitedFreeDelivery"": true, ""maxToyHoldingValueAllowed"": 120000, ""totalFreeDeliveryPerMonth"": 0, ""actualChargesForMemberShipFees"": 0, ""actualChargesForSecurityDeposit"": 0, ""actualChargesForDamageWaiverFees"": 999}",ONE_TIME,2026-09-28T13:01:00.335Z,2026-10-02T04:24:48.055Z,13fa1d1b-f4aa-405f-a06f-601f97f47738,"{""deviceType"": ""MOBILE"", ""gstApplied"": true, ""promoCodeId"": ""payment_provider_fca0fcd4a1b654c7e6d58469b6ff8bec"", ""paymentNotes"": {""userId"": ""0e9c33c1-06df-429e-acc9-ec2f302cdc49"", ""subscriptionType"": ""ONE_TIME"", ""subscriptionPlanId"": ""26a25589-5532-4f28-b820-1b6c7894c4fd""}, ""gstPercentage"": 18, ""membershipData"": {""amount"": 0, ""isMembershipFee"": true}, ""priceBreakdown"": {""basePrice"": 15588, ""gstAmount"": 1864, ""couponCode"": ""AMELEFANT2026"", ""finalPrice"": 12215, ""couponPercent"": 40, ""proRataCredit"": null, ""couponDiscount"": 6236, ""membershipFees"": 0, ""securityDeposit"": 0, ""damageWaiverFees"": 999}, ""isRecurringInit"": false, ""paymentProvider"": ""RAZOR_PAY"", ""userTrialApplied"": false, ""securityDepositData"": {""securityDepositApplied"": false}, ""isTrialPeriodExpired"": true, ""merchantTransactionId"": ""order_ThSwSfhUrxMIOe"", ""userDamageWaiverFeesApplied"": true}",,,,,,{},[],"{""couponId"": ""13fa1d1b-f4aa-405f-a06f-601f97f47738"", ""couponAppliedStatus"": ""PENDING"", ""isCouponAppliedOnSubscriptionRenew"": false}"
21e3c1f9-d91a-4967-b9ce-04054fb0979d,4c3773a8-0a8f-40eb-ab46-b7353c088765,,5997.0,2026-10-02T04:38:33Z,2027-01-02T04:38:33Z,0,order_TiuUcm8wVwVTCJ,03e58770-76d5-4434-9934-ea1d64e4096f,ACTIVE,,card,,"{""discount"": ""25%"", ""isNewPlan"": false, ""trialDays"": 30, ""toyProgram"": ""-"", ""planSavings"": 3597, ""planVersion"": ""v2"", ""trialAmount"": 99, ""trialApplied"": false, ""memberShipFees"": 0, ""bonusDeliveries"": 0, ""deliveryCharges"": 100, ""sameDayDelivery"": true, ""damageWaiverFees"": 999, ""maxBigToyAllowed"": 1, ""refundableDeposit"": 0, ""moneyBackGuarantee"": 30, ""effectiveCostPerMonth"": 1999, ""membershipFeesApplied"": false, ""securityDepositApplied"": false, ""totalKeepCountPerMonth"": 3, ""damageWaiverFeesApplied"": true, ""isUnlimitedFreeDelivery"": false, ""maxToyHoldingValueAllowed"": 35000, ""totalFreeDeliveryPerMonth"": 12, ""actualChargesForMemberShipFees"": 0, ""actualChargesForSecurityDeposit"": 0, ""actualChargesForDamageWaiverFees"": 999}",ONE_TIME,2026-10-02T04:37:04.478Z,2026-10-02T04:38:33.746Z,d9f45968-fdf9-45cb-a143-9bda0499e70b,"{""deviceType"": ""MOBILE"", ""gstApplied"": true, ""promoCodeId"": ""payment_provider_222024ad0be6b711af19f169bcb51d44"", ""paymentNotes"": {""userId"": ""4c3773a8-0a8f-40eb-ab46-b7353c088765"", ""subscriptionType"": ""ONE_TIME"", ""subscriptionPlanId"": ""03e58770-76d5-4434-9934-ea1d64e4096f""}, ""gstPercentage"": 18, ""membershipData"": {""amount"": 0, ""isMembershipFee"": true}, ""priceBreakdown"": {""basePrice"": 5997, ""gstAmount"": 1260, ""couponCode"": ""FUNDEAL"", ""finalPrice"": 5756, ""couponPercent"": null, ""proRataCredit"": null, ""couponDiscount"": 2500, ""membershipFees"": 0, ""securityDeposit"": 0, ""damageWaiverFees"": 999}, ""isRecurringInit"": false, ""paymentProvider"": ""RAZOR_PAY"", ""userTrialApplied"": false, ""securityDepositData"": {""securityDepositApplied"": false}, ""isTrialPeriodExpired"": true, ""merchantTransactionId"": ""order_TiuUcm8wVwVTCJ"", ""userDamageWaiverFeesApplied"": true}",,,,,,{},[],"{""couponId"": ""d9f45968-fdf9-45cb-a143-9bda0499e70b"", ""couponAppliedStatus"": ""PENDING"", ""isCouponAppliedOnSubscriptionRenew"": false}"
23ebe1c2-7994-48ad-9b59-892bbc790e48,5f0e370b-17a0-4f0b-8b8e-a061b6f76a15,,15588.0,2026-10-02T05:59:36Z,2027-10-02T05:59:36Z,0,order_Tivq2c7kTQ68a8,26a25589-5532-4f28-b820-1b6c7894c4fd,ACTIVE,,emi,,"{""discount"": ""25%"", ""isNewPlan"": false, ""trialDays"": 30, ""toyProgram"": ""-"", ""planSavings"": 3597, ""planVersion"": ""v2"", ""trialAmount"": 999, ""trialApplied"": false, ""memberShipFees"": 0, ""bonusDeliveries"": 0, ""deliveryCharges"": 100, ""sameDayDelivery"": true, ""damageWaiverFees"": 999, ""maxBigToyAllowed"": 1, ""refundableDeposit"": 0, ""moneyBackGuarantee"": 30, ""effectiveCostPerMonth"": 1299, ""membershipFeesApplied"": false, ""securityDepositApplied"": false, ""totalKeepCountPerMonth"": 3, ""damageWaiverFeesApplied"": true, ""isUnlimitedFreeDelivery"": true, ""maxToyHoldingValueAllowed"": 120000, ""totalFreeDeliveryPerMonth"": 0, ""actualChargesForMemberShipFees"": 0, ""actualChargesForSecurityDeposit"": 0, ""actualChargesForDamageWaiverFees"": 999}",ONE_TIME,2026-10-02T05:56:02.567Z,2026-10-02T05:59:39.373Z,01e44bd5-f585-4ce5-a6a7-a6dd40de2334,"{""deviceType"": ""MOBILE"", ""gstApplied"": true, ""promoCodeId"": ""payment_provider_ff77eacfd6873255307a24ce752aacdb"", ""paymentNotes"": {""userId"": ""5f0e370b-17a0-4f0b-8b8e-a061b6f76a15"", ""subscriptionType"": ""ONE_TIME"", ""subscriptionPlanId"": ""26a25589-5532-4f28-b820-1b6c7894c4fd""}, ""gstPercentage"": 18, ""membershipData"": {""amount"": 0, ""isMembershipFee"": true}, ""priceBreakdown"": {""basePrice"": 15588, ""gstAmount"": 2986, ""couponCode"": ""FLAT12K"", ""finalPrice"": 12000, ""couponPercent"": null, ""proRataCredit"": null, ""couponDiscount"": 7573, ""membershipFees"": 0, ""securityDeposit"": 0, ""damageWaiverFees"": 999}, ""isRecurringInit"": false, ""paymentProvider"": ""RAZOR_PAY"", ""userTrialApplied"": false, ""securityDepositData"": {""securityDepositApplied"": false}, ""isTrialPeriodExpired"": true, ""merchantTransactionId"": ""order_Tivq2c7kTQ68a8"", ""userDamageWaiverFeesApplied"": true}",,,,,,{},[],"{""couponId"": ""01e44bd5-f585-4ce5-a6a7-a6dd40de2334"", ""couponAppliedStatus"": ""PENDING"", ""isCouponAppliedOnSubscriptionRenew"": false}"
6039367e-980c-43d6-9ef9-37bf5ea41a4a,2c28ec87-3f5f-4beb-9be9-8d2cb2ad22e8,,15588.0,2026-10-02T07:57:54Z,2027-10-02T07:57:54Z,0,order_TixrN6iiMhF1cK,26a25589-5532-4f28-b820-1b6c7894c4fd,ACTIVE,,emi,,"{""discount"": ""25%"", ""isNewPlan"": false, ""trialDays"": 30, ""toyProgram"": ""-"", ""planSavings"": 3597, ""planVersion"": ""v2"", ""trialAmount"": 999, ""trialApplied"": false, ""memberShipFees"": 0, ""bonusDeliveries"": 0, ""deliveryCharges"": 100, ""sameDayDelivery"": true, ""damageWaiverFees"": 999, ""maxBigToyAllowed"": 1, ""refundableDeposit"": 0, ""moneyBackGuarantee"": 30, ""effectiveCostPerMonth"": 1299, ""membershipFeesApplied"": false, ""securityDepositApplied"": false, ""totalKeepCountPerMonth"": 3, ""damageWaiverFeesApplied"": true, ""isUnlimitedFreeDelivery"": true, ""maxToyHoldingValueAllowed"": 120000, ""totalFreeDeliveryPerMonth"": 0, ""actualChargesForMemberShipFees"": 0, ""actualChargesForSecurityDeposit"": 0, ""actualChargesForDamageWaiverFees"": 999}",ONE_TIME,2026-10-02T07:54:41.389Z,2026-10-02T07:57:55.263Z,01e44bd5-f585-4ce5-a6a7-a6dd40de2334,"{""deviceType"": ""MOBILE"", ""gstApplied"": true, ""promoCodeId"": ""payment_provider_ff77eacfd6873255307a24ce752aacdb"", ""paymentNotes"": {""userId"": ""2c28ec87-3f5f-4beb-9be9-8d2cb2ad22e8"", ""subscriptionType"": ""ONE_TIME"", ""subscriptionPlanId"": ""26a25589-5532-4f28-b820-1b6c7894c4fd""}, ""gstPercentage"": 18, ""membershipData"": {""amount"": 0, ""isMembershipFee"": true}, ""priceBreakdown"": {""basePrice"": 15588, ""gstAmount"": 2986, ""couponCode"": ""FLAT12K"", ""finalPrice"": 12000, ""couponPercent"": null, ""proRataCredit"": null, ""couponDiscount"": 7573, ""membershipFees"": 0, ""securityDeposit"": 0, ""damageWaiverFees"": 999}, ""isRecurringInit"": false, ""paymentProvider"": ""RAZOR_PAY"", ""userTrialApplied"": false, ""securityDepositData"": {""securityDepositApplied"": false}, ""isTrialPeriodExpired"": true, ""merchantTransactionId"": ""order_TixrN6iiMhF1cK"", ""userDamageWaiverFeesApplied"": true}",,,,,,{},[],"{""couponId"": ""01e44bd5-f585-4ce5-a6a7-a6dd40de2334"", ""couponAppliedStatus"": ""PENDING"", ""isCouponAppliedOnSubscriptionRenew"": false}"
b9d1848e-4780-4dfb-9ab1-ccf7e9734ad0,1feb3ac5-4ac1-46c7-90ae-63a011a68714,,15588.0,2026-10-02T07:42:20Z,2027-10-02T07:42:20Z,0,order_Thnx3PlS0gEWu4,26a25589-5532-4f28-b820-1b6c7894c4fd,ACTIVE,,upi,,"{""discount"": ""25%"", ""isNewPlan"": false, ""trialDays"": 30, ""toyProgram"": ""-"", ""planSavings"": 3597, ""planVersion"": ""v2"", ""trialAmount"": 999, ""trialApplied"": false, ""memberShipFees"": 0, ""bonusDeliveries"": 0, ""deliveryCharges"": 100, ""sameDayDelivery"": true, ""damageWaiverFees"": 999, ""maxBigToyAllowed"": 1, ""refundableDeposit"": 0, ""moneyBackGuarantee"": 30, ""effectiveCostPerMonth"": 1299, ""membershipFeesApplied"": false, ""planPriceDiscountAdmin"": -1199001, ""securityDepositApplied"": false, ""totalKeepCountPerMonth"": 3, ""damageWaiverFeesApplied"": true, ""isUnlimitedFreeDelivery"": true, ""maxToyHoldingValueAllowed"": 120000, ""totalFreeDeliveryPerMonth"": 0, ""actualChargesForMemberShipFees"": 0, ""actualChargesForSecurityDeposit"": 0, ""actualChargesForDamageWaiverFees"": 999}",ONE_TIME,2026-09-29T09:35:12.49Z,2026-10-02T07:42:20.942Z,,"{""amount"": 1200000, ""deviceType"": ""MOBILE"", ""gstApplied"": true, ""paymentNotes"": {""userId"": ""1feb3ac5-4ac1-46c7-90ae-63a011a68714"", ""paymentLinkId"": ""e05c09f4-c3d4-46d7-8300-57430bc33297"", ""subscriptionPlanId"": ""26a25589-5532-4f28-b820-1b6c7894c4fd""}, ""gstPercentage"": 18, ""paymentLinkId"": ""e05c09f4-c3d4-46d7-8300-57430bc33297"", ""membershipData"": {""amount"": 0, ""isMembershipFee"": false}, ""isRecurringInit"": false, ""paymentProvider"": ""RAZOR_PAY"", ""userTrialApplied"": false, ""securityDepositData"": {""amount"": 0, ""securityDepositApplied"": false}, ""isTrialPeriodExpired"": true, ""merchantTransactionId"": ""order_Thnx3PlS0gEWu4"", ""userDamageWaiverFeesApplied"": true}",,,,,,{},[],{}
a1414434-4ea6-42e7-acbf-344abdc73b9f,b937d5d5-cfd1-4058-94a7-a885d6941c3a,,15588.0,2026-10-02T06:04:23Z,2027-10-02T06:04:23Z,0,order_TivwoGPBf4Dozj,26a25589-5532-4f28-b820-1b6c7894c4fd,ACTIVE,,cardless_emi,,"{""discount"": ""25%"", ""isNewPlan"": false, ""trialDays"": 30, ""toyProgram"": ""-"", ""planSavings"": 3597, ""planVersion"": ""v2"", ""trialAmount"": 999, ""trialApplied"": false, ""memberShipFees"": 0, ""bonusDeliveries"": 0, ""deliveryCharges"": 100, ""sameDayDelivery"": true, ""damageWaiverFees"": 999, ""maxBigToyAllowed"": 1, ""refundableDeposit"": 0, ""moneyBackGuarantee"": 30, ""effectiveCostPerMonth"": 1299, ""membershipFeesApplied"": false, ""securityDepositApplied"": false, ""totalKeepCountPerMonth"": 3, ""damageWaiverFeesApplied"": true, ""isUnlimitedFreeDelivery"": true, ""maxToyHoldingValueAllowed"": 120000, ""totalFreeDeliveryPerMonth"": 0, ""actualChargesForMemberShipFees"": 0, ""actualChargesForSecurityDeposit"": 0, ""actualChargesForDamageWaiverFees"": 999}",ONE_TIME,2026-10-02T06:02:27.027Z,2026-10-02T06:04:23.258Z,01e44bd5-f585-4ce5-a6a7-a6dd40de2334,"{""deviceType"": ""MOBILE"", ""gstApplied"": true, ""promoCodeId"": ""payment_provider_ff77eacfd6873255307a24ce752aacdb"", ""paymentNotes"": {""userId"": ""b937d5d5-cfd1-4058-94a7-a885d6941c3a"", ""subscriptionType"": ""ONE_TIME"", ""subscriptionPlanId"": ""26a25589-5532-4f28-b820-1b6c7894c4fd""}, ""gstPercentage"": 18, ""membershipData"": {""amount"": 0, ""isMembershipFee"": true}, ""priceBreakdown"": {""basePrice"": 15588, ""gstAmount"": 2986, ""couponCode"": ""FLAT12K"", ""finalPrice"": 12000, ""couponPercent"": null, ""proRataCredit"": null, ""couponDiscount"": 7573, ""membershipFees"": 0, ""securityDeposit"": 0, ""damageWaiverFees"": 999}, ""isRecurringInit"": false, ""paymentProvider"": ""RAZOR_PAY"", ""userTrialApplied"": false, ""securityDepositData"": {""securityDepositApplied"": false}, ""isTrialPeriodExpired"": true, ""merchantTransactionId"": ""order_TivwoGPBf4Dozj"", ""userDamageWaiverFeesApplied"": true}",,,,,,{},[],"{""couponId"": ""01e44bd5-f585-4ce5-a6a7-a6dd40de2334"", ""couponAppliedStatus"": ""PENDING"", ""isCouponAppliedOnSubscriptionRenew"": false}"
59c6f117-45df-49c5-a67d-f83275e42261,2ec8f28b-e4e7-4dc9-a13a-21970e88d693,,15588.0,2026-10-02T06:36:55Z,2027-10-02T06:36:55Z,0,order_TiBFJcN6a60HUX,26a25589-5532-4f28-b820-1b6c7894c4fd,ACTIVE,,upi,,"{""discount"": ""25%"", ""isNewPlan"": false, ""trialDays"": 30, ""toyProgram"": ""-"", ""planSavings"": 3597, ""planVersion"": ""v2"", ""trialAmount"": 999, ""trialApplied"": false, ""memberShipFees"": 0, ""bonusDeliveries"": 0, ""deliveryCharges"": 100, ""sameDayDelivery"": true, ""damageWaiverFees"": 999, ""maxBigToyAllowed"": 1, ""refundableDeposit"": 0, ""moneyBackGuarantee"": 30, ""effectiveCostPerMonth"": 1299, ""membershipFeesApplied"": false, ""securityDepositApplied"": false, ""totalKeepCountPerMonth"": 3, ""damageWaiverFeesApplied"": true, ""isUnlimitedFreeDelivery"": true, ""maxToyHoldingValueAllowed"": 120000, ""totalFreeDeliveryPerMonth"": 0, ""actualChargesForMemberShipFees"": 0, ""actualChargesForSecurityDeposit"": 0, ""actualChargesForDamageWaiverFees"": 999}",ONE_TIME,2026-09-30T08:21:22.265Z,2026-10-02T06:36:55.891Z,38f3f6a6-5690-485c-8c19-9677c33eab30,"{""deviceType"": ""MOBILE"", ""gstApplied"": true, ""promoCodeId"": ""payment_provider_43e991b7fdf15ab260be27bf4db8af83"", ""paymentNotes"": {""userId"": ""2ec8f28b-e4e7-4dc9-a13a-21970e88d693"", ""subscriptionType"": ""ONE_TIME"", ""subscriptionPlanId"": ""26a25589-5532-4f28-b820-1b6c7894c4fd""}, ""gstPercentage"": 18, ""membershipData"": {""amount"": 0, ""isMembershipFee"": true}, ""priceBreakdown"": {""basePrice"": 15588, ""gstAmount"": 1864, ""couponCode"": ""CPELEFANT2026"", ""finalPrice"": 12215, ""couponPercent"": 40, ""proRataCredit"": null, ""couponDiscount"": 6236, ""membershipFees"": 0, ""securityDeposit"": 0, ""damageWaiverFees"": 999}, ""isRecurringInit"": false, ""paymentProvider"": ""RAZOR_PAY"", ""userTrialApplied"": false, ""securityDepositData"": {""securityDepositApplied"": false}, ""isTrialPeriodExpired"": true, ""merchantTransactionId"": ""order_TiBFJcN6a60HUX"", ""userDamageWaiverFeesApplied"": true}",,,,,,{},[],"{""couponId"": ""38f3f6a6-5690-485c-8c19-9677c33eab30"", ""couponAppliedStatus"": ""PENDING"", ""isCouponAppliedOnSubscriptionRenew"": false}"
5afef236-2be9-4722-9382-54ed3337440b,25942968-02b7-4f79-bd2e-06170b4e7a20,,15588.0,2026-10-02T07:08:05Z,2027-10-02T07:08:05Z,0,order_TiLIg1EwtsVwnO,26a25589-5532-4f28-b820-1b6c7894c4fd,ACTIVE,,emi,,"{""discount"": ""25%"", ""isNewPlan"": false, ""trialDays"": 30, ""toyProgram"": ""-"", ""planSavings"": 3597, ""planVersion"": ""v2"", ""trialAmount"": 999, ""trialApplied"": false, ""memberShipFees"": 0, ""bonusDeliveries"": 0, ""deliveryCharges"": 100, ""sameDayDelivery"": true, ""damageWaiverFees"": 999, ""maxBigToyAllowed"": 1, ""refundableDeposit"": 0, ""moneyBackGuarantee"": 30, ""effectiveCostPerMonth"": 1299, ""membershipFeesApplied"": false, ""securityDepositApplied"": false, ""totalKeepCountPerMonth"": 3, ""damageWaiverFeesApplied"": true, ""isUnlimitedFreeDelivery"": true, ""maxToyHoldingValueAllowed"": 120000, ""totalFreeDeliveryPerMonth"": 0, ""actualChargesForMemberShipFees"": 0, ""actualChargesForSecurityDeposit"": 0, ""actualChargesForDamageWaiverFees"": 999}",ONE_TIME,2026-09-30T18:11:29.335Z,2026-10-02T07:08:05.609Z,a1195a23-b2a0-4864-81b0-f2062f1e7f90,"{""deviceType"": ""MOBILE"", ""gstApplied"": true, ""promoCodeId"": ""payment_provider_2e80c5ed5f2b9e53d37d00e6d6fa7334"", ""paymentNotes"": {""userId"": ""25942968-02b7-4f79-bd2e-06170b4e7a20"", ""subscriptionType"": ""ONE_TIME"", ""subscriptionPlanId"": ""26a25589-5532-4f28-b820-1b6c7894c4fd""}, ""gstPercentage"": 18, ""membershipData"": {""amount"": 0, ""isMembershipFee"": true}, ""priceBreakdown"": {""basePrice"": 15588, ""gstAmount"": 1864, ""couponCode"": ""TOYJOY40"", ""finalPrice"": 12215, ""couponPercent"": 40, ""proRataCredit"": null, ""couponDiscount"": 6236, ""membershipFees"": 0, ""securityDeposit"": 0, ""damageWaiverFees"": 999}, ""isRecurringInit"": false, ""paymentProvider"": ""RAZOR_PAY"", ""userTrialApplied"": false, ""securityDepositData"": {""securityDepositApplied"": false}, ""isTrialPeriodExpired"": true, ""merchantTransactionId"": ""order_TiLIg1EwtsVwnO"", ""userDamageWaiverFeesApplied"": true}",,,,,,{},[],"{""couponId"": ""a1195a23-b2a0-4864-81b0-f2062f1e7f90"", ""couponAppliedStatus"": ""PENDING"", ""isCouponAppliedOnSubscriptionRenew"": false}"
304ecce1-7e47-4e9f-b57a-018e91c5abc4,4a93daca-a386-43fa-a174-dc4d74284c0e,,5997.0,2026-10-02T07:11:49Z,2027-01-02T07:11:49Z,0,order_ThkRntFOxhhtx7,03e58770-76d5-4434-9934-ea1d64e4096f,ACTIVE,,upi,,"{""discount"": ""25%"", ""isNewPlan"": false, ""trialDays"": 30, ""toyProgram"": ""-"", ""planSavings"": 3597, ""planVersion"": ""v2"", ""trialAmount"": 99, ""trialApplied"": false, ""memberShipFees"": 0, ""bonusDeliveries"": 0, ""deliveryCharges"": 100, ""sameDayDelivery"": true, ""damageWaiverFees"": 999, ""maxBigToyAllowed"": 1, ""refundableDeposit"": 0, ""moneyBackGuarantee"": 30, ""effectiveCostPerMonth"": 1999, ""membershipFeesApplied"": false, ""securityDepositApplied"": false, ""totalKeepCountPerMonth"": 3, ""damageWaiverFeesApplied"": true, ""isUnlimitedFreeDelivery"": false, ""maxToyHoldingValueAllowed"": 35000, ""totalFreeDeliveryPerMonth"": 12, ""actualChargesForMemberShipFees"": 0, ""actualChargesForSecurityDeposit"": 0, ""actualChargesForDamageWaiverFees"": 999}",ONE_TIME,2026-09-29T06:08:28.019Z,2026-10-02T07:11:49.316Z,d9f45968-fdf9-45cb-a143-9bda0499e70b,"{""deviceType"": ""MOBILE"", ""gstApplied"": true, ""promoCodeId"": ""payment_provider_222024ad0be6b711af19f169bcb51d44"", ""paymentNotes"": {""userId"": ""4a93daca-a386-43fa-a174-dc4d74284c0e"", ""subscriptionType"": ""ONE_TIME"", ""subscriptionPlanId"": ""03e58770-76d5-4434-9934-ea1d64e4096f""}, ""gstPercentage"": 18, ""membershipData"": {""amount"": 0, ""isMembershipFee"": true}, ""priceBreakdown"": {""basePrice"": 5997, ""gstAmount"": 1260, ""couponCode"": ""FUNDEAL"", ""finalPrice"": 5756, ""couponPercent"": null, ""proRataCredit"": null, ""couponDiscount"": 2500, ""membershipFees"": 0, ""securityDeposit"": 0, ""damageWaiverFees"": 999}, ""isRecurringInit"": false, ""paymentProvider"": ""RAZOR_PAY"", ""userTrialApplied"": false, ""securityDepositData"": {""securityDepositApplied"": false}, ""isTrialPeriodExpired"": true, ""merchantTransactionId"": ""order_ThkRntFOxhhtx7"", ""userDamageWaiverFeesApplied"": true}",,,,,,{},[],"{""couponId"": ""d9f45968-fdf9-45cb-a143-9bda0499e70b"", ""couponAppliedStatus"": ""PENDING"", ""isCouponAppliedOnSubscriptionRenew"": false}"
3fde65c5-4754-4173-80dd-8e284efca2b8,430b340d-6f56-4bd8-be05-8cef8e5a1bc3,,5997.0,2026-10-02T07:13:32Z,2027-01-02T07:13:32Z,0,order_Tix9Wc4C2P4NFu,03e58770-76d5-4434-9934-ea1d64e4096f,ACTIVE,,upi,,"{""discount"": ""25%"", ""isNewPlan"": false, ""trialDays"": 30, ""toyProgram"": ""-"", ""planSavings"": 3597, ""planVersion"": ""v2"", ""trialAmount"": 99, ""trialApplied"": false, ""memberShipFees"": 0, ""bonusDeliveries"": 0, ""deliveryCharges"": 100, ""sameDayDelivery"": true, ""damageWaiverFees"": 999, ""maxBigToyAllowed"": 1, ""refundableDeposit"": 0, ""moneyBackGuarantee"": 30, ""effectiveCostPerMonth"": 1999, ""membershipFeesApplied"": false, ""securityDepositApplied"": false, ""totalKeepCountPerMonth"": 3, ""damageWaiverFeesApplied"": true, ""isUnlimitedFreeDelivery"": false, ""maxToyHoldingValueAllowed"": 35000, ""totalFreeDeliveryPerMonth"": 12, ""actualChargesForMemberShipFees"": 0, ""actualChargesForSecurityDeposit"": 0, ""actualChargesForDamageWaiverFees"": 999}",ONE_TIME,2026-10-02T07:13:10.865Z,2026-10-02T07:13:32.865Z,d9f45968-fdf9-45cb-a143-9bda0499e70b,"{""deviceType"": ""MOBILE"", ""gstApplied"": true, ""promoCodeId"": ""payment_provider_222024ad0be6b711af19f169bcb51d44"", ""paymentNotes"": {""userId"": ""430b340d-6f56-4bd8-be05-8cef8e5a1bc3"", ""subscriptionType"": ""ONE_TIME"", ""subscriptionPlanId"": ""03e58770-76d5-4434-9934-ea1d64e4096f""}, ""gstPercentage"": 18, ""membershipData"": {""amount"": 0, ""isMembershipFee"": true}, ""priceBreakdown"": {""basePrice"": 5997, ""gstAmount"": 1260, ""couponCode"": ""FUNDEAL"", ""finalPrice"": 5756, ""couponPercent"": null, ""proRataCredit"": null, ""couponDiscount"": 2500, ""membershipFees"": 0, ""securityDeposit"": 0, ""damageWaiverFees"": 999}, ""isRecurringInit"": false, ""paymentProvider"": ""RAZOR_PAY"", ""userTrialApplied"": false, ""securityDepositData"": {""securityDepositApplied"": false}, ""isTrialPeriodExpired"": true, ""merchantTransactionId"": ""order_Tix9Wc4C2P4NFu"", ""userDamageWaiverFeesApplied"": true}",,,,,,{},[],"{""couponId"": ""d9f45968-fdf9-45cb-a143-9bda0499e70b"", ""couponAppliedStatus"": ""PENDING"", ""isCouponAppliedOnSubscriptionRenew"": false}"
a3d57b01-7f9d-4c1e-9224-108128557f70,c009d142-7013-4c59-a955-f1cd86f59609,,5997.0,2026-10-02T07:13:58Z,2027-01-02T07:13:58Z,0,order_Tix7gnBx5wkfCE,03e58770-76d5-4434-9934-ea1d64e4096f,ACTIVE,,upi,,"{""discount"": ""25%"", ""isNewPlan"": false, ""trialDays"": 30, ""toyProgram"": ""-"", ""planSavings"": 3597, ""planVersion"": ""v2"", ""trialAmount"": 99, ""trialApplied"": false, ""memberShipFees"": 0, ""bonusDeliveries"": 0, ""deliveryCharges"": 100, ""sameDayDelivery"": true, ""damageWaiverFees"": 999, ""maxBigToyAllowed"": 1, ""refundableDeposit"": 0, ""moneyBackGuarantee"": 30, ""effectiveCostPerMonth"": 1999, ""membershipFeesApplied"": false, ""securityDepositApplied"": false, ""totalKeepCountPerMonth"": 3, ""damageWaiverFeesApplied"": true, ""isUnlimitedFreeDelivery"": false, ""maxToyHoldingValueAllowed"": 35000, ""totalFreeDeliveryPerMonth"": 12, ""actualChargesForMemberShipFees"": 0, ""actualChargesForSecurityDeposit"": 0, ""actualChargesForDamageWaiverFees"": 999}",ONE_TIME,2026-10-02T07:11:26.627Z,2026-10-02T07:13:59.819Z,d9f45968-fdf9-45cb-a143-9bda0499e70b,"{""deviceType"": ""MOBILE"", ""gstApplied"": true, ""promoCodeId"": ""payment_provider_222024ad0be6b711af19f169bcb51d44"", ""paymentNotes"": {""userId"": ""c009d142-7013-4c59-a955-f1cd86f59609"", ""subscriptionType"": ""ONE_TIME"", ""subscriptionPlanId"": ""03e58770-76d5-4434-9934-ea1d64e4096f""}, ""gstPercentage"": 18, ""membershipData"": {""amount"": 0, ""isMembershipFee"": true}, ""priceBreakdown"": {""basePrice"": 5997, ""gstAmount"": 1260, ""couponCode"": ""FUNDEAL"", ""finalPrice"": 5756, ""couponPercent"": null, ""proRataCredit"": null, ""couponDiscount"": 2500, ""membershipFees"": 0, ""securityDeposit"": 0, ""damageWaiverFees"": 999}, ""isRecurringInit"": false, ""paymentProvider"": ""RAZOR_PAY"", ""userTrialApplied"": false, ""securityDepositData"": {""securityDepositApplied"": false}, ""isTrialPeriodExpired"": true, ""merchantTransactionId"": ""order_Tix7gnBx5wkfCE"", ""userDamageWaiverFeesApplied"": true}",,,,,,{},[],"{""couponId"": ""d9f45968-fdf9-45cb-a143-9bda0499e70b"", ""couponAppliedStatus"": ""PENDING"", ""isCouponAppliedOnSubscriptionRenew"": false}"
a13bda8f-2544-484b-b41a-4859aa0a3d87,dc4282f8-860c-44aa-af7e-853d8b8d1be2,,15588.0,2026-10-02T07:34:17Z,2027-10-02T07:34:17Z,0,order_TixRtNWP1IY1f4,26a25589-5532-4f28-b820-1b6c7894c4fd,ACTIVE,,cardless_emi,,"{""discount"": ""25%"", ""isNewPlan"": false, ""trialDays"": 30, ""toyProgram"": ""-"", ""planSavings"": 3597, ""planVersion"": ""v2"", ""trialAmount"": 999, ""trialApplied"": false, ""memberShipFees"": 0, ""bonusDeliveries"": 0, ""deliveryCharges"": 100, ""sameDayDelivery"": true, ""damageWaiverFees"": 999, ""maxBigToyAllowed"": 1, ""refundableDeposit"": 0, ""moneyBackGuarantee"": 30, ""effectiveCostPerMonth"": 1299, ""membershipFeesApplied"": false, ""securityDepositApplied"": false, ""totalKeepCountPerMonth"": 3, ""damageWaiverFeesApplied"": true, ""isUnlimitedFreeDelivery"": true, ""maxToyHoldingValueAllowed"": 120000, ""totalFreeDeliveryPerMonth"": 0, ""actualChargesForMemberShipFees"": 0, ""actualChargesForSecurityDeposit"": 0, ""actualChargesForDamageWaiverFees"": 999}",ONE_TIME,2026-10-02T07:30:34.139Z,2026-10-02T07:34:18.023Z,01e44bd5-f585-4ce5-a6a7-a6dd40de2334,"{""deviceType"": ""MOBILE"", ""gstApplied"": true, ""promoCodeId"": ""payment_provider_ff77eacfd6873255307a24ce752aacdb"", ""paymentNotes"": {""userId"": ""dc4282f8-860c-44aa-af7e-853d8b8d1be2"", ""subscriptionType"": ""ONE_TIME"", ""subscriptionPlanId"": ""26a25589-5532-4f28-b820-1b6c7894c4fd""}, ""gstPercentage"": 18, ""membershipData"": {""amount"": 0, ""isMembershipFee"": true}, ""priceBreakdown"": {""basePrice"": 15588, ""gstAmount"": 2986, ""couponCode"": ""FLAT12K"", ""finalPrice"": 12000, ""couponPercent"": null, ""proRataCredit"": null, ""couponDiscount"": 7573, ""membershipFees"": 0, ""securityDeposit"": 0, ""damageWaiverFees"": 999}, ""isRecurringInit"": false, ""paymentProvider"": ""RAZOR_PAY"", ""userTrialApplied"": false, ""securityDepositData"": {""securityDepositApplied"": false}, ""isTrialPeriodExpired"": true, ""merchantTransactionId"": ""order_TixRtNWP1IY1f4"", ""userDamageWaiverFeesApplied"": true}",,,,,,{},[],"{""couponId"": ""01e44bd5-f585-4ce5-a6a7-a6dd40de2334"", ""couponAppliedStatus"": ""PENDING"", ""isCouponAppliedOnSubscriptionRenew"": false}"
49ed1bf9-0ad9-40b1-b46f-74e58f5c656f,73b62ab2-0246-407a-9669-ec345967be1d,,15588.0,2026-10-02T07:36:34Z,2027-10-02T07:36:34Z,0,order_TixU3BZj7qSUrI,26a25589-5532-4f28-b820-1b6c7894c4fd,ACTIVE,,emi,,"{""discount"": ""25%"", ""isNewPlan"": false, ""trialDays"": 30, ""toyProgram"": ""-"", ""planSavings"": 3597, ""planVersion"": ""v2"", ""trialAmount"": 999, ""trialApplied"": false, ""memberShipFees"": 0, ""bonusDeliveries"": 0, ""deliveryCharges"": 100, ""sameDayDelivery"": true, ""damageWaiverFees"": 999, ""maxBigToyAllowed"": 1, ""refundableDeposit"": 0, ""moneyBackGuarantee"": 30, ""effectiveCostPerMonth"": 1299, ""membershipFeesApplied"": false, ""securityDepositApplied"": false, ""totalKeepCountPerMonth"": 3, ""damageWaiverFeesApplied"": true, ""isUnlimitedFreeDelivery"": true, ""maxToyHoldingValueAllowed"": 120000, ""totalFreeDeliveryPerMonth"": 0, ""actualChargesForMemberShipFees"": 0, ""actualChargesForSecurityDeposit"": 0, ""actualChargesForDamageWaiverFees"": 999}",ONE_TIME,2026-10-02T07:32:36.762Z,2026-10-02T07:36:34.511Z,01e44bd5-f585-4ce5-a6a7-a6dd40de2334,"{""deviceType"": ""MOBILE"", ""gstApplied"": true, ""promoCodeId"": ""payment_provider_ff77eacfd6873255307a24ce752aacdb"", ""paymentNotes"": {""userId"": ""73b62ab2-0246-407a-9669-ec345967be1d"", ""subscriptionType"": ""ONE_TIME"", ""subscriptionPlanId"": ""26a25589-5532-4f28-b820-1b6c7894c4fd""}, ""gstPercentage"": 18, ""membershipData"": {""amount"": 0, ""isMembershipFee"": true}, ""priceBreakdown"": {""basePrice"": 15588, ""gstAmount"": 2986, ""couponCode"": ""FLAT12K"", ""finalPrice"": 12000, ""couponPercent"": null, ""proRataCredit"": null, ""couponDiscount"": 7573, ""membershipFees"": 0, ""securityDeposit"": 0, ""damageWaiverFees"": 999}, ""isRecurringInit"": false, ""paymentProvider"": ""RAZOR_PAY"", ""userTrialApplied"": false, ""securityDepositData"": {""securityDepositApplied"": false}, ""isTrialPeriodExpired"": true, ""merchantTransactionId"": ""order_TixU3BZj7qSUrI"", ""userDamageWaiverFeesApplied"": true}",,,,,,{},[],"{""couponId"": ""01e44bd5-f585-4ce5-a6a7-a6dd40de2334"", ""couponAppliedStatus"": ""PENDING"", ""isCouponAppliedOnSubscriptionRenew"": false}"
bd5ceeb0-438c-4fb7-ab0b-372a12bd81cc,f3f6f990-ab18-491f-a79b-a25f87b04a17,,15588.0,2026-10-02T08:22:07Z,2027-10-02T08:22:07Z,0,order_ThtWzrP2LrHtUE,26a25589-5532-4f28-b820-1b6c7894c4fd,ACTIVE,,card,,"{""discount"": ""25%"", ""isNewPlan"": false, ""trialDays"": 30, ""toyProgram"": ""-"", ""planSavings"": 3597, ""planVersion"": ""v2"", ""trialAmount"": 999, ""trialApplied"": false, ""memberShipFees"": 0, ""bonusDeliveries"": 0, ""deliveryCharges"": 100, ""sameDayDelivery"": true, ""damageWaiverFees"": 999, ""maxBigToyAllowed"": 1, ""refundableDeposit"": 0, ""moneyBackGuarantee"": 30, ""effectiveCostPerMonth"": 1299, ""membershipFeesApplied"": false, ""securityDepositApplied"": false, ""totalKeepCountPerMonth"": 3, ""damageWaiverFeesApplied"": true, ""isUnlimitedFreeDelivery"": true, ""maxToyHoldingValueAllowed"": 120000, ""totalFreeDeliveryPerMonth"": 0, ""actualChargesForMemberShipFees"": 0, ""actualChargesForSecurityDeposit"": 0, ""actualChargesForDamageWaiverFees"": 999}",ONE_TIME,2026-09-29T15:01:37.511Z,2026-10-02T08:22:07.064Z,01e44bd5-f585-4ce5-a6a7-a6dd40de2334,"{""deviceType"": ""MOBILE"", ""gstApplied"": true, ""promoCodeId"": ""payment_provider_ff77eacfd6873255307a24ce752aacdb"", ""paymentNotes"": {""userId"": ""f3f6f990-ab18-491f-a79b-a25f87b04a17"", ""subscriptionType"": ""ONE_TIME"", ""subscriptionPlanId"": ""26a25589-5532-4f28-b820-1b6c7894c4fd""}, ""gstPercentage"": 18, ""membershipData"": {""amount"": 0, ""isMembershipFee"": true}, ""priceBreakdown"": {""basePrice"": 15588, ""gstAmount"": 2986, ""couponCode"": ""FLAT12K"", ""finalPrice"": 12000, ""couponPercent"": null, ""proRataCredit"": null, ""couponDiscount"": 7573, ""membershipFees"": 0, ""securityDeposit"": 0, ""damageWaiverFees"": 999}, ""isRecurringInit"": false, ""paymentProvider"": ""RAZOR_PAY"", ""userTrialApplied"": false, ""securityDepositData"": {""securityDepositApplied"": false}, ""isTrialPeriodExpired"": true, ""merchantTransactionId"": ""order_ThtWzrP2LrHtUE"", ""userDamageWaiverFeesApplied"": true}",,,,,,{},[],"{""couponId"": ""01e44bd5-f585-4ce5-a6a7-a6dd40de2334"", ""couponAppliedStatus"": ""PENDING"", ""isCouponAppliedOnSubscriptionRenew"": false}"
919c5f9f-080f-4319-935e-8dc6e725a9d4,0401193b-1bbd-4d5e-bba9-c824d9f37058,,15588.0,2026-10-02T08:39:27Z,2027-10-02T08:39:27Z,0,order_TiyWoI4OV249oQ,26a25589-5532-4f28-b820-1b6c7894c4fd,ACTIVE,,card,,"{""discount"": ""25%"", ""isNewPlan"": false, ""trialDays"": 30, ""toyProgram"": ""-"", ""planSavings"": 3597, ""planVersion"": ""v2"", ""trialAmount"": 999, ""trialApplied"": false, ""memberShipFees"": 0, ""bonusDeliveries"": 0, ""deliveryCharges"": 100, ""sameDayDelivery"": true, ""damageWaiverFees"": 999, ""maxBigToyAllowed"": 1, ""refundableDeposit"": 0, ""moneyBackGuarantee"": 30, ""effectiveCostPerMonth"": 1299, ""membershipFeesApplied"": false, ""securityDepositApplied"": false, ""totalKeepCountPerMonth"": 3, ""damageWaiverFeesApplied"": true, ""isUnlimitedFreeDelivery"": true, ""maxToyHoldingValueAllowed"": 120000, ""totalFreeDeliveryPerMonth"": 0, ""actualChargesForMemberShipFees"": 0, ""actualChargesForSecurityDeposit"": 0, ""actualChargesForDamageWaiverFees"": 999}",ONE_TIME,2026-10-02T08:33:55.139Z,2026-10-02T08:39:27.918Z,4f267a61-b236-4cae-9056-84c7761efeb6,"{""deviceType"": ""MOBILE"", ""gstApplied"": true, ""promoCodeId"": ""payment_provider_03519e3c3491068f82b440bd564c6d42"", ""paymentNotes"": {""userId"": ""0401193b-1bbd-4d5e-bba9-c824d9f37058"", ""subscriptionType"": ""ONE_TIME"", ""subscriptionPlanId"": ""26a25589-5532-4f28-b820-1b6c7894c4fd""}, ""gstPercentage"": 18, ""membershipData"": {""amount"": 0, ""isMembershipFee"": true}, ""priceBreakdown"": {""basePrice"": 15588, ""gstAmount"": 2986, ""couponCode"": ""TOYJOY"", ""finalPrice"": 13573, ""couponPercent"": null, ""proRataCredit"": null, ""couponDiscount"": 6000, ""membershipFees"": 0, ""securityDeposit"": 0, ""damageWaiverFees"": 999}, ""isRecurringInit"": false, ""paymentProvider"": ""RAZOR_PAY"", ""userTrialApplied"": false, ""securityDepositData"": {""securityDepositApplied"": false}, ""isTrialPeriodExpired"": true, ""merchantTransactionId"": ""order_TiyWoI4OV249oQ"", ""userDamageWaiverFeesApplied"": true}",,,,,,{},[],"{""couponId"": ""4f267a61-b236-4cae-9056-84c7761efeb6"", ""couponAppliedStatus"": ""PENDING"", ""isCouponAppliedOnSubscriptionRenew"": false}"
2525589d-fbc2-4efe-a3a8-327db3407455,6d33be41-6e5f-4cd5-8636-e1b2ff1512b6,pay_ThTPmmuUn3p2cy,15588.0,2026-10-02T09:16:22Z,2027-10-02T09:16:22Z,0,assigned_6dc47eb562c2f82626ec9d9cbf2b9710,26a25589-5532-4f28-b820-1b6c7894c4fd,ACTIVE,,card,,"{""discount"": ""25%"", ""isNewPlan"": false, ""pricePaid"": 11000, ""trialDays"": 30, ""toyProgram"": ""-"", ""planSavings"": 3597, ""planVersion"": ""v2"", ""trialAmount"": 999, ""trialApplied"": false, ""memberShipFees"": 0, ""bonusDeliveries"": 0, ""deliveryCharges"": 100, ""sameDayDelivery"": true, ""damageWaiverFees"": 999, ""maxBigToyAllowed"": 1, ""refundableDeposit"": 0, ""memberShipFeesPaid"": 0, ""moneyBackGuarantee"": 30, ""effectiveCostPerMonth"": 1299, ""membershipFeesApplied"": false, ""refundableDepositPaid"": 0, ""planPriceDiscountAdmin"": 0, ""securityDepositApplied"": false, ""totalKeepCountPerMonth"": 3, ""damageWaiverFeesApplied"": true, ""isUnlimitedFreeDelivery"": true, ""membershipDiscountAdmin"": 0, ""maxToyHoldingValueAllowed"": 120000, ""totalFreeDeliveryPerMonth"": 0, ""actualChargesForMemberShipFees"": 0, ""refundableDepositDiscountAdmin"": 0, ""actualChargesForSecurityDeposit"": 0, ""actualChargesForDamageWaiverFees"": 999}",ASSIGNED,2026-09-28T15:02:52.119Z,2026-10-02T09:16:22.486Z,,"{""note"": ""Assigned from Google Sheet"", ""amount"": 0, ""gstApplied"": true, ""paymentDate"": ""2026-09-28T20:32:52+05:30"", ""gstPercentage"": 18, ""membershipData"": {""amount"": 0, ""isMembershipFee"": true}, ""priceBreakdown"": {""basePrice"": 15588, ""gstAmount"": 2986, ""couponCode"": null, ""finalPrice"": 19573, ""couponPercent"": null, ""proRataCredit"": 0, ""couponDiscount"": 0, ""membershipFees"": 0, ""securityDeposit"": 0, ""damageWaiverFees"": 999}, ""userTrialApplied"": false, ""isTrialPeriodExpired"": true, ""userDamageWaiverFeesApplied"": true}",,,,,,{},[],{}
d001c766-3a15-4d7e-8060-db7ced33ab47,92960c85-ee15-48ed-a3f2-a0467871f59d,,15588.0,2026-10-02T09:28:29Z,2027-10-02T09:28:29Z,0,order_ThnfUVWnzv1bu1,26a25589-5532-4f28-b820-1b6c7894c4fd,ACTIVE,,emi,,"{""discount"": ""25%"", ""isNewPlan"": false, ""trialDays"": 30, ""toyProgram"": ""-"", ""planSavings"": 3597, ""planVersion"": ""v2"", ""trialAmount"": 999, ""trialApplied"": false, ""memberShipFees"": 0, ""bonusDeliveries"": 0, ""deliveryCharges"": 100, ""sameDayDelivery"": true, ""damageWaiverFees"": 999, ""maxBigToyAllowed"": 1, ""refundableDeposit"": 0, ""moneyBackGuarantee"": 30, ""effectiveCostPerMonth"": 1299, ""membershipFeesApplied"": false, ""securityDepositApplied"": false, ""totalKeepCountPerMonth"": 3, ""damageWaiverFeesApplied"": true, ""isUnlimitedFreeDelivery"": true, ""maxToyHoldingValueAllowed"": 120000, ""totalFreeDeliveryPerMonth"": 0, ""actualChargesForMemberShipFees"": 0, ""actualChargesForSecurityDeposit"": 0, ""actualChargesForDamageWaiverFees"": 999}",ONE_TIME,2026-09-29T09:17:30.303Z,2026-10-02T09:28:29.691Z,01e44bd5-f585-4ce5-a6a7-a6dd40de2334,"{""deviceType"": ""MOBILE"", ""gstApplied"": true, ""promoCodeId"": ""payment_provider_ff77eacfd6873255307a24ce752aacdb"", ""paymentNotes"": {""userId"": ""92960c85-ee15-48ed-a3f2-a0467871f59d"", ""subscriptionType"": ""ONE_TIME"", ""subscriptionPlanId"": ""26a25589-5532-4f28-b820-1b6c7894c4fd""}, ""gstPercentage"": 18, ""membershipData"": {""amount"": 0, ""isMembershipFee"": true}, ""priceBreakdown"": {""basePrice"": 15588, ""gstAmount"": 2986, ""couponCode"": ""FLAT12K"", ""finalPrice"": 12000, ""couponPercent"": null, ""proRataCredit"": null, ""couponDiscount"": 7573, ""membershipFees"": 0, ""securityDeposit"": 0, ""damageWaiverFees"": 999}, ""isRecurringInit"": false, ""paymentProvider"": ""RAZOR_PAY"", ""userTrialApplied"": false, ""securityDepositData"": {""securityDepositApplied"": false}, ""isTrialPeriodExpired"": true, ""merchantTransactionId"": ""order_ThnfUVWnzv1bu1"", ""userDamageWaiverFeesApplied"": true}",,,,,,{},[],"{""couponId"": ""01e44bd5-f585-4ce5-a6a7-a6dd40de2334"", ""couponAppliedStatus"": ""PENDING"", ""isCouponAppliedOnSubscriptionRenew"": false}"
de9db98b-421e-454e-9f57-f7ad20fb1b6c,f997cde7-c1c8-4ad6-a4f5-c7bc558c59bb,,15588.0,2026-10-02T09:34:52Z,2027-10-02T09:34:52Z,0,order_TgZ9uxsBVrGVo6,26a25589-5532-4f28-b820-1b6c7894c4fd,ACTIVE,,card,,"{""discount"": ""25%"", ""isNewPlan"": false, ""trialDays"": 30, ""toyProgram"": ""-"", ""planSavings"": 3597, ""planVersion"": ""v2"", ""trialAmount"": 999, ""trialApplied"": false, ""memberShipFees"": 0, ""bonusDeliveries"": 0, ""deliveryCharges"": 100, ""sameDayDelivery"": true, ""damageWaiverFees"": 999, ""maxBigToyAllowed"": 1, ""refundableDeposit"": 0, ""moneyBackGuarantee"": 30, ""effectiveCostPerMonth"": 1299, ""membershipFeesApplied"": false, ""securityDepositApplied"": false, ""totalKeepCountPerMonth"": 3, ""damageWaiverFeesApplied"": true, ""isUnlimitedFreeDelivery"": true, ""maxToyHoldingValueAllowed"": 120000, ""totalFreeDeliveryPerMonth"": 0, ""actualChargesForMemberShipFees"": 0, ""actualChargesForSecurityDeposit"": 0, ""actualChargesForDamageWaiverFees"": 999}",ONE_TIME,2026-09-26T06:26:54.238Z,2026-10-02T09:34:52.44Z,8a90f7f6-7489-4f41-991d-7c2bfd7faa87,"{""deviceType"": ""MOBILE"", ""gstApplied"": true, ""promoCodeId"": ""payment_provider_e108074727d4740524046612dbdbbd3a"", ""paymentNotes"": {""userId"": ""f997cde7-c1c8-4ad6-a4f5-c7bc558c59bb"", ""subscriptionType"": ""ONE_TIME"", ""subscriptionPlanId"": ""26a25589-5532-4f28-b820-1b6c7894c4fd""}, ""gstPercentage"": 18, ""membershipData"": {""amount"": 0, ""isMembershipFee"": true}, ""priceBreakdown"": {""basePrice"": 15588, ""gstAmount"": 1583, ""couponCode"": ""VP502026"", ""finalPrice"": 10376, ""couponPercent"": 50, ""proRataCredit"": null, ""couponDiscount"": 7794, ""membershipFees"": 0, ""securityDeposit"": 0, ""damageWaiverFees"": 999}, ""isRecurringInit"": false, ""paymentProvider"": ""RAZOR_PAY"", ""userTrialApplied"": false, ""securityDepositData"": {""securityDepositApplied"": false}, ""isTrialPeriodExpired"": true, ""merchantTransactionId"": ""order_TgZ9uxsBVrGVo6"", ""userDamageWaiverFeesApplied"": true}",,,,,,{},[],"{""couponId"": ""8a90f7f6-7489-4f41-991d-7c2bfd7faa87"", ""couponAppliedStatus"": ""PENDING"", ""isCouponAppliedOnSubscriptionRenew"": false}"
9547e37c-8e93-4ab6-a1d5-533ecdbc20d0,3021392d-b009-409a-959e-24876362c91a,,5997.0,2026-10-02T10:05:09Z,2027-01-02T10:05:09Z,0,order_TiB9pBk1BE3HQs,03e58770-76d5-4434-9934-ea1d64e4096f,ACTIVE,,wallet,,"{""discount"": ""25%"", ""isNewPlan"": false, ""trialDays"": 30, ""toyProgram"": ""-"", ""planSavings"": 3597, ""planVersion"": ""v2"", ""trialAmount"": 99, ""trialApplied"": false, ""memberShipFees"": 0, ""bonusDeliveries"": 0, ""deliveryCharges"": 100, ""sameDayDelivery"": true, ""damageWaiverFees"": 999, ""maxBigToyAllowed"": 1, ""refundableDeposit"": 0, ""moneyBackGuarantee"": 30, ""effectiveCostPerMonth"": 1999, ""membershipFeesApplied"": false, ""securityDepositApplied"": false, ""totalKeepCountPerMonth"": 3, ""damageWaiverFeesApplied"": true, ""isUnlimitedFreeDelivery"": false, ""maxToyHoldingValueAllowed"": 35000, ""totalFreeDeliveryPerMonth"": 12, ""actualChargesForMemberShipFees"": 0, ""actualChargesForSecurityDeposit"": 0, ""actualChargesForDamageWaiverFees"": 999}",ONE_TIME,2026-09-30T08:16:10.391Z,2026-10-02T10:05:09.651Z,eea9fa0e-0ba1-4a66-bd4e-3c9ab018620e,"{""deviceType"": ""MOBILE"", ""gstApplied"": true, ""promoCodeId"": ""payment_provider_461c1537ddd8d4fb2123c7b1c0e6835f"", ""paymentNotes"": {""userId"": ""3021392d-b009-409a-959e-24876362c91a"", ""subscriptionType"": ""ONE_TIME"", ""subscriptionPlanId"": ""03e58770-76d5-4434-9934-ea1d64e4096f""}, ""gstPercentage"": 18, ""membershipData"": {""amount"": 0, ""isMembershipFee"": true}, ""priceBreakdown"": {""basePrice"": 5997, ""gstAmount"": 1260, ""couponCode"": ""FLAT5K"", ""finalPrice"": 5000, ""couponPercent"": null, ""proRataCredit"": null, ""couponDiscount"": 3256, ""membershipFees"": 0, ""securityDeposit"": 0, ""damageWaiverFees"": 999}, ""isRecurringInit"": false, ""paymentProvider"": ""RAZOR_PAY"", ""userTrialApplied"": false, ""securityDepositData"": {""securityDepositApplied"": false}, ""isTrialPeriodExpired"": true, ""merchantTransactionId"": ""order_TiB9pBk1BE3HQs"", ""userDamageWaiverFeesApplied"": true}",,,,,,{},[],"{""couponId"": ""eea9fa0e-0ba1-4a66-bd4e-3c9ab018620e"", ""couponAppliedStatus"": ""PENDING"", ""isCouponAppliedOnSubscriptionRenew"": false}"
4e840d14-a57c-431c-9d4f-9fbb4f3a7dbb,5dc2bf9e-02d0-4bbf-9a8d-7b0efe3fdc9c,,15588.0,2026-10-02T10:06:34Z,2027-10-02T10:06:34Z,0,order_TiF57nvzcYO0mu,26a25589-5532-4f28-b820-1b6c7894c4fd,ACTIVE,,upi,,"{""discount"": ""25%"", ""isNewPlan"": false, ""trialDays"": 30, ""toyProgram"": ""-"", ""planSavings"": 3597, ""planVersion"": ""v2"", ""trialAmount"": 999, ""trialApplied"": false, ""memberShipFees"": 0, ""bonusDeliveries"": 0, ""deliveryCharges"": 100, ""sameDayDelivery"": true, ""damageWaiverFees"": 999, ""maxBigToyAllowed"": 1, ""refundableDeposit"": 0, ""moneyBackGuarantee"": 30, ""effectiveCostPerMonth"": 1299, ""membershipFeesApplied"": false, ""securityDepositApplied"": false, ""totalKeepCountPerMonth"": 3, ""damageWaiverFeesApplied"": true, ""isUnlimitedFreeDelivery"": true, ""maxToyHoldingValueAllowed"": 120000, ""totalFreeDeliveryPerMonth"": 0, ""actualChargesForMemberShipFees"": 0, ""actualChargesForSecurityDeposit"": 0, ""actualChargesForDamageWaiverFees"": 999}",ONE_TIME,2026-09-30T12:06:29.9Z,2026-10-02T10:06:34.229Z,01e44bd5-f585-4ce5-a6a7-a6dd40de2334,"{""deviceType"": ""MOBILE"", ""gstApplied"": true, ""promoCodeId"": ""payment_provider_ff77eacfd6873255307a24ce752aacdb"", ""paymentNotes"": {""userId"": ""5dc2bf9e-02d0-4bbf-9a8d-7b0efe3fdc9c"", ""subscriptionType"": ""ONE_TIME"", ""subscriptionPlanId"": ""26a25589-5532-4f28-b820-1b6c7894c4fd""}, ""gstPercentage"": 18, ""membershipData"": {""amount"": 0, ""isMembershipFee"": true}, ""priceBreakdown"": {""basePrice"": 15588, ""gstAmount"": 2986, ""couponCode"": ""FLAT12K"", ""finalPrice"": 12000, ""couponPercent"": null, ""proRataCredit"": null, ""couponDiscount"": 7573, ""membershipFees"": 0, ""securityDeposit"": 0, ""damageWaiverFees"": 999}, ""isRecurringInit"": false, ""paymentProvider"": ""RAZOR_PAY"", ""userTrialApplied"": false, ""securityDepositData"": {""securityDepositApplied"": false}, ""isTrialPeriodExpired"": true, ""merchantTransactionId"": ""order_TiF57nvzcYO0mu"", ""userDamageWaiverFeesApplied"": true}",,,,,,{},[],"{""couponId"": ""01e44bd5-f585-4ce5-a6a7-a6dd40de2334"", ""couponAppliedStatus"": ""PENDING"", ""isCouponAppliedOnSubscriptionRenew"": false}"
524a317f-6615-48d4-82f9-4ca93525e78d,97d1785f-b6e5-4185-b645-b421376f48bd,862370672756,15588.0,2026-10-02T10:36:06Z,2027-10-02T10:36:06Z,0,assigned_5cccd2ddf09952c9e26dc5d2ce3b5486,26a25589-5532-4f28-b820-1b6c7894c4fd,ACTIVE,,other,,"{""discount"": ""25%"", ""isNewPlan"": false, ""pricePaid"": 3000, ""trialDays"": 30, ""toyProgram"": ""-"", ""planSavings"": 3597, ""planVersion"": ""v2"", ""trialAmount"": 999, ""trialApplied"": false, ""memberShipFees"": 0, ""bonusDeliveries"": 0, ""deliveryCharges"": 100, ""sameDayDelivery"": true, ""damageWaiverFees"": 999, ""maxBigToyAllowed"": 1, ""refundableDeposit"": 0, ""memberShipFeesPaid"": 0, ""moneyBackGuarantee"": 30, ""effectiveCostPerMonth"": 1299, ""membershipFeesApplied"": false, ""refundableDepositPaid"": 0, ""planPriceDiscountAdmin"": 0, ""securityDepositApplied"": false, ""totalKeepCountPerMonth"": 3, ""damageWaiverFeesApplied"": true, ""isUnlimitedFreeDelivery"": true, ""membershipDiscountAdmin"": 0, ""maxToyHoldingValueAllowed"": 120000, ""totalFreeDeliveryPerMonth"": 0, ""actualChargesForMemberShipFees"": 0, ""refundableDepositDiscountAdmin"": 0, ""actualChargesForSecurityDeposit"": 0, ""actualChargesForDamageWaiverFees"": 999}",ASSIGNED,2026-10-02T10:36:06.851Z,2026-10-02T10:36:06.851Z,,"{""note"": ""Assigned from Google Sheet"", ""amount"": 0, ""gstApplied"": true, ""paymentDate"": ""2026-10-02T16:06:06+05:30"", ""gstPercentage"": 18, ""membershipData"": {""amount"": 0, ""isMembershipFee"": true}, ""priceBreakdown"": {""basePrice"": 15588, ""gstAmount"": 2986, ""couponCode"": null, ""finalPrice"": 19573, ""couponPercent"": null, ""proRataCredit"": 0, ""couponDiscount"": 0, ""membershipFees"": 0, ""securityDeposit"": 0, ""damageWaiverFees"": 999}, ""userTrialApplied"": false, ""isTrialPeriodExpired"": true, ""userDamageWaiverFeesApplied"": true}",,,,,,{},[],{}
de500320-ac41-4372-bb23-74b5614009e0,2db5495c-577d-4938-9738-4d24fe221c55,,4497.0,2026-10-02T10:58:04Z,2027-01-02T10:58:04Z,0,order_TiEDsI2b02uETm,864b3e20-b4b5-4be5-8b5c-bcd69573b6dd,ACTIVE,,upi,,"{""discount"": ""25%"", ""isNewPlan"": false, ""trialDays"": 30, ""toyProgram"": ""-"", ""planSavings"": 3597, ""planVersion"": ""v2"", ""trialAmount"": 99, ""trialApplied"": false, ""memberShipFees"": 0, ""bonusDeliveries"": 0, ""deliveryCharges"": 100, ""sameDayDelivery"": false, ""damageWaiverFees"": 299, ""maxBigToyAllowed"": 0, ""refundableDeposit"": 0, ""moneyBackGuarantee"": 30, ""effectiveCostPerMonth"": 1499, ""membershipFeesApplied"": false, ""securityDepositApplied"": false, ""totalKeepCountPerMonth"": 3, ""damageWaiverFeesApplied"": true, ""isUnlimitedFreeDelivery"": false, ""maxToyHoldingValueAllowed"": 20000, ""totalFreeDeliveryPerMonth"": 9, ""actualChargesForMemberShipFees"": 0, ""actualChargesForSecurityDeposit"": 0, ""actualChargesForDamageWaiverFees"": 299}",ONE_TIME,2026-09-30T11:16:05.284Z,2026-10-02T10:58:04.449Z,d9f45968-fdf9-45cb-a143-9bda0499e70b,"{""deviceType"": ""MOBILE"", ""gstApplied"": true, ""promoCodeId"": ""payment_provider_222024ad0be6b711af19f169bcb51d44"", ""paymentNotes"": {""userId"": ""2db5495c-577d-4938-9738-4d24fe221c55"", ""subscriptionType"": ""ONE_TIME"", ""subscriptionPlanId"": ""864b3e20-b4b5-4be5-8b5c-bcd69573b6dd""}, ""gstPercentage"": 18, ""membershipData"": {""amount"": 0, ""isMembershipFee"": true}, ""priceBreakdown"": {""basePrice"": 4497, ""gstAmount"": 810, ""couponCode"": ""FUNDEAL"", ""finalPrice"": 2807, ""couponPercent"": null, ""proRataCredit"": null, ""couponDiscount"": 2500, ""membershipFees"": 0, ""securityDeposit"": 0, ""damageWaiverFees"": 0}, ""isRecurringInit"": false, ""paymentProvider"": ""RAZOR_PAY"", ""userTrialApplied"": false, ""securityDepositData"": {""securityDepositApplied"": false}, ""isTrialPeriodExpired"": true, ""merchantTransactionId"": ""order_TiEDsI2b02uETm"", ""userDamageWaiverFeesApplied"": false}",,,,,,{},[],"{""couponId"": ""d9f45968-fdf9-45cb-a143-9bda0499e70b"", ""couponAppliedStatus"": ""PENDING"", ""isCouponAppliedOnSubscriptionRenew"": false}"
1159e887-a7ec-4855-9fb9-1c2184f4a543,99ab1525-09c7-498f-9985-a133ebf50d07,,15588.0,2026-10-02T10:22:05Z,2027-10-02T10:22:05Z,0,order_Ti9RCiktBi9wRD,26a25589-5532-4f28-b820-1b6c7894c4fd,ACTIVE,,cardless_emi,,"{""discount"": ""25%"", ""isNewPlan"": false, ""trialDays"": 30, ""toyProgram"": ""-"", ""planSavings"": 3597, ""planVersion"": ""v2"", ""trialAmount"": 999, ""trialApplied"": false, ""memberShipFees"": 0, ""bonusDeliveries"": 0, ""deliveryCharges"": 100, ""sameDayDelivery"": true, ""damageWaiverFees"": 999, ""maxBigToyAllowed"": 1, ""refundableDeposit"": 0, ""moneyBackGuarantee"": 30, ""effectiveCostPerMonth"": 1299, ""membershipFeesApplied"": false, ""securityDepositApplied"": false, ""totalKeepCountPerMonth"": 3, ""damageWaiverFeesApplied"": true, ""isUnlimitedFreeDelivery"": true, ""maxToyHoldingValueAllowed"": 120000, ""totalFreeDeliveryPerMonth"": 0, ""actualChargesForMemberShipFees"": 0, ""actualChargesForSecurityDeposit"": 0, ""actualChargesForDamageWaiverFees"": 999}",ONE_TIME,2026-09-30T06:35:14.319Z,2026-10-02T10:22:05.125Z,01e44bd5-f585-4ce5-a6a7-a6dd40de2334,"{""deviceType"": ""MOBILE"", ""gstApplied"": true, ""promoCodeId"": ""payment_provider_ff77eacfd6873255307a24ce752aacdb"", ""paymentNotes"": {""userId"": ""99ab1525-09c7-498f-9985-a133ebf50d07"", ""subscriptionType"": ""ONE_TIME"", ""subscriptionPlanId"": ""26a25589-5532-4f28-b820-1b6c7894c4fd""}, ""gstPercentage"": 18, ""membershipData"": {""amount"": 0, ""isMembershipFee"": true}, ""priceBreakdown"": {""basePrice"": 15588, ""gstAmount"": 2986, ""couponCode"": ""FLAT12K"", ""finalPrice"": 12000, ""couponPercent"": null, ""proRataCredit"": null, ""couponDiscount"": 7573, ""membershipFees"": 0, ""securityDeposit"": 0, ""damageWaiverFees"": 999}, ""isRecurringInit"": false, ""paymentProvider"": ""RAZOR_PAY"", ""userTrialApplied"": false, ""securityDepositData"": {""securityDepositApplied"": false}, ""isTrialPeriodExpired"": true, ""merchantTransactionId"": ""order_Ti9RCiktBi9wRD"", ""userDamageWaiverFeesApplied"": true}",,,,,,{},[],"{""couponId"": ""01e44bd5-f585-4ce5-a6a7-a6dd40de2334"", ""couponAppliedStatus"": ""PENDING"", ""isCouponAppliedOnSubscriptionRenew"": false}"
aa6eb47e-f495-4010-9d73-83dfd7a21f36,e601545d-6aa5-418d-94b7-3e010402f4c3,,15588.0,2026-10-02T11:00:37Z,2027-10-02T11:00:37Z,0,order_ThmxM3FjoXNdKD,26a25589-5532-4f28-b820-1b6c7894c4fd,ACTIVE,,cardless_emi,,"{""discount"": ""25%"", ""isNewPlan"": false, ""trialDays"": 30, ""toyProgram"": ""-"", ""planSavings"": 3597, ""planVersion"": ""v2"", ""trialAmount"": 999, ""trialApplied"": false, ""memberShipFees"": 0, ""bonusDeliveries"": 0, ""deliveryCharges"": 100, ""sameDayDelivery"": true, ""damageWaiverFees"": 999, ""maxBigToyAllowed"": 1, ""refundableDeposit"": 0, ""moneyBackGuarantee"": 30, ""effectiveCostPerMonth"": 1299, ""membershipFeesApplied"": false, ""securityDepositApplied"": false, ""totalKeepCountPerMonth"": 3, ""damageWaiverFeesApplied"": true, ""isUnlimitedFreeDelivery"": true, ""maxToyHoldingValueAllowed"": 120000, ""totalFreeDeliveryPerMonth"": 0, ""actualChargesForMemberShipFees"": 0, ""actualChargesForSecurityDeposit"": 0, ""actualChargesForDamageWaiverFees"": 999}",ONE_TIME,2026-09-29T08:35:43.336Z,2026-10-02T11:00:37.85Z,01e44bd5-f585-4ce5-a6a7-a6dd40de2334,"{""deviceType"": ""MOBILE"", ""gstApplied"": true, ""promoCodeId"": ""payment_provider_ff77eacfd6873255307a24ce752aacdb"", ""paymentNotes"": {""userId"": ""e601545d-6aa5-418d-94b7-3e010402f4c3"", ""subscriptionType"": ""ONE_TIME"", ""subscriptionPlanId"": ""26a25589-5532-4f28-b820-1b6c7894c4fd""}, ""gstPercentage"": 18, ""membershipData"": {""amount"": 0, ""isMembershipFee"": true}, ""priceBreakdown"": {""basePrice"": 15588, ""gstAmount"": 2986, ""couponCode"": ""FLAT12K"", ""finalPrice"": 12000, ""couponPercent"": null, ""proRataCredit"": null, ""couponDiscount"": 7573, ""membershipFees"": 0, ""securityDeposit"": 0, ""damageWaiverFees"": 999}, ""isRecurringInit"": false, ""paymentProvider"": ""RAZOR_PAY"", ""userTrialApplied"": false, ""securityDepositData"": {""securityDepositApplied"": false}, ""isTrialPeriodExpired"": true, ""merchantTransactionId"": ""order_ThmxM3FjoXNdKD"", ""userDamageWaiverFeesApplied"": true}",,,,,,{},[],"{""couponId"": ""01e44bd5-f585-4ce5-a6a7-a6dd40de2334"", ""couponAppliedStatus"": ""PENDING"", ""isCouponAppliedOnSubscriptionRenew"": false}"
537b63a4-98d5-4066-ae6a-4c54e16436a6,ee375a60-4535-45b7-83af-76da49c1437a,,5997.0,2026-10-02T11:13:57Z,2026-12-31T11:13:57Z,0,order_Tj1EcmUj24YpSZ,03e58770-76d5-4434-9934-ea1d64e4096f,ACTIVE,,upi,,"{""discount"": ""25%"", ""isNewPlan"": false, ""trialDays"": 30, ""toyProgram"": ""-"", ""planSavings"": 3597, ""planVersion"": ""v2"", ""trialAmount"": 99, ""trialApplied"": false, ""memberShipFees"": 0, ""bonusDeliveries"": 0, ""deliveryCharges"": 100, ""sameDayDelivery"": true, ""damageWaiverFees"": 999, ""maxBigToyAllowed"": 1, ""refundableDeposit"": 0, ""moneyBackGuarantee"": 30, ""effectiveCostPerMonth"": 1999, ""membershipFeesApplied"": false, ""planPriceDiscountAdmin"": -418801, ""securityDepositApplied"": false, ""totalKeepCountPerMonth"": 3, ""damageWaiverFeesApplied"": true, ""isUnlimitedFreeDelivery"": false, ""maxToyHoldingValueAllowed"": 35000, ""totalFreeDeliveryPerMonth"": 12, ""actualChargesForMemberShipFees"": 0, ""actualChargesForSecurityDeposit"": 0, ""actualChargesForDamageWaiverFees"": 999}",ONE_TIME,2026-10-02T11:13:57.05Z,2026-10-02T11:13:57.05Z,,"{""amount"": 419800, ""deviceType"": ""MOBILE"", ""gstApplied"": true, ""paymentNotes"": {""userId"": ""ee375a60-4535-45b7-83af-76da49c1437a"", ""paymentLinkId"": ""d246e9f5-9946-4446-9144-51d821a28cd0"", ""subscriptionPlanId"": ""03e58770-76d5-4434-9934-ea1d64e4096f""}, ""gstPercentage"": 18, ""paymentLinkId"": ""d246e9f5-9946-4446-9144-51d821a28cd0"", ""membershipData"": {""amount"": 0, ""isMembershipFee"": false}, ""isRecurringInit"": false, ""paymentProvider"": ""RAZOR_PAY"", ""userTrialApplied"": false, ""securityDepositData"": {""amount"": 0, ""securityDepositApplied"": false}, ""isTrialPeriodExpired"": true, ""merchantTransactionId"": ""order_Tj1EcmUj24YpSZ"", ""userDamageWaiverFeesApplied"": true}",,,,,,{},[],{}
ebae01da-e14f-491e-ab23-67cd9649e44c,27d75719-9f90-4df1-9c4e-58a374e0bef5,,15588.0,2026-10-02T11:32:42Z,2027-10-02T11:32:42Z,0,order_TiGYe4qAJPnN32,26a25589-5532-4f28-b820-1b6c7894c4fd,ACTIVE,,emi,,"{""discount"": ""25%"", ""isNewPlan"": false, ""trialDays"": 30, ""toyProgram"": ""-"", ""planSavings"": 3597, ""planVersion"": ""v2"", ""trialAmount"": 999, ""trialApplied"": false, ""memberShipFees"": 0, ""bonusDeliveries"": 0, ""deliveryCharges"": 100, ""sameDayDelivery"": true, ""damageWaiverFees"": 999, ""maxBigToyAllowed"": 1, ""refundableDeposit"": 0, ""moneyBackGuarantee"": 30, ""effectiveCostPerMonth"": 1299, ""membershipFeesApplied"": false, ""securityDepositApplied"": false, ""totalKeepCountPerMonth"": 3, ""damageWaiverFeesApplied"": true, ""isUnlimitedFreeDelivery"": true, ""maxToyHoldingValueAllowed"": 120000, ""totalFreeDeliveryPerMonth"": 0, ""actualChargesForMemberShipFees"": 0, ""actualChargesForSecurityDeposit"": 0, ""actualChargesForDamageWaiverFees"": 999}",ONE_TIME,2026-09-30T13:33:08.295Z,2026-10-02T11:32:42.514Z,c3dc622c-bf35-4a8b-a61a-bf0713a9b873,"{""deviceType"": ""MOBILE"", ""gstApplied"": true, ""promoCodeId"": ""payment_provider_bf303976b20ec74419b8224ca17c8132"", ""paymentNotes"": {""userId"": ""27d75719-9f90-4df1-9c4e-58a374e0bef5"", ""subscriptionType"": ""ONE_TIME"", ""subscriptionPlanId"": ""26a25589-5532-4f28-b820-1b6c7894c4fd""}, ""gstPercentage"": 18, ""membershipData"": {""amount"": 0, ""isMembershipFee"": true}, ""priceBreakdown"": {""basePrice"": 15588, ""gstAmount"": 1864, ""couponCode"": ""PRELEFANT2026"", ""finalPrice"": 12215, ""couponPercent"": 40, ""proRataCredit"": null, ""couponDiscount"": 6236, ""membershipFees"": 0, ""securityDeposit"": 0, ""damageWaiverFees"": 999}, ""isRecurringInit"": false, ""paymentProvider"": ""RAZOR_PAY"", ""userTrialApplied"": false, ""securityDepositData"": {""securityDepositApplied"": false}, ""isTrialPeriodExpired"": true, ""merchantTransactionId"": ""order_TiGYe4qAJPnN32"", ""userDamageWaiverFeesApplied"": true}",,,,,,{},[],"{""couponId"": ""c3dc622c-bf35-4a8b-a61a-bf0713a9b873"", ""couponAppliedStatus"": ""PENDING"", ""isCouponAppliedOnSubscriptionRenew"": false}"
d01b4a8b-d248-4628-8a55-89531adf2c4a,fe303739-3a20-4ab4-adc1-0e06c655b37c,pay_TilyX281EgaJ5,15588.0,2026-10-02T11:40:20Z,2027-10-02T11:40:20Z,0,assigned_61bf988fd8c67db9976149e2c5a27494,26a25589-5532-4f28-b820-1b6c7894c4fd,ACTIVE,,upi,,"{""discount"": ""25%"", ""isNewPlan"": false, ""pricePaid"": 10376, ""trialDays"": 30, ""toyProgram"": ""-"", ""planSavings"": 3597, ""planVersion"": ""v2"", ""trialAmount"": 999, ""trialApplied"": false, ""memberShipFees"": 0, ""bonusDeliveries"": 0, ""deliveryCharges"": 100, ""sameDayDelivery"": true, ""damageWaiverFees"": 999, ""maxBigToyAllowed"": 1, ""refundableDeposit"": 0, ""memberShipFeesPaid"": 0, ""moneyBackGuarantee"": 30, ""effectiveCostPerMonth"": 1299, ""membershipFeesApplied"": false, ""refundableDepositPaid"": 0, ""planPriceDiscountAdmin"": 0, ""securityDepositApplied"": false, ""totalKeepCountPerMonth"": 3, ""damageWaiverFeesApplied"": true, ""isUnlimitedFreeDelivery"": true, ""membershipDiscountAdmin"": 0, ""maxToyHoldingValueAllowed"": 120000, ""totalFreeDeliveryPerMonth"": 0, ""actualChargesForMemberShipFees"": 0, ""refundableDepositDiscountAdmin"": 0, ""actualChargesForSecurityDeposit"": 0, ""actualChargesForDamageWaiverFees"": 999}",ASSIGNED,2026-09-30T17:51:15.245Z,2026-10-02T11:40:20.53Z,,"{""note"": ""Renewed from Google Sheet"", ""amount"": 0, ""isRenewal"": true, ""gstApplied"": true, ""paymentDate"": ""2026-09-30T23:21:15+05:30"", ""gstPercentage"": 18, ""membershipData"": {""amount"": 0, ""isMembershipFee"": true}, ""priceBreakdown"": {""basePrice"": 15588, ""gstAmount"": 2986, ""couponCode"": null, ""finalPrice"": 19573, ""couponPercent"": null, ""proRataCredit"": 0, ""couponDiscount"": 0, ""membershipFees"": 0, ""securityDeposit"": 0, ""damageWaiverFees"": 999}, ""userTrialApplied"": false, ""isGoogleSheetRenewal"": true, ""isTrialPeriodExpired"": true, ""userDamageWaiverFeesApplied"": true}",,,,,,{},[],{}
509f3023-31f8-46f9-b1df-567425ece3d1,2e21fb9c-56d6-4355-8f28-5bf92c068f5c,,5997.0,2026-10-02T11:43:32Z,2027-01-02T11:43:32Z,0,order_Tj1kIx06jjKMLS,03e58770-76d5-4434-9934-ea1d64e4096f,ACTIVE,,upi,,"{""discount"": ""25%"", ""isNewPlan"": false, ""trialDays"": 30, ""toyProgram"": ""-"", ""planSavings"": 3597, ""planVersion"": ""v2"", ""trialAmount"": 99, ""trialApplied"": false, ""memberShipFees"": 0, ""bonusDeliveries"": 0, ""deliveryCharges"": 100, ""sameDayDelivery"": true, ""damageWaiverFees"": 999, ""maxBigToyAllowed"": 1, ""refundableDeposit"": 0, ""moneyBackGuarantee"": 30, ""effectiveCostPerMonth"": 1999, ""membershipFeesApplied"": false, ""securityDepositApplied"": false, ""totalKeepCountPerMonth"": 3, ""damageWaiverFeesApplied"": true, ""isUnlimitedFreeDelivery"": false, ""maxToyHoldingValueAllowed"": 35000, ""totalFreeDeliveryPerMonth"": 12, ""actualChargesForMemberShipFees"": 0, ""actualChargesForSecurityDeposit"": 0, ""actualChargesForDamageWaiverFees"": 999}",ONE_TIME,2026-10-02T11:42:46.421Z,2026-10-02T11:43:36.143Z,d9f45968-fdf9-45cb-a143-9bda0499e70b,"{""deviceType"": ""MOBILE"", ""gstApplied"": true, ""promoCodeId"": ""payment_provider_222024ad0be6b711af19f169bcb51d44"", ""paymentNotes"": {""userId"": ""2e21fb9c-56d6-4355-8f28-5bf92c068f5c"", ""subscriptionType"": ""ONE_TIME"", ""subscriptionPlanId"": ""03e58770-76d5-4434-9934-ea1d64e4096f""}, ""gstPercentage"": 18, ""membershipData"": {""amount"": 0, ""isMembershipFee"": true}, ""priceBreakdown"": {""basePrice"": 5997, ""gstAmount"": 1260, ""couponCode"": ""FUNDEAL"", ""finalPrice"": 5756, ""couponPercent"": null, ""proRataCredit"": null, ""couponDiscount"": 2500, ""membershipFees"": 0, ""securityDeposit"": 0, ""damageWaiverFees"": 999}, ""isRecurringInit"": false, ""paymentProvider"": ""RAZOR_PAY"", ""userTrialApplied"": false, ""securityDepositData"": {""securityDepositApplied"": false}, ""isTrialPeriodExpired"": true, ""merchantTransactionId"": ""order_Tj1kIx06jjKMLS"", ""userDamageWaiverFeesApplied"": true}",,,,,,{},[],"{""couponId"": ""d9f45968-fdf9-45cb-a143-9bda0499e70b"", ""couponAppliedStatus"": ""PENDING"", ""isCouponAppliedOnSubscriptionRenew"": false}"
2117194c-bdd2-42ae-8bbc-aedc5c34666d,6b340130-07c3-434d-9b65-bd7f1372768e,,15588.0,2026-10-02T11:51:28Z,2027-10-02T11:51:28Z,0,order_TiDz0Jrx899b4E,26a25589-5532-4f28-b820-1b6c7894c4fd,ACTIVE,,upi,,"{""discount"": ""25%"", ""isNewPlan"": false, ""trialDays"": 30, ""toyProgram"": ""-"", ""planSavings"": 3597, ""planVersion"": ""v2"", ""trialAmount"": 999, ""trialApplied"": false, ""memberShipFees"": 0, ""bonusDeliveries"": 0, ""deliveryCharges"": 100, ""sameDayDelivery"": true, ""damageWaiverFees"": 999, ""maxBigToyAllowed"": 1, ""refundableDeposit"": 0, ""moneyBackGuarantee"": 30, ""effectiveCostPerMonth"": 1299, ""membershipFeesApplied"": false, ""planPriceDiscountAdmin"": -1099001, ""securityDepositApplied"": false, ""totalKeepCountPerMonth"": 3, ""damageWaiverFeesApplied"": true, ""isUnlimitedFreeDelivery"": true, ""maxToyHoldingValueAllowed"": 120000, ""totalFreeDeliveryPerMonth"": 0, ""actualChargesForMemberShipFees"": 0, ""actualChargesForSecurityDeposit"": 0, ""actualChargesForDamageWaiverFees"": 999}",ONE_TIME,2026-09-30T11:02:58.284Z,2026-10-02T11:51:28.263Z,,"{""amount"": 1100000, ""deviceType"": ""MOBILE"", ""gstApplied"": true, ""paymentNotes"": {""userId"": ""6b340130-07c3-434d-9b65-bd7f1372768e"", ""paymentLinkId"": ""d4a2ce8e-e88b-4feb-93b2-157f75effc31"", ""subscriptionPlanId"": ""26a25589-5532-4f28-b820-1b6c7894c4fd""}, ""gstPercentage"": 18, ""paymentLinkId"": ""d4a2ce8e-e88b-4feb-93b2-157f75effc31"", ""membershipData"": {""amount"": 0, ""isMembershipFee"": false}, ""isRecurringInit"": false, ""paymentProvider"": ""RAZOR_PAY"", ""userTrialApplied"": false, ""securityDepositData"": {""amount"": 0, ""securityDepositApplied"": false}, ""isTrialPeriodExpired"": true, ""merchantTransactionId"": ""order_TiDz0Jrx899b4E"", ""userDamageWaiverFeesApplied"": true}",,,,,,{},[],{}
8a397e64-c2b5-42e7-9250-4386de2a386a,97669e3d-6df4-4035-8e35-f30df7907574,,15588.0,2026-10-02T11:53:42Z,2027-10-02T11:53:42Z,0,order_Tj1q0hTI68LJjS,26a25589-5532-4f28-b820-1b6c7894c4fd,ACTIVE,,card,,"{""discount"": ""25%"", ""isNewPlan"": false, ""trialDays"": 30, ""toyProgram"": ""-"", ""planSavings"": 3597, ""planVersion"": ""v2"", ""trialAmount"": 999, ""trialApplied"": false, ""memberShipFees"": 0, ""bonusDeliveries"": 0, ""deliveryCharges"": 100, ""sameDayDelivery"": true, ""damageWaiverFees"": 999, ""maxBigToyAllowed"": 1, ""refundableDeposit"": 0, ""moneyBackGuarantee"": 30, ""effectiveCostPerMonth"": 1299, ""membershipFeesApplied"": false, ""planPriceDiscountAdmin"": -1199001, ""securityDepositApplied"": false, ""totalKeepCountPerMonth"": 3, ""damageWaiverFeesApplied"": true, ""isUnlimitedFreeDelivery"": true, ""maxToyHoldingValueAllowed"": 120000, ""totalFreeDeliveryPerMonth"": 0, ""actualChargesForMemberShipFees"": 0, ""actualChargesForSecurityDeposit"": 0, ""actualChargesForDamageWaiverFees"": 999}",ONE_TIME,2026-10-02T11:53:42.212Z,2026-10-02T11:53:42.212Z,,"{""amount"": 1200000, ""deviceType"": ""MOBILE"", ""gstApplied"": true, ""paymentNotes"": {""userId"": ""97669e3d-6df4-4035-8e35-f30df7907574"", ""paymentLinkId"": ""0219e078-a909-44e5-a91a-d8989e09fc73"", ""subscriptionPlanId"": ""26a25589-5532-4f28-b820-1b6c7894c4fd""}, ""gstPercentage"": 18, ""paymentLinkId"": ""0219e078-a909-44e5-a91a-d8989e09fc73"", ""membershipData"": {""amount"": 0, ""isMembershipFee"": false}, ""isRecurringInit"": false, ""paymentProvider"": ""RAZOR_PAY"", ""userTrialApplied"": false, ""securityDepositData"": {""amount"": 0, ""securityDepositApplied"": false}, ""isTrialPeriodExpired"": true, ""merchantTransactionId"": ""order_Tj1q0hTI68LJjS"", ""userDamageWaiverFeesApplied"": true}",,,,,,{},[],{}
087f6539-84c5-4cb5-902a-0d7ab0504ede,a1693338-828a-4db4-8a91-478487dfa215,,15588.0,2026-10-02T11:56:07Z,2027-10-02T11:56:07Z,0,order_TiIKcywLyyqLbV,26a25589-5532-4f28-b820-1b6c7894c4fd,ACTIVE,,upi,,"{""discount"": ""25%"", ""isNewPlan"": false, ""trialDays"": 30, ""toyProgram"": ""-"", ""planSavings"": 3597, ""planVersion"": ""v2"", ""trialAmount"": 999, ""trialApplied"": false, ""memberShipFees"": 0, ""bonusDeliveries"": 0, ""deliveryCharges"": 100, ""sameDayDelivery"": true, ""damageWaiverFees"": 999, ""maxBigToyAllowed"": 1, ""refundableDeposit"": 0, ""moneyBackGuarantee"": 30, ""effectiveCostPerMonth"": 1299, ""membershipFeesApplied"": false, ""securityDepositApplied"": false, ""totalKeepCountPerMonth"": 3, ""damageWaiverFeesApplied"": true, ""isUnlimitedFreeDelivery"": true, ""maxToyHoldingValueAllowed"": 120000, ""totalFreeDeliveryPerMonth"": 0, ""actualChargesForMemberShipFees"": 0, ""actualChargesForSecurityDeposit"": 0, ""actualChargesForDamageWaiverFees"": 999}",ONE_TIME,2026-09-30T15:17:15.314Z,2026-10-02T11:56:07.791Z,01e44bd5-f585-4ce5-a6a7-a6dd40de2334,"{""deviceType"": ""MOBILE"", ""gstApplied"": true, ""promoCodeId"": ""payment_provider_ff77eacfd6873255307a24ce752aacdb"", ""paymentNotes"": {""userId"": ""a1693338-828a-4db4-8a91-478487dfa215"", ""subscriptionType"": ""ONE_TIME"", ""subscriptionPlanId"": ""26a25589-5532-4f28-b820-1b6c7894c4fd""}, ""gstPercentage"": 18, ""membershipData"": {""amount"": 0, ""isMembershipFee"": true}, ""priceBreakdown"": {""basePrice"": 15588, ""gstAmount"": 2986, ""couponCode"": ""FLAT12K"", ""finalPrice"": 12000, ""couponPercent"": null, ""proRataCredit"": null, ""couponDiscount"": 7573, ""membershipFees"": 0, ""securityDeposit"": 0, ""damageWaiverFees"": 999}, ""isRecurringInit"": false, ""paymentProvider"": ""RAZOR_PAY"", ""userTrialApplied"": false, ""securityDepositData"": {""securityDepositApplied"": false}, ""isTrialPeriodExpired"": true, ""merchantTransactionId"": ""order_TiIKcywLyyqLbV"", ""userDamageWaiverFeesApplied"": true}",,,,,,{},[],"{""couponId"": ""01e44bd5-f585-4ce5-a6a7-a6dd40de2334"", ""couponAppliedStatus"": ""PENDING"", ""isCouponAppliedOnSubscriptionRenew"": false}"
c08c82eb-f520-4efa-810f-1513debb14ef,4d5b095c-1c47-4523-a9ef-e585b64ef9f7,,5997.0,2026-10-02T12:17:22Z,2027-01-02T12:17:22Z,0,order_Tj2I889CdfUaRM,03e58770-76d5-4434-9934-ea1d64e4096f,ACTIVE,,cardless_emi,,"{""discount"": ""25%"", ""isNewPlan"": false, ""trialDays"": 30, ""toyProgram"": ""-"", ""planSavings"": 3597, ""planVersion"": ""v2"", ""trialAmount"": 99, ""trialApplied"": false, ""memberShipFees"": 0, ""bonusDeliveries"": 0, ""deliveryCharges"": 100, ""sameDayDelivery"": true, ""damageWaiverFees"": 999, ""maxBigToyAllowed"": 1, ""refundableDeposit"": 0, ""moneyBackGuarantee"": 30, ""effectiveCostPerMonth"": 1999, ""membershipFeesApplied"": false, ""securityDepositApplied"": false, ""totalKeepCountPerMonth"": 3, ""damageWaiverFeesApplied"": true, ""isUnlimitedFreeDelivery"": false, ""maxToyHoldingValueAllowed"": 35000, ""totalFreeDeliveryPerMonth"": 12, ""actualChargesForMemberShipFees"": 0, ""actualChargesForSecurityDeposit"": 0, ""actualChargesForDamageWaiverFees"": 999}",ONE_TIME,2026-10-02T12:14:47.725Z,2026-10-02T12:17:22.972Z,d9f45968-fdf9-45cb-a143-9bda0499e70b,"{""deviceType"": ""MOBILE"", ""gstApplied"": true, ""promoCodeId"": ""payment_provider_222024ad0be6b711af19f169bcb51d44"", ""paymentNotes"": {""userId"": ""4d5b095c-1c47-4523-a9ef-e585b64ef9f7"", ""subscriptionType"": ""ONE_TIME"", ""subscriptionPlanId"": ""03e58770-76d5-4434-9934-ea1d64e4096f""}, ""gstPercentage"": 18, ""membershipData"": {""amount"": 0, ""isMembershipFee"": true}, ""priceBreakdown"": {""basePrice"": 5997, ""gstAmount"": 1260, ""couponCode"": ""FUNDEAL"", ""finalPrice"": 5756, ""couponPercent"": null, ""proRataCredit"": null, ""couponDiscount"": 2500, ""membershipFees"": 0, ""securityDeposit"": 0, ""damageWaiverFees"": 999}, ""isRecurringInit"": false, ""paymentProvider"": ""RAZOR_PAY"", ""userTrialApplied"": false, ""securityDepositData"": {""securityDepositApplied"": false}, ""isTrialPeriodExpired"": true, ""merchantTransactionId"": ""order_Tj2I889CdfUaRM"", ""userDamageWaiverFeesApplied"": true}",,,,,,{},[],"{""couponId"": ""d9f45968-fdf9-45cb-a143-9bda0499e70b"", ""couponAppliedStatus"": ""PENDING"", ""isCouponAppliedOnSubscriptionRenew"": false}"
fd887d67-7d20-4299-8633-06877e302795,a19ab465-1ea3-45e2-9f2d-d4e6b82fb750,,15588.0,2026-10-02T12:37:04Z,2027-10-02T12:37:04Z,0,order_TgzPt4910E2nsq,26a25589-5532-4f28-b820-1b6c7894c4fd,ACTIVE,,emi,,"{""discount"": ""25%"", ""isNewPlan"": false, ""trialDays"": 30, ""toyProgram"": ""-"", ""planSavings"": 3597, ""planVersion"": ""v2"", ""trialAmount"": 999, ""trialApplied"": false, ""memberShipFees"": 0, ""bonusDeliveries"": 0, ""deliveryCharges"": 100, ""sameDayDelivery"": true, ""damageWaiverFees"": 999, ""maxBigToyAllowed"": 1, ""refundableDeposit"": 0, ""moneyBackGuarantee"": 30, ""effectiveCostPerMonth"": 1299, ""membershipFeesApplied"": false, ""securityDepositApplied"": false, ""totalKeepCountPerMonth"": 3, ""damageWaiverFeesApplied"": true, ""isUnlimitedFreeDelivery"": true, ""maxToyHoldingValueAllowed"": 120000, ""totalFreeDeliveryPerMonth"": 0, ""actualChargesForMemberShipFees"": 0, ""actualChargesForSecurityDeposit"": 0, ""actualChargesForDamageWaiverFees"": 999}",ONE_TIME,2026-09-27T08:08:03.272Z,2026-10-02T12:37:04.108Z,92bbb782-f387-466e-88c3-1d2291ecddf9,"{""deviceType"": ""MOBILE"", ""gstApplied"": true, ""promoCodeId"": ""payment_provider_0ca5eaf65d0b7293ed5c1279f5a0aeb9"", ""paymentNotes"": {""userId"": ""a19ab465-1ea3-45e2-9f2d-d4e6b82fb750"", ""subscriptionType"": ""ONE_TIME"", ""subscriptionPlanId"": ""26a25589-5532-4f28-b820-1b6c7894c4fd""}, ""gstPercentage"": 18, ""membershipData"": {""amount"": 0, ""isMembershipFee"": true}, ""priceBreakdown"": {""basePrice"": 15588, ""gstAmount"": 1864, ""couponCode"": ""HTELEFANT2026"", ""finalPrice"": 12215, ""couponPercent"": 40, ""proRataCredit"": null, ""couponDiscount"": 6236, ""membershipFees"": 0, ""securityDeposit"": 0, ""damageWaiverFees"": 999}, ""isRecurringInit"": false, ""paymentProvider"": ""RAZOR_PAY"", ""userTrialApplied"": false, ""securityDepositData"": {""securityDepositApplied"": false}, ""isTrialPeriodExpired"": true, ""merchantTransactionId"": ""order_TgzPt4910E2nsq"", ""userDamageWaiverFeesApplied"": true}",,,,,,{},[],"{""couponId"": ""92bbb782-f387-466e-88c3-1d2291ecddf9"", ""couponAppliedStatus"": ""PENDING"", ""isCouponAppliedOnSubscriptionRenew"": false}"
244d304b-6595-49f8-8ab6-b2541cecd8c8,1c88e3c3-0b44-420c-98bb-9f152fd0c707,663905578545,5997.0,2026-10-02T13:21:40Z,2027-01-02T13:21:40Z,0,assigned_7523ce7ac8902e8da1d9fccb6e1ef848,03e58770-76d5-4434-9934-ea1d64e4096f,ACTIVE,,upi,,"{""discount"": ""25%"", ""isNewPlan"": false, ""pricePaid"": 5000, ""trialDays"": 30, ""toyProgram"": ""-"", ""planSavings"": 3597, ""planVersion"": ""v2"", ""trialAmount"": 99, ""trialApplied"": false, ""memberShipFees"": 0, ""bonusDeliveries"": 0, ""deliveryCharges"": 100, ""sameDayDelivery"": true, ""damageWaiverFees"": 999, ""maxBigToyAllowed"": 1, ""refundableDeposit"": 0, ""memberShipFeesPaid"": 0, ""moneyBackGuarantee"": 30, ""effectiveCostPerMonth"": 1999, ""membershipFeesApplied"": false, ""refundableDepositPaid"": 0, ""planPriceDiscountAdmin"": 0, ""securityDepositApplied"": false, ""totalKeepCountPerMonth"": 3, ""damageWaiverFeesApplied"": true, ""isUnlimitedFreeDelivery"": false, ""membershipDiscountAdmin"": 0, ""maxToyHoldingValueAllowed"": 35000, ""totalFreeDeliveryPerMonth"": 12, ""actualChargesForMemberShipFees"": 0, ""refundableDepositDiscountAdmin"": 0, ""actualChargesForSecurityDeposit"": 0, ""actualChargesForDamageWaiverFees"": 999}",ASSIGNED,2026-09-30T15:46:19.603Z,2026-10-02T13:21:40.137Z,,"{""note"": ""Assigned from Google Sheet"", ""amount"": 0, ""gstApplied"": true, ""paymentDate"": ""2026-09-30T21:16:19+05:30"", ""gstPercentage"": 18, ""membershipData"": {""amount"": 0, ""isMembershipFee"": true}, ""priceBreakdown"": {""basePrice"": 5997, ""gstAmount"": 1260, ""couponCode"": null, ""finalPrice"": 8256, ""couponPercent"": null, ""proRataCredit"": 0, ""couponDiscount"": 0, ""membershipFees"": 0, ""securityDeposit"": 0, ""damageWaiverFees"": 999}, ""userTrialApplied"": false, ""isTrialPeriodExpired"": true, ""userDamageWaiverFeesApplied"": true}",,,,,,{},[],{}
ffcdcef2-8892-4444-8574-738a14f1ffbf,5812108d-bfb0-446f-9ee5-51cc0b15eb6b,T2609271918143497039620,15588.0,2026-09-29T06:16:19Z,2027-10-14T18:29:59.999Z,0,assigned_0f3a9eb3c962de587dadf4decfdebe96,26a25589-5532-4f28-b820-1b6c7894c4fd,ACTIVE,,upi,,"{""discount"": ""25%"", ""isNewPlan"": false, ""pricePaid"": 10000, ""trialDays"": 30, ""toyProgram"": ""-"", ""planSavings"": 3597, ""planVersion"": ""v2"", ""trialAmount"": 999, ""trialApplied"": false, ""memberShipFees"": 0, ""bonusDeliveries"": 0, ""deliveryCharges"": 100, ""sameDayDelivery"": true, ""damageWaiverFees"": 999, ""maxBigToyAllowed"": 1, ""refundableDeposit"": 0, ""memberShipFeesPaid"": 0, ""moneyBackGuarantee"": 30, ""effectiveCostPerMonth"": 1299, ""membershipFeesApplied"": false, ""refundableDepositPaid"": 0, ""planPriceDiscountAdmin"": 0, ""securityDepositApplied"": false, ""totalKeepCountPerMonth"": 3, ""damageWaiverFeesApplied"": true, ""isUnlimitedFreeDelivery"": true, ""membershipDiscountAdmin"": 0, ""maxToyHoldingValueAllowed"": 120000, ""totalFreeDeliveryPerMonth"": 0, ""actualChargesForMemberShipFees"": 0, ""refundableDepositDiscountAdmin"": 0, ""actualChargesForSecurityDeposit"": 0, ""actualChargesForDamageWaiverFees"": 999}",ASSIGNED,2026-09-27T17:02:45.796Z,2026-10-02T12:37:51.399Z,,"{""note"": ""Assigned from Google Sheet"", ""amount"": 0, ""gstApplied"": true, ""paymentDate"": ""2026-09-27T22:32:45+05:30"", ""gstPercentage"": 18, ""membershipData"": {""amount"": 0, ""isMembershipFee"": true}, ""priceBreakdown"": {""basePrice"": 15588, ""gstAmount"": 2986, ""couponCode"": null, ""finalPrice"": 19573, ""couponPercent"": null, ""proRataCredit"": 0, ""couponDiscount"": 0, ""membershipFees"": 0, ""securityDeposit"": 0, ""damageWaiverFees"": 999}, ""userTrialApplied"": false, ""isTrialPeriodExpired"": true, ""userDamageWaiverFeesApplied"": true}",,,,,,{},[],{}
07d2b9f9-4949-4a88-80a7-97deb7a65503,46ff922c-b239-4f86-a4e1-dfb87af16c15,,5997.0,2026-10-02T12:38:05Z,2027-01-02T12:38:05Z,0,order_TgopVxAc79sQ3t,03e58770-76d5-4434-9934-ea1d64e4096f,ACTIVE,,upi,,"{""discount"": ""25%"", ""isNewPlan"": false, ""trialDays"": 30, ""toyProgram"": ""-"", ""planSavings"": 3597, ""planVersion"": ""v2"", ""trialAmount"": 99, ""trialApplied"": false, ""memberShipFees"": 0, ""bonusDeliveries"": 0, ""deliveryCharges"": 100, ""sameDayDelivery"": true, ""damageWaiverFees"": 999, ""maxBigToyAllowed"": 1, ""refundableDeposit"": 0, ""moneyBackGuarantee"": 30, ""effectiveCostPerMonth"": 1999, ""membershipFeesApplied"": false, ""securityDepositApplied"": false, ""totalKeepCountPerMonth"": 3, ""damageWaiverFeesApplied"": true, ""isUnlimitedFreeDelivery"": false, ""maxToyHoldingValueAllowed"": 35000, ""totalFreeDeliveryPerMonth"": 12, ""actualChargesForMemberShipFees"": 0, ""actualChargesForSecurityDeposit"": 0, ""actualChargesForDamageWaiverFees"": 999}",ONE_TIME,2026-09-26T21:46:41.139Z,2026-10-02T12:38:05.381Z,d9f45968-fdf9-45cb-a143-9bda0499e70b,"{""deviceType"": ""MOBILE"", ""gstApplied"": true, ""promoCodeId"": ""payment_provider_222024ad0be6b711af19f169bcb51d44"", ""paymentNotes"": {""userId"": ""46ff922c-b239-4f86-a4e1-dfb87af16c15"", ""subscriptionType"": ""ONE_TIME"", ""subscriptionPlanId"": ""03e58770-76d5-4434-9934-ea1d64e4096f""}, ""gstPercentage"": 18, ""membershipData"": {""amount"": 0, ""isMembershipFee"": true}, ""priceBreakdown"": {""basePrice"": 5997, ""gstAmount"": 1260, ""couponCode"": ""FUNDEAL"", ""finalPrice"": 5756, ""couponPercent"": null, ""proRataCredit"": null, ""couponDiscount"": 2500, ""membershipFees"": 0, ""securityDeposit"": 0, ""damageWaiverFees"": 999}, ""isRecurringInit"": false, ""paymentProvider"": ""RAZOR_PAY"", ""userTrialApplied"": false, ""securityDepositData"": {""securityDepositApplied"": false}, ""isTrialPeriodExpired"": true, ""merchantTransactionId"": ""order_TgopVxAc79sQ3t"", ""userDamageWaiverFeesApplied"": true}",,,,,,{},[],"{""couponId"": ""d9f45968-fdf9-45cb-a143-9bda0499e70b"", ""couponAppliedStatus"": ""PENDING"", ""isCouponAppliedOnSubscriptionRenew"": false}"
7eaef89d-3842-41aa-b609-6e18763536a9,c87f6599-b1a5-46f7-b53d-2799458df404,,15588.0,2026-10-02T14:22:50Z,2027-10-02T14:22:50Z,0,order_ThjE48qdiLug6C,26a25589-5532-4f28-b820-1b6c7894c4fd,ACTIVE,,upi,,"{""discount"": ""25%"", ""isNewPlan"": false, ""trialDays"": 30, ""toyProgram"": ""-"", ""planSavings"": 3597, ""planVersion"": ""v2"", ""trialAmount"": 999, ""trialApplied"": false, ""memberShipFees"": 0, ""bonusDeliveries"": 0, ""deliveryCharges"": 100, ""sameDayDelivery"": true, ""damageWaiverFees"": 999, ""maxBigToyAllowed"": 1, ""refundableDeposit"": 0, ""moneyBackGuarantee"": 30, ""effectiveCostPerMonth"": 1299, ""membershipFeesApplied"": false, ""securityDepositApplied"": false, ""totalKeepCountPerMonth"": 3, ""damageWaiverFeesApplied"": true, ""isUnlimitedFreeDelivery"": true, ""maxToyHoldingValueAllowed"": 120000, ""totalFreeDeliveryPerMonth"": 0, ""actualChargesForMemberShipFees"": 0, ""actualChargesForSecurityDeposit"": 0, ""actualChargesForDamageWaiverFees"": 999}",ONE_TIME,2026-09-29T04:56:46.091Z,2026-10-02T14:22:50.239Z,4f267a61-b236-4cae-9056-84c7761efeb6,"{""deviceType"": ""MOBILE"", ""gstApplied"": true, ""promoCodeId"": ""payment_provider_03519e3c3491068f82b440bd564c6d42"", ""paymentNotes"": {""userId"": ""c87f6599-b1a5-46f7-b53d-2799458df404"", ""subscriptionType"": ""ONE_TIME"", ""subscriptionPlanId"": ""26a25589-5532-4f28-b820-1b6c7894c4fd""}, ""gstPercentage"": 18, ""membershipData"": {""amount"": 0, ""isMembershipFee"": true}, ""priceBreakdown"": {""basePrice"": 15588, ""gstAmount"": 2986, ""couponCode"": ""TOYJOY"", ""finalPrice"": 13573, ""couponPercent"": null, ""proRataCredit"": null, ""couponDiscount"": 6000, ""membershipFees"": 0, ""securityDeposit"": 0, ""damageWaiverFees"": 999}, ""isRecurringInit"": false, ""paymentProvider"": ""RAZOR_PAY"", ""userTrialApplied"": false, ""securityDepositData"": {""securityDepositApplied"": false}, ""isTrialPeriodExpired"": true, ""merchantTransactionId"": ""order_ThjE48qdiLug6C"", ""userDamageWaiverFeesApplied"": true}",,,,,,{},[],"{""couponId"": ""4f267a61-b236-4cae-9056-84c7761efeb6"", ""couponAppliedStatus"": ""PENDING"", ""isCouponAppliedOnSubscriptionRenew"": false}"
fe98e064-f50d-42a9-a288-dbfedf89da6e,f45fae32-f398-4719-86cf-0085b30105af,,15588.0,2026-10-02T14:25:52Z,2028-10-02T18:29:59.999Z,0,order_Tj4UjfmSHOxZvG,26a25589-5532-4f28-b820-1b6c7894c4fd,ACTIVE,,upi,,"{""discount"": ""25%"", ""isNewPlan"": false, ""trialDays"": 30, ""toyProgram"": ""-"", ""planSavings"": 3597, ""planVersion"": ""v2"", ""trialAmount"": 999, ""trialApplied"": false, ""memberShipFees"": 0, ""bonusDeliveries"": 0, ""deliveryCharges"": 100, ""sameDayDelivery"": true, ""damageWaiverFees"": 999, ""maxBigToyAllowed"": 1, ""refundableDeposit"": 0, ""moneyBackGuarantee"": 30, ""effectiveCostPerMonth"": 1299, ""membershipFeesApplied"": false, ""securityDepositApplied"": false, ""totalKeepCountPerMonth"": 3, ""damageWaiverFeesApplied"": true, ""isUnlimitedFreeDelivery"": true, ""maxToyHoldingValueAllowed"": 120000, ""totalFreeDeliveryPerMonth"": 0, ""actualChargesForMemberShipFees"": 0, ""actualChargesForSecurityDeposit"": 0, ""actualChargesForDamageWaiverFees"": 999}",ONE_TIME,2026-10-02T14:24:06.961Z,2026-10-02T14:29:17.445Z,,"{""deviceType"": ""MOBILE"", ""gstApplied"": true, ""paymentNotes"": {""userId"": ""f45fae32-f398-4719-86cf-0085b30105af"", ""subscriptionType"": ""ONE_TIME"", ""subscriptionPlanId"": ""26a25589-5532-4f28-b820-1b6c7894c4fd""}, ""gstPercentage"": 18, ""membershipData"": {""amount"": 0, ""isMembershipFee"": true}, ""priceBreakdown"": {""basePrice"": 15588, ""gstAmount"": 2986, ""couponCode"": null, ""finalPrice"": 19573, ""couponPercent"": null, ""proRataCredit"": null, ""couponDiscount"": 0, ""membershipFees"": 0, ""securityDeposit"": 0, ""damageWaiverFees"": 999}, ""isRecurringInit"": false, ""paymentProvider"": ""RAZOR_PAY"", ""userTrialApplied"": false, ""securityDepositData"": {""securityDepositApplied"": false}, ""isTrialPeriodExpired"": true, ""merchantTransactionId"": ""order_Tj4UjfmSHOxZvG"", ""userDamageWaiverFeesApplied"": true}",,,,,,{},[],"{""couponAppliedStatus"": ""PENDING"", ""isCouponAppliedOnSubscriptionRenew"": false}"
34d1dfea-12aa-461e-ab8b-7cda42932e9d,7dbda1e2-c551-4369-b56e-b9a081a637c9,,15588.0,2026-10-02T14:34:07Z,2027-10-02T14:34:07Z,0,order_Th4RrNuPrv73jv,26a25589-5532-4f28-b820-1b6c7894c4fd,ACTIVE,,emi,,"{""discount"": ""25%"", ""isNewPlan"": false, ""trialDays"": 30, ""toyProgram"": ""-"", ""planSavings"": 3597, ""planVersion"": ""v2"", ""trialAmount"": 999, ""trialApplied"": false, ""memberShipFees"": 0, ""bonusDeliveries"": 0, ""deliveryCharges"": 100, ""sameDayDelivery"": true, ""damageWaiverFees"": 999, ""maxBigToyAllowed"": 1, ""refundableDeposit"": 0, ""moneyBackGuarantee"": 30, ""effectiveCostPerMonth"": 1299, ""membershipFeesApplied"": false, ""securityDepositApplied"": false, ""totalKeepCountPerMonth"": 3, ""damageWaiverFeesApplied"": true, ""isUnlimitedFreeDelivery"": true, ""maxToyHoldingValueAllowed"": 120000, ""totalFreeDeliveryPerMonth"": 0, ""actualChargesForMemberShipFees"": 0, ""actualChargesForSecurityDeposit"": 0, ""actualChargesForDamageWaiverFees"": 999}",ONE_TIME,2026-09-27T13:03:23.392Z,2026-10-02T14:34:07.974Z,01e44bd5-f585-4ce5-a6a7-a6dd40de2334,"{""deviceType"": ""MOBILE"", ""gstApplied"": true, ""promoCodeId"": ""payment_provider_ff77eacfd6873255307a24ce752aacdb"", ""paymentNotes"": {""userId"": ""7dbda1e2-c551-4369-b56e-b9a081a637c9"", ""subscriptionType"": ""ONE_TIME"", ""subscriptionPlanId"": ""26a25589-5532-4f28-b820-1b6c7894c4fd""}, ""gstPercentage"": 18, ""membershipData"": {""amount"": 0, ""isMembershipFee"": true}, ""priceBreakdown"": {""basePrice"": 15588, ""gstAmount"": 2986, ""couponCode"": ""FLAT12K"", ""finalPrice"": 12000, ""couponPercent"": null, ""proRataCredit"": null, ""couponDiscount"": 7573, ""membershipFees"": 0, ""securityDeposit"": 0, ""damageWaiverFees"": 999}, ""isRecurringInit"": false, ""paymentProvider"": ""RAZOR_PAY"", ""userTrialApplied"": false, ""securityDepositData"": {""securityDepositApplied"": false}, ""isTrialPeriodExpired"": true, ""merchantTransactionId"": ""order_Th4RrNuPrv73jv"", ""userDamageWaiverFeesApplied"": true}",,,,,,{},[],"{""couponId"": ""01e44bd5-f585-4ce5-a6a7-a6dd40de2334"", ""couponAppliedStatus"": ""PENDING"", ""isCouponAppliedOnSubscriptionRenew"": false}"
33847d04-9c85-4e25-8521-a1ab10852c74,e9909a11-b179-4c0b-8408-4f125f178479,,5997.0,2026-10-02T14:47:24Z,2027-01-02T14:47:24Z,0,order_ThX7L3PauBgh1G,03e58770-76d5-4434-9934-ea1d64e4096f,ACTIVE,,upi,,"{""discount"": ""25%"", ""isNewPlan"": false, ""trialDays"": 30, ""toyProgram"": ""-"", ""planSavings"": 3597, ""planVersion"": ""v2"", ""trialAmount"": 99, ""trialApplied"": false, ""memberShipFees"": 0, ""bonusDeliveries"": 0, ""deliveryCharges"": 100, ""sameDayDelivery"": true, ""damageWaiverFees"": 999, ""maxBigToyAllowed"": 1, ""refundableDeposit"": 0, ""moneyBackGuarantee"": 30, ""effectiveCostPerMonth"": 1999, ""membershipFeesApplied"": false, ""securityDepositApplied"": false, ""totalKeepCountPerMonth"": 3, ""damageWaiverFeesApplied"": true, ""isUnlimitedFreeDelivery"": false, ""maxToyHoldingValueAllowed"": 35000, ""totalFreeDeliveryPerMonth"": 12, ""actualChargesForMemberShipFees"": 0, ""actualChargesForSecurityDeposit"": 0, ""actualChargesForDamageWaiverFees"": 999}",ONE_TIME,2026-09-28T17:06:04.59Z,2026-10-02T14:47:24.432Z,eea9fa0e-0ba1-4a66-bd4e-3c9ab018620e,"{""deviceType"": ""MOBILE"", ""gstApplied"": true, ""promoCodeId"": ""payment_provider_461c1537ddd8d4fb2123c7b1c0e6835f"", ""paymentNotes"": {""userId"": ""e9909a11-b179-4c0b-8408-4f125f178479"", ""subscriptionType"": ""ONE_TIME"", ""subscriptionPlanId"": ""03e58770-76d5-4434-9934-ea1d64e4096f""}, ""gstPercentage"": 18, ""membershipData"": {""amount"": 0, ""isMembershipFee"": true}, ""priceBreakdown"": {""basePrice"": 5997, ""gstAmount"": 1260, ""couponCode"": ""FLAT5K"", ""finalPrice"": 5000, ""couponPercent"": null, ""proRataCredit"": null, ""couponDiscount"": 3256, ""membershipFees"": 0, ""securityDeposit"": 0, ""damageWaiverFees"": 999}, ""isRecurringInit"": false, ""paymentProvider"": ""RAZOR_PAY"", ""userTrialApplied"": false, ""securityDepositData"": {""securityDepositApplied"": false}, ""isTrialPeriodExpired"": true, ""merchantTransactionId"": ""order_ThX7L3PauBgh1G"", ""userDamageWaiverFeesApplied"": true}",,,,,,{},[],"{""couponId"": ""eea9fa0e-0ba1-4a66-bd4e-3c9ab018620e"", ""couponAppliedStatus"": ""PENDING"", ""isCouponAppliedOnSubscriptionRenew"": false}"
10716356-0d42-4ac8-ad35-05b11514a19f,25703aed-7f78-4853-8775-ee1d190baccf,,15588.0,2026-10-02T14:40:00Z,2027-10-02T14:40:00Z,0,order_Th2FoJDNYndNzx,26a25589-5532-4f28-b820-1b6c7894c4fd,ACTIVE,,cardless_emi,,"{""discount"": ""25%"", ""isNewPlan"": false, ""trialDays"": 30, ""toyProgram"": ""-"", ""planSavings"": 3597, ""planVersion"": ""v2"", ""trialAmount"": 999, ""trialApplied"": false, ""memberShipFees"": 0, ""bonusDeliveries"": 0, ""deliveryCharges"": 100, ""sameDayDelivery"": true, ""damageWaiverFees"": 999, ""maxBigToyAllowed"": 1, ""refundableDeposit"": 0, ""moneyBackGuarantee"": 30, ""effectiveCostPerMonth"": 1299, ""membershipFeesApplied"": false, ""securityDepositApplied"": false, ""totalKeepCountPerMonth"": 3, ""damageWaiverFeesApplied"": true, ""isUnlimitedFreeDelivery"": true, ""maxToyHoldingValueAllowed"": 120000, ""totalFreeDeliveryPerMonth"": 0, ""actualChargesForMemberShipFees"": 0, ""actualChargesForSecurityDeposit"": 0, ""actualChargesForDamageWaiverFees"": 999}",ONE_TIME,2026-09-27T10:54:35.749Z,2026-10-02T14:40:00.598Z,01e44bd5-f585-4ce5-a6a7-a6dd40de2334,"{""deviceType"": ""MOBILE"", ""gstApplied"": true, ""promoCodeId"": ""payment_provider_ff77eacfd6873255307a24ce752aacdb"", ""paymentNotes"": {""userId"": ""25703aed-7f78-4853-8775-ee1d190baccf"", ""subscriptionType"": ""ONE_TIME"", ""subscriptionPlanId"": ""26a25589-5532-4f28-b820-1b6c7894c4fd""}, ""gstPercentage"": 18, ""membershipData"": {""amount"": 0, ""isMembershipFee"": true}, ""priceBreakdown"": {""basePrice"": 15588, ""gstAmount"": 2986, ""couponCode"": ""FLAT12K"", ""finalPrice"": 12000, ""couponPercent"": null, ""proRataCredit"": null, ""couponDiscount"": 7573, ""membershipFees"": 0, ""securityDeposit"": 0, ""damageWaiverFees"": 999}, ""isRecurringInit"": false, ""paymentProvider"": ""RAZOR_PAY"", ""userTrialApplied"": false, ""securityDepositData"": {""securityDepositApplied"": false}, ""isTrialPeriodExpired"": true, ""merchantTransactionId"": ""order_Th2FoJDNYndNzx"", ""userDamageWaiverFeesApplied"": true}",,,,,,{},[],"{""couponId"": ""01e44bd5-f585-4ce5-a6a7-a6dd40de2334"", ""couponAppliedStatus"": ""PENDING"", ""isCouponAppliedOnSubscriptionRenew"": false}"
d2971d33-116e-4602-aa96-419b1823fae7,f68cde9b-c26b-4894-8919-944adb1307ea,8551855170,15588.0,2026-10-02T15:25:27Z,2027-10-02T15:25:27Z,0,assigned_5094ba56ae40adc5db1a7ec2e3cfb342,26a25589-5532-4f28-b820-1b6c7894c4fd,ACTIVE,,razorpay,,"{""discount"": ""25%"", ""isNewPlan"": false, ""pricePaid"": 11000, ""trialDays"": 30, ""toyProgram"": ""-"", ""planSavings"": 3597, ""planVersion"": ""v2"", ""trialAmount"": 999, ""trialApplied"": false, ""memberShipFees"": 0, ""bonusDeliveries"": 0, ""deliveryCharges"": 100, ""sameDayDelivery"": true, ""damageWaiverFees"": 999, ""maxBigToyAllowed"": 1, ""refundableDeposit"": 0, ""memberShipFeesPaid"": 0, ""moneyBackGuarantee"": 30, ""effectiveCostPerMonth"": 1299, ""membershipFeesApplied"": false, ""refundableDepositPaid"": 0, ""planPriceDiscountAdmin"": 4588, ""securityDepositApplied"": false, ""totalKeepCountPerMonth"": 3, ""damageWaiverFeesApplied"": true, ""isUnlimitedFreeDelivery"": true, ""membershipDiscountAdmin"": 0, ""maxToyHoldingValueAllowed"": 120000, ""totalFreeDeliveryPerMonth"": 0, ""actualChargesForMemberShipFees"": 0, ""refundableDepositDiscountAdmin"": 0, ""actualChargesForSecurityDeposit"": 0, ""actualChargesForDamageWaiverFees"": 999}",ASSIGNED,2026-10-02T15:25:27.781Z,2026-10-02T15:25:27.781Z,,"{""amount"": 11000, ""gstApplied"": true, ""paymentDate"": ""2026-10-02T15:25:26.101Z"", ""gstPercentage"": 18, ""membershipData"": {""amount"": 0, ""isMembershipFee"": true}, ""priceBreakdown"": {""basePrice"": 15588, ""gstAmount"": 2986, ""couponCode"": null, ""finalPrice"": 19573, ""couponPercent"": null, ""proRataCredit"": 0, ""couponDiscount"": 0, ""membershipFees"": 0, ""securityDeposit"": 0, ""damageWaiverFees"": 999}, ""userTrialApplied"": false, ""isTrialPeriodExpired"": true, ""userDamageWaiverFeesApplied"": true}",,,,,,{},[],{}
3439dafb-9395-40a7-bd2e-c08a90b4c940,ef05f4ea-6556-4cda-a0f6-71bd410aaffe,,15588.0,2026-10-02T17:35:35Z,2027-10-02T17:35:35Z,0,order_Tj7gZqKpYqCn90,26a25589-5532-4f28-b820-1b6c7894c4fd,ACTIVE,,card,,"{""discount"": ""25%"", ""isNewPlan"": false, ""trialDays"": 30, ""toyProgram"": ""-"", ""planSavings"": 3597, ""planVersion"": ""v2"", ""trialAmount"": 999, ""trialApplied"": false, ""memberShipFees"": 0, ""bonusDeliveries"": 0, ""deliveryCharges"": 100, ""sameDayDelivery"": true, ""damageWaiverFees"": 999, ""maxBigToyAllowed"": 1, ""refundableDeposit"": 0, ""moneyBackGuarantee"": 30, ""effectiveCostPerMonth"": 1299, ""membershipFeesApplied"": false, ""securityDepositApplied"": false, ""totalKeepCountPerMonth"": 3, ""damageWaiverFeesApplied"": true, ""isUnlimitedFreeDelivery"": true, ""maxToyHoldingValueAllowed"": 120000, ""totalFreeDeliveryPerMonth"": 0, ""actualChargesForMemberShipFees"": 0, ""actualChargesForSecurityDeposit"": 0, ""actualChargesForDamageWaiverFees"": 999}",ONE_TIME,2026-10-02T17:31:24.383Z,2026-10-02T17:35:35.296Z,01e44bd5-f585-4ce5-a6a7-a6dd40de2334,"{""deviceType"": ""MOBILE"", ""gstApplied"": true, ""promoCodeId"": ""payment_provider_ff77eacfd6873255307a24ce752aacdb"", ""paymentNotes"": {""userId"": ""ef05f4ea-6556-4cda-a0f6-71bd410aaffe"", ""subscriptionType"": ""ONE_TIME"", ""subscriptionPlanId"": ""26a25589-5532-4f28-b820-1b6c7894c4fd""}, ""gstPercentage"": 18, ""membershipData"": {""amount"": 0, ""isMembershipFee"": true}, ""priceBreakdown"": {""basePrice"": 15588, ""gstAmount"": 2986, ""couponCode"": ""FLAT12K"", ""finalPrice"": 12000, ""couponPercent"": null, ""proRataCredit"": null, ""couponDiscount"": 7573, ""membershipFees"": 0, ""securityDeposit"": 0, ""damageWaiverFees"": 999}, ""isRecurringInit"": false, ""paymentProvider"": ""RAZOR_PAY"", ""userTrialApplied"": false, ""securityDepositData"": {""securityDepositApplied"": false}, ""isTrialPeriodExpired"": true, ""merchantTransactionId"": ""order_Tj7gZqKpYqCn90"", ""userDamageWaiverFeesApplied"": true}",,,,,,{},[],"{""couponId"": ""01e44bd5-f585-4ce5-a6a7-a6dd40de2334"", ""couponAppliedStatus"": ""PENDING"", ""isCouponAppliedOnSubscriptionRenew"": false}"
ccbbbb97-c3c9-4bcb-bb93-1b471589d65e,35495e22-f096-4e2f-bd2b-545cb3f76caf,9538296902,15588.0,2026-10-02T17:36:45Z,2027-11-17T18:29:59.999Z,0,assigned_b39c10ff39c634a10a8df4368538b78c,26a25589-5532-4f28-b820-1b6c7894c4fd,ACTIVE,,razorpay,,"{""discount"": ""25%"", ""isNewPlan"": false, ""pricePaid"": 10376, ""trialDays"": 30, ""toyProgram"": ""-"", ""planSavings"": 3597, ""planVersion"": ""v2"", ""trialAmount"": 999, ""trialApplied"": false, ""memberShipFees"": 0, ""bonusDeliveries"": 0, ""deliveryCharges"": 100, ""sameDayDelivery"": true, ""damageWaiverFees"": 999, ""maxBigToyAllowed"": 1, ""refundableDeposit"": 0, ""memberShipFeesPaid"": 0, ""moneyBackGuarantee"": 30, ""effectiveCostPerMonth"": 1299, ""membershipFeesApplied"": false, ""refundableDepositPaid"": 0, ""planPriceDiscountAdmin"": 5212, ""securityDepositApplied"": false, ""totalKeepCountPerMonth"": 3, ""damageWaiverFeesApplied"": true, ""isUnlimitedFreeDelivery"": true, ""membershipDiscountAdmin"": 0, ""maxToyHoldingValueAllowed"": 120000, ""totalFreeDeliveryPerMonth"": 0, ""actualChargesForMemberShipFees"": 0, ""refundableDepositDiscountAdmin"": 0, ""actualChargesForSecurityDeposit"": 0, ""actualChargesForDamageWaiverFees"": 999}",ASSIGNED,2026-10-02T17:36:45.464Z,2026-10-02T17:37:00.282Z,,"{""amount"": 10376, ""gstApplied"": true, ""paymentDate"": ""2026-10-02T17:36:43.150Z"", ""gstPercentage"": 18, ""membershipData"": {""amount"": 0, ""isMembershipFee"": true}, ""priceBreakdown"": {""basePrice"": 15588, ""gstAmount"": 2986, ""couponCode"": null, ""finalPrice"": 19573, ""couponPercent"": null, ""proRataCredit"": 0, ""couponDiscount"": 0, ""membershipFees"": 0, ""securityDeposit"": 0, ""damageWaiverFees"": 999}, ""userTrialApplied"": false, ""isTrialPeriodExpired"": true, ""userDamageWaiverFeesApplied"": true}",,,,,,{},[],{}
708988d2-a65c-46ed-a26d-40b2351f1554,a1e7dc88-ebd6-4c7b-92fe-69dc03942a87,8369065991,15588.0,2026-10-02T17:40:54Z,2027-12-02T18:29:59.999Z,0,assigned_2c30c98a38d785b32182ea5299171cde,26a25589-5532-4f28-b820-1b6c7894c4fd,ACTIVE,,razorpay,,"{""discount"": ""25%"", ""isNewPlan"": false, ""pricePaid"": 10376, ""trialDays"": 30, ""toyProgram"": ""-"", ""planSavings"": 3597, ""planVersion"": ""v2"", ""trialAmount"": 999, ""trialApplied"": false, ""memberShipFees"": 0, ""bonusDeliveries"": 0, ""deliveryCharges"": 100, ""sameDayDelivery"": true, ""damageWaiverFees"": 999, ""maxBigToyAllowed"": 1, ""refundableDeposit"": 0, ""memberShipFeesPaid"": 0, ""moneyBackGuarantee"": 30, ""effectiveCostPerMonth"": 1299, ""membershipFeesApplied"": false, ""refundableDepositPaid"": 0, ""planPriceDiscountAdmin"": 5212, ""securityDepositApplied"": false, ""totalKeepCountPerMonth"": 3, ""damageWaiverFeesApplied"": true, ""isUnlimitedFreeDelivery"": true, ""membershipDiscountAdmin"": 0, ""maxToyHoldingValueAllowed"": 120000, ""totalFreeDeliveryPerMonth"": 0, ""actualChargesForMemberShipFees"": 0, ""refundableDepositDiscountAdmin"": 0, ""actualChargesForSecurityDeposit"": 0, ""actualChargesForDamageWaiverFees"": 999}",ASSIGNED,2026-10-02T17:40:54.225Z,2026-10-02T17:41:08.037Z,,"{""amount"": 10376, ""gstApplied"": true, ""paymentDate"": ""2026-10-02T17:40:51.989Z"", ""gstPercentage"": 18, ""membershipData"": {""amount"": 0, ""isMembershipFee"": true}, ""priceBreakdown"": {""basePrice"": 15588, ""gstAmount"": 2986, ""couponCode"": null, ""finalPrice"": 19573, ""couponPercent"": null, ""proRataCredit"": 0, ""couponDiscount"": 0, ""membershipFees"": 0, ""securityDeposit"": 0, ""damageWaiverFees"": 999}, ""userTrialApplied"": false, ""isTrialPeriodExpired"": true, ""userDamageWaiverFeesApplied"": true}",,,,,,{},[],{}
d6bafd43-66cd-439a-92dd-875b2f0baa2a,647ca0db-be3b-401b-a282-f0cb2f8b3d6e,,15588.0,2026-10-02T18:25:12Z,2027-10-02T18:25:12Z,0,order_Tj8YEAsFPLsQ5E,26a25589-5532-4f28-b820-1b6c7894c4fd,ACTIVE,,card,,"{""discount"": ""25%"", ""isNewPlan"": false, ""trialDays"": 30, ""toyProgram"": ""-"", ""planSavings"": 3597, ""planVersion"": ""v2"", ""trialAmount"": 999, ""trialApplied"": false, ""memberShipFees"": 0, ""bonusDeliveries"": 0, ""deliveryCharges"": 100, ""sameDayDelivery"": true, ""damageWaiverFees"": 999, ""maxBigToyAllowed"": 1, ""refundableDeposit"": 0, ""moneyBackGuarantee"": 30, ""effectiveCostPerMonth"": 1299, ""membershipFeesApplied"": false, ""securityDepositApplied"": false, ""totalKeepCountPerMonth"": 3, ""damageWaiverFeesApplied"": true, ""isUnlimitedFreeDelivery"": true, ""maxToyHoldingValueAllowed"": 120000, ""totalFreeDeliveryPerMonth"": 0, ""actualChargesForMemberShipFees"": 0, ""actualChargesForSecurityDeposit"": 0, ""actualChargesForDamageWaiverFees"": 999}",ONE_TIME,2026-10-02T18:22:11.748Z,2026-10-02T18:25:12.33Z,ee60ab3f-2ecd-42aa-91bf-844dbf5e6dae,"{""deviceType"": ""MOBILE"", ""gstApplied"": true, ""promoCodeId"": ""payment_provider_1f053a443b17166df2737e3d7ddd8781"", ""paymentNotes"": {""userId"": ""647ca0db-be3b-401b-a282-f0cb2f8b3d6e"", ""subscriptionType"": ""ONE_TIME"", ""subscriptionPlanId"": ""26a25589-5532-4f28-b820-1b6c7894c4fd""}, ""gstPercentage"": 18, ""membershipData"": {""amount"": 0, ""isMembershipFee"": true}, ""priceBreakdown"": {""basePrice"": 15588, ""gstAmount"": 1864, ""couponCode"": ""PLAYTIME"", ""finalPrice"": 12215, ""couponPercent"": 40, ""proRataCredit"": null, ""couponDiscount"": 6236, ""membershipFees"": 0, ""securityDeposit"": 0, ""damageWaiverFees"": 999}, ""isRecurringInit"": false, ""paymentProvider"": ""RAZOR_PAY"", ""userTrialApplied"": false, ""securityDepositData"": {""securityDepositApplied"": false}, ""isTrialPeriodExpired"": true, ""merchantTransactionId"": ""order_Tj8YEAsFPLsQ5E"", ""userDamageWaiverFeesApplied"": true}",,,,,,{},[],"{""couponId"": ""ee60ab3f-2ecd-42aa-91bf-844dbf5e6dae"", ""couponAppliedStatus"": ""PENDING"", ""isCouponAppliedOnSubscriptionRenew"": false}"
