id,user_number,first_name,last_name,email,password,profile_image,gender,roles,is_verified,is_active,is_archived,address,landmark,city,state,pincode_id,contact_no,created_by,agency_name,vehicle_number,payment_provider_id,payment_provider,timezone,refresh_token,created_at,updated_at,deleted_at,state_id,lat_long,meta_data,referral_code,applied_referral_code,referred_by,available_balance,preferences,referred_by_type,onboarding_status,web_engaged_ids,source,additional_address_details,offer_shown_at,onboarding_answers,address2,locality,id,user_id,transaction_id,price,started_at,expire_at,used_free_delivery_count,subscription_id,plan_id,status,payment_id,method,payment_status,subscription_features,type,created_at,updated_at,coupon_id,meta_data,applied_referral_code,referred_by,cancelled_by,cancelled_at,cancelled_type,cancellation_data,payment_token_status_history,coupon_details,expire_at_ist
584ff3bd-272c-434a-a568-e39d85ddd231,UR200356,ashutosh,gautam,ashutosh.iiitm.19@gmail.com,,,MALE,"[""USER""]",true,true,false,"flat no 704 , Wing C, Mahadev Apartments",,Mumbai,Maharashtra,1570555b-3641-4bb5-91cd-079c960c9604,7276669164,,,,,STRIPE,IST,gL5FBeYiFCyvh3fZcYRxUf/A9Pa+LC++04v3aZXIyyBZJ1I/tqiAMHLbrqScgyWkLIGHtjReIxDV/+cSpNgdvx80Sl9gPDBz3JHGh8nyRxt+roDgAlxlsHfO7hiJ5nFlitjO3Fm3NMWqnf93UoV1S4ox46nV3+Ts8MAd2VYjZvVrswgMLSGUYer5IEp4Pt3W852C/B9zp42bnyY5Kti/urWiePas3XL5QJwjTcmefxA=,2025-12-04T16:10:13.07Z,2026-08-25T04:21:48.873Z,,,0101000000B475CB692A385240158DB5BFB3353340,"{""intercomId"": ""6931b26a224ae4260a4e30bd"", ""hasToyHoldingMismatch"": true}",1D3EAEAC,,,0.0,{},,"{""profile"": ""COMPLETED"", ""childProfile"": ""COMPLETED"", ""onboardingScreen"": ""COMPLETED""}","[""e63aYc2EUknqi-_Oxc4YTj:APA91bE6oDXNjRHoDPdIAGdc4c7Bg3trL7Bhz_qbRF2-qKULm9gr_4meoCQxhY4fDRBerO0NKRYTG0wNPslFHqqpY4IRfrQ9qSDYrEUqQsjbQx2-eZI8FCI"" ""cfiRkqycKUpjgE_BqKyUGY:APA91bGP0nOemuCogwSos6GFvMN7EYc-inHjr4dKzmPAMjcFmivcveg_QkIUH5n_I7kDQJVMuc5COiMJQ5Zr_fvRW7zhtu7rJ_E2Vj4XXetFaHSC61ehWK0""]",mobile_app,"{""sublocality"": ""कांदिवली ईस्ट"", ""formattedAddress"": ""BLOCK-A, MAHADEV APARTMENT, कांदिवली, फेस 1, ठाकुर गांव, कांदिवली ईस्ट, मुंबई, महाराष्ट्र 400101, India""}",,"{""Q1"": ""0_2"", ""Q3"": ""5_10"", ""Q6"": ""Tanish Gautam""}",thakur village kandivali east,BLOCK-A MAHADEV APARTMENT कांदिवली फेस 1 ठाकुर गांव कांदिवली ईस्ट,bbfc7836-a584-412c-bc8b-f2b1ee4f68ec,584ff3bd-272c-434a-a568-e39d85ddd231,,5997.0,2026-06-28T11:53:05Z,2026-10-03T17:23:00Z,0,order_T72Yq7LuvmIbYR,03e58770-76d5-4434-9934-ea1d64e4096f,ACTIVE,,card,,"{""discount"": ""25%"", ""isNewPlan"": false, ""trialDays"": 30, ""toyProgram"": ""-"", ""planSavings"": 3597, ""planVersion"": ""v2"", ""trialAmount"": 99, ""trialApplied"": false, ""memberShipFees"": 0, ""bonusDeliveries"": 0, ""deliveryCharges"": 100, ""sameDayDelivery"": true, ""damageWaiverFees"": 999, ""maxBigToyAllowed"": 1, ""refundableDeposit"": 0, ""moneyBackGuarantee"": 30, ""effectiveCostPerMonth"": 1999, ""membershipFeesApplied"": false, ""planPriceDiscountAdmin"": -449001, ""securityDepositApplied"": false, ""totalKeepCountPerMonth"": 3, ""damageWaiverFeesApplied"": true, ""isUnlimitedFreeDelivery"": false, ""maxToyHoldingValueAllowed"": 35000, ""totalFreeDeliveryPerMonth"": 12, ""actualChargesForMemberShipFees"": 0, ""actualChargesForSecurityDeposit"": 0, ""actualChargesForDamageWaiverFees"": 999}",ONE_TIME,2026-06-28T11:53:05.252Z,2026-06-28T11:53:05.252Z,,"{""amount"": 450000, ""deviceType"": ""MOBILE"", ""gstApplied"": true, ""paymentNotes"": {""userId"": ""584ff3bd-272c-434a-a568-e39d85ddd231"", ""paymentLinkId"": ""796c7a52-77d2-4d9c-8b62-a6ee0f6a66cd"", ""subscriptionPlanId"": ""03e58770-76d5-4434-9934-ea1d64e4096f""}, ""gstPercentage"": 18, ""paymentLinkId"": ""796c7a52-77d2-4d9c-8b62-a6ee0f6a66cd"", ""membershipData"": {""amount"": 0, ""isMembershipFee"": false}, ""isRecurringInit"": false, ""paymentProvider"": ""RAZOR_PAY"", ""userTrialApplied"": false, ""securityDepositData"": {""amount"": 0, ""securityDepositApplied"": false}, ""isTrialPeriodExpired"": true, ""merchantTransactionId"": ""order_T72Yq7LuvmIbYR"", ""userDamageWaiverFeesApplied"": true}",,,,,,{},[],{},2026-10-03T22:53:00
5d256474-b8f4-4e11-8684-19904f524519,UR180780,shweta,yadav,mail.shweta27@gmail.com,,,,"[""USER""]",true,true,false,B-404 Building no 31 shiv enclave society tilak nagar chembur west,sbi bank building,Mumbai Suburban,Maharashtra,04cd510c-deac-43b9-b615-3ff41276d716,7289874317,,,,,STRIPE,IST,gL5FBeYiFCyvh3fZcYRxUf/A9Pa+LC++04v3aZXIyyBZJ1I/tqiAMHLbrqScgyWkrUT0aeMrcfsvrw+W+LZtlSayQcA/uMheh4INZwXgmhYhFRuVi3M4iBWJc02QPnQ+EPnnmT5aqbkVRRBsXJC2c+JzoYk1UvOjCx+jB6f93+xg4lH5XLvolzonDkq5zCjwXnaOXCxtWJL/dnvt5+CrXmLkZiUIFnAMCcRAsVEWxgs=,2025-10-03T07:36:59.018Z,2026-09-16T03:58:56.14Z,,,0101000020E6100000AC376A85693952400E7338A91E113340,"{""intercomId"": ""68df7d226ea16a57918b3547"", ""leadSquaredData"": {""Id"": ""3d2fe5a2-f9bc-4bec-bd16-b40aa11aeb41"", ""IsCreated"": true, ""RelatedId"": ""8f07f4fa-22ac-41f6-94ff-3c9c57a25b8e""}}",736C9D85,,,0.0,{},,"{""profile"": ""COMPLETED"", ""childProfile"": ""COMPLETED"", ""onboardingScreen"": ""COMPLETED""}","[""fantPFwcv0Kwm54KOOSmHA:APA91bFFDqBe5lqk5kuacvarb_brFkmRcB5cBVwmJf69mAbVSqkb-AI2JbalAkFfBMDMU944ST5XvWPCOqgToV0C6y59xmb03-750XXzEQ0MDZiA-fxtKXw""]",mobile_app,"{""sublocality"": ""Chembur"", ""formattedAddress"": ""Flat No. 203, Wing - B, Plot No. 31, Shiv Sagar Enclave, Chembur West, Tilak Nagar, Chembur, Mumbai, Maharashtra 400089, India""}",2025-10-03T07:42:29.838Z,{},above sbi bank,"Flat No. 404 Wing - B, Plot No. 31, Shiv Sagar Enclave, Chembur West, Tilak Nagar, Chembur, Mumbai, Maharashtra 400089, India",4216779e-6533-47a8-aa83-ea7b965a199e,5d256474-b8f4-4e11-8684-19904f524519,NA,9999.0,2025-10-03T10:22:43.097Z,2026-10-03T10:22:43Z,0,assigned_4f64ef999c6a318766e8899f71356e99,1d0e4dd6-644c-4e58-9553-294c46814ae8,CANCELLED,,razorpay,,"{""discount"": ""25%"", ""isNewPlan"": false, ""pricePaid"": 7000, ""trialDays"": 30, ""toyProgram"": ""-"", ""planSavings"": 3597, ""planVersion"": ""v2"", ""trialAmount"": 99, ""trialApplied"": false, ""memberShipFees"": 0, ""bonusDeliveries"": 0, ""deliveryCharges"": 100, ""damageWaiverFees"": 999, ""refundableDeposit"": 0, ""memberShipFeesPaid"": 0, ""effectiveCostPerMonth"": 833, ""membershipFeesApplied"": false, ""refundableDepositPaid"": 0, ""planPriceDiscountAdmin"": 2999, ""securityDepositApplied"": false, ""totalKeepCountPerMonth"": 3, ""damageWaiverFeesApplied"": true, ""isUnlimitedFreeDelivery"": true, ""membershipDiscountAdmin"": 0, ""totalFreeDeliveryPerMonth"": 3, ""actualChargesForMemberShipFees"": 0, ""refundableDepositDiscountAdmin"": 0, ""actualChargesForSecurityDeposit"": 0, ""actualChargesForDamageWaiverFees"": 999}",ASSIGNED,2025-10-03T10:23:30.065Z,2025-10-22T06:15:29.41Z,,"{""amount"": 7000, ""gstApplied"": true, ""gstPercentage"": 18, ""membershipData"": {""amount"": 0, ""isMembershipFee"": true}, ""userTrialApplied"": false, ""isTrialPeriodExpired"": true, ""userDamageWaiverFeesApplied"": true}",,,5d256474-b8f4-4e11-8684-19904f524519,2025-10-22T06:15:29Z,INSTANT,{},[],{},2026-10-03T15:52:43
48e52eaa-9bfc-4175-aecc-e82bb75cbb09,UR29252,Smrithi,nayak,dnsmrithi@gmail.com,,,,"[""USER""]",true,true,false,manjunatha residency 10th main road. Jayanagar 4th block,next to hande hall,Bengaluru Urban,Karnataka,c65d7a77-87e1-4e1f-bec4-2066de201bed,7338552655,,,,,STRIPE,IST,gL5FBeYiFCyvh3fZcYRxUf/A9Pa+LC++04v3aZXIyyBZJ1I/tqiAMHLbrqScgyWkxEV7xI38FG3pnBms5rx+vy6Skn23H+wb134eFglPOlrmIZbdQI+u1gyfCFQQBerjzDlCAqMR8iUPl1Sd7TMMtg7+o19kw8w+ol86OEN9RmxRwpIMOYmGrt+Dr2I/WFojbi13o3haFo3YTe32xrPilGLieV9jEAmRNHCkwHxaqt0=,2024-10-02T10:04:03.868Z,2025-09-28T04:12:17.974Z,,,0101000000CBD58F4D726553406C1679A3A0D92940,"{""intercomId"": ""676aa54b84ea8ad44f775bc1"", ""leadSquaredData"": {""Id"": """", ""IsCreated"": true, ""RelatedId"": ""db450534-0040-4e2c-9c6c-719b9a53ea38""}}",B802C4B6,,,0.0,{},,"{""profile"": ""COMPLETED"", ""childProfile"": ""COMPLETED"", ""onboardingScreen"": ""COMPLETED""}",[],,"{""sublocality"": ""Jayanagar"", ""formattedAddress"": ""734, 734, 10th Main Rd, 4th Block, Jayanagar, Bengaluru, Karnataka 560041, India""}",2025-09-28T04:12:17.974Z,{},,,affac390-c493-42d4-a9f3-19e508975195,48e52eaa-9bfc-4175-aecc-e82bb75cbb09,,2999.0,2025-10-03T04:04:01Z,2026-10-03T04:04:01Z,0,order_ROrTGGv05mr1oo,eab965a9-9117-4d7e-aa07-d7ded0903ca5,ACTIVE,,upi,,"{""discount"": ""58.34%"", ""isNewPlan"": false, ""trialDays"": 30, ""toyProgram"": ""-"", ""planSavings"": 4200, ""planVersion"": ""v2"", ""trialAmount"": 499, ""trialApplied"": false, ""memberShipFees"": 0, ""bonusDeliveries"": 14, ""deliveryCharges"": 100, ""damageWaiverFees"": 999, ""refundableDeposit"": 0, ""effectiveCostPerMonth"": 250, ""membershipFeesApplied"": false, ""securityDepositApplied"": false, ""totalKeepCountPerMonth"": 3, ""damageWaiverFeesApplied"": true, ""isUnlimitedFreeDelivery"": false, ""totalFreeDeliveryPerMonth"": 1, ""actualChargesForMemberShipFees"": 0, ""actualChargesForSecurityDeposit"": 0, ""actualChargesForDamageWaiverFees"": 999}",PURCHASE,2025-10-03T04:03:27.652Z,2025-10-27T11:00:29.333Z,,"{""tokenId"": ""token_ROrTPBpNSCSicP"", ""deviceType"": ""MOBILE"", ""gstApplied"": true, ""paymentNotes"": {""userId"": ""48e52eaa-9bfc-4175-aecc-e82bb75cbb09"", ""isRecurringPayment"": ""true"", ""subscriptionPlanId"": ""eab965a9-9117-4d7e-aa07-d7ded0903ca5""}, ""gstPercentage"": 18, ""membershipData"": {""amount"": 0, ""isMembershipFee"": true}, ""isRecurringInit"": false, ""paymentProvider"": ""RAZOR_PAY"", ""userTrialApplied"": false, ""securityDepositData"": {""securityDepositApplied"": false}, ""isTrialPeriodExpired"": true, ""merchantTransactionId"": ""order_ROrTGGv05mr1oo"", ""userDamageWaiverFeesApplied"": true}",,,48e52eaa-9bfc-4175-aecc-e82bb75cbb09,2025-10-27T11:00:29Z,CYCLE_END,"{""reason"": ""Token cancelled""}","[""{\""status\"": \""cancelled\"", \""createdAt\"": \""2025-10-27T11:00:29+00:00\""}""]","{""couponAppliedStatus"": ""PENDING"", ""isCouponAppliedOnSubscriptionRenew"": false}",2026-10-03T09:34:01
00c1edb2-7407-4df3-a04f-06afefb9a761,UR346782,Geetanjali,Ghorpade,geetanjalighorpade@gmail.com,,,,"[""USER""]",true,true,false,"Flat 35, 6th floor, Anutej Symphony Society",Ganesh Peth,Pune,Maharashtra,39bddd7d-8141-4816-86b4-e0e587d348ab,7350340164,,,,,STRIPE,IST,gL5FBeYiFCyvh3fZcYRxUf/A9Pa+LC++04v3aZXIyyBZJ1I/tqiAMHLbrqScgyWkg14B0yvEv0i9Pt5jYc2MTQcPyI7kmj2mlVRmyqw/JrrofqVDeGpTv7QTIiZgqP89moNRkbJih1Hw+r3sJLm95Jaaw6xHPbhy0BDo3A0KwS6T4EBMCDaoIzpctds7L2dgkkQuNvHAg1ZhGdEVFd9F/Nh5YbOu/K1BR2cSX1xfnRY=,2026-06-12T07:02:06.939Z,2026-09-15T05:37:06.289Z,,,0101000000517EF733617752401470743A35843240,"{""intercomId"": ""6a2baef4b146360dfbf9860c"", ""isElefantUser"": true}",F82B8246,,,0.0,{},,"{""profile"": ""COMPLETED"", ""childProfile"": ""COMPLETED"", ""onboardingScreen"": ""COMPLETED""}",[],,"{""sublocality"": ""Ganesh Peth"", ""formattedAddress"": ""612/613, Vitthalrao Kangle Rd, Anutej Symphony Society, New Nana Peth, Ganesh Peth, Pune, Maharashtra 411002, India""}",2026-06-13T11:01:06.951Z,"{""Q1"": ""0_2"", ""Q3"": ""10_20""}","Near Parsi Agyari, Behind Hotel Choice","612/613, Vitthalrao Kangle Rd, Anutej Symphony Society, New Nana Peth, Ganesh Peth, Pune, Maharashtra 411002, India",09c28e1c-801d-46c5-b408-27ee62a94f6c,00c1edb2-7407-4df3-a04f-06afefb9a761,,5997.0,2026-06-15T10:28:09Z,2026-10-05T18:29:59.999Z,0,order_T1sBcdXvcfjOGa,03e58770-76d5-4434-9934-ea1d64e4096f,ACTIVE,,upi,,"{""discount"": ""25%"", ""isNewPlan"": false, ""trialDays"": 30, ""toyProgram"": ""-"", ""planSavings"": 3597, ""planVersion"": ""v2"", ""trialAmount"": 99, ""trialApplied"": false, ""memberShipFees"": 0, ""bonusDeliveries"": 0, ""deliveryCharges"": 100, ""sameDayDelivery"": true, ""damageWaiverFees"": 999, ""maxBigToyAllowed"": 1, ""refundableDeposit"": 0, ""moneyBackGuarantee"": 30, ""effectiveCostPerMonth"": 1999, ""membershipFeesApplied"": false, ""securityDepositApplied"": false, ""totalKeepCountPerMonth"": 3, ""damageWaiverFeesApplied"": true, ""isUnlimitedFreeDelivery"": false, ""maxToyHoldingValueAllowed"": 35000, ""totalFreeDeliveryPerMonth"": 12, ""actualChargesForMemberShipFees"": 0, ""actualChargesForSecurityDeposit"": 0, ""actualChargesForDamageWaiverFees"": 999}",ONE_TIME,2026-06-15T10:24:37.378Z,2026-07-07T11:08:46.355Z,eea9fa0e-0ba1-4a66-bd4e-3c9ab018620e,"{""deviceType"": ""MOBILE"", ""gstApplied"": true, ""promoCodeId"": ""payment_provider_461c1537ddd8d4fb2123c7b1c0e6835f"", ""paymentNotes"": {""userId"": ""00c1edb2-7407-4df3-a04f-06afefb9a761"", ""subscriptionType"": ""ONE_TIME"", ""subscriptionPlanId"": ""03e58770-76d5-4434-9934-ea1d64e4096f""}, ""gstPercentage"": 18, ""membershipData"": {""amount"": 0, ""isMembershipFee"": true}, ""isRecurringInit"": false, ""paymentProvider"": ""RAZOR_PAY"", ""userTrialApplied"": false, ""securityDepositData"": {""securityDepositApplied"": false}, ""isTrialPeriodExpired"": true, ""merchantTransactionId"": ""order_T1sBcdXvcfjOGa"", ""userDamageWaiverFeesApplied"": true}",,,,,,{},[],"{""couponId"": ""eea9fa0e-0ba1-4a66-bd4e-3c9ab018620e"", ""couponAppliedStatus"": ""PENDING"", ""isCouponAppliedOnSubscriptionRenew"": false}",2026-10-05T23:59:59.999
957d0098-9540-4a99-b8dc-6562c3477164,UR30147,Ashwini,jain,jaina4475@gmail.com,,,,"[""USER""]",true,true,false,D292,opp bank of baroda,Raipur,Chhattisgarh,d5647b3f-6b8f-4a2e-b411-bcab67a42a84,7350633991,,,,,STRIPE,IST,gL5FBeYiFCyvh3fZcYRxUf/A9Pa+LC++04v3aZXIyyBZJ1I/tqiAMHLbrqScgyWkgh1qVhQDy0u94E60/4rvajwtxKzOLDpkssVp0KvTojCqMHVrlpS5umF05uWVaTB8RfjvvnQPa78/6DElPbacR3UwpruyMzKEnhxMP53O+Mtrk5TmSqNR8oI3kMfq5rLu8/O7jslUcmzVSsPFz/4kWDAfg57x6T857yD+CJDO+c8=,2024-10-06T08:12:37.57Z,2025-01-31T11:59:58.016Z,,,0101000020E610000054FF2092216A5440E753C72AA53B3540,"{""intercomId"": ""674143d519fec50a0eb24a06"", ""leadSquaredData"": {""Id"": """", ""IsCreated"": true, ""RelatedId"": ""d345d8c8-361c-48e9-9866-265795039e9f""}}",9473E53F,,,0.0,{},,"{""profile"": ""COMPLETED"", ""childProfile"": ""COMPLETED"", ""onboardingScreen"": ""COMPLETED""}","[""euMesCfVCUlpo09BB5Rkm6:APA91bG98DJkbUttGoi-W4XLt2-rsQkM1ru0CeurQhHcHtkn1chU7U3HE4LVv8JzGcY3056_5Ru_llsn55hbUlVhPAmsg1PCL_7TEI3ORik_Wut7lSknOArsO5_xAm_zWYa1akcDOUrA""]",,{},,{},,,8aae3e89-e06c-4d86-8121-753770cdf08e,957d0098-9540-4a99-b8dc-6562c3477164,NA,9999.0,2025-10-08T06:32:07.383Z,2026-10-08T06:32:07Z,0,assigned_8315374bc716586bff31f882fa4b324f,1d0e4dd6-644c-4e58-9553-294c46814ae8,ACTIVE,,razorpay,,"{""discount"": ""25%"", ""isNewPlan"": false, ""pricePaid"": 8000, ""trialDays"": 30, ""toyProgram"": ""-"", ""planSavings"": 3597, ""planVersion"": ""v2"", ""trialAmount"": 99, ""trialApplied"": false, ""memberShipFees"": 0, ""bonusDeliveries"": 0, ""deliveryCharges"": 100, ""damageWaiverFees"": 999, ""refundableDeposit"": 0, ""memberShipFeesPaid"": 0, ""effectiveCostPerMonth"": 833, ""membershipFeesApplied"": false, ""refundableDepositPaid"": 0, ""planPriceDiscountAdmin"": 1999, ""securityDepositApplied"": false, ""totalKeepCountPerMonth"": 3, ""damageWaiverFeesApplied"": true, ""isUnlimitedFreeDelivery"": true, ""membershipDiscountAdmin"": 0, ""totalFreeDeliveryPerMonth"": 3, ""actualChargesForMemberShipFees"": 0, ""refundableDepositDiscountAdmin"": 0, ""actualChargesForSecurityDeposit"": 0, ""actualChargesForDamageWaiverFees"": 999}",ASSIGNED,2025-10-08T06:32:10.947Z,2025-10-08T06:32:10.947Z,,"{""amount"": 8000, ""gstApplied"": true, ""gstPercentage"": 18, ""membershipData"": {""amount"": 0, ""isMembershipFee"": true}, ""userTrialApplied"": false, ""isTrialPeriodExpired"": true, ""userDamageWaiverFeesApplied"": true}",,,,,,{},[],{},2026-10-08T12:02:07
3bbb4c60-8ed5-471a-8957-2de90ef45fed,UR376958,Madhvi,Patel,patelmadhvi08@gmail.com,,,,"[""USER""]",true,true,false,10 Tapovan Duplex behind soham flats near bahubali circle,Manjalpur,Vadodara,Gujarat,5d1f1c1c-08bd-449c-b798-ceee2d2fc513,7698529250,,,,,STRIPE,IST,gL5FBeYiFCyvh3fZcYRxUf/A9Pa+LC++04v3aZXIyyBZJ1I/tqiAMHLbrqScgyWkKd8vmGzVrFU2yePvy48gf1nnkWY6XIusAEDgGrDxH78xxDg/W4phuAVTpYMR3Nn5BwqOTbGpDjt3HN/JxmFTUq1ht126fYwDjN8gkJzGPUg6ukm+HoZtv7XU5s2tXbHJ2y16Rqgj5SEli5xy+1BZ5lbT4ygRGuMArE3KFUlLISc=,2026-07-03T14:19:52.487Z,2026-09-02T18:34:59.3Z,,,01010000008B834AF1C14B5240569014DB8F443640,"{""intercomId"": ""6a47c50ecf9e8950d1add7fa"", ""isElefantUser"": true}",22A27085,,,0.0,{},,"{""profile"": ""COMPLETED"", ""onboardingScreen"": ""COMPLETED""}","[""dbiNXPYrEUVFhM8j08msdE:APA91bFHYwZCIx3Y2ORftT5zNcRAhVPpApCii-dqWDSrGSk6E7SkN0beY4RQ6SXFuvj1epr4Sli_Wo0UoXLErtF8OM8Hn2SWPItwWy43RLo4LgpYf0dsNIo""]",,"{""sublocality"": ""Manjalpur"", ""formattedAddress"": ""Tapovan Duplex, 8, Tapovan Nagar, Manjalpur, Vadodara, Gujarat 390011, India""}",2026-07-03T14:37:16.923Z,"{""Q1"": ""0_2"", ""Q3"": ""10_20"", ""Q6"": ""Dhvija""}",near sai chokadi,"Tapovan Duplex, 8, Tapovan Nagar, Manjalpur, Vadodara, Gujarat 390011, India",5bf35f08-411c-47c6-9ddd-8f1a3b279507,3bbb4c60-8ed5-471a-8957-2de90ef45fed,,4497.0,2026-07-03T14:42:13Z,2026-10-03T14:42:13Z,0,order_T949mkt4dwYDor,864b3e20-b4b5-4be5-8b5c-bcd69573b6dd,ACTIVE,,upi,,"{""discount"": ""25%"", ""isNewPlan"": false, ""trialDays"": 30, ""toyProgram"": ""-"", ""planSavings"": 3597, ""planVersion"": ""v2"", ""trialAmount"": 99, ""trialApplied"": false, ""memberShipFees"": 0, ""bonusDeliveries"": 0, ""deliveryCharges"": 100, ""sameDayDelivery"": false, ""damageWaiverFees"": 299, ""maxBigToyAllowed"": 0, ""refundableDeposit"": 0, ""moneyBackGuarantee"": 30, ""effectiveCostPerMonth"": 1499, ""membershipFeesApplied"": false, ""securityDepositApplied"": false, ""totalKeepCountPerMonth"": 3, ""damageWaiverFeesApplied"": true, ""isUnlimitedFreeDelivery"": false, ""maxToyHoldingValueAllowed"": 20000, ""totalFreeDeliveryPerMonth"": 9, ""actualChargesForMemberShipFees"": 0, ""actualChargesForSecurityDeposit"": 0, ""actualChargesForDamageWaiverFees"": 299}",ONE_TIME,2026-07-03T14:40:13.185Z,2026-07-03T14:42:13.636Z,d9f45968-fdf9-45cb-a143-9bda0499e70b,"{""deviceType"": ""MOBILE"", ""gstApplied"": true, ""promoCodeId"": ""payment_provider_222024ad0be6b711af19f169bcb51d44"", ""paymentNotes"": {""userId"": ""3bbb4c60-8ed5-471a-8957-2de90ef45fed"", ""subscriptionType"": ""ONE_TIME"", ""subscriptionPlanId"": ""864b3e20-b4b5-4be5-8b5c-bcd69573b6dd""}, ""gstPercentage"": 18, ""membershipData"": {""amount"": 0, ""isMembershipFee"": true}, ""isRecurringInit"": false, ""paymentProvider"": ""RAZOR_PAY"", ""userTrialApplied"": false, ""securityDepositData"": {""securityDepositApplied"": false}, ""isTrialPeriodExpired"": true, ""merchantTransactionId"": ""order_T949mkt4dwYDor"", ""userDamageWaiverFeesApplied"": true}",,,,,,{},[],"{""couponId"": ""d9f45968-fdf9-45cb-a143-9bda0499e70b"", ""couponAppliedStatus"": ""PENDING"", ""isCouponAppliedOnSubscriptionRenew"": false}",2026-10-03T20:12:13
2596882e-c095-49f6-9447-b17c88c42e8b,UR18992,Priya,Gandhi,priyachandak3@gmail.com,,,,"[""USER""]",true,true,false,"55, Aashiyana, Jeevan Chaya Nagar","Behind UCO Bank, Near Padole Square",Nagpur,Maharashtra,f02cfcec-ce82-490a-bb18-42b4d178bf37,7709017111,,,,,STRIPE,IST,gL5FBeYiFCyvh3fZcYRxUf/A9Pa+LC++04v3aZXIyyBZJ1I/tqiAMHLbrqScgyWkPQI3uwRbN3CvRb0Hur8wre5eSmHPQKKr+UcpzTPc9bjdorQ7pvK7eQ/ltlAqi3vNX8WAzk2hEHTm1FkXJtHJoCWS68PhRjdMWEUU4jTNzrmRYQe0IA8y1Atd0tt3EXTpyGo7VZm/4FchpJQY2LvimTt29gsqDrtOSV2V71oO6Fw=,2024-08-10T10:42:58.608Z,2026-01-08T04:58:05.493Z,,,0101000020E61000009F5BE84A04C353405182FE428F1C3540,"{""intercomId"": ""66b9fc6b3d6fbc1c67660568"", ""leadSquaredData"": {""Id"": """", ""IsCreated"": true, ""RelatedId"": ""13763361-c6f7-4d43-a2d9-14c4a898cade""}}",D6D6A20E,,,0.0,"{""toy"": {""ageGroupIds"": [""e1f855a6-aab7-453b-b31c-3b6e7b780df8""], ""facilitateIds"": [""8232ab6d-aaf3-447a-b6df-e3f7add2c1a0""]}}",,"{""profile"": ""COMPLETED"", ""childProfile"": ""COMPLETED"", ""onboardingScreen"": ""COMPLETED""}","[""e8TdxjhRfkI3vAJbciIhzg:APA91bF0bkSS8ypnYg8gVRW5FOFAMwkbjwRQs4DwOTS_pPFCuWLKlpgz6A8I_T79-A2cFSK0xPw-ViHF8dsQAe5m8vEu84r1hsT0MJjs00BScAPVHmwVv_WJfcPbcau447Tv_aOPJd_G"" ""djOX2eSGIkZdkpRCpaHxTx:APA91bE19S-UBVQoYJt1Sbojrs8z8CIpIzeT3YiTrZbiRGTUdsgzXJWDudIGUMgUV6SknFFt4AwtEL2n5-mrUc9UJlxY-tfQ47_m1dkG7Uv6QqtbcEd110Y""]",,{},2025-10-06T06:12:36.262Z,{},,,146f58eb-5979-4dbe-a220-d4ff9c2d5cd3,2596882e-c095-49f6-9447-b17c88c42e8b,NA,2999.0,2025-10-06T06:26:01.029Z,2026-10-06T06:26:01Z,0,assigned_e3780ac8f3f3593131153837ed3e068b,eab965a9-9117-4d7e-aa07-d7ded0903ca5,ACTIVE,,razorpay,,"{""discount"": ""58.34%"", ""isNewPlan"": false, ""pricePaid"": 2999, ""trialDays"": 30, ""toyProgram"": ""-"", ""planSavings"": 4200, ""planVersion"": ""v2"", ""trialAmount"": 499, ""trialApplied"": false, ""memberShipFees"": 0, ""bonusDeliveries"": 14, ""deliveryCharges"": 100, ""damageWaiverFees"": 999, ""refundableDeposit"": 0, ""memberShipFeesPaid"": 0, ""effectiveCostPerMonth"": 250, ""membershipFeesApplied"": false, ""refundableDepositPaid"": 0, ""planPriceDiscountAdmin"": 0, ""securityDepositApplied"": false, ""totalKeepCountPerMonth"": 3, ""damageWaiverFeesApplied"": true, ""isUnlimitedFreeDelivery"": false, ""membershipDiscountAdmin"": 0, ""totalFreeDeliveryPerMonth"": 0, ""actualChargesForMemberShipFees"": 0, ""refundableDepositDiscountAdmin"": 0, ""actualChargesForSecurityDeposit"": 0, ""actualChargesForDamageWaiverFees"": 999}",ASSIGNED,2025-10-06T06:26:07.274Z,2025-10-06T06:26:07.274Z,,"{""amount"": 2999, ""gstApplied"": true, ""gstPercentage"": 18, ""membershipData"": {""amount"": 0, ""isMembershipFee"": true}, ""userTrialApplied"": false, ""isTrialPeriodExpired"": true, ""userDamageWaiverFeesApplied"": true}",,,,,,{},[],{},2026-10-06T11:56:01
25b95962-3bb9-4098-8408-acd123d303c1,UR614,Soniya,Doshi,doshi.soniya@gmail.com,,,,"[""USER""]",true,true,false,"A4/602, Highland Gardens",opposite clock tower,Thane,Maharashtra,b59160e4-5670-45b9-959a-3c5c80a1063d,7710045637,,,,cus_OxRuO29mhgHEsp,STRIPE,IST,gL5FBeYiFCyvh3fZcYRxUf/A9Pa+LC++04v3aZXIyyBZJ1I/tqiAMHLbrqScgyWkrQ7LceO8QdBCmLPOZD0S5nTNTkItXIZ40b0eR4/xbsXX5uD1FKftn2AjjpeEkasHR+YvKKS52G48MYQ6iLB0CW8GM8ugkcomkg68vM1KObjQQffY4HAJOZOvpdKnjldmZxO+8zAMbbEr0fSOLmRx3cFghQAXBa1sEl6/SGUr0w0=,2023-11-06T17:55:17.669Z,2026-08-15T07:33:05.661Z,,,0101000000082EA061FB3E5240F4A9BE4E45393340,"{""intercomId"": ""66aba3f43f12cc1407691214"", ""leadSquaredData"": {""Id"": ""bb79482c-bbad-47fe-acac-777143347005"", ""IsCreated"": false, ""RelatedId"": ""0b5ab73f-68e0-4c7e-ba10-2b7cc03e3134""}, ""declineSubscriptionReason"": ""I'm looking for a better price point""}",F6C02CE8,,,0.0,{},,"{""profile"": ""COMPLETED"", ""childProfile"": ""COMPLETED"", ""onboardingScreen"": ""COMPLETED""}",[],,"{""sublocality"": ""Majiwada"", ""formattedAddress"": ""Shop No 1, 8, Highland Gardens Rd, opposite clock tower, Yashaswi Nagar, Balkum Pada, Majiwada, Thane, Maharashtra 400607, India""}",,{},Highland Gardens,Highland Gardens Road,d396c84c-ae73-48f2-9d8b-8f6a76613a75,25b95962-3bb9-4098-8408-acd123d303c1,NA,2999.0,2025-10-03T13:32:19.92Z,2026-10-03T13:32:19Z,0,assigned_8d0bb8999c443ec7dd8837ebff8e4d9f,eab965a9-9117-4d7e-aa07-d7ded0903ca5,ACTIVE,,razorpay,,"{""discount"": ""58.34%"", ""isNewPlan"": false, ""pricePaid"": 2999, ""trialDays"": 30, ""toyProgram"": ""-"", ""planSavings"": 4200, ""planVersion"": ""v2"", ""trialAmount"": 499, ""trialApplied"": false, ""memberShipFees"": 0, ""bonusDeliveries"": 14, ""deliveryCharges"": 100, ""damageWaiverFees"": 999, ""refundableDeposit"": 0, ""memberShipFeesPaid"": 0, ""effectiveCostPerMonth"": 250, ""membershipFeesApplied"": false, ""refundableDepositPaid"": 0, ""planPriceDiscountAdmin"": 0, ""securityDepositApplied"": false, ""totalKeepCountPerMonth"": 3, ""damageWaiverFeesApplied"": true, ""isUnlimitedFreeDelivery"": false, ""membershipDiscountAdmin"": 0, ""totalFreeDeliveryPerMonth"": 31, ""actualChargesForMemberShipFees"": 0, ""refundableDepositDiscountAdmin"": 0, ""actualChargesForSecurityDeposit"": 0, ""actualChargesForDamageWaiverFees"": 999}",ASSIGNED,2025-10-03T13:32:29.559Z,2026-04-13T11:16:54.63Z,,"{""note"": ""6000 paid 40 deliveries"", ""amount"": 2999, ""gstApplied"": true, ""gstPercentage"": 18, ""membershipData"": {""amount"": 0, ""isMembershipFee"": true}, ""userTrialApplied"": false, ""isTrialPeriodExpired"": true, ""userDamageWaiverFeesApplied"": true}",,,,,,{},[],{},2026-10-03T19:02:19
40889371-4e05-4e48-9786-7ace6c9f71fd,UR56376,,,,,,,"[""USER""]",true,true,false,"Flat 101, Jayshankar bldg,  plot no 78, sector 29, vashi",near rajiv gandhi udyan,Thane,Maharashtra,4725a235-02b6-48c3-b9ef-8232e1401e99,7977015710,,,,,STRIPE,IST,gL5FBeYiFCyvh3fZcYRxUf/A9Pa+LC++04v3aZXIyyBZJ1I/tqiAMHLbrqScgyWkLLfkkDWSGzekQ2nhJYhhn27dAeapDbGeQKLeggAXO2pDojwTXtdax18WDsyWG0hBA2QBtebseDW6jeRAi7FufCU16bKwSpprBKq2EvNXJ4IVMwaixwvGl7MHx5HZ8iGEf1/uTt3zEboMuYeCS3JMVGeXTd3ratayzuOOzQ0LxyU=,2025-02-13T16:02:55.249Z,2025-10-22T00:39:58.391Z,,,0101000000DB70B3D36A4052404E7FF62345163340,"{""intercomId"": ""67ae17b4a94b8e1c1c712065"", ""leadSquaredData"": {""Id"": ""d3cf0448-e5af-4285-a5c7-321fd72f8385"", ""IsCreated"": true, ""RelatedId"": ""8c887a7c-5c84-4fdc-b1d8-60290f9834f5""}}",885D243A,,,0.0,{},,"{""profile"": ""COMPLETED"", ""childProfile"": ""COMPLETED"", ""onboardingScreen"": ""COMPLETED""}",[],mobile_app,"{""sublocality"": ""Vashi"", ""formattedAddress"": ""78, Sector 29, Vashi, Navi Mumbai, Maharashtra 400703, India""}",2025-08-05T06:09:25.598Z,{},,,03f2df7a-5e86-4d10-b8f1-1111a0152463,40889371-4e05-4e48-9786-7ace6c9f71fd,NA,2999.0,2025-09-29T05:14:40.153Z,2026-10-06T18:29:59.999Z,0,assigned_90c40643afe20721a8a31ae1926be142,eab965a9-9117-4d7e-aa07-d7ded0903ca5,ACTIVE,,razorpay,,"{""discount"": ""58.34%"", ""isNewPlan"": false, ""pricePaid"": 2999, ""trialDays"": 30, ""toyProgram"": ""-"", ""planSavings"": 4200, ""planVersion"": ""v2"", ""trialAmount"": 499, ""trialApplied"": false, ""memberShipFees"": 0, ""bonusDeliveries"": 14, ""deliveryCharges"": 100, ""damageWaiverFees"": 999, ""refundableDeposit"": 0, ""memberShipFeesPaid"": 0, ""effectiveCostPerMonth"": 250, ""membershipFeesApplied"": false, ""refundableDepositPaid"": 0, ""planPriceDiscountAdmin"": 0, ""securityDepositApplied"": false, ""totalKeepCountPerMonth"": 3, ""damageWaiverFeesApplied"": true, ""isUnlimitedFreeDelivery"": false, ""membershipDiscountAdmin"": 0, ""totalFreeDeliveryPerMonth"": 2, ""actualChargesForMemberShipFees"": 0, ""refundableDepositDiscountAdmin"": 0, ""actualChargesForSecurityDeposit"": 0, ""actualChargesForDamageWaiverFees"": 999}",ASSIGNED,2025-09-29T05:15:03.96Z,2025-10-09T07:18:49.04Z,,"{""note"": ""With DW, 4000 paid 16 swaps "", ""amount"": 2999, ""gstApplied"": true, ""gstPercentage"": 18, ""membershipData"": {""amount"": 0, ""isMembershipFee"": true}, ""userTrialApplied"": false, ""isTrialPeriodExpired"": true, ""userDamageWaiverFeesApplied"": true}",,,,,,{},[],{},2026-10-06T23:59:59.999
f7d0f026-6dd0-4e46-a7e0-43bb17c00691,UR177252,Anima,Mandal,anima655124@gmail.com,,,,"[""USER""]",true,true,false,The Westin Hyderabad Mindspace,HITEC City,Rangareddy,Telangana,49eca705-58a9-499c-aba5-9559f142e362,7989457681,,,,,STRIPE,IST,gL5FBeYiFCyvh3fZcYRxUf/A9Pa+LC++04v3aZXIyyBZJ1I/tqiAMHLbrqScgyWksKiUkgUQL95VGDpfZsu62FDFY0OPztLYruEGm78bPONHnw2zJ4Qh/ONZVt3yC6K1SoAWdwydNZiZ9YGUQEso25AngQbkVqXa5RQfyxtss4/rQnL0dSFE3BQVIrfwsH4a7V799HdeR7hr7Pcszk4kS5L+f4pPWdhLn6b4CwmI7VY=,2025-09-25T12:05:54.058Z,2026-07-08T17:13:20.233Z,,,0101000000392BFDDF6C985340159C0B6D4A713140,"{""intercomId"": ""68d530279748c9867e4563a4"", ""leadSquaredData"": {""Id"": ""adf3979a-87e6-4ebf-8ea7-13c8d401f9da"", ""IsCreated"": true, ""RelatedId"": ""e26151d0-5ea6-4261-bb77-6a829dffaaf6""}, ""declineSubscriptionReason"": "" My child has enough toys already""}",FFD9401E,,,0.0,{},,"{""profile"": ""COMPLETED"", ""childProfile"": ""COMPLETED"", ""onboardingScreen"": ""COMPLETED""}",[],mobile_app,"{""sublocality"": ""HITEC City"", ""formattedAddress"": ""Raheja IT Park, Mindspace, HUDA Techno Enclave, HITEC City, Hyderabad, Telangana 500081, India""}",,{},,,68382877-6770-4e2e-90f7-6e65fc2dbcc8,f7d0f026-6dd0-4e46-a7e0-43bb17c00691,NA,9999.0,2025-10-02T06:12:56.13Z,2026-10-04T18:29:59.999Z,0,assigned_5859084780dc911a4552618bd8522363,1d0e4dd6-644c-4e58-9553-294c46814ae8,ACTIVE,,razorpay,,"{""discount"": ""25%"", ""isNewPlan"": false, ""pricePaid"": 7800, ""trialDays"": 30, ""toyProgram"": ""-"", ""planSavings"": 3597, ""planVersion"": ""v2"", ""trialAmount"": 99, ""trialApplied"": false, ""memberShipFees"": 0, ""bonusDeliveries"": 0, ""deliveryCharges"": 100, ""damageWaiverFees"": 999, ""refundableDeposit"": 0, ""memberShipFeesPaid"": 0, ""effectiveCostPerMonth"": 833, ""membershipFeesApplied"": false, ""refundableDepositPaid"": 0, ""planPriceDiscountAdmin"": 2199, ""securityDepositApplied"": false, ""totalKeepCountPerMonth"": 3, ""damageWaiverFeesApplied"": true, ""isUnlimitedFreeDelivery"": true, ""membershipDiscountAdmin"": 0, ""totalFreeDeliveryPerMonth"": 3, ""actualChargesForMemberShipFees"": 0, ""refundableDepositDiscountAdmin"": 0, ""actualChargesForSecurityDeposit"": 0, ""actualChargesForDamageWaiverFees"": 999}",ASSIGNED,2025-10-04T06:12:59.663Z,2025-10-04T06:13:06.776Z,,"{""amount"": 7800, ""gstApplied"": true, ""gstPercentage"": 18, ""membershipData"": {""amount"": 0, ""isMembershipFee"": true}, ""userTrialApplied"": false, ""isTrialPeriodExpired"": true, ""userDamageWaiverFeesApplied"": true}",,,,,,{},[],{},2026-10-04T23:59:59.999
641fc891-e2d1-438c-b584-2b93a4d3214d,UR70213,AADITYA,SHIRKE,shinecreator@gmail.com,,,MALE,"[""USER""]",true,true,false,"D-502, Prerna C.H.S., Chikuwadi",Borivali West,Mumbai Suburban,Maharashtra,b098de82-9a36-413c-a9b2-a8cdc7ba498b,8097301386,,,,,STRIPE,IST,gL5FBeYiFCyvh3fZcYRxUf/A9Pa+LC++04v3aZXIyyBZJ1I/tqiAMHLbrqScgyWkQH4QrtD8TLnYR9bAfMVCiNhOR83zTYysTNMfbFW11uPfN9FHQsOQYO4aoSE3ROjSNlwZoGYei0mpJUDL5JS09oBh3CbXwmrr5WiW5sY1TzCl77vPUhDb/DIxYXg7ZBLxSJCzCGWJVe2j2G7FPFdCZSUMZXA428paYe1f3uF/RoI=,2025-03-08T05:41:19.92Z,2026-09-27T05:08:51.998Z,,,0101000000E3FDB8FDF23552408D62B9A5D5383340,"{""intercomId"": ""67cbd88568e0ae91a44ab76b"", ""isElefantUser"": true, ""leadSquaredData"": {""Id"": ""2901ac22-b70c-4ba5-98a0-ac80e51ec6b3"", ""IsCreated"": true, ""RelatedId"": ""61d83d9c-29ec-4902-afdd-2f2298ee1ab2""}}",D8D193CF,,,0.0,{},,"{""profile"": ""COMPLETED"", ""childProfile"": ""COMPLETED"", ""onboardingScreen"": ""COMPLETED""}","[""c30f7VS8IEXBq4cwkrQylX:APA91bEA-_qKDI-cz3ofYVjhLlBTbqaMTOD4JGKSziJnsyZ6IPTbYtPJtPm86L2XEkbS-OJOCbSkcC9IE44uv_pgFaJ6PBLPsmActbj_ijDgCKtOXl4Zrww""]",mobile_app,"{""sublocality"": ""Borivali West"", ""formattedAddress"": ""6RCV+R54, Shimpoli, Borivali West, Mumbai, Maharashtra 400092, India""}",2026-07-05T16:08:49.165Z,"{""Q1"": ""0_2"", ""Q3"": ""0_5"", ""Q6"": ""Yash""}",Borivali West,"6RCV+R54, Shimpoli, Borivali West, Mumbai, Maharashtra 400092, India",f0e9cfa3-8286-4417-856e-a0d97f2cfd0f,641fc891-e2d1-438c-b584-2b93a4d3214d,8097301386,5997.0,2026-07-07T07:57:44Z,2026-10-07T07:57:44Z,0,assigned_aa7435929ea94de4d0d4e8640e1b8076,03e58770-76d5-4434-9934-ea1d64e4096f,ACTIVE,,razorpay,,"{""discount"": ""25%"", ""isNewPlan"": false, ""pricePaid"": 4700, ""trialDays"": 30, ""toyProgram"": ""-"", ""planSavings"": 3597, ""planVersion"": ""v2"", ""trialAmount"": 99, ""trialApplied"": false, ""memberShipFees"": 0, ""bonusDeliveries"": 0, ""deliveryCharges"": 100, ""sameDayDelivery"": true, ""damageWaiverFees"": 999, ""maxBigToyAllowed"": 1, ""refundableDeposit"": 0, ""memberShipFeesPaid"": 0, ""moneyBackGuarantee"": 30, ""effectiveCostPerMonth"": 1999, ""membershipFeesApplied"": false, ""refundableDepositPaid"": 0, ""planPriceDiscountAdmin"": 1297, ""securityDepositApplied"": false, ""totalKeepCountPerMonth"": 3, ""damageWaiverFeesApplied"": true, ""isUnlimitedFreeDelivery"": false, ""membershipDiscountAdmin"": 0, ""maxToyHoldingValueAllowed"": 35000, ""totalFreeDeliveryPerMonth"": 12, ""actualChargesForMemberShipFees"": 0, ""refundableDepositDiscountAdmin"": 0, ""actualChargesForSecurityDeposit"": 0, ""actualChargesForDamageWaiverFees"": 999}",ASSIGNED,2026-07-05T16:46:58.797Z,2026-07-07T07:57:44.505Z,,"{""note"": ""Quarter max 4700"", ""amount"": 4700, ""gstApplied"": true, ""gstPercentage"": 18, ""membershipData"": {""amount"": 0, ""isMembershipFee"": true}, ""userTrialApplied"": false, ""isTrialPeriodExpired"": true, ""userDamageWaiverFeesApplied"": true}",,,,,,{},[],{},2026-10-07T13:27:44
bbe2ef17-f96c-47cb-a492-dbf4a9e6055c,UR271701,,,,,,,"[""USER""]",true,true,false,GCMH+GF Mettakanigudem,Mettakanigudem,Medchal-Malkajgiri,Telangana,22fc92db-8933-47bc-9354-6753a39f2abf,8106106322,,,,,STRIPE,IST,gL5FBeYiFCyvh3fZcYRxUf/A9Pa+LC++04v3aZXIyyBZJ1I/tqiAMHLbrqScgyWkt4C5ZelT5gkdDaELrOzVGX/kXIlzsg4gTjfyn5nvY0Ha+/JMHzRiw/YsHBBbLkOE6PP4l6lDZ/lgoNMIrxEIF++MrJIUU+SS21nKvJM8S1XZSVxMAHGozTnyEi42TEBe41DOD0TP6hhTBDj/R052P2VvKHI6OSRU2kWYYuvK+K4=,2026-05-08T13:36:52.198Z,2026-06-03T06:39:05.821Z,,,010100000098FC4FFE6E9B5340F2576DA3A6883140,"{""intercomId"": ""69fde6f9962cbcec3e29d63c"", ""isElefantUser"": true, ""isQuestionAnswereOnBoardCompleted"": true}",44B336A3,,,0.0,{},,"{""profile"": ""COMPLETED"", ""onboardingScreen"": ""COMPLETED""}",[],,"{""sublocality"": ""Mettakanigudem"", ""formattedAddress"": ""GCMH+GF, Mettakanigudem, Hyderabad, Telangana 500055, India""}",2026-06-03T06:39:05.82Z,"{""Q1"": ""2_5"", ""Q2"": ""1_2hrs"", ""Q3"": ""5_10"", ""Q4"": ""energetic"", ""Q6"": ""Agasthyaveer""}",,,ead360ff-eed3-4f68-bf35-3cab2f9e9402,bbe2ef17-f96c-47cb-a492-dbf4a9e6055c,918106106322,5997.0,2026-07-08T15:00:35Z,2026-10-08T15:00:35Z,0,assigned_f5a8bfe153b4eea0c7d0ae9e7b1e9fa2,03e58770-76d5-4434-9934-ea1d64e4096f,ACTIVE,,razorpay,,"{""discount"": ""25%"", ""isNewPlan"": false, ""pricePaid"": 4000, ""trialDays"": 30, ""toyProgram"": ""-"", ""planSavings"": 3597, ""planVersion"": ""v2"", ""trialAmount"": 99, ""trialApplied"": false, ""memberShipFees"": 0, ""bonusDeliveries"": 0, ""deliveryCharges"": 100, ""sameDayDelivery"": true, ""damageWaiverFees"": 999, ""maxBigToyAllowed"": 1, ""refundableDeposit"": 0, ""memberShipFeesPaid"": 0, ""moneyBackGuarantee"": 30, ""effectiveCostPerMonth"": 1999, ""membershipFeesApplied"": false, ""refundableDepositPaid"": 0, ""planPriceDiscountAdmin"": 1997, ""securityDepositApplied"": false, ""totalKeepCountPerMonth"": 3, ""damageWaiverFeesApplied"": true, ""isUnlimitedFreeDelivery"": false, ""membershipDiscountAdmin"": 0, ""maxToyHoldingValueAllowed"": 35000, ""totalFreeDeliveryPerMonth"": 12, ""actualChargesForMemberShipFees"": 0, ""refundableDepositDiscountAdmin"": 0, ""actualChargesForSecurityDeposit"": 0, ""actualChargesForDamageWaiverFees"": 999}",ASSIGNED,2026-07-04T09:16:04.944Z,2026-07-08T15:00:35.494Z,,"{""note"": ""Quarter max 4000"", ""amount"": 4000, ""gstApplied"": true, ""gstPercentage"": 18, ""membershipData"": {""amount"": 0, ""isMembershipFee"": true}, ""userTrialApplied"": false, ""isTrialPeriodExpired"": true, ""userDamageWaiverFeesApplied"": true}",,,,,,{},[],{},2026-10-08T20:30:35
6c9438ae-3af1-4065-bf38-76d7c39aacad,UR181906,,,,,,,"[""USER""]",true,true,false,A3A Ramprasta colony,near deed memorial school,Ghaziabad,Uttar Pradesh,85bae332-8454-4db6-866c-a4509371d3b4,8130905599,,,,,STRIPE,IST,gL5FBeYiFCyvh3fZcYRxUf/A9Pa+LC++04v3aZXIyyBZJ1I/tqiAMHLbrqScgyWkSjBVF4j7hg0vvhyZzpyRb9PMPk+ZUazKihGNlw1y3/tVnbGqwHU++TV8YkJ9tzeLG/YaGQwiCJAlQXR9np1dEX9bftTAP+SGrcccnIdZd+24eeQnaY32aDr+Tk0CoTRZUL5BsRHzS/h0UcAiVKQhNA5otkpjX24GPX1thaeB1NA=,2025-10-05T13:07:43.229Z,2025-10-06T18:17:52.155Z,,,01010000005DF3F45B85545340B93BC670D0A73C40,"{""intercomId"": ""68e26da488c0dd18cd312321"", ""leadSquaredData"": {""Id"": ""506b0323-3a3c-485f-9490-70b92753ee02"", ""IsCreated"": true, ""RelatedId"": ""b004b1da-e74a-493c-bbb2-fd0c3a845525""}}",7B6347C3,,,0.0,{},,"{""profile"": ""COMPLETED"", ""childProfile"": ""COMPLETED"", ""onboardingScreen"": ""COMPLETED""}",[],mobile_app,"{""sublocality"": ""Surya Nagar"", ""formattedAddress"": ""A/1/A, Ramprastha Colony, Block A, Surya Nagar, Ghaziabad, Uttar Pradesh 201011, India""}",,{},,,907825c9-fd2b-4c41-8ae7-5e493172621f,6c9438ae-3af1-4065-bf38-76d7c39aacad,NA,2999.0,2025-10-06T06:28:13.854Z,2026-10-06T06:28:13Z,0,assigned_0eb06bfec4eee5cfa12482f54957ded5,eab965a9-9117-4d7e-aa07-d7ded0903ca5,ACTIVE,,razorpay,,"{""discount"": ""58.34%"", ""isNewPlan"": false, ""pricePaid"": 2999, ""trialDays"": 30, ""toyProgram"": ""-"", ""planSavings"": 4200, ""planVersion"": ""v2"", ""trialAmount"": 499, ""trialApplied"": false, ""memberShipFees"": 0, ""bonusDeliveries"": 14, ""deliveryCharges"": 100, ""damageWaiverFees"": 999, ""refundableDeposit"": 0, ""memberShipFeesPaid"": 0, ""effectiveCostPerMonth"": 250, ""membershipFeesApplied"": false, ""refundableDepositPaid"": 0, ""planPriceDiscountAdmin"": 0, ""securityDepositApplied"": false, ""totalKeepCountPerMonth"": 3, ""damageWaiverFeesApplied"": true, ""isUnlimitedFreeDelivery"": false, ""membershipDiscountAdmin"": 0, ""totalFreeDeliveryPerMonth"": 0, ""actualChargesForMemberShipFees"": 0, ""refundableDepositDiscountAdmin"": 0, ""actualChargesForSecurityDeposit"": 0, ""actualChargesForDamageWaiverFees"": 999}",ASSIGNED,2025-10-06T06:28:26.624Z,2025-10-06T06:28:26.624Z,,"{""amount"": 2999, ""gstApplied"": true, ""gstPercentage"": 18, ""membershipData"": {""amount"": 0, ""isMembershipFee"": true}, ""userTrialApplied"": false, ""isTrialPeriodExpired"": true, ""userDamageWaiverFeesApplied"": false}",,,,,,{},[],{},2026-10-06T11:58:13
681621c2-1d73-44b0-9520-1cfebdef6878,UR321248,,,,,,,"[""USER""]",true,true,false,Shop no.7 F-type Market beside Pawan Hotel Sector 3 CBD Belapur,CBD Belapur,Thane,Maharashtra,9220a94c-0d3e-47f5-917f-9df1f41f9396,8196907373,,,,,STRIPE,IST,gL5FBeYiFCyvh3fZcYRxUf/A9Pa+LC++04v3aZXIyyBZJ1I/tqiAMHLbrqScgyWk8U0gVTb7wbwxbvVQGkP9zrB4kUk9BF7bBmmra9SzvnDa0LgXF0wEH1F2N5741Vuv3LpsiTDhdubnDkKklwVh6QS3HurnwEqJU8lnhVbNbQCcw4eZfjfyRDRkaY3cPS6ROjUNgOPAhn7b8MkMOjw804II2/TZhjmrzx25TavgsY4=,2026-05-29T08:17:49.805Z,2026-06-17T14:46:34.126Z,,,0101000000A9B008B4AA425240DE7C7E73DA063340,"{""intercomId"": ""6a194bb39c2365bc2b79cdb2"", ""isElefantUser"": true, ""isQuestionAnswereOnBoardCompleted"": true}",AA399B23,,,0.0,{},,"{""profile"": ""COMPLETED"", ""onboardingScreen"": ""COMPLETED""}",[],,"{""sublocality"": ""CBD Belapur"", ""formattedAddress"": ""Shop no.7, F-type Market, beside Pawan Hotel, Sector 3, CBD Belapur, Navi Mumbai, Maharashtra 400614, India""}",,"{""Q1"": ""0_2"", ""Q2"": ""less_1hr"", ""Q3"": ""0_5"", ""Q4"": ""energetic"", ""Q6"": ""Gursant Singh""}",,,d92d4f96-2d66-430d-bdad-e541141ebe44,681621c2-1d73-44b0-9520-1cfebdef6878,,4497.0,2026-06-19T10:58:39Z,2026-10-04T10:58:00Z,0,gift_card_ece23ba90dbf9165326d5e571c898d14,864b3e20-b4b5-4be5-8b5c-bcd69573b6dd,ACTIVE,,,,"{""discount"": ""25%"", ""isNewPlan"": false, ""trialDays"": 30, ""toyProgram"": ""-"", ""planSavings"": 3597, ""planVersion"": ""v2"", ""trialAmount"": 99, ""trialApplied"": false, ""memberShipFees"": 0, ""bonusDeliveries"": 0, ""deliveryCharges"": 100, ""sameDayDelivery"": false, ""damageWaiverFees"": 299, ""maxBigToyAllowed"": 0, ""refundableDeposit"": 0, ""moneyBackGuarantee"": 30, ""effectiveCostPerMonth"": 1499, ""membershipFeesApplied"": false, ""securityDepositApplied"": false, ""totalKeepCountPerMonth"": 3, ""damageWaiverFeesApplied"": true, ""isUnlimitedFreeDelivery"": false, ""maxToyHoldingValueAllowed"": 20000, ""totalFreeDeliveryPerMonth"": 9, ""actualChargesForMemberShipFees"": 0, ""actualChargesForSecurityDeposit"": 0, ""actualChargesForDamageWaiverFees"": 299}",GIFT_CARD,2026-06-19T10:58:39.478Z,2026-06-19T10:58:39.478Z,,"{""giftCardId"": ""96efd735-d22b-4f22-938c-0caa2fea4739"", ""gstApplied"": false, ""gstPercentage"": 0, ""userTrialApplied"": false, ""isTrialPeriodExpired"": true, ""userDamageWaiverFeesApplied"": false}",,,,,,{},[],{},2026-10-04T16:28:00
83cfe4c9-0337-4fca-9be2-04b25db8138b,UR181218,Umesh,Saruk,sarukumesh1@gmail.com,,,,"[""USER""]",true,true,false,B 2102,behind hotel samadhan,Pune,Maharashtra,e1134d71-7252-46be-ba63-aa4a79e26fb3,8652175371,,,,,STRIPE,IST,gL5FBeYiFCyvh3fZcYRxUf/A9Pa+LC++04v3aZXIyyBZJ1I/tqiAMHLbrqScgyWk1t3SvxTGWzq9+K5MF6kMwCM4SAuCQpNnRxY75lz0ruZCF3EaRYi+eCpNUpSOW/JMK5TMWppOVUducHRQ2eOvtJAbqeCUiYDWmtV97uyyEUUE0OjSsJPGTr3Bar9junVPVzK7qWi7P1tTJWrCG/9tzvxk4lqJDItf+PC0v5HyT4o=,2025-10-04T06:18:44.702Z,2026-09-29T18:21:59.377Z,,,0101000020E61000007B3CE3B1D56F5240E94482A966A23240,"{""intercomId"": ""68e0bc4ab48e5c75ce0f23ff"", ""leadSquaredData"": {""Id"": ""162f70dc-5961-4175-bd34-f7712919e4e3"", ""IsCreated"": true, ""RelatedId"": ""f2b64097-61c9-45d5-83e7-4c69cf6409d4""}}",FF3420A0,,,0.0,{},,"{""profile"": ""COMPLETED"", ""childProfile"": ""COMPLETED"", ""onboardingScreen"": ""COMPLETED""}","[""f2pgQHjrdU2UgYZsfM6xPh:APA91bHLjXVXrHdzG0spoHTYkNzy3ttx1q0xQ8qcBoN48SYVCIvEtYkdhq4Bq8yO6REg2HfHksIGWhVxWxNNKgherwYMGgLtI9ueUr_R8_hW4xtDY5k1SSc""]",mobile_app,"{""sublocality"": ""Punawale"", ""formattedAddress"": ""Block-B, 7 PLUMERIA DRIVE, 7 Plumeria Dr St, Vishnu Dev Nagar, Punawale, Pimpri-Chinchwad, Dattwadi, Maharashtra 411033, India""}",,{},7 Plumeria Drive,"7 Plumeria Dr St, Vishnu Dev Nagar, Punawale, Pimpri-Chinchwad, Dattwadi, Maharashtra 411033, India",b6fa10fd-2522-43cf-b0d0-7bd151c05e7d,83cfe4c9-0337-4fca-9be2-04b25db8138b,NA,9999.0,2025-10-04T06:36:31.471Z,2026-10-04T06:36:31Z,0,assigned_ac9a4878173d2e9894dc7a2b64231c8d,1d0e4dd6-644c-4e58-9553-294c46814ae8,CANCELLED,,razorpay,,"{""discount"": ""25%"", ""isNewPlan"": false, ""pricePaid"": 8258, ""trialDays"": 30, ""toyProgram"": ""-"", ""planSavings"": 3597, ""planVersion"": ""v2"", ""trialAmount"": 99, ""trialApplied"": false, ""memberShipFees"": 0, ""bonusDeliveries"": 0, ""deliveryCharges"": 100, ""damageWaiverFees"": 999, ""refundableDeposit"": 0, ""memberShipFeesPaid"": 0, ""effectiveCostPerMonth"": 833, ""membershipFeesApplied"": false, ""refundableDepositPaid"": 0, ""planPriceDiscountAdmin"": 1741, ""securityDepositApplied"": false, ""totalKeepCountPerMonth"": 3, ""damageWaiverFeesApplied"": true, ""isUnlimitedFreeDelivery"": true, ""membershipDiscountAdmin"": 0, ""totalFreeDeliveryPerMonth"": 3, ""actualChargesForMemberShipFees"": 0, ""refundableDepositDiscountAdmin"": 0, ""actualChargesForSecurityDeposit"": 0, ""actualChargesForDamageWaiverFees"": 999}",ASSIGNED,2025-10-04T06:36:35.211Z,2025-12-06T07:37:06.85Z,,"{""amount"": 8258, ""gstApplied"": true, ""gstPercentage"": 18, ""membershipData"": {""amount"": 0, ""isMembershipFee"": true}, ""userTrialApplied"": false, ""isTrialPeriodExpired"": true, ""userDamageWaiverFeesApplied"": true}",,,,,,{},[],{},2026-10-04T12:06:31
1bb2ebbf-ed83-4a3e-8006-9af1b6c56b6b,UR366200,shraddha,madhavi,patlushraddha@gmail.com,,,,"[""USER""]",true,true,false,Trimurti Bhavan Mulund - Airoli Rd near Hotel Milona Diva Gaothan Sector 9 Airoli,Airoli,Thane,Maharashtra,d44137e5-4f4e-4348-91b8-a8dd9e89273a,8767082578,,,,,STRIPE,IST,gL5FBeYiFCyvh3fZcYRxUf/A9Pa+LC++04v3aZXIyyBZJ1I/tqiAMHLbrqScgyWkoifLzL33Nr8PkGkywtWmUE7DFcFzb4SrhDQ5Czzic7HPgwdwWN92OuMTPToZnakELcNu9RJ71G+nqp+29Nail9wpUlzV0iWOpUh1+QrjWUIVIS8VUKho/B94UzRlKDZvN8rPghbm+r6KmhSo/3iqXuwe0US6UwlirFpUw5ZX9mQ=,2026-06-27T10:53:39.881Z,2026-08-30T17:16:32.314Z,,,0101000000AAD4B3BA903F52406A39E354D8253340,"{""intercomId"": ""6a3fabb9c564423208ff5ae1"", ""isElefantUser"": true}",913E65B1,,,0.0,{},,"{""profile"": ""COMPLETED"", ""childProfile"": ""COMPLETED"", ""onboardingScreen"": ""COMPLETED""}","[""cgr90C6h7EUNhwD8Tigmr1:APA91bFp5ViOYbalBRSJdu7EkJtIBiA7apr3TwSp1wHAv0Xwahl3wxk_sOK1DK-LyQw6XbqKys55EF_-oMy2PwcBSTUpumXQvcRowzO6oyyO2vpTrZfSSyk""]",,"{""sublocality"": ""Airoli"", ""formattedAddress"": ""Trimurti Bhavan, Mulund - Airoli Rd, near Hotel Milona, Diva Gaothan, Sector 9, Airoli, Navi Mumbai, Maharashtra 400708, India""}",,"{""Q1"": ""0_2"", ""Q3"": ""5_10"", ""Q6"": ""Krishiv""}",room no 201,"Trimurti Bhavan, Mulund - Airoli Rd, near Hotel Milona, Diva Gaothan, Sector 9, Airoli, Navi Mumbai, Maharashtra 400708, India",70efa4d0-9138-4f29-a64f-8610fce4e46a,1bb2ebbf-ed83-4a3e-8006-9af1b6c56b6b,,5997.0,2026-07-08T07:18:27Z,2026-10-08T07:18:27Z,0,order_T9lTzAVJCx8KTv,03e58770-76d5-4434-9934-ea1d64e4096f,ACTIVE,,upi,,"{""discount"": ""25%"", ""isNewPlan"": false, ""trialDays"": 30, ""toyProgram"": ""-"", ""planSavings"": 3597, ""planVersion"": ""v2"", ""trialAmount"": 99, ""trialApplied"": false, ""memberShipFees"": 0, ""bonusDeliveries"": 0, ""deliveryCharges"": 100, ""sameDayDelivery"": true, ""damageWaiverFees"": 999, ""maxBigToyAllowed"": 1, ""refundableDeposit"": 0, ""moneyBackGuarantee"": 30, ""effectiveCostPerMonth"": 1999, ""membershipFeesApplied"": false, ""securityDepositApplied"": false, ""totalKeepCountPerMonth"": 3, ""damageWaiverFeesApplied"": true, ""isUnlimitedFreeDelivery"": false, ""maxToyHoldingValueAllowed"": 35000, ""totalFreeDeliveryPerMonth"": 12, ""actualChargesForMemberShipFees"": 0, ""actualChargesForSecurityDeposit"": 0, ""actualChargesForDamageWaiverFees"": 999}",ONE_TIME,2026-07-05T09:03:09.97Z,2026-07-08T07:18:27.437Z,eea9fa0e-0ba1-4a66-bd4e-3c9ab018620e,"{""deviceType"": ""MOBILE"", ""gstApplied"": true, ""promoCodeId"": ""payment_provider_461c1537ddd8d4fb2123c7b1c0e6835f"", ""paymentNotes"": {""userId"": ""1bb2ebbf-ed83-4a3e-8006-9af1b6c56b6b"", ""subscriptionType"": ""ONE_TIME"", ""subscriptionPlanId"": ""03e58770-76d5-4434-9934-ea1d64e4096f""}, ""gstPercentage"": 18, ""membershipData"": {""amount"": 0, ""isMembershipFee"": true}, ""isRecurringInit"": false, ""paymentProvider"": ""RAZOR_PAY"", ""userTrialApplied"": false, ""securityDepositData"": {""securityDepositApplied"": false}, ""isTrialPeriodExpired"": true, ""merchantTransactionId"": ""order_T9lTzAVJCx8KTv"", ""userDamageWaiverFeesApplied"": true}",,,,,,{},[],"{""couponId"": ""eea9fa0e-0ba1-4a66-bd4e-3c9ab018620e"", ""couponAppliedStatus"": ""PENDING"", ""isCouponAppliedOnSubscriptionRenew"": false}",2026-10-08T12:48:27
fcda0a73-f791-4617-abf9-15f905d49a28,UR262197,Ratika,,ratika.mishra@gmail.com,,,,"[""USER""]",true,true,false,addres lune one,above small wonder play school 2nd floor,New Delhi,Delhi,7557c22f-1b69-40fe-b567-20c47994bcf5,8770793171,,,,,STRIPE,IST,gL5FBeYiFCyvh3fZcYRxUf/A9Pa+LC++04v3aZXIyyBZJ1I/tqiAMHLbrqScgyWkIigqSmxXSFuOIbkYb2E2oxkDfG0Yiy3voQnLgovHw7RS5Kj/Cx9HpxxWW3z7Bn8lvWDo8+N4cfsnWnkSc9O4bUnivMNAQvUWrqJYAvFTvAiv8533jjgPZ8hK1LsBtZJiuxQl2QJ4cZ1aUS3NX/0d6JrH0DJAnEc99OZC9TZuwG0=,2026-05-05T06:37:30.261Z,2026-09-05T13:01:25.569Z,,,0101000000F5E3EEF0C0505340FE9053097F893C40,"{""intercomId"": ""69f9902f236d1c9ca87fe112"", ""isElefantUser"": true, ""declineSubscriptionReason"": ""I'm looking for a better price point"", ""isQuestionAnswereOnBoardCompleted"": true}",F9C8E8C4,,,0.0,{},,"{""profile"": ""COMPLETED"", ""childProfile"": ""COMPLETED"", ""onboardingScreen"": ""COMPLETED""}","[""cg-XuhVTwEEduyqftqN6XL:APA91bFMYcv93TBBp_uSKUR3lRc9v2BPEQfRL0YF-w7jcEaSBhcH3pB5vMK5USOMnSvyN-_g0X1JWhVplhCC0wdnXx00dJdSMRpJ1SaTaPaSHV0tfo2aZ5M""]",,"{""sublocality"": ""Kalkaji"", ""formattedAddress"": ""457/6, 457, Govindpuri, Kalkaji, New Delhi, Delhi 110019, India""}",2026-05-05T06:51:32.593Z,"{""Q1"": ""0_2"", ""Q2"": ""1_2hrs"", ""Q3"": ""0_5"", ""Q4"": ""energetic"", ""Q6"": ""Kara""}",addresline 2,"457/6, 457, Govindpuri, Kalkaji, New Delhi, Delhi 110019, India",b8588e0a-c9ec-44a2-a10c-c2bd5897bf11,fcda0a73-f791-4617-abf9-15f905d49a28,,4497.0,2026-05-06T02:55:36Z,2026-10-04T18:29:59.999Z,0,order_SlbxkdFyS6uXbz,fb78986a-f47a-49e7-bf6a-5850cfe308ca,ACTIVE,,upi,,"{""discount"": ""25%"", ""isNewPlan"": false, ""trialDays"": 30, ""toyProgram"": ""-"", ""planSavings"": 3597, ""planVersion"": ""v2"", ""trialAmount"": 99, ""trialApplied"": false, ""memberShipFees"": 0, ""bonusDeliveries"": 0, ""deliveryCharges"": 100, ""sameDayDelivery"": true, ""damageWaiverFees"": 999, ""maxBigToyAllowed"": 1, ""refundableDeposit"": 0, ""moneyBackGuarantee"": 30, ""effectiveCostPerMonth"": 1499, ""membershipFeesApplied"": false, ""planPriceDiscountAdmin"": -399001, ""securityDepositApplied"": false, ""totalKeepCountPerMonth"": 3, ""damageWaiverFeesApplied"": true, ""isUnlimitedFreeDelivery"": false, ""maxToyHoldingValueAllowed"": 35000, ""totalFreeDeliveryPerMonth"": 15, ""actualChargesForMemberShipFees"": 0, ""actualChargesForSecurityDeposit"": 0, ""actualChargesForDamageWaiverFees"": 999}",ONE_TIME,2026-05-06T02:55:36.925Z,2026-06-08T06:19:48.496Z,,"{""amount"": 400000, ""deviceType"": ""MOBILE"", ""gstApplied"": true, ""paymentNotes"": {""userId"": ""fcda0a73-f791-4617-abf9-15f905d49a28"", ""paymentLinkId"": ""fbb2e69d-f759-4661-a63f-f1fb8226a6dd"", ""subscriptionPlanId"": ""fb78986a-f47a-49e7-bf6a-5850cfe308ca""}, ""gstPercentage"": 18, ""paymentLinkId"": ""fbb2e69d-f759-4661-a63f-f1fb8226a6dd"", ""membershipData"": {""amount"": 0, ""isMembershipFee"": false}, ""isRecurringInit"": false, ""paymentProvider"": ""RAZOR_PAY"", ""userTrialApplied"": false, ""securityDepositData"": {""amount"": 0, ""securityDepositApplied"": false}, ""isTrialPeriodExpired"": true, ""merchantTransactionId"": ""order_SlbxkdFyS6uXbz"", ""userDamageWaiverFeesApplied"": true}",,,,,,{},[],{},2026-10-04T23:59:59.999
d43fdce0-310f-4986-aa18-09de31cd002a,UR182455,Ashwin,Daniel,ashmartindaniel@gmail.com,,,,"[""USER""]",true,true,false,"2nd Floor, No 179, Kripa Nilayam, St Thomas Layout, Chikanagamangala Road,",,Doddanagamangala Village,Karnataka,addd1723-d2c4-46d8-9466-a7c315a2f434,8867840376,,,,,STRIPE,IST,gL5FBeYiFCyvh3fZcYRxUf/A9Pa+LC++04v3aZXIyyBZJ1I/tqiAMHLbrqScgyWkwLgytr3fpuY2SmrrxymODI0DbmKdswz0d6mxNA/wYX5cjkqqLMA4/SB55FNraQa/o/wwloxCnsPOn6B2uasqejaVo4W9cxaW5XB9ZMw9XJm6uWFXcEwa/f3Vm8vW7hxokuxGwY05JiDsLLPjewFJtsnQMV23SWOVHBia1ma+Grs=,2025-10-06T16:34:06.877Z,2026-09-19T05:56:07.261Z,,,01010000007E778604E76B5340EA735A5C88BA2940,"{""intercomId"": ""68e3ef846dc843e4921d3bd7"", ""leadSquaredData"": {""Id"": ""0aaebd74-112c-4dad-a784-21a74873985f"", ""IsCreated"": true, ""RelatedId"": ""35ca0806-4896-4a47-a287-ed9ebfa5af9e""}, ""hasToyHoldingMismatch"": false}",5A5EB32B,,,0.0,{},,"{""profile"": ""COMPLETED"", ""childProfile"": ""COMPLETED"", ""onboardingScreen"": ""COMPLETED""}",[],mobile_app,"{""sublocality"": ""Rayasandra"", ""formattedAddress"": ""VM7P+MCQ, Rayasandra, Doddanagamangala Village, Karnataka 560099, India""}",,{},"Doddanagamangala, Electronic City Phase 2","VM7P+MCQ, Rayasandra, Doddanagamangala Village, Karnataka 560099, India",596c0ebe-21fa-4338-8fb8-e8d8d5b36f3e,d43fdce0-310f-4986-aa18-09de31cd002a,,2999.0,2025-10-07T03:11:55Z,2026-10-07T03:11:55Z,0,order_RQQhX60dNhBWPm,eab965a9-9117-4d7e-aa07-d7ded0903ca5,ACTIVE,,emi,,"{""discount"": ""58.34%"", ""isNewPlan"": false, ""trialDays"": 30, ""toyProgram"": ""-"", ""planSavings"": 4200, ""planVersion"": ""v2"", ""trialAmount"": 499, ""trialApplied"": false, ""memberShipFees"": 0, ""bonusDeliveries"": 14, ""deliveryCharges"": 100, ""damageWaiverFees"": 999, ""refundableDeposit"": 0, ""effectiveCostPerMonth"": 250, ""membershipFeesApplied"": false, ""securityDepositApplied"": false, ""totalKeepCountPerMonth"": 3, ""damageWaiverFeesApplied"": true, ""isUnlimitedFreeDelivery"": false, ""totalFreeDeliveryPerMonth"": 1, ""actualChargesForMemberShipFees"": 0, ""actualChargesForSecurityDeposit"": 0, ""actualChargesForDamageWaiverFees"": 999}",ONE_TIME,2025-10-07T03:10:14.504Z,2025-10-13T06:09:43.726Z,,"{""deviceType"": ""MOBILE"", ""gstApplied"": true, ""paymentNotes"": {""userId"": ""d43fdce0-310f-4986-aa18-09de31cd002a"", ""subscriptionType"": ""ONE_TIME"", ""subscriptionPlanId"": ""eab965a9-9117-4d7e-aa07-d7ded0903ca5""}, ""gstPercentage"": 18, ""membershipData"": {""amount"": 0, ""isMembershipFee"": true}, ""isRecurringInit"": false, ""paymentProvider"": ""RAZOR_PAY"", ""userTrialApplied"": false, ""securityDepositData"": {""securityDepositApplied"": false}, ""isTrialPeriodExpired"": true, ""merchantTransactionId"": ""order_RQQhX60dNhBWPm"", ""userDamageWaiverFeesApplied"": true}",,,,,,{},[],"{""couponAppliedStatus"": ""PENDING"", ""isCouponAppliedOnSubscriptionRenew"": false}",2026-10-07T08:41:55
f6c9e84a-8e99-44d5-9b9b-1f81a2b5e0c0,UR370204,Riya,Shah,riyarjs@gmail.com,,,,"[""USER""]",true,true,false,1901/1902 kedar darshan kosmos developers,above uco bank,Mumbai,Maharashtra,b098de82-9a36-413c-a9b2-a8cdc7ba498b,8879073584,,,,,STRIPE,IST,gL5FBeYiFCyvh3fZcYRxUf/A9Pa+LC++04v3aZXIyyBZJ1I/tqiAMHLbrqScgyWkA2h95byFp0iHLvk5sicMwrUa2kxRUD/Dtss2bFgiZlz6Nv7Ks2UzpCIowIYzETXguYlKwj7snDcC5Ev9AtLJ+p0AuwcaMKWqT88nPnOnQgjXD1qbw+mFnU5btU+iaPXld/30ykR3s4k8bDvy1UUMRPfCkE/DgsVCH2Bnio51h/g=,2026-06-30T02:10:24.468Z,2026-09-19T23:15:59.152Z,,,0101000020E6100000D513A7A418365240BFA2B6685C393340,"{""intercomId"": ""6a4325962f3c9f181542df4e"", ""isElefantUser"": true}",54F4E788,,,0.0,{},,"{""profile"": ""COMPLETED"", ""onboardingScreen"": ""COMPLETED""}","[""djbcywEPEkjyqY_6ZXc9yr:APA91bEvEnJzVPnQzhy4rKStHY4SF30wn6doJZ_a9qLIzT701k1TRzM7O3lLD5T90tLf1BGtXgHS98B_YXzHYE-G3V5MeNt8rVoCTMnHTHYe6pPFko0XMVw""]",,"{""sublocality"": ""Borivali"", ""formattedAddress"": ""6RFW+J47, Rameshwar Darshan CHS, Babhai Naka, Borivali, Mumbai, Maharashtra 400092, India""}",,"{""Q1"": ""0_2"", ""Q3"": ""10_20"", ""Q6"": ""Ahaan Shah""}",shimpoli road borivali west,6RFW+J47 Rameshwar Darshan CHS Babhai Naka Borivali,100a7426-1ea4-453e-a280-4a9446492396,f6c9e84a-8e99-44d5-9b9b-1f81a2b5e0c0,,5997.0,2026-06-30T02:17:53Z,2026-10-07T07:47:00Z,0,order_T7fsAxqa8fDHOp,03e58770-76d5-4434-9934-ea1d64e4096f,ACTIVE,,card,,"{""discount"": ""25%"", ""isNewPlan"": false, ""trialDays"": 30, ""toyProgram"": ""-"", ""planSavings"": 3597, ""planVersion"": ""v2"", ""trialAmount"": 99, ""trialApplied"": false, ""memberShipFees"": 0, ""bonusDeliveries"": 0, ""deliveryCharges"": 100, ""sameDayDelivery"": true, ""damageWaiverFees"": 999, ""maxBigToyAllowed"": 1, ""refundableDeposit"": 0, ""moneyBackGuarantee"": 30, ""effectiveCostPerMonth"": 1999, ""membershipFeesApplied"": false, ""securityDepositApplied"": false, ""totalKeepCountPerMonth"": 3, ""damageWaiverFeesApplied"": true, ""isUnlimitedFreeDelivery"": false, ""maxToyHoldingValueAllowed"": 35000, ""totalFreeDeliveryPerMonth"": 12, ""actualChargesForMemberShipFees"": 0, ""actualChargesForSecurityDeposit"": 0, ""actualChargesForDamageWaiverFees"": 999}",ONE_TIME,2026-06-30T02:15:54.105Z,2026-06-30T02:17:53.258Z,d9f45968-fdf9-45cb-a143-9bda0499e70b,"{""deviceType"": ""MOBILE"", ""gstApplied"": true, ""promoCodeId"": ""payment_provider_222024ad0be6b711af19f169bcb51d44"", ""paymentNotes"": {""userId"": ""f6c9e84a-8e99-44d5-9b9b-1f81a2b5e0c0"", ""subscriptionType"": ""ONE_TIME"", ""subscriptionPlanId"": ""03e58770-76d5-4434-9934-ea1d64e4096f""}, ""gstPercentage"": 18, ""membershipData"": {""amount"": 0, ""isMembershipFee"": true}, ""isRecurringInit"": false, ""paymentProvider"": ""RAZOR_PAY"", ""userTrialApplied"": false, ""securityDepositData"": {""securityDepositApplied"": false}, ""isTrialPeriodExpired"": true, ""merchantTransactionId"": ""order_T7fsAxqa8fDHOp"", ""userDamageWaiverFeesApplied"": true}",,,,,,{},[],"{""couponId"": ""d9f45968-fdf9-45cb-a143-9bda0499e70b"", ""couponAppliedStatus"": ""PENDING"", ""isCouponAppliedOnSubscriptionRenew"": false}",2026-10-07T13:17:00
26dd0120-8bc2-4da3-969e-0015170db1f0,UR182545,Burhanuddin,Susnerwala,zainabmady52@gmail.com,,,,"[""USER""]",true,true,false,1st floor,near cresent school,Kolkata,West Bengal,febce581-0697-4e71-ac87-473fd5bbc168,8961342393,,,,,STRIPE,IST,gL5FBeYiFCyvh3fZcYRxUf/A9Pa+LC++04v3aZXIyyBZJ1I/tqiAMHLbrqScgyWkOlDKSy/m5/T+pebC/ZABQyQ/Dx44eMeS4rmdKr1c+EEJr/xp6lLGqcp9AJrQT1I4hOPnNlAKNj6c79qOtk8MNlEF64TkCvnlIKz/2kuyBO3kSvkIh+v9GIgw/eheEKs6eIKNVyPrGM2DYj4YYB7zMwQHKpvuRg2hdeaSaADVdL0=,2025-10-06T19:58:33.675Z,2025-10-06T20:04:19.009Z,,,01010000004518F5FF60185640AB7BBF2C48883640,"{""intercomId"": ""68e41f6f5c7e055e7c9a8f9d"", ""leadSquaredData"": {""Id"": ""b6925426-5d74-471f-a366-29f3f27e6761"", ""IsCreated"": true, ""RelatedId"": ""27f5fe63-a8fa-4a12-96d8-ed5ecb8ee86e""}, ""declineSubscriptionReason"": ""I'm looking for a better price point""}",26F942D4,,,0.0,{},,"{""profile"": ""COMPLETED"", ""childProfile"": ""COMPLETED"", ""onboardingScreen"": ""COMPLETED""}",[],mobile_app,"{""sublocality"": ""Topsia"", ""formattedAddress"": ""16a, 2, Raicharan Ghosh Ln, Block D, Topsia, Kolkata, West Bengal 700039, India""}",2025-10-06T20:02:20.352Z,{},,,d15896c7-2664-451a-a440-4d089b14664c,26dd0120-8bc2-4da3-969e-0015170db1f0,NA,2999.0,2025-10-08T05:50:42.335Z,2026-10-08T05:50:42Z,0,assigned_8fb416b48e1239eb49600550fea9aa31,eab965a9-9117-4d7e-aa07-d7ded0903ca5,ACTIVE,,razorpay,,"{""discount"": ""58.34%"", ""isNewPlan"": false, ""pricePaid"": 2999, ""trialDays"": 30, ""toyProgram"": ""-"", ""planSavings"": 4200, ""planVersion"": ""v2"", ""trialAmount"": 499, ""trialApplied"": false, ""memberShipFees"": 0, ""bonusDeliveries"": 14, ""deliveryCharges"": 100, ""damageWaiverFees"": 999, ""refundableDeposit"": 0, ""memberShipFeesPaid"": 0, ""effectiveCostPerMonth"": 250, ""membershipFeesApplied"": false, ""refundableDepositPaid"": 0, ""planPriceDiscountAdmin"": 0, ""securityDepositApplied"": false, ""totalKeepCountPerMonth"": 3, ""damageWaiverFeesApplied"": true, ""isUnlimitedFreeDelivery"": false, ""membershipDiscountAdmin"": 0, ""totalFreeDeliveryPerMonth"": 0, ""actualChargesForMemberShipFees"": 0, ""refundableDepositDiscountAdmin"": 0, ""actualChargesForSecurityDeposit"": 0, ""actualChargesForDamageWaiverFees"": 999}",ASSIGNED,2025-10-08T05:50:48.248Z,2025-10-08T05:50:48.248Z,,"{""note"": ""4000 paid"", ""amount"": 2999, ""gstApplied"": true, ""gstPercentage"": 18, ""membershipData"": {""amount"": 0, ""isMembershipFee"": true}, ""userTrialApplied"": false, ""isTrialPeriodExpired"": true, ""userDamageWaiverFeesApplied"": true}",,,,,,{},[],{},2026-10-08T11:20:42
9bc785b7-a273-4d26-84c2-2e4ec713a6ad,UR185099,Akshay,,171akshay@gmail.com,,,,"[""USER""]",true,true,false,"171, Sharyu Bunglow, Mukund Nagar",Near Ranka Hospital,Pune,Maharashtra,d6f88359-a835-4d4f-9a55-d6f03ddb1a16,9011191777,,,,,STRIPE,IST,gL5FBeYiFCyvh3fZcYRxUf/A9Pa+LC++04v3aZXIyyBZJ1I/tqiAMHLbrqScgyWkQl5XpW4UrEjIR2yNEmTmsb2M5pzLULtwCRaVkPrE/zJlTi8+jVxl/NMVsn8Nv7sWu0Px0OvToyyU87K7o8WLCaC1sswZXiXSEAHSqfCkQHl8uPFZ20Ni14stGBAGjgIDYStECACyXbkiO0IiSGnRI7ufpo/gNmyzqT82UwIgnnM=,2025-10-12T12:47:41.459Z,2026-10-02T23:15:36.967Z,,,0101000020E6100000B06DF6AC1077524085228216B77E3240,"{""intercomId"": ""68eba373e8415b096a035211"", ""leadSquaredData"": {""Id"": ""09c33306-4505-4160-86de-c06691529d03"", ""IsCreated"": true, ""RelatedId"": ""02e155fd-d095-417e-aa02-bef01909024a""}}",4026BF16,,,0.0,{},,"{""profile"": ""COMPLETED"", ""childProfile"": ""COMPLETED"", ""onboardingScreen"": ""COMPLETED""}","[""frKxrsy4j07poAu2Vec1CI:APA91bH0xOh6QEav3nXRthWqE70tGtQySFvxVI1w-W4T8OUca92Wl55RIqqUPuaB_4tzC0hQHIhG1IfWAahoB__3kpnHs5MgH5S5EVmoKLLToSNP_wwERBM""]",mobile_app,"{""sublocality"": ""Mukund Nagar"", ""formattedAddress"": ""171, Mukund Nagar, Pune, Maharashtra 411037, India""}",2025-12-07T05:36:35.81Z,{},Pune,"171, Mukund Nagar, Pune, Maharashtra 411037, India",e2020578-007b-424e-8dba-39ceb9873289,9bc785b7-a273-4d26-84c2-2e4ec713a6ad,9011191777,2999.0,2025-10-04T11:44:05.807Z,2026-10-04T11:44:05Z,0,assigned_9b91452e4a12167f13612def477b1530,eab965a9-9117-4d7e-aa07-d7ded0903ca5,ACTIVE,,upi,,"{""discount"": ""58.34%"", ""isNewPlan"": false, ""pricePaid"": 2999, ""trialDays"": 30, ""toyProgram"": ""-"", ""planSavings"": 4200, ""planVersion"": ""v2"", ""trialAmount"": 499, ""trialApplied"": false, ""memberShipFees"": 0, ""bonusDeliveries"": 14, ""deliveryCharges"": 100, ""damageWaiverFees"": 999, ""refundableDeposit"": 0, ""memberShipFeesPaid"": 0, ""effectiveCostPerMonth"": 250, ""membershipFeesApplied"": false, ""refundableDepositPaid"": 0, ""planPriceDiscountAdmin"": 0, ""securityDepositApplied"": false, ""totalKeepCountPerMonth"": 3, ""damageWaiverFeesApplied"": true, ""isUnlimitedFreeDelivery"": false, ""membershipDiscountAdmin"": 0, ""totalFreeDeliveryPerMonth"": 1, ""actualChargesForMemberShipFees"": 0, ""refundableDepositDiscountAdmin"": 0, ""actualChargesForSecurityDeposit"": 0, ""actualChargesForDamageWaiverFees"": 999}",ASSIGNED,2025-10-18T11:44:14.226Z,2025-12-15T10:53:21.412Z,,"{""note"": ""Paid 3800"", ""amount"": 2999, ""gstApplied"": true, ""gstPercentage"": 18, ""membershipData"": {""amount"": 0, ""isMembershipFee"": true}, ""userTrialApplied"": false, ""isTrialPeriodExpired"": true, ""userDamageWaiverFeesApplied"": true}",,,,,,{},[],{},2026-10-04T17:14:05
1a1f099b-e4a3-4775-8c21-cc52d0432e0f,UR357629,Liza,Borah,borah.liza987@gmail.com,,,,"[""USER""]",true,true,false,NEPTUNE CHS,Seawoods,Thane,Maharashtra,81bd7d55-7198-4f2d-af67-b424efe11a43,9127012961,,,,,STRIPE,IST,gL5FBeYiFCyvh3fZcYRxUf/A9Pa+LC++04v3aZXIyyBZJ1I/tqiAMHLbrqScgyWkzmSIyPuap0uGB2USkDOvJAsUeggI8L9s0Lftsg3ZJ/qO76sldBjFeA04tq3b1EccQ0zj3oe48EfD3JlDPcERFXEnZ7smVHWWPpOmnfUOC6P8s0OMPHhNpcC+nzpF5cU5Yzf+7sUmWMNDHh1nD1AVv3QwSGkwy4Q+/QvnisiSg2U=,2026-06-22T07:56:06.751Z,2026-07-05T05:20:02.995Z,,,0101000000A0E5D4296A41524007F5E3E59F033340,"{""intercomId"": ""6a38ea9c357476d02e22b950"", ""isElefantUser"": true, ""isQuestionAnswereOnBoardCompleted"": true}",42B9D775,,,0.0,{},,"{""profile"": ""COMPLETED"", ""onboardingScreen"": ""COMPLETED""}",[],,"{""sublocality"": ""Seawoods"", ""formattedAddress"": ""NEPTUNE CHS, Plot 77, Dattatray Tandel Marg, New Sector-50, Sector 50, Seawoods, Navi Mumbai, Maharashtra 400706, India""}",,"{""Q1"": ""2_5"", ""Q2"": ""less_1hr"", ""Q3"": ""10_20"", ""Q4"": ""energetic"", ""Q6"": ""Ron""}",,,ea2ea455-8a4e-4ec2-923a-1634e7863f3a,1a1f099b-e4a3-4775-8c21-cc52d0432e0f,,5997.0,2026-07-05T03:32:37Z,2026-10-05T03:32:37Z,0,order_T9fpzsrdu9BI3E,03e58770-76d5-4434-9934-ea1d64e4096f,CANCELLED,,upi,,"{""discount"": ""25%"", ""isNewPlan"": false, ""trialDays"": 30, ""toyProgram"": ""-"", ""planSavings"": 3597, ""planVersion"": ""v2"", ""trialAmount"": 99, ""trialApplied"": false, ""memberShipFees"": 0, ""bonusDeliveries"": 0, ""deliveryCharges"": 100, ""sameDayDelivery"": true, ""damageWaiverFees"": 999, ""maxBigToyAllowed"": 1, ""refundableDeposit"": 0, ""moneyBackGuarantee"": 30, ""effectiveCostPerMonth"": 1999, ""membershipFeesApplied"": false, ""securityDepositApplied"": false, ""totalKeepCountPerMonth"": 3, ""damageWaiverFeesApplied"": true, ""isUnlimitedFreeDelivery"": false, ""maxToyHoldingValueAllowed"": 35000, ""totalFreeDeliveryPerMonth"": 12, ""actualChargesForMemberShipFees"": 0, ""actualChargesForSecurityDeposit"": 0, ""actualChargesForDamageWaiverFees"": 999}",ONE_TIME,2026-07-05T03:31:50.527Z,2026-10-01T08:47:38.206Z,d9f45968-fdf9-45cb-a143-9bda0499e70b,"{""deviceType"": ""MOBILE"", ""gstApplied"": true, ""promoCodeId"": ""payment_provider_222024ad0be6b711af19f169bcb51d44"", ""paymentNotes"": {""userId"": ""1a1f099b-e4a3-4775-8c21-cc52d0432e0f"", ""subscriptionType"": ""ONE_TIME"", ""subscriptionPlanId"": ""03e58770-76d5-4434-9934-ea1d64e4096f""}, ""gstPercentage"": 18, ""membershipData"": {""amount"": 0, ""isMembershipFee"": true}, ""isRecurringInit"": false, ""paymentProvider"": ""RAZOR_PAY"", ""userTrialApplied"": false, ""securityDepositData"": {""securityDepositApplied"": false}, ""isTrialPeriodExpired"": true, ""merchantTransactionId"": ""order_T9fpzsrdu9BI3E"", ""userDamageWaiverFeesApplied"": true}",,,1f64168d-2c7b-4ea5-a245-9061473c61fd,2026-10-01T08:47:38Z,INSTANT,"{""reason"": ""Refunded"", ""source"": ""ADMIN"", ""description"": """"}",[],"{""couponId"": ""d9f45968-fdf9-45cb-a143-9bda0499e70b"", ""couponAppliedStatus"": ""PENDING"", ""isCouponAppliedOnSubscriptionRenew"": false}",2026-10-05T09:02:37
f2153bf7-1c14-463b-82ff-754870a60033,UR181219,,,,,,,"[""USER""]",true,true,false,"B13,Tower 8",near koyembedu metro station,Chennai,Tamil Nadu,57736b91-e0ee-489c-8458-637cecb10e9e,9146142192,,,,,STRIPE,IST,gL5FBeYiFCyvh3fZcYRxUf/A9Pa+LC++04v3aZXIyyBZJ1I/tqiAMHLbrqScgyWk7c2OeojWXXNGdQrcBblJUp9nMp+DoLqbZPS3gnWdwtRLuWQhbMwnGS7dkrGcy8OOktEar0ipmKB790dx3qzcXZwNQC8iI11yJbu+EXdV0Ofm/RV19qqzyZCUl5MyL1ABiC5mDgxat6IuZ9Me8iiwofC6AoifWH5LHxco3Rr5D3s=,2025-10-04T06:19:23.507Z,2026-07-15T13:34:53.353Z,,,0101000020E6100000EF8E8CD5660C544024C9BD0A3A272A40,"{""intercomId"": ""68e0bc7167e8fe5ef22b4e48"", ""leadSquaredData"": {""Id"": ""0abb6eed-d24c-4dbf-a6f1-ea866a385213"", ""IsCreated"": true, ""RelatedId"": ""96f62c4a-ed32-4f5e-9143-3e93e68c7d91""}}",B3FC6A91,,,0.0,{},,"{""profile"": ""COMPLETED"", ""childProfile"": ""COMPLETED"", ""onboardingScreen"": ""COMPLETED""}","[""cOqPTKOJg0vOncq27Yt7ze:APA91bFVtuPx6zj5ijlkFwKKWbGJjkqWOByFR5Aw0_sB4js63fmjB07CulVAEFEXnT-64ZG1K1V-AOqEBXPctPgT8rL68QszEoJfBvwc1Uh2STBogg_aqjk"" ""eHDNE2ArFkcLnWdvN5AWo1:APA91bFDqTTQMRqrFkJtNsc6VE9OIp3iBscn3m1G164MNsv603Z6ErtVwNm8lX_bE8NnZzcAKe99eWEl0fRW-7k_vWPj3-a-EzZ-mnAxQMPlolO2XVWAudY""]",mobile_app,"{""sublocality"": ""Aminjikarai"", ""formattedAddress"": ""3, Poonamallee High Rd, Anna Nagar, Anna Nagar West, Aminjikarai, Chennai, Tamil Nadu 600107, India""}",,{},,,321d6d6d-99e8-4910-9bd5-15abc42384b8,f2153bf7-1c14-463b-82ff-754870a60033,NA,2999.0,2025-10-08T09:20:39.279Z,2026-10-08T09:20:39Z,0,assigned_c783fcbe0534e20a7443a6e22a947e7b,eab965a9-9117-4d7e-aa07-d7ded0903ca5,ACTIVE,,razorpay,,"{""discount"": ""58.34%"", ""isNewPlan"": false, ""pricePaid"": 2999, ""trialDays"": 30, ""toyProgram"": ""-"", ""planSavings"": 4200, ""planVersion"": ""v2"", ""trialAmount"": 499, ""trialApplied"": false, ""memberShipFees"": 0, ""bonusDeliveries"": 14, ""deliveryCharges"": 100, ""damageWaiverFees"": 999, ""refundableDeposit"": 0, ""memberShipFeesPaid"": 0, ""effectiveCostPerMonth"": 250, ""membershipFeesApplied"": false, ""refundableDepositPaid"": 0, ""planPriceDiscountAdmin"": 0, ""securityDepositApplied"": false, ""totalKeepCountPerMonth"": 3, ""damageWaiverFeesApplied"": true, ""isUnlimitedFreeDelivery"": false, ""membershipDiscountAdmin"": 0, ""totalFreeDeliveryPerMonth"": 0, ""actualChargesForMemberShipFees"": 0, ""refundableDepositDiscountAdmin"": 0, ""actualChargesForSecurityDeposit"": 0, ""actualChargesForDamageWaiverFees"": 999}",ASSIGNED,2025-10-08T09:20:44.747Z,2025-10-08T09:20:44.747Z,,"{""note"": ""4000 paid"", ""amount"": 2999, ""gstApplied"": true, ""gstPercentage"": 18, ""membershipData"": {""amount"": 0, ""isMembershipFee"": true}, ""userTrialApplied"": false, ""isTrialPeriodExpired"": true, ""userDamageWaiverFeesApplied"": true}",,,,,,{},[],{},2026-10-08T14:50:39
88ec0cd2-ad8f-466f-a666-6105448efb85,UR181905,Anurag,Nagar,anuragadv24@gmail.com,,,MALE,"[""USER""]",true,true,false,"H-1504, Aditya Mega City, Vaibhav Khand",Indirapuram,Ghaziabad,Uttar Pradesh,2a02f016-8257-4497-a27a-3bbb721e3f0f,9310353107,,,,,STRIPE,IST,gL5FBeYiFCyvh3fZcYRxUf/A9Pa+LC++04v3aZXIyyBZJ1I/tqiAMHLbrqScgyWkiZ5lIbCIUp8r+ofAJL3u8tshTjQv1cgaXrI3d2VHStnxgyDWoto37TzqxGBch51QTYk2PmiUNxzROL+rfI3zyU2PEzN6ioymEnWWBiqMDlDVQPu9ZgjPguv+3ljgWYlnUYi+BKnm8qaULCce4kkEGmlOveCM1I5YMbzxVs9epfA=,2025-10-05T13:06:56.692Z,2026-07-10T09:18:42.547Z,,,0101000020E6100000D3BB4AAA4057534031F1FCA21EA33C40,"{""intercomId"": ""68e26d76e44b9c660d6c7842"", ""leadSquaredData"": {""Id"": ""e39eec17-dddb-4fdf-adde-19869e5613c8"", ""IsCreated"": true, ""RelatedId"": ""a3771f4e-8181-488d-bcef-4ef29647a85b""}}",96210F3D,,,0.0,{},,"{""profile"": ""COMPLETED"", ""childProfile"": ""COMPLETED"", ""onboardingScreen"": ""COMPLETED""}","[""f-xWVFYznUH0tHfXgcTE2q:APA91bEpR40bM1B33__VtiiHgxEF6Qny8BTc6-M-T7F4OdOr3C9M8jsYuZiCaQje-V4-99PV5RpMKrS44MC5m2e86HVzzBUYLKpX2k_FlWVbnhgRQ6r3xho"" ""e0EtKgE9kkWKlyh7TwjLjs:APA91bFhs7Eh7FSp4dH1qtoU_Tp9HjdOHVSXUkkOHQJe9fojjjTMKjFIjyJqFrv-79whiAKfu3nAEUMN5ekQpZaoyaeT68E9agiY3CqMm3xFmk0M2xtAVtg""]",mobile_app,"{""sublocality"": ""Indirapuram"", ""formattedAddress"": ""J9P7+V97, Vaibhav Khand, Indirapuram, Ghaziabad, Uttar Pradesh 201014, India""}",2025-10-06T03:20:07.679Z,{},,,ba9fa625-52c5-4e22-a492-36d7b85952b4,88ec0cd2-ad8f-466f-a666-6105448efb85,NA,2999.0,2025-10-05T06:29:16.845Z,2026-10-05T06:29:16Z,0,assigned_38e6c30455c27798377592c8f2c6c576,eab965a9-9117-4d7e-aa07-d7ded0903ca5,ACTIVE,,razorpay,,"{""discount"": ""58.34%"", ""isNewPlan"": false, ""pricePaid"": 2999, ""trialDays"": 30, ""toyProgram"": ""-"", ""planSavings"": 4200, ""planVersion"": ""v2"", ""trialAmount"": 499, ""trialApplied"": false, ""memberShipFees"": 0, ""bonusDeliveries"": 14, ""deliveryCharges"": 100, ""damageWaiverFees"": 999, ""refundableDeposit"": 0, ""memberShipFeesPaid"": 0, ""effectiveCostPerMonth"": 250, ""membershipFeesApplied"": false, ""refundableDepositPaid"": 0, ""planPriceDiscountAdmin"": 0, ""securityDepositApplied"": false, ""totalKeepCountPerMonth"": 3, ""damageWaiverFeesApplied"": true, ""isUnlimitedFreeDelivery"": false, ""membershipDiscountAdmin"": 0, ""totalFreeDeliveryPerMonth"": 0, ""actualChargesForMemberShipFees"": 0, ""refundableDepositDiscountAdmin"": 0, ""actualChargesForSecurityDeposit"": 0, ""actualChargesForDamageWaiverFees"": 999}",ASSIGNED,2025-10-06T06:29:21.843Z,2025-10-06T06:29:21.843Z,,"{""amount"": 2999, ""gstApplied"": true, ""gstPercentage"": 18, ""membershipData"": {""amount"": 0, ""isMembershipFee"": true}, ""userTrialApplied"": false, ""isTrialPeriodExpired"": true, ""userDamageWaiverFeesApplied"": false}",,,,,,{},[],{},2026-10-05T11:59:16
433bc0e8-087d-44fe-ae5b-cf741d56e1ca,UR295636,Nandini,Singh,nnandini.ssingh@gmail.com,,,FEMALE,"[""USER""]",true,true,false,B - 10 3rd Floor New Moti Nagar,,New Delhi,Delhi,77069737-3863-44af-b3a5-86edefc455f7,9311570601,,,,,STRIPE,IST,gL5FBeYiFCyvh3fZcYRxUf/A9Pa+LC++04v3aZXIyyBZJ1I/tqiAMHLbrqScgyWkI7EzWouYQt+Odpy+FYxxE7hgkJac9tZ9s0Kd56Gz62xV6pLBLjWRx6cFbGcA57EhdL5BpyHMI2YpTp0lAxEctZbvl1bYW13S2k9TGZeqm21z2DdP+Z8w9FVKNj5hI77XBPKg+NlZhQWNWTcjDcYUwgW4nvLNhlJUlchWgko8Vcg=,2026-05-18T13:52:39.153Z,2026-09-20T09:43:25.786Z,,,01010000005656E4211D495340066FFE15E8A93C40,"{""intercomId"": ""6a0b19ac6245609acbebeb40"", ""isElefantUser"": true, ""hasToyHoldingMismatch"": false, ""isQuestionAnswereOnBoardCompleted"": true}",D657EE28,,,0.0,{},,"{""profile"": ""COMPLETED"", ""childProfile"": ""COMPLETED"", ""onboardingScreen"": ""COMPLETED""}",[],META,"{""sublocality"": ""Moti Nagar"", ""formattedAddress"": ""Block B1, B11, Phase 1, Block B 1, New Moti Nagar, Moti Nagar, New Delhi, Delhi, 110015, India""}",,"{""Q1"": ""0_2"", ""Q2"": ""1_2hrs"", ""Q3"": ""5_10"", ""Q4"": ""curious"", ""Q6"": ""Advik""}",Near Kumar Samosa wala,"Block B1, B11, Phase 1, Block B 1, New Moti Nagar, Moti Nagar, New Delhi, Delhi, 110015, India",354515fb-4e39-4871-af71-ae316f27c202,433bc0e8-087d-44fe-ae5b-cf741d56e1ca,,5997.0,2026-06-03T17:19:06Z,2026-10-05T18:29:59.999Z,0,order_SxBQRjJTGbT1P3,03e58770-76d5-4434-9934-ea1d64e4096f,ACTIVE,,wallet,,"{""discount"": ""25%"", ""isNewPlan"": false, ""trialDays"": 30, ""toyProgram"": ""-"", ""planSavings"": 3597, ""planVersion"": ""v2"", ""trialAmount"": 99, ""trialApplied"": false, ""memberShipFees"": 0, ""bonusDeliveries"": 0, ""deliveryCharges"": 100, ""sameDayDelivery"": true, ""damageWaiverFees"": 999, ""maxBigToyAllowed"": 1, ""refundableDeposit"": 0, ""moneyBackGuarantee"": 30, ""effectiveCostPerMonth"": 1999, ""membershipFeesApplied"": false, ""planPriceDiscountAdmin"": -449001, ""securityDepositApplied"": false, ""totalKeepCountPerMonth"": 3, ""damageWaiverFeesApplied"": true, ""isUnlimitedFreeDelivery"": false, ""maxToyHoldingValueAllowed"": 35000, ""totalFreeDeliveryPerMonth"": 16, ""actualChargesForMemberShipFees"": 0, ""actualChargesForSecurityDeposit"": 0, ""actualChargesForDamageWaiverFees"": 999}",ONE_TIME,2026-06-03T17:19:06.849Z,2026-09-03T05:56:56.459Z,,"{""amount"": 450000, ""deviceType"": ""MOBILE"", ""gstApplied"": true, ""paymentNotes"": {""userId"": ""433bc0e8-087d-44fe-ae5b-cf741d56e1ca"", ""paymentLinkId"": ""913f6a85-d896-493c-a346-4ea07af2cde9"", ""subscriptionPlanId"": ""03e58770-76d5-4434-9934-ea1d64e4096f""}, ""gstPercentage"": 18, ""paymentLinkId"": ""913f6a85-d896-493c-a346-4ea07af2cde9"", ""membershipData"": {""amount"": 0, ""isMembershipFee"": false}, ""isRecurringInit"": false, ""paymentProvider"": ""RAZOR_PAY"", ""userTrialApplied"": false, ""securityDepositData"": {""amount"": 0, ""securityDepositApplied"": false}, ""isTrialPeriodExpired"": true, ""merchantTransactionId"": ""order_SxBQRjJTGbT1P3"", ""userDamageWaiverFeesApplied"": true}",,,,,,{},[],{},2026-10-05T23:59:59.999
71f3bd9a-06de-42d5-ad2d-ca5bd95ae726,UR182157,Dhriti,Karia,dhriti.karia17@icloud.com,,,,"[""USER""]",true,true,false,101 Roopvijay Society,above bharatgas shop,Mumbai Suburban,Maharashtra,97219144-efba-4251-aca9-56abdfa2ef1f,9324790495,,,,,STRIPE,IST,gL5FBeYiFCyvh3fZcYRxUf/A9Pa+LC++04v3aZXIyyBZJ1I/tqiAMHLbrqScgyWkhWqKS/qNmNwbllZRtYzd6isidBq/0TZI38vnobD62AUkBy1oq/LmNQfw2UARip9e6X20qKmCI5v2U5WXlZJycakMbPBelIHA84znGs2XuF3wDLYAPwI494AbVTGc+XS8DAJmJFhSyoy5XdfHk43fL5sFJBC/X0+a8o3gzbGZz7A=,2025-10-06T05:24:21.74Z,2026-09-16T06:48:22.106Z,,,0101000020E6100000000098A5D435524004C3C9C5852F3340,"{""intercomId"": ""68e3528be0b7030c5c3d993a"", ""leadSquaredData"": {""Id"": ""91aa6cae-4948-4a0f-b44e-60129221d363"", ""IsCreated"": true, ""RelatedId"": ""7b5e29a0-7158-4db0-9e1c-fc9a419105d6""}}",0AF6CE8C,,,0.0,{},,"{""profile"": ""COMPLETED"", ""childProfile"": ""COMPLETED"", ""onboardingScreen"": ""COMPLETED""}","[""c5Sb5UTAYESbmCMrfsrZ98:APA91bHsBaQlzzEri7IJt0EbGN1FGIt_UXkYrNMHAKhmx6UqQ8hD4Vp6O7l_elEtTC1gqWpJ-hKlNsoATezCeB2Pl_sZxdbSEoiXLYteY5WngelhpA8I788""]",mobile_app,"{""sublocality"": ""Malad West"", ""formattedAddress"": ""5RPR+6CQ, Liberty Garden Cross Rd Number 3, Malad, Navy Colony, Liberty Garden, Malad West, Mumbai, Maharashtra 400064, India""}",2026-01-06T07:17:10.194Z,{},behind rekha niketan,"5RPR+6CQ, Liberty Garden Cross Rd Number 3, Malad, Navy Colony, Liberty Garden, Malad West, Mumbai, Maharashtra 400064, India",bb8535bf-9740-4d73-ba7b-33bfc289c64e,71f3bd9a-06de-42d5-ad2d-ca5bd95ae726,,2999.0,2025-10-07T03:58:15Z,2026-10-07T03:58:15Z,0,order_RQRRMDe9FNu6ut,eab965a9-9117-4d7e-aa07-d7ded0903ca5,ACTIVE,,upi,,"{""discount"": ""58.34%"", ""isNewPlan"": false, ""trialDays"": 30, ""toyProgram"": ""-"", ""planSavings"": 4200, ""planVersion"": ""v2"", ""trialAmount"": 499, ""trialApplied"": false, ""memberShipFees"": 0, ""bonusDeliveries"": 14, ""deliveryCharges"": 100, ""damageWaiverFees"": 999, ""refundableDeposit"": 0, ""effectiveCostPerMonth"": 250, ""membershipFeesApplied"": false, ""securityDepositApplied"": false, ""totalKeepCountPerMonth"": 3, ""damageWaiverFeesApplied"": true, ""isUnlimitedFreeDelivery"": false, ""totalFreeDeliveryPerMonth"": 3, ""actualChargesForMemberShipFees"": 0, ""actualChargesForSecurityDeposit"": 0, ""actualChargesForDamageWaiverFees"": 999}",PURCHASE,2025-10-07T03:53:37.773Z,2026-10-02T21:50:33.598Z,,"{""tokenId"": ""token_RQRTn3dQBorJoo"", ""deviceType"": ""MOBILE"", ""gstApplied"": true, ""paymentNotes"": {""userId"": ""71f3bd9a-06de-42d5-ad2d-ca5bd95ae726"", ""isRecurringPayment"": ""true"", ""subscriptionPlanId"": ""eab965a9-9117-4d7e-aa07-d7ded0903ca5""}, ""gstPercentage"": 18, ""membershipData"": {""amount"": 0, ""isMembershipFee"": true}, ""isRecurringInit"": false, ""paymentProvider"": ""RAZOR_PAY"", ""userTrialApplied"": false, ""securityDepositData"": {""securityDepositApplied"": false}, ""isTrialPeriodExpired"": true, ""merchantTransactionId"": ""order_RQRRMDe9FNu6ut"", ""userDamageWaiverFeesApplied"": true}",,,71f3bd9a-06de-42d5-ad2d-ca5bd95ae726,2026-10-02T21:50:33Z,CYCLE_END,"{""reason"": ""Issues with the app"", ""description"": """"}","[""{\""status\"": \""confirmed\"", \""createdAt\"": \""2025-10-07T03:58:16+00:00\""}""]","{""couponAppliedStatus"": ""PENDING"", ""isCouponAppliedOnSubscriptionRenew"": false}",2026-10-07T09:28:15
d1a7039d-b69f-4284-9ace-a8b374a6aa66,UR180894,Tejash,Shah,tejashshah08@gmail.com,,,,"[""USER""]",true,true,false,"D144, Sunnyvale Apartment, 351 Konnur High Road, Ayanavarram",Sunnyvale Apartment,Chennai,Tamil Nadu,453fb568-59ae-4321-95e9-4ce4a14a32c7,9344436704,,,,,STRIPE,IST,gL5FBeYiFCyvh3fZcYRxUf/A9Pa+LC++04v3aZXIyyBZJ1I/tqiAMHLbrqScgyWkTZlWIYQjSJLlQSgF9101ELLmhkAC1iCbSJHRMRukhmEsX/1P4/TyNNqZc7+/JHDKF7HqKhd+eJpoLKUZQuaTlRA3jg9arSo5qNhMAuIMeUjYJl3YNomdshw0vw+aVqFQNxnheu1pPhbdj+hFuJ77zxJz1+cvVqeIq0YTiVSMXiA=,2025-10-03T12:07:12.837Z,2026-09-17T04:02:45.168Z,,,01010000003F78488CF90E5440C29B7F057A322A40,"{""intercomId"": ""68dfbc77d6b6627c900d19b6"", ""leadSquaredData"": {""Id"": ""e19ee823-f0aa-4720-bded-73a7a3bde26d"", ""IsCreated"": true, ""RelatedId"": ""3d8b7e47-2d40-4b13-b70d-925157feafeb""}}",51F56327,,,0.0,{},,"{""profile"": ""COMPLETED"", ""childProfile"": ""COMPLETED"", ""onboardingScreen"": ""COMPLETED""}",[],mobile_app,"{""formattedAddress"": ""D144, Sunnyvale Apartment, 351 Konnur High Road""}",,{},ayanavaram,"D144, Sunnyvale Apartment, 351 Konnur High Road",14d4a9e8-2e6b-42fc-afa9-f21dce449f18,d1a7039d-b69f-4284-9ace-a8b374a6aa66,,2999.0,2025-10-03T13:27:35.465Z,2026-10-03T13:27:35Z,0,assigned_ea16fb67ddf5fc35ad4f65bd45a51e18,eab965a9-9117-4d7e-aa07-d7ded0903ca5,ACTIVE,,cash,,"{""discount"": ""58.34%"", ""isNewPlan"": false, ""pricePaid"": 2999, ""trialDays"": 30, ""toyProgram"": ""-"", ""planSavings"": 4200, ""planVersion"": ""v2"", ""trialAmount"": 499, ""trialApplied"": false, ""memberShipFees"": 0, ""bonusDeliveries"": 14, ""deliveryCharges"": 100, ""damageWaiverFees"": 999, ""refundableDeposit"": 0, ""memberShipFeesPaid"": 0, ""effectiveCostPerMonth"": 250, ""membershipFeesApplied"": false, ""refundableDepositPaid"": 0, ""planPriceDiscountAdmin"": 0, ""securityDepositApplied"": false, ""totalKeepCountPerMonth"": 3, ""damageWaiverFeesApplied"": true, ""isUnlimitedFreeDelivery"": false, ""membershipDiscountAdmin"": 0, ""totalFreeDeliveryPerMonth"": 0, ""actualChargesForMemberShipFees"": 0, ""refundableDepositDiscountAdmin"": 0, ""actualChargesForSecurityDeposit"": 0, ""actualChargesForDamageWaiverFees"": 999}",ASSIGNED,2025-10-03T13:27:41.218Z,2025-10-03T13:27:41.218Z,,"{""amount"": 2999, ""gstApplied"": true, ""gstPercentage"": 18, ""membershipData"": {""amount"": 0, ""isMembershipFee"": true}, ""userTrialApplied"": false, ""isTrialPeriodExpired"": true, ""userDamageWaiverFeesApplied"": true}",,,,,,{},[],{},2026-10-03T18:57:35
2d87c94f-2e77-4cb2-acf9-71fd0b2036e4,UR179407,shreya,khedkar,pshreya2506@gmail.com,,,FEMALE,"[""USER""]",true,true,false,"H 702, Rosewood backgate",Kunal icon road,Pune,Maharashtra,9b3346f4-7b6e-4e29-8b7e-bd1ec9259096,9405388254,,,,,STRIPE,IST,gL5FBeYiFCyvh3fZcYRxUf/A9Pa+LC++04v3aZXIyyBZJ1I/tqiAMHLbrqScgyWk0nIbRtxPzU+gJ/EECc+ta7g78iXIqcgw0sgLQQHNnA7T9pZQcRywq+a60PCSHRVWnJYzJrWVoA55w/jrihRhIJy9SJiq7zpLxOfHEV7R9DONhBtJeDR+Q5WwtAiDTnyfkJKxaFzhJhPLtWDqJHwdfbcvPdEhq7/1Yidq64IZuMI=,2025-09-29T10:27:24.218Z,2026-06-03T07:56:02.524Z,,,0101000000F7065F98CC725240A711E96D22973240,"{""intercomId"": ""68da5f1287899038e818db74"", ""isElefantUser"": true, ""leadSquaredData"": {""Id"": ""e934437b-fcc5-41b7-8c83-a73ee1e09af3"", ""IsCreated"": true, ""RelatedId"": ""239a8c9b-b913-40a3-a292-be751da251b7""}}",77EE60FF,,,0.0,"{""toy"": {""ageGroupIds"": [""e1f855a6-aab7-453b-b31c-3b6e7b780df8""], ""facilitateIds"": []}}",,"{""profile"": ""COMPLETED"", ""childProfile"": ""COMPLETED"", ""onboardingScreen"": ""COMPLETED""}",[],mobile_app,"{""sublocality"": ""Pimple Saudagar"", ""formattedAddress"": ""Rosewoods Apartments, S3 Lifestyle Internal Rd, Roseland Residency, Pimple Saudagar, Pimpri-Chinchwad, Maharashtra 411027, India""}",,{},,,8ce4ee17-1125-49dd-8728-a7ada38d6c07,2d87c94f-2e77-4cb2-acf9-71fd0b2036e4,NA,2999.0,2025-10-05T09:34:40.67Z,2026-10-05T09:34:40Z,0,assigned_83dbc048e49603e04be8e60d972b8c0a,eab965a9-9117-4d7e-aa07-d7ded0903ca5,ACTIVE,,razorpay,,"{""discount"": ""58.34%"", ""isNewPlan"": false, ""pricePaid"": 2999, ""trialDays"": 30, ""toyProgram"": ""-"", ""planSavings"": 4200, ""planVersion"": ""v2"", ""trialAmount"": 499, ""trialApplied"": false, ""memberShipFees"": 0, ""bonusDeliveries"": 14, ""deliveryCharges"": 100, ""damageWaiverFees"": 999, ""refundableDeposit"": 0, ""memberShipFeesPaid"": 0, ""effectiveCostPerMonth"": 250, ""membershipFeesApplied"": false, ""refundableDepositPaid"": 0, ""planPriceDiscountAdmin"": 0, ""securityDepositApplied"": false, ""totalKeepCountPerMonth"": 3, ""damageWaiverFeesApplied"": true, ""isUnlimitedFreeDelivery"": false, ""membershipDiscountAdmin"": 0, ""totalFreeDeliveryPerMonth"": 2, ""actualChargesForMemberShipFees"": 0, ""refundableDepositDiscountAdmin"": 0, ""actualChargesForSecurityDeposit"": 0, ""actualChargesForDamageWaiverFees"": 999}",ASSIGNED,2025-10-06T09:34:55.643Z,2025-10-06T09:35:05.247Z,,"{""note"": ""4000 paid, 16 swaps"", ""amount"": 2999, ""gstApplied"": true, ""gstPercentage"": 18, ""membershipData"": {""amount"": 0, ""isMembershipFee"": true}, ""userTrialApplied"": false, ""isTrialPeriodExpired"": true, ""userDamageWaiverFeesApplied"": true}",,,,,,{},[],{},2026-10-05T15:04:40
dc5dd416-0a87-47b5-bbe1-422730ae03a8,UR350505,Sudhanshu,Pandey,suddunity@gmail.com,,,,"[""USER""]",true,true,false,French Club 1401 Sector 16B Rd Bhangel Greater Noida,,Gautam Buddha Nagar,Uttar Pradesh,4deb85fc-201c-475d-b94b-c2dbd8ad6b3b,9538399602,,,,,STRIPE,IST,gL5FBeYiFCyvh3fZcYRxUf/A9Pa+LC++04v3aZXIyyBZJ1I/tqiAMHLbrqScgyWkBiIGfekBs0njOlMjEPuiObpWrcmarGAkGow9H+X89CsOMP6uiq1ZON7vqHXwg++S9CEfTPNpAamOG5i2tW6m9EPUCLrTHk9tWrM0PVv+gvsQKy9qG2cAqkoiPX5MwZLugqyeer3VXJgenTRcaxVSghpuIHSatHVuopk4/L+Of44=,2026-06-14T19:35:37.877Z,2026-07-03T18:50:03.791Z,,,0101000020E6100000F6DB3F87C65C534069FFA11C489B3C40,"{""intercomId"": ""6a2f028f1cce5e6aa3d69a28"", ""isElefantUser"": true, ""declineSubscriptionReason"": ""I'm looking for a better price point""}",57B3E56A,,,0.0,{},,"{""profile"": ""COMPLETED"", ""onboardingScreen"": ""COMPLETED""}","[""dmCnjKBAOEoYoLHj9rQuTL:APA91bHWr_NsQrI1225mkzkOcSg5d3MoKhxld7oqxPyG4IDEgR1W8VnWTweC14MjTyn_N4VgVD2xfS3pOW73hzEHt11JyH8APT6DzSLXsBGOUorbnnltd1M""]",,"{""formattedAddress"": ""French Club, 1401, Sector 16B Rd, Bhangel, Greater Noida, Ithaira, Uttar Pradesh 201318, India""}",2026-06-16T05:18:26.706Z,"{""Q1"": ""0_2"", ""Q3"": ""5_10"", ""Q6"": ""Shivi""}",,,afa16a94-15f8-4625-9b96-e7c7b76d1c53,dc5dd416-0a87-47b5-bbe1-422730ae03a8,,5997.0,2026-07-03T18:51:15Z,2026-10-03T18:51:15Z,0,order_T98Pip7OAWU5bb,03e58770-76d5-4434-9934-ea1d64e4096f,ACTIVE,,upi,,"{""discount"": ""25%"", ""isNewPlan"": false, ""trialDays"": 30, ""toyProgram"": ""-"", ""planSavings"": 3597, ""planVersion"": ""v2"", ""trialAmount"": 99, ""trialApplied"": false, ""memberShipFees"": 0, ""bonusDeliveries"": 0, ""deliveryCharges"": 100, ""sameDayDelivery"": true, ""damageWaiverFees"": 999, ""maxBigToyAllowed"": 1, ""refundableDeposit"": 0, ""moneyBackGuarantee"": 30, ""effectiveCostPerMonth"": 1999, ""membershipFeesApplied"": false, ""securityDepositApplied"": false, ""totalKeepCountPerMonth"": 3, ""damageWaiverFeesApplied"": true, ""isUnlimitedFreeDelivery"": false, ""maxToyHoldingValueAllowed"": 35000, ""totalFreeDeliveryPerMonth"": 12, ""actualChargesForMemberShipFees"": 0, ""actualChargesForSecurityDeposit"": 0, ""actualChargesForDamageWaiverFees"": 999}",ONE_TIME,2026-07-03T18:50:04.815Z,2026-07-03T18:51:15.107Z,d9f45968-fdf9-45cb-a143-9bda0499e70b,"{""deviceType"": ""MOBILE"", ""gstApplied"": true, ""promoCodeId"": ""payment_provider_222024ad0be6b711af19f169bcb51d44"", ""paymentNotes"": {""userId"": ""dc5dd416-0a87-47b5-bbe1-422730ae03a8"", ""subscriptionType"": ""ONE_TIME"", ""subscriptionPlanId"": ""03e58770-76d5-4434-9934-ea1d64e4096f""}, ""gstPercentage"": 18, ""membershipData"": {""amount"": 0, ""isMembershipFee"": true}, ""isRecurringInit"": false, ""paymentProvider"": ""RAZOR_PAY"", ""userTrialApplied"": false, ""securityDepositData"": {""securityDepositApplied"": false}, ""isTrialPeriodExpired"": true, ""merchantTransactionId"": ""order_T98Pip7OAWU5bb"", ""userDamageWaiverFeesApplied"": true}",,,,,,{},[],"{""couponId"": ""d9f45968-fdf9-45cb-a143-9bda0499e70b"", ""couponAppliedStatus"": ""PENDING"", ""isCouponAppliedOnSubscriptionRenew"": false}",2026-10-04T00:21:15
4bfbbac9-ccc5-4196-aeb8-9f1a4c272b34,UR4625,Somjeet,Dutta,azweirdo@gmail.com,,,MALE,"[""USER""]",true,true,false,"Bhanu Deluxe Towers, Flat 601, 7-1-26, Leelanagar, Ameerpet, Hyderabad, Telangana 500016, India",Near Wellness Hospital,Hyderabad,Telangana,5052439b-98f7-4210-b1fa-10a76ea54f61,9538716690,,,,,STRIPE,IST,gL5FBeYiFCyvh3fZcYRxUf/A9Pa+LC++04v3aZXIyyBZJ1I/tqiAMHLbrqScgyWkPjWz02hvmY+Y79U7W9PJgSnB7OXvwyRwLbPg3ERR0YhImzkNW5PKLPGMEgl2lxkuDufszx4/fm97eg+4pOO8Q/nuqezJW8mewqXv1oWoS4/bKgVjE1Q8e6q7lXptGKIt5SHu3u2aDU8dpqaqvYJfJsBz6rSM3dlJyTyWloC4PQs=,2024-03-11T18:55:17.37Z,2026-09-13T04:28:53.919Z,,,01010000001D1CEC4D0C9D53400E10CCD1E36F3140,"{""isElefantUser"": true, ""leadSquaredData"": {""Id"": ""2fe9f351-563c-4571-bf90-88e68a428ef3"", ""IsCreated"": true, ""RelatedId"": ""3fa45373-8cbb-4741-b456-d2f4c8872908""}}",48626BAD,,,0.0,"{""toy"": {""ageGroupIds"": [""d2f48edd-d348-473d-ab43-2818e60f5b24""], ""facilitateIds"": [""71c80e25-7977-431b-b4c2-2690f4f2cb3b"", ""c1973eeb-659b-4437-937e-ee13da726409"", ""113918f6-5817-4d32-b08a-817d37632afe"", ""09a5daf1-597a-42f9-b1fb-67820662a5fd"", ""3001c6eb-2e0c-46f4-96de-dcd428357b8c"", ""8232ab6d-aaf3-447a-b6df-e3f7add2c1a0"", ""e59ac003-e56c-4fd4-b4a7-6d900b054c7f""]}}",,"{""profile"": ""COMPLETED"", ""childProfile"": ""COMPLETED"", ""onboardingScreen"": ""COMPLETED""}",[],,"{""sublocality"": ""Ameerpet"", ""formattedAddress"": ""7-1-26, Leelanagar, Ameerpet, Hyderabad, Telangana 500016, India""}",,{},same,"7-1-26, Leelanagar, Ameerpet, Hyderabad, Telangana 500016, India",2754c276-d313-4cc1-935d-9ab465631f65,4bfbbac9-ccc5-4196-aeb8-9f1a4c272b34,NA,9999.0,2025-09-30T06:46:09.147Z,2026-10-07T18:29:59.999Z,0,assigned_f7465559972625b2855b0a6190c5e5ac,1d0e4dd6-644c-4e58-9553-294c46814ae8,ACTIVE,,razorpay,,"{""discount"": ""25%"", ""isNewPlan"": false, ""pricePaid"": 7000, ""trialDays"": 30, ""toyProgram"": ""-"", ""planSavings"": 3597, ""planVersion"": ""v2"", ""trialAmount"": 99, ""trialApplied"": false, ""memberShipFees"": 0, ""bonusDeliveries"": 0, ""deliveryCharges"": 100, ""damageWaiverFees"": 999, ""refundableDeposit"": 0, ""memberShipFeesPaid"": 0, ""effectiveCostPerMonth"": 833, ""membershipFeesApplied"": false, ""refundableDepositPaid"": 0, ""planPriceDiscountAdmin"": 2999, ""securityDepositApplied"": false, ""totalKeepCountPerMonth"": 3, ""damageWaiverFeesApplied"": true, ""isUnlimitedFreeDelivery"": true, ""membershipDiscountAdmin"": 0, ""totalFreeDeliveryPerMonth"": 3, ""actualChargesForMemberShipFees"": 0, ""refundableDepositDiscountAdmin"": 0, ""actualChargesForSecurityDeposit"": 0, ""actualChargesForDamageWaiverFees"": 999}",ASSIGNED,2025-09-30T06:46:14.506Z,2025-09-30T06:46:24.432Z,,"{""amount"": 7000, ""gstApplied"": true, ""gstPercentage"": 18, ""membershipData"": {""amount"": 0, ""isMembershipFee"": true}, ""userTrialApplied"": false, ""isTrialPeriodExpired"": true, ""userDamageWaiverFeesApplied"": false}",,,,,,{},[],{},2026-10-07T23:59:59.999
d012c9e2-8bbe-4b09-925f-018f4f28cddb,UR178486,charu,sarvaria,charus255@gmail.com,,,FEMALE,"[""USER""]",true,true,false,1/273-C Shri Ram Nagar GT road,UCO bank Shahdara Delhi,Shahdara,Delhi,0cd03268-fa64-41eb-8338-480d75c86b3d,9560498603,,,,,STRIPE,IST,gL5FBeYiFCyvh3fZcYRxUf/A9Pa+LC++04v3aZXIyyBZJ1I/tqiAMHLbrqScgyWkMBC9FHjGGbXKQknNcn3+eKSpdQA8UgBPkJde9xLfcXH6gabzqZxEW6m7lRmRBqmnDMnLy8HU9ZXys12V9xaI9RuhbIod81hmjb41XOQBAS7A8qYtoQ2++2Hb5zWqzV12U27/OLxnNKYQZXEJRXr7qqTtHnm115Kb4cvcBBs0w7k=,2025-09-27T13:40:24.998Z,2025-10-08T06:35:10.493Z,,,0101000000B87DEAB3DE525340E729BC15D3AC3C40,"{""intercomId"": ""68d7e9515150c35e0d3312ca"", ""leadSquaredData"": {""Id"": ""66204e64-c2c4-4fbe-b989-0451dc3d1087"", ""IsCreated"": true, ""RelatedId"": ""e88d0a01-5d70-45ea-9ef3-b85b8834803e""}}",AE286503,,,0.0,"{""toy"": {""ageGroupIds"": [""3ec41945-5b70-49aa-880d-e37bda8befbb""], ""facilitateIds"": []}}",,"{""profile"": ""COMPLETED"", ""childProfile"": ""COMPLETED"", ""onboardingScreen"": ""COMPLETED""}",[],mobile_app,"{""sublocality"": ""Shahdara"", ""formattedAddress"": ""1/356/A/2, Shahdara, New Delhi, Delhi, 110032, India""}",2025-09-27T14:03:32.918Z,{},,,fcec2385-5a85-459f-9bd1-3bab82b34b2e,d012c9e2-8bbe-4b09-925f-018f4f28cddb,NA,2999.0,2025-10-08T05:51:22.862Z,2026-10-08T05:51:22Z,0,assigned_0b020abe569783a2105f9c7c129dd60c,eab965a9-9117-4d7e-aa07-d7ded0903ca5,ACTIVE,,razorpay,,"{""discount"": ""58.34%"", ""isNewPlan"": false, ""pricePaid"": 2999, ""trialDays"": 30, ""toyProgram"": ""-"", ""planSavings"": 4200, ""planVersion"": ""v2"", ""trialAmount"": 499, ""trialApplied"": false, ""memberShipFees"": 0, ""bonusDeliveries"": 14, ""deliveryCharges"": 100, ""damageWaiverFees"": 999, ""refundableDeposit"": 0, ""memberShipFeesPaid"": 0, ""effectiveCostPerMonth"": 250, ""membershipFeesApplied"": false, ""refundableDepositPaid"": 0, ""planPriceDiscountAdmin"": 0, ""securityDepositApplied"": false, ""totalKeepCountPerMonth"": 3, ""damageWaiverFeesApplied"": true, ""isUnlimitedFreeDelivery"": false, ""membershipDiscountAdmin"": 0, ""totalFreeDeliveryPerMonth"": 0, ""actualChargesForMemberShipFees"": 0, ""refundableDepositDiscountAdmin"": 0, ""actualChargesForSecurityDeposit"": 0, ""actualChargesForDamageWaiverFees"": 999}",ASSIGNED,2025-10-08T05:51:32.52Z,2025-10-08T05:51:32.52Z,,"{""note"": ""4000 paid"", ""amount"": 2999, ""gstApplied"": true, ""gstPercentage"": 18, ""membershipData"": {""amount"": 0, ""isMembershipFee"": true}, ""userTrialApplied"": false, ""isTrialPeriodExpired"": true, ""userDamageWaiverFeesApplied"": true}",,,,,,{},[],{},2026-10-08T11:21:22
e00cbb36-bed3-4b94-a6ac-1582609ed10e,UR21686,nidhi,kanojia,p11nidhik@iimidr.ac.in,,,FEMALE,"[""USER""]",true,true,false,BG6/196-A block bg-6 paschim vihar,,New Delhi,Delhi,e73ff8b7-39f6-489c-8953-43946c6cea55,9582262122,,,,,STRIPE,IST,gL5FBeYiFCyvh3fZcYRxUf/A9Pa+LC++04v3aZXIyyBZJ1I/tqiAMHLbrqScgyWkMBt6H7cXdY6APMB5M5Ord+vawxjwWHGwGQ4TnBaJ2BXC1U94gJ04pPiEWLnB+ZpdJWB+V0zat3nmFzmu75z4hfw5DYP3LTf42LDEKzwI0uEnwQtwzZki9MO7r8facC3QBC5YHLYWMVJAWavzLk7+1aFbe9rPrmw+6auMfcyyh84=,2024-08-24T06:02:47.532Z,2026-08-17T08:45:57.102Z,,,01010000000000B838C4465340A6C6041ED6A93C40,"{""intercomId"": ""66ee5bfc738a859a68c6f788"", ""leadSquaredData"": {""Id"": """", ""IsCreated"": true, ""RelatedId"": ""17ea9899-cb59-4f9d-8a3f-61ba4aa0e7d4""}}",7795D5A9,,,0.0,"{""toy"": {""ageGroupIds"": [""654f486a-c1ba-4416-90ad-77086657f936""], ""facilitateIds"": [""374dd494-43c5-42c4-a402-4e95d852c4f3""]}}",,"{""profile"": ""COMPLETED"", ""childProfile"": ""COMPLETED"", ""onboardingScreen"": ""COMPLETED""}",[],,"{""sublocality"": ""Paschim Vihar"", ""formattedAddress"": ""BG6/194, Block BG 6, Paschim Vihar, New Delhi, Delhi, 110063, India""}",2025-10-06T04:34:08.139Z,{},new delhi 110063,"BG6/194, Block BG 6, Paschim Vihar, New Delhi, Delhi, 110063, India",ca966e97-2a98-464e-897f-420eff359682,e00cbb36-bed3-4b94-a6ac-1582609ed10e,NA,9999.0,2025-10-07T08:07:36.424Z,2026-10-07T08:07:36Z,0,assigned_232987836db5f8e281dfd91ca44a6719,1d0e4dd6-644c-4e58-9553-294c46814ae8,ACTIVE,,razorpay,,"{""discount"": ""25%"", ""isNewPlan"": false, ""pricePaid"": 8000, ""trialDays"": 30, ""toyProgram"": ""-"", ""planSavings"": 3597, ""planVersion"": ""v2"", ""trialAmount"": 99, ""trialApplied"": false, ""memberShipFees"": 0, ""bonusDeliveries"": 0, ""deliveryCharges"": 100, ""damageWaiverFees"": 999, ""refundableDeposit"": 0, ""memberShipFeesPaid"": 0, ""effectiveCostPerMonth"": 833, ""membershipFeesApplied"": false, ""refundableDepositPaid"": 0, ""planPriceDiscountAdmin"": 1999, ""securityDepositApplied"": false, ""totalKeepCountPerMonth"": 3, ""damageWaiverFeesApplied"": true, ""isUnlimitedFreeDelivery"": true, ""membershipDiscountAdmin"": 0, ""totalFreeDeliveryPerMonth"": 3, ""actualChargesForMemberShipFees"": 0, ""refundableDepositDiscountAdmin"": 0, ""actualChargesForSecurityDeposit"": 0, ""actualChargesForDamageWaiverFees"": 999}",ASSIGNED,2025-10-07T08:07:39.885Z,2025-10-07T08:07:39.885Z,,"{""amount"": 8000, ""gstApplied"": true, ""gstPercentage"": 18, ""membershipData"": {""amount"": 0, ""isMembershipFee"": true}, ""userTrialApplied"": false, ""isTrialPeriodExpired"": true, ""userDamageWaiverFeesApplied"": true}",,,,,,{},[],{},2026-10-07T13:37:36
7b1464a6-454a-432f-89a1-ef6a55072672,UR182392,Sandee,kumar,sandeepkumar.5692@gmail.com,,,,"[""USER""]",true,true,false,"first floor , wz 1391/32 , gali no 11,",near Chanchal park,Delhi,Delhi,03eb0653-85ab-4c2c-bd7b-5385cde223fe,9599036241,,,,,STRIPE,IST,gL5FBeYiFCyvh3fZcYRxUf/A9Pa+LC++04v3aZXIyyBZJ1I/tqiAMHLbrqScgyWk4QMF7RdmzasA9yJyH66qWW2pdZeErJxzxogf25LdshjoofERXxX0f8Z4uyOYBk4etskD2EOQCwDX+2Tzu1mX82hgGu3AH/UD6X8rI0y6meJvIEKbtzJBRAjaTX7fZn86E9EnzJJHXMHCko6n4ktFNVGTwjagL1YN5Tszkxulz2w=,2025-10-06T14:29:17.159Z,2026-08-26T00:41:16.498Z,,,0101000000000020F5DB465340987C0D58919C3C40,"{""intercomId"": ""68e3d242893417dd1274b95d"", ""isElefantUser"": true, ""leadSquaredData"": {""Id"": ""83751ead-8efe-4dfc-a1e8-0b26de80fc32"", ""IsCreated"": true, ""RelatedId"": ""790d8e48-a80e-4129-93d4-daa538906c3b""}}",D8042D20,,,0.0,{},,"{""profile"": ""COMPLETED"", ""childProfile"": ""COMPLETED"", ""onboardingScreen"": ""COMPLETED""}",[],mobile_app,"{""sublocality"": ""Janakpuri"", ""formattedAddress"": ""OFFICE, GOVERNMENT SENIOR SECONDARY SCHOOL NO-2, 1391/32, Pocket D 1, Janakpuri, Delhi, 110046, India""}",,{},"lajwanti garden , near Chanchal park","OFFICE, GOVERNMENT SENIOR SECONDARY SCHOOL NO-2, 1391/32, Pocket D 1, Janakpuri, Delhi, 110046, India",165a172a-5879-4250-b268-3f5e71798c5e,7b1464a6-454a-432f-89a1-ef6a55072672,,2999.0,2025-10-06T14:50:43Z,2026-10-06T14:50:43Z,0,order_RQE4C7m7nmmtW8,eab965a9-9117-4d7e-aa07-d7ded0903ca5,ACTIVE,,card,,"{""discount"": ""58.34%"", ""isNewPlan"": false, ""trialDays"": 30, ""toyProgram"": ""-"", ""planSavings"": 4200, ""planVersion"": ""v2"", ""trialAmount"": 499, ""trialApplied"": false, ""memberShipFees"": 0, ""bonusDeliveries"": 14, ""deliveryCharges"": 100, ""damageWaiverFees"": 999, ""refundableDeposit"": 0, ""effectiveCostPerMonth"": 250, ""membershipFeesApplied"": false, ""securityDepositApplied"": false, ""totalKeepCountPerMonth"": 3, ""damageWaiverFeesApplied"": true, ""isUnlimitedFreeDelivery"": false, ""totalFreeDeliveryPerMonth"": 2, ""actualChargesForMemberShipFees"": 0, ""actualChargesForSecurityDeposit"": 0, ""actualChargesForDamageWaiverFees"": 999}",PURCHASE,2025-10-06T14:48:40.96Z,2026-04-14T12:58:23.045Z,,"{""deviceType"": ""MOBILE"", ""gstApplied"": true, ""paymentNotes"": {""userId"": ""7b1464a6-454a-432f-89a1-ef6a55072672"", ""isRecurringPayment"": ""true"", ""subscriptionPlanId"": ""eab965a9-9117-4d7e-aa07-d7ded0903ca5""}, ""gstPercentage"": 18, ""membershipData"": {""amount"": 0, ""isMembershipFee"": true}, ""isRecurringInit"": false, ""paymentProvider"": ""RAZOR_PAY"", ""userTrialApplied"": false, ""securityDepositData"": {""securityDepositApplied"": false}, ""isTrialPeriodExpired"": true, ""merchantTransactionId"": ""order_RQE4C7m7nmmtW8"", ""userDamageWaiverFeesApplied"": true}",,,,,,{},[],"{""couponAppliedStatus"": ""PENDING"", ""isCouponAppliedOnSubscriptionRenew"": false}",2026-10-06T20:20:43
db9d6886-0b0c-4986-bb0f-1486829a811e,UR364706,Ritesh,Agrawal,riteshagrawal1994@gmail.com,,,,"[""USER""]",true,true,false,C8 3rd Dloor,,Bengaluru,Karnataka,0f63c873-af94-414b-a0f1-7e3c3622b5ff,9604531155,,,,,STRIPE,IST,gL5FBeYiFCyvh3fZcYRxUf/A9Pa+LC++04v3aZXIyyBZJ1I/tqiAMHLbrqScgyWkTJb/FlT8+rYAEVSo1SwzRZBaIcwNOA02c0xdP+PaZKps2/mT0i8hS4wEbeEYE8rlJkI0Q1eUmdF37ysvwaRVRhIdtdAtaDj2V88gqH7k2xqhD+lamD2ifn3/8+I5kuzn4ZVmowYkElWjZdNztaDCfbvx+iTekN0Pn7Zg/HQ0VZw=,2026-06-26T16:58:32.311Z,2026-08-19T16:01:50.411Z,,,010100000032F961FE8570534068971E7A4EF32940,"{""intercomId"": ""6a3eafbd5fc00bf3a92e3a93"", ""isElefantUser"": true, ""hasToyHoldingMismatch"": false}",E78E4517,,,0.0,{},,"{""profile"": ""COMPLETED"", ""childProfile"": ""COMPLETED"", ""onboardingScreen"": ""COMPLETED""}","[""d9URtdKuz0XtlTlS7e91hp:APA91bFJY1rEmW4UI2vu7wTn608Tfq7Z8adT04b3RdrONDDllIV6sfRzDj_81lIFDatRpywUAjdgiowF0GdVzQJDZybP5Nrb0rGb-MhbcjZ3SYbpn6amDUc""]",,"{""sublocality"": ""Whitefield"", ""formattedAddress"": ""XQG5+377, Pattandur Agrahara Maithri Layout 5th Cross Rd, Whitefield, Bengaluru, Karnataka 560066, India""}",,"{""Q1"": ""0_2"", ""Q3"": ""5_10"", ""Q6"": ""Prisha""}",AHP Woods,"XQG5+377, Pattandur Agrahara Maithri Layout 5th Cross Rd, Whitefield, Bengaluru, Karnataka 560066, India",9c5d8a60-47d1-4031-afbd-4dac8c37b718,db9d6886-0b0c-4986-bb0f-1486829a811e,9604531155,5997.0,2026-07-04T04:58:06.476Z,2026-10-04T04:58:06Z,0,assigned_86a76baa89d87c823332c7dc3faeccb4,03e58770-76d5-4434-9934-ea1d64e4096f,ACTIVE,,razorpay,,"{""discount"": ""25%"", ""isNewPlan"": false, ""pricePaid"": 4500, ""trialDays"": 30, ""toyProgram"": ""-"", ""planSavings"": 3597, ""planVersion"": ""v2"", ""trialAmount"": 99, ""trialApplied"": false, ""memberShipFees"": 0, ""bonusDeliveries"": 0, ""deliveryCharges"": 100, ""sameDayDelivery"": true, ""damageWaiverFees"": 999, ""maxBigToyAllowed"": 1, ""refundableDeposit"": 0, ""memberShipFeesPaid"": 0, ""moneyBackGuarantee"": 30, ""effectiveCostPerMonth"": 1999, ""membershipFeesApplied"": false, ""refundableDepositPaid"": 0, ""planPriceDiscountAdmin"": 1497, ""securityDepositApplied"": false, ""totalKeepCountPerMonth"": 3, ""damageWaiverFeesApplied"": true, ""isUnlimitedFreeDelivery"": false, ""membershipDiscountAdmin"": 0, ""maxToyHoldingValueAllowed"": 35000, ""totalFreeDeliveryPerMonth"": 13, ""actualChargesForMemberShipFees"": 0, ""refundableDepositDiscountAdmin"": 0, ""actualChargesForSecurityDeposit"": 0, ""actualChargesForDamageWaiverFees"": 999}",ASSIGNED,2026-07-04T04:58:12.498Z,2026-07-27T07:16:56.356Z,,"{""note"": ""Quarter max 4500"", ""amount"": 4500, ""gstApplied"": true, ""gstPercentage"": 18, ""membershipData"": {""amount"": 0, ""isMembershipFee"": true}, ""userTrialApplied"": false, ""isTrialPeriodExpired"": true, ""userDamageWaiverFeesApplied"": true}",,,,,,{},[],{},2026-10-04T10:28:06
abca3d14-5737-4985-9352-17f981497817,UR181839,,,,,,,"[""USER""]",true,true,false,,,Pali,Rajasthan,8bd3e57f-2f79-40fc-9e6a-e1f406d6c5b1,9610226218,,,,,STRIPE,IST,gL5FBeYiFCyvh3fZcYRxUf/A9Pa+LC++04v3aZXIyyBZJ1I/tqiAMHLbrqScgyWkmiN/ds6vhBIIGNyEQsq+mCVd+GLXiz0hJTBlqR6pREtLIUTTNGGHI9O2eYGl9DphhYWTuxdh5EUcbn/o+iMre9hJWisdBIamHIuGzjeQgqtOuXPAkfBpaoVOsWzuaOd1MpLxXY9QnG0LXIN5I9OlqJqcik0xFXg4YpsuSDu4ZiE=,2025-10-05T11:11:17.54Z,2025-10-05T11:15:47.075Z,,,010100000005680014C8555240078E1546C4C43940,"{""intercomId"": ""68e2525d88c0ddc2aab70ad4"", ""leadSquaredData"": {""Id"": ""8bf7e4a9-53ef-4f22-94a2-6c862638e692"", ""IsCreated"": true, ""RelatedId"": ""96ecaf2b-1939-4f99-a834-225f04434fb5""}}",12E8B1F0,,,0.0,{},,"{""profile"": ""COMPLETED"", ""childProfile"": ""COMPLETED"", ""onboardingScreen"": ""COMPLETED""}","[""fg8HtouxWU_6tmNPcHg827:APA91bFQiGl7HR6g4GGIkhOHzPeVZe9nE07jmKIDaA54dtlBW_2MAxDdL3nSm5fQRKEe4LBnQxuXhG7KtsAdEqxUQFx-xP_opKWG_3RNXPI02DBh8qyZ6mA""]",mobile_app,"{""sublocality"": ""Bapu Nagar Extension"", ""formattedAddress"": ""Q89R+C4W Kisaan Kesari Garden, Bapu Nagar Extension, Pali, Rajasthan 306401, India""}",2025-10-05T11:15:47.075Z,{},,,fa8c06a2-5e39-4634-9738-f05287875908,abca3d14-5737-4985-9352-17f981497817,NA,9999.0,2025-10-06T07:40:16.622Z,2026-10-06T07:40:16Z,0,assigned_dff1b30c027d31a2b36b2ff3d5d2312a,1d0e4dd6-644c-4e58-9553-294c46814ae8,ACTIVE,,razorpay,,"{""discount"": ""25%"", ""isNewPlan"": false, ""pricePaid"": 7000, ""trialDays"": 30, ""toyProgram"": ""-"", ""planSavings"": 3597, ""planVersion"": ""v2"", ""trialAmount"": 99, ""trialApplied"": false, ""memberShipFees"": 0, ""bonusDeliveries"": 0, ""deliveryCharges"": 100, ""damageWaiverFees"": 999, ""refundableDeposit"": 0, ""memberShipFeesPaid"": 0, ""effectiveCostPerMonth"": 833, ""membershipFeesApplied"": false, ""refundableDepositPaid"": 0, ""planPriceDiscountAdmin"": 2999, ""securityDepositApplied"": false, ""totalKeepCountPerMonth"": 3, ""damageWaiverFeesApplied"": true, ""isUnlimitedFreeDelivery"": true, ""membershipDiscountAdmin"": 0, ""totalFreeDeliveryPerMonth"": 3, ""actualChargesForMemberShipFees"": 0, ""refundableDepositDiscountAdmin"": 0, ""actualChargesForSecurityDeposit"": 0, ""actualChargesForDamageWaiverFees"": 999}",ASSIGNED,2025-10-06T07:40:22.118Z,2025-10-06T07:40:22.118Z,,"{""amount"": 7000, ""gstApplied"": true, ""gstPercentage"": 18, ""membershipData"": {""amount"": 0, ""isMembershipFee"": true}, ""userTrialApplied"": false, ""isTrialPeriodExpired"": true, ""userDamageWaiverFeesApplied"": true}",,,,,,{},[],{},2026-10-06T13:10:16
c9ca8228-e36f-42fb-85aa-ea8361c64fcc,UR169233,,,,,,,"[""USER""]",true,true,false,"C 001, Tower C, Heritage one, sector 62, gurugram, 122101",opp paras trinity,Gurugram,Haryana,6079e16b-75bd-49d8-8170-56f4d4f73eae,9643814288,,,,,STRIPE,IST,gL5FBeYiFCyvh3fZcYRxUf/A9Pa+LC++04v3aZXIyyBZJ1I/tqiAMHLbrqScgyWkToBzPe/ko+T3fI8h6Q6YkytxOqABsTOUqrcCS8pKlHxDPszXRl6Mk5Wwjr5dKlTHcQUvuSv4BH4n2vSQl79rQl5RB8jlTesj59s6rDTqe6txJtbfd3JJCTlv9BX6rR5v8MDi91rbuzvowHW99A+Ad8U4bI+sCXGpZjWGD7NsCB4=,2025-09-14T05:01:54.669Z,2025-12-10T05:31:00.502Z,,,01010000004E171868AD4553405139DCFDE0663C40,"{""intercomId"": ""68c64c48435ec9766439f79c"", ""leadSquaredData"": {""Id"": ""8e114e82-c2ed-4de3-91c6-5e3fd35cd34a"", ""IsCreated"": true, ""RelatedId"": ""5c807497-6b83-4495-a765-88d0877bdd52""}}",87640823,,,0.0,{},,"{""profile"": ""COMPLETED"", ""childProfile"": ""COMPLETED"", ""onboardingScreen"": ""COMPLETED""}","[""fm3ZWtm5i0WToEPEbTt7Db:APA91bH9SPx5KMwzXd-bvzIIHctp2ztr90eoWH5ZikXiJeRcNiCwF03Gh8m7306tYClxeFUz_scEQj6c4CAkRpMBQrK2FLElnUZ4uqe4s2R9fTwzTC9b3gE""]",mobile_app,"{""sublocality"": ""Sector 62"", ""formattedAddress"": ""Heritage One Tower-A, Heritage One, Sector 62, Gurugram, Haryana 122098, India""}",,{},,,2cc8b7bb-e9d5-4d43-b0fc-064d018559d6,c9ca8228-e36f-42fb-85aa-ea8361c64fcc,NA,2999.0,2025-10-07T10:40:12.01Z,2026-10-07T10:40:12Z,0,assigned_7744271d0eb2cf5cdb69bd3b9ee11973,eab965a9-9117-4d7e-aa07-d7ded0903ca5,ACTIVE,,razorpay,,"{""discount"": ""58.34%"", ""isNewPlan"": false, ""pricePaid"": 2999, ""trialDays"": 30, ""toyProgram"": ""-"", ""planSavings"": 4200, ""planVersion"": ""v2"", ""trialAmount"": 499, ""trialApplied"": false, ""memberShipFees"": 0, ""bonusDeliveries"": 14, ""deliveryCharges"": 100, ""damageWaiverFees"": 999, ""refundableDeposit"": 0, ""memberShipFeesPaid"": 0, ""effectiveCostPerMonth"": 250, ""membershipFeesApplied"": false, ""refundableDepositPaid"": 0, ""planPriceDiscountAdmin"": 0, ""securityDepositApplied"": false, ""totalKeepCountPerMonth"": 3, ""damageWaiverFeesApplied"": true, ""isUnlimitedFreeDelivery"": false, ""membershipDiscountAdmin"": 0, ""totalFreeDeliveryPerMonth"": 0, ""actualChargesForMemberShipFees"": 0, ""refundableDepositDiscountAdmin"": 0, ""actualChargesForSecurityDeposit"": 0, ""actualChargesForDamageWaiverFees"": 999}",ASSIGNED,2025-10-07T10:40:20.061Z,2025-10-07T10:40:20.061Z,,"{""note"": ""4000 paid"", ""amount"": 2999, ""gstApplied"": true, ""gstPercentage"": 18, ""membershipData"": {""amount"": 0, ""isMembershipFee"": true}, ""userTrialApplied"": false, ""isTrialPeriodExpired"": true, ""userDamageWaiverFeesApplied"": true}",,,,,,{},[],{},2026-10-07T16:10:12
a8099687-1d92-4f20-ad54-5f3193b88b9d,UR183042,Laukik,Bajpai,laukikbajpai@gmail.com,,,,"[""USER""]",true,true,false,G 401 Shanti Botonica,Nr. Raysan Metro Station,Gandhinagar,Gujarat,b1033442-c1ce-45b9-8d95-ddee1e1fcf40,9662668014,,,,,STRIPE,IST,gL5FBeYiFCyvh3fZcYRxUf/A9Pa+LC++04v3aZXIyyBZJ1I/tqiAMHLbrqScgyWkUUELHTFufEE8xJxAw5odbEt2RISsCMDDTMOZIINk/6B5fmoM3xvVs0TZ2/XTf9LrHyNc6aJ2vJkii7xuBBci9NTpmf5ee+q6g7l7rJRtQAfMTmxHIavSuM//XZn16XJ+VEh7N6LFZ9X1ovR8mpQeq7IBCKja69oIh/EDhuFkZSA=,2025-10-07T17:39:54.322Z,2026-04-21T12:19:58.094Z,,,01010000007CF0DAA50D2A5240B5DA68A5B52A3740,"{""intercomId"": ""68e5506f3212ef9a9da5a6b4"", ""isElefantUser"": true, ""leadSquaredData"": {""Id"": ""35748f38-d0a0-4e17-b2f6-77e6aa312d31"", ""IsCreated"": true, ""RelatedId"": ""69bc2a6d-0b5e-47f9-88a3-a88ef6d35d06""}, ""declineSubscriptionReason"": ""I'm looking for a better price point""}",6CD1DF75,,,0.0,{},,"{""profile"": ""COMPLETED"", ""childProfile"": ""COMPLETED"", ""onboardingScreen"": ""COMPLETED""}",[],mobile_app,"{""formattedAddress"": ""5M84+PRP, Raysan Rd, Raysan, Gujarat 382426, India""}",,{},,,df6de09b-c020-4f25-bc8b-0adf74d5d68e,a8099687-1d92-4f20-ad54-5f3193b88b9d,,2999.0,2025-10-07T17:54:52Z,2026-10-07T17:54:52Z,0,order_RQfkLwGKXGx03T,eab965a9-9117-4d7e-aa07-d7ded0903ca5,ACTIVE,,card,,"{""discount"": ""58.34%"", ""isNewPlan"": false, ""trialDays"": 30, ""toyProgram"": ""-"", ""planSavings"": 4200, ""planVersion"": ""v2"", ""trialAmount"": 499, ""trialApplied"": false, ""memberShipFees"": 0, ""bonusDeliveries"": 14, ""deliveryCharges"": 100, ""damageWaiverFees"": 999, ""refundableDeposit"": 0, ""effectiveCostPerMonth"": 250, ""membershipFeesApplied"": false, ""securityDepositApplied"": false, ""totalKeepCountPerMonth"": 3, ""damageWaiverFeesApplied"": true, ""isUnlimitedFreeDelivery"": false, ""totalFreeDeliveryPerMonth"": 0, ""actualChargesForMemberShipFees"": 0, ""actualChargesForSecurityDeposit"": 0, ""actualChargesForDamageWaiverFees"": 999}",PURCHASE,2025-10-07T17:53:19.212Z,2025-10-07T17:54:52.388Z,,"{""deviceType"": ""MOBILE"", ""gstApplied"": true, ""paymentNotes"": {""userId"": ""a8099687-1d92-4f20-ad54-5f3193b88b9d"", ""isRecurringPayment"": ""true"", ""subscriptionPlanId"": ""eab965a9-9117-4d7e-aa07-d7ded0903ca5""}, ""gstPercentage"": 18, ""membershipData"": {""amount"": 0, ""isMembershipFee"": true}, ""isRecurringInit"": false, ""paymentProvider"": ""RAZOR_PAY"", ""userTrialApplied"": false, ""securityDepositData"": {""securityDepositApplied"": false}, ""isTrialPeriodExpired"": true, ""merchantTransactionId"": ""order_RQfkLwGKXGx03T"", ""userDamageWaiverFeesApplied"": true}",,,,,,{},[],"{""couponAppliedStatus"": ""PENDING"", ""isCouponAppliedOnSubscriptionRenew"": false}",2026-10-07T23:24:52
39605139-a023-42fc-ac84-bb1f84206d3d,UR181801,tapesh,panchouli,tapeshji@gmail.com,,,,"[""USER""]",true,true,false,68/417 pratap nagar sanganer jaipur,haldighati road,Jaipur,Rajasthan,6ef94f35-64a9-4833-a4e2-543ab1fbfbf3,9694840516,,,,,STRIPE,IST,gL5FBeYiFCyvh3fZcYRxUf/A9Pa+LC++04v3aZXIyyBZJ1I/tqiAMHLbrqScgyWkh3EmZ5msFFRXYZMIylPdxinFk8IR7ydgtQ4LkG9YVZQek5jNek3aBNZhMcJzuGcjwxrAzm9mCCjJiObzPTT0nBNvry76qJM5N6aYUI6Q/MvdNB3oPYiSxHfG+olvHHGZTfEEvPEpgscU6/Ww457AjaiaKdkGMShlY4ANyGBz+w4=,2025-10-05T09:42:59.91Z,2025-10-24T08:02:20.08Z,,,0101000020E6100000000038B4FDF35240A330B4B82FCE3A40,"{""intercomId"": ""68e23da90b3d46231f3c011a"", ""leadSquaredData"": {""Id"": ""5417785e-72cf-4b0f-b547-27a4655ef120"", ""IsCreated"": true, ""RelatedId"": ""d585ba37-e676-4e96-a913-a0eb7dcdb135""}}",8F6C8E26,,,0.0,{},,"{""profile"": ""COMPLETED"", ""childProfile"": ""COMPLETED"", ""onboardingScreen"": ""COMPLETED""}","[""f75dmgzr704LpT2KcHq1G2:APA91bFX7zc8K8z1872Z5wKJBQCDGz9xA1OA-6KSPn4bVUlv9O9yIFkYYD_-J7xYhLYuD-GgzO3-AFdy-l488Ly2oa7QTagM4X5iBC1bQ9400r-4xsHEATs""]",mobile_app,"{""sublocality"": ""Maruti Nagar"", ""formattedAddress"": ""68/418, Tirupati Balaji Nagar, Sanganer, Maruti Nagar, Jaipur, Rajasthan 302033, India""}",2025-10-05T14:11:23.618Z,{},,,1410637e-09b3-4f3a-8c0b-94a2c5a7a3eb,39605139-a023-42fc-ac84-bb1f84206d3d,NA,2999.0,2025-10-06T06:30:19.068Z,2026-10-06T06:30:19Z,0,assigned_a06916f04323e7081579c187570ef89d,eab965a9-9117-4d7e-aa07-d7ded0903ca5,ACTIVE,,razorpay,,"{""discount"": ""58.34%"", ""isNewPlan"": false, ""pricePaid"": 2999, ""trialDays"": 30, ""toyProgram"": ""-"", ""planSavings"": 4200, ""planVersion"": ""v2"", ""trialAmount"": 499, ""trialApplied"": false, ""memberShipFees"": 0, ""bonusDeliveries"": 14, ""deliveryCharges"": 100, ""damageWaiverFees"": 999, ""refundableDeposit"": 0, ""memberShipFeesPaid"": 0, ""effectiveCostPerMonth"": 250, ""membershipFeesApplied"": false, ""refundableDepositPaid"": 0, ""planPriceDiscountAdmin"": 0, ""securityDepositApplied"": false, ""totalKeepCountPerMonth"": 3, ""damageWaiverFeesApplied"": true, ""isUnlimitedFreeDelivery"": false, ""membershipDiscountAdmin"": 0, ""totalFreeDeliveryPerMonth"": 0, ""actualChargesForMemberShipFees"": 0, ""refundableDepositDiscountAdmin"": 0, ""actualChargesForSecurityDeposit"": 0, ""actualChargesForDamageWaiverFees"": 999}",ASSIGNED,2025-10-06T06:30:22.495Z,2025-10-06T06:30:22.495Z,,"{""amount"": 2999, ""gstApplied"": true, ""gstPercentage"": 18, ""membershipData"": {""amount"": 0, ""isMembershipFee"": true}, ""userTrialApplied"": false, ""isTrialPeriodExpired"": true, ""userDamageWaiverFeesApplied"": false}",,,,,,{},[],{},2026-10-06T12:00:19
a95f7f5e-cef3-4a2d-98bc-109e6ef94676,UR181562,,,,,,,"[""USER""]",true,true,false,"401, Ista by Sri durga, chikoti garden, begumpet",opposite HCL,Hyderabad,Telangana,5052439b-98f7-4210-b1fa-10a76ea54f61,9701892949,,,,,STRIPE,IST,gL5FBeYiFCyvh3fZcYRxUf/A9Pa+LC++04v3aZXIyyBZJ1I/tqiAMHLbrqScgyWkmELrVDGJcs1XL7oOInQGIlKwKPMj9DydBp0eeNBaNbW31OD5yKffrNyaj3hWX8hd8bPXg6EJYfcOam7yI53UnU3PHf6zvpTmAMi6It2tvRJarKgH3+VprSkq5oFwLJnRtx6ykkjIdmxL3CJbPalasX/TQJwi4J/Cns/XYiNpsTg=,2025-10-04T18:31:21.265Z,2025-10-06T08:48:47.863Z,,,01010000000000E8EBA79D534010E11DFF53713140,"{""intercomId"": ""68e167fe0878735fad771b41"", ""leadSquaredData"": {""Id"": ""419a18f0-ed7a-4a70-b704-9d36ece87718"", ""IsCreated"": true, ""RelatedId"": ""62482f8e-332f-47bf-ab8b-23fc918ef66e""}}",EC546075,,,0.0,{},,"{""profile"": ""COMPLETED"", ""childProfile"": ""COMPLETED"", ""onboardingScreen"": ""COMPLETED""}","[""eFO3y7J8o004t1jWgULL7A:APA91bE9OnSI8iH9MLRIPnMsh78BfOJPF_kBCgieT5u-e11LVy-eWGvdSLydfInbJviaHRYLIh01lLw2xBSZ4gqw5H3fts5WhmwMELveyw-bIAVCtkFH3Pg""]",mobile_app,"{""sublocality"": ""Begumpet"", ""formattedAddress"": ""1-10-98/6, Begumpet Rd, Mayur Marg, Begumpet, Hyderabad, Telangana 500016, India""}",2025-10-04T18:49:46.798Z,{},,,a2337c7f-0a70-4a97-b942-795502ff5fae,a95f7f5e-cef3-4a2d-98bc-109e6ef94676,NA,2999.0,2025-10-04T10:33:52.238Z,2026-10-04T10:33:52Z,0,assigned_cb6cf37d5c9544dc839cabc928f7a6f8,eab965a9-9117-4d7e-aa07-d7ded0903ca5,ACTIVE,,razorpay,,"{""discount"": ""58.34%"", ""isNewPlan"": false, ""pricePaid"": 2999, ""trialDays"": 30, ""toyProgram"": ""-"", ""planSavings"": 4200, ""planVersion"": ""v2"", ""trialAmount"": 499, ""trialApplied"": false, ""memberShipFees"": 0, ""bonusDeliveries"": 14, ""deliveryCharges"": 100, ""damageWaiverFees"": 999, ""refundableDeposit"": 0, ""memberShipFeesPaid"": 0, ""effectiveCostPerMonth"": 250, ""membershipFeesApplied"": false, ""refundableDepositPaid"": 0, ""planPriceDiscountAdmin"": 0, ""securityDepositApplied"": false, ""totalKeepCountPerMonth"": 3, ""damageWaiverFeesApplied"": true, ""isUnlimitedFreeDelivery"": false, ""membershipDiscountAdmin"": 0, ""totalFreeDeliveryPerMonth"": 0, ""actualChargesForMemberShipFees"": 0, ""refundableDepositDiscountAdmin"": 0, ""actualChargesForSecurityDeposit"": 0, ""actualChargesForDamageWaiverFees"": 999}",ASSIGNED,2025-10-05T10:33:57.024Z,2025-10-05T10:33:57.024Z,,"{""amount"": 2999, ""gstApplied"": true, ""gstPercentage"": 18, ""membershipData"": {""amount"": 0, ""isMembershipFee"": true}, ""userTrialApplied"": false, ""isTrialPeriodExpired"": true, ""userDamageWaiverFeesApplied"": true}",,,,,,{},[],{},2026-10-04T16:03:52
e89c3598-43e4-4031-a57a-f93decfaa601,UR181882,Ananya,,abhishekrampuria@gmail.com,,,,"[""USER""]",true,true,false,"G107,",,Hyderabad,Telangana,a194e863-d4ea-4ad6-b0fa-b6c4af4dc5cb,9709031333,,,,,STRIPE,IST,gL5FBeYiFCyvh3fZcYRxUf/A9Pa+LC++04v3aZXIyyBZJ1I/tqiAMHLbrqScgyWkpEr7CwPTnJd5yPMtNkMuEKQWVIQpIG3RviUR7R07YzElM4Hkr4s/gPecfcW8cDBf+AEWNzlmMaJFzk9rD4Zq93BaKvx9LL81prqf6djYjmHFoR8ihNpDIUBP+yzTSMXQtiq8644HZWz1stVUk8zhNb6so1M9LdaEHNWEGTy8/Es=,2025-10-05T12:27:32.953Z,2026-09-20T08:42:21.796Z,,,01010000001DC70F95C69953402B7F08BB72673140,"{""intercomId"": ""68e2643a92944b20a91d2681"", ""leadSquaredData"": {""Id"": ""56c0347c-c7bf-45a8-89f9-be53b25b06f6"", ""IsCreated"": true, ""RelatedId"": ""1f907b7d-19dd-4eff-85b8-5a18cd794e82""}}",6B669A1D,,,0.0,{},,"{""profile"": ""COMPLETED"", ""childProfile"": ""COMPLETED"", ""onboardingScreen"": ""COMPLETED""}",[],mobile_app,"{""sublocality"": ""Shaikpet"", ""formattedAddress"": ""CC33+J4G, Aziz Bagh Colony, Shaikpet, Hyderabad, Telangana 500008, India""}",,{},Aditya Empress Towers Annexe,CC33+J4G Aziz Bagh Colony Shaikpet,d24c694f-0a1b-4fa7-91ce-5b20ce3145dc,e89c3598-43e4-4031-a57a-f93decfaa601,9709031333,2999.0,2025-10-04T21:14:43.288Z,2026-10-04T21:14:43Z,0,assigned_88de4f61f14cf79e140e46c0b52b7e7b,eab965a9-9117-4d7e-aa07-d7ded0903ca5,ACTIVE,,razorpay,,"{""discount"": ""58.34%"", ""isNewPlan"": false, ""pricePaid"": 2999, ""trialDays"": 30, ""toyProgram"": ""-"", ""planSavings"": 4200, ""planVersion"": ""v2"", ""trialAmount"": 499, ""trialApplied"": false, ""memberShipFees"": 0, ""bonusDeliveries"": 14, ""deliveryCharges"": 100, ""damageWaiverFees"": 999, ""refundableDeposit"": 0, ""memberShipFeesPaid"": 0, ""effectiveCostPerMonth"": 250, ""membershipFeesApplied"": false, ""refundableDepositPaid"": 0, ""planPriceDiscountAdmin"": 0, ""securityDepositApplied"": false, ""totalKeepCountPerMonth"": 3, ""damageWaiverFeesApplied"": true, ""isUnlimitedFreeDelivery"": false, ""membershipDiscountAdmin"": 0, ""totalFreeDeliveryPerMonth"": 0, ""actualChargesForMemberShipFees"": 0, ""refundableDepositDiscountAdmin"": 0, ""actualChargesForSecurityDeposit"": 0, ""actualChargesForDamageWaiverFees"": 999}",ASSIGNED,2025-10-05T21:14:47.879Z,2025-10-05T21:14:47.879Z,,"{""amount"": 2999, ""gstApplied"": true, ""gstPercentage"": 18, ""membershipData"": {""amount"": 0, ""isMembershipFee"": true}, ""userTrialApplied"": false, ""isTrialPeriodExpired"": true, ""userDamageWaiverFeesApplied"": true}",,,,,,{},[],{},2026-10-05T02:44:43
183d804f-6f27-409a-8a93-d96e56cc5b6c,UR98330,Gaurav,Khare,gauravkhare100@gmail.com,,,MALE,"[""USER""]",true,true,false,"B1-703, Lunkad Amazon",Besides Shiv Sagar Restaurant,Pune,Maharashtra,e1d2c09c-35bb-4650-a0e6-a0c4f6c78597,9717611988,,,,,RAZOR_PAY,IST,gL5FBeYiFCyvh3fZcYRxUf/A9Pa+LC++04v3aZXIyyBZJ1I/tqiAMHLbrqScgyWkSthepeMMa9JkXpsPqv27QqKfRn3fBFdNyO3GwqJK3JNTVU5HFKBxHxthBX0U8HbsS59BDoUek0okdMZ64vU8lLs/lCD0BtgZ2Tk2h2hJxXG8ACBAAzxgZoKjWITElnRpqudug9e0w663MO2+Vk7NMcOfz4TKWmlQ8w6iqBGT1DI=,2025-05-04T05:51:47.473Z,2025-05-12T05:37:40.43Z,,,0101000020E6100000E0C7878F3E7A5240631DD83BED903240,"{""intercomId"": ""68170079d7d72bbb436c7af3"", ""leadSquaredData"": {""Id"": ""669d8279-9433-4a50-9d85-986bd4a6764d"", ""IsCreated"": false, ""RelatedId"": ""3003b09d-de38-4f21-88f9-1982da0da9ae""}}",1B28BB8B,,,0.0,{},,"{""profile"": ""COMPLETED"", ""childProfile"": ""COMPLETED"", ""onboardingScreen"": ""COMPLETED""}","[""fA5xud53-kOrsIdiOwnmFx:APA91bEbDukdyGgTFA-p4ky462KObZl_ojLfqnWbKMr6pzFbCFlkKKrQVFirgELNJrGRoNREqtjxCItST_I2WOPyriK_N51dDUvEEP8svTIQ4-13ED6JUUw""]",mobile_app,"{""sublocality"": ""Viman Nagar"", ""formattedAddress"": ""Konark Arcade, LUNKAD AMAZON, Viman Nagar Rd, Clover Park, Viman Nagar, Pune, Maharashtra 411014, India""}",,{},,,600e6bdd-b88e-41a2-9311-fbdfd0c04338,183d804f-6f27-409a-8a93-d96e56cc5b6c,NA,5399.0,2026-05-06T06:02:40.436Z,2026-10-06T18:29:59.999Z,0,assigned_509840f0b68cd232c0a0e6f07bdab1e7,c7ddccb7-6236-44fb-b057-433c4f1bda78,ACTIVE,,other,,"{""discount"": ""10%"", ""isNewPlan"": false, ""pricePaid"": 0, ""trialDays"": 15, ""toyProgram"": ""-"", ""planSavings"": 599, ""planVersion"": ""v1"", ""trialAmount"": 1, ""trialApplied"": false, ""memberShipFees"": 1000, ""bonusDeliveries"": 2, ""deliveryCharges"": 100, ""damageWaiverFees"": 799, ""refundableDeposit"": 0, ""memberShipFeesPaid"": 0, ""effectiveCostPerMonth"": 900, ""membershipFeesApplied"": false, ""refundableDepositPaid"": 0, ""planPriceDiscountAdmin"": 5399, ""securityDepositApplied"": false, ""totalKeepCountPerMonth"": 3, ""damageWaiverFeesApplied"": true, ""isUnlimitedFreeDelivery"": false, ""membershipDiscountAdmin"": 1000, ""totalFreeDeliveryPerMonth"": 3, ""refundableDepositDiscountAdmin"": 0, ""actualChargesForSecurityDeposit"": 0, ""actualChargesForDamageWaiverFees"": 1}",ASSIGNED,2026-05-06T06:02:50.94Z,2026-05-06T06:03:01.409Z,,"{""note"": ""Extension foc"", ""amount"": 0, ""membershipData"": {""amount"": 1000, ""isMembershipFee"": true}}",,,,,,{},[],{},2026-10-06T23:59:59.999
fd7f25f2-a504-4359-a740-25b125409f53,UR101135,Himanshi,Jindal,,,,,"[""USER""]",true,true,false,"E906, Near Coldman Logistics, Bommenahalli, Karnataka 560049, India",,Bommenahalli,Karnataka,f64c2933-82fe-4259-bc6a-d7b60e20e83f,9742578921,,,,,RAZOR_PAY,IST,gL5FBeYiFCyvh3fZcYRxUf/A9Pa+LC++04v3aZXIyyBZJ1I/tqiAMHLbrqScgyWkf7YWoJTHVKSs31nxqzGkmZt2n6aWOqgAUjPNTaJ4tGTkhXp0AWyHrtNKdfRdq7/egBmJHR6L5VE+NttzIRZB6HP6NCQM1VnNxVvYEjyGBh12Y/vq4aCr6cECaKD38DSDIbvBle6wKj55FQ/hlKG+TJS5CYvNH/AVFGa+VG0G3p0=,2025-05-09T07:39:59.426Z,2026-07-18T10:51:54.918Z,,,010100000048DBFE0716705340CC923456DB242A40,"{""isElefantUser"": true, ""leadSquaredData"": {""Id"": ""b57011ab-5b27-4bdd-844c-7a179cc33aeb"", ""IsCreated"": false, ""RelatedId"": ""0366f894-5ed1-418c-9f89-0c32c3d3adf0""}, ""isQuestionAnswereOnBoardCompleted"": true}",8C6A77DE,,,0.0,{},,"{""profile"": ""COMPLETED"", ""childProfile"": ""COMPLETED"", ""onboardingScreen"": ""COMPLETED""}","[""es2U6_cw5E6pkL-NDmISfq:APA91bHj1FhxjSHaxwUT0AiAG8-cVpH6MTm7tHvFL2l7StsKTStj7WAE--pin4RC5ynP-AHhi098m2Wd5lhSRM7wvdg8g4S28C1yaZIOIhbKP_XyNe_PAS0"" ""fAnD1bI-yEggny8Ja0vCac:APA91bFkW54eS3j31xaoOcionJqtyZs2H1c-UNVZX9A0yjyznmBzpAIrqgr2GhV7i3_R5uiwHsHdft4D_OImoZc0ADmTsbfOKGUDH1Adhecr5aFbzUxEYv4""]",mobile_app,"{""formattedAddress"": ""E906, Near Coldman Logistics, Bommenahalli, Karnataka 560049, India""}",,"{""Q1"": ""2_5"", ""Q2"": ""less_1hr"", ""Q3"": ""0_5"", ""Q4"": ""creative""}",,"E906, Near Coldman Logistics, Bommenahalli, Karnataka 560049, India",bc0d9e6b-8bfa-495d-b294-44fb9251645d,fd7f25f2-a504-4359-a740-25b125409f53,NA,2999.0,2025-10-03T11:38:42.955Z,2026-10-03T11:38:42Z,0,assigned_573c6ff0b458c9d478d434e9b0115686,eab965a9-9117-4d7e-aa07-d7ded0903ca5,CANCELLED,,other,,"{""discount"": ""58.34%"", ""isNewPlan"": false, ""pricePaid"": 0, ""trialDays"": 30, ""toyProgram"": ""-"", ""planSavings"": 4200, ""planVersion"": ""v2"", ""trialAmount"": 499, ""trialApplied"": false, ""memberShipFees"": 0, ""bonusDeliveries"": 14, ""deliveryCharges"": 100, ""damageWaiverFees"": 999, ""refundableDeposit"": 0, ""memberShipFeesPaid"": 0, ""effectiveCostPerMonth"": 250, ""membershipFeesApplied"": false, ""refundableDepositPaid"": 0, ""planPriceDiscountAdmin"": 2999, ""securityDepositApplied"": false, ""totalKeepCountPerMonth"": 3, ""damageWaiverFeesApplied"": true, ""isUnlimitedFreeDelivery"": false, ""membershipDiscountAdmin"": 0, ""totalFreeDeliveryPerMonth"": 0, ""actualChargesForMemberShipFees"": 0, ""refundableDepositDiscountAdmin"": 0, ""actualChargesForSecurityDeposit"": 0, ""actualChargesForDamageWaiverFees"": 999}",ASSIGNED,2025-10-03T11:38:45.71Z,2025-10-03T11:39:35.376Z,,"{""amount"": 0, ""gstApplied"": true, ""gstPercentage"": 18, ""membershipData"": {""amount"": 0, ""isMembershipFee"": true}, ""userTrialApplied"": false, ""isTrialPeriodExpired"": true, ""userDamageWaiverFeesApplied"": false}",,,,,,{},[],{},2026-10-03T17:08:42
225673fb-07be-4166-8e4c-5deadccfa349,UR143801,karan,khetarpal,karan.24@gmail.com,,,,"[""USER""]",true,true,false,shalimar,opp talwalkar gym,Mumbai Suburban,Maharashtra,3da79fcd-283b-40f0-839a-d32ea4f65335,9821022220,,,,,STRIPE,IST,gL5FBeYiFCyvh3fZcYRxUf/A9Pa+LC++04v3aZXIyyBZJ1I/tqiAMHLbrqScgyWkKxJznqWiPU7KjYr2M/xqf70ickyjl/L4/kHJCxqj9AB5dtnDAo//EacSMLh5UNRA0chR0U3u5ay7EbqYcCm3JAks+JEZxy9IRp+YkyRr96y9qcK3kQamiORB31Vzu/I6UqmeL03pjB7Ut8eVA6jlAHy+xbv8zeytVzvxu0WGNlI=,2025-07-29T06:30:22.228Z,2026-02-06T09:32:13.552Z,,,0101000020E6100000000098944F355240EE227902660F3340,"{""intercomId"": ""68886a83cf8a34554ca59abf"", ""leadSquaredData"": {""Id"": ""7b8ea09d-3eac-4d49-a360-3991ed506521"", ""IsCreated"": true, ""RelatedId"": ""ff19d6e1-3483-4554-83e0-a10d6c93b99e""}}",6428F88F,,,0.0,"{""toy"": {""ageGroupIds"": [""7caa8ddc-16d6-4e54-9e7e-62494e66237b""], ""facilitateIds"": [""71c80e25-7977-431b-b4c2-2690f4f2cb3b""]}}",,"{""profile"": ""COMPLETED"", ""childProfile"": ""COMPLETED"", ""onboardingScreen"": ""COMPLETED""}","[""fQqDRyKM6UZ-mlP4pk89oW:APA91bFgLqIKDHmdtJp0ttmW_lM7gCdtYY9EZAt1Xg9y1pP2z9RHbuSSj_78qWVKK3wgNJphWIdipZ_9Y-dRjl7KWLprxQycBjIDkvkPYmZ_9UNQZJ8i60M"" ""cbt7DMQnxUXdigfDRN7R1w:APA91bEGlzOxo1iR2u4RdXO1X-gh2lT9mCoP3nU34Iop584IyDZqqzD4oX2I5-JgRSRlvD-21CQRzT7ry5eh-_5O4jfjnWtomRjh_AOmWtwbvSfBLEyK4K4""]",mobile_app,"{""sublocality"": ""Bandra West"", ""formattedAddress"": ""Shalimar, Kewal Kamal Building, 50, 28th Rd, Bandra West, Mumbai, Maharashtra 400050, India""}",,{},,,a9a2a92b-36fc-4deb-902d-d875f7e928ec,225673fb-07be-4166-8e4c-5deadccfa349,,2999.0,2025-10-06T10:36:56Z,2026-10-06T10:36:56Z,0,order_SCoHG5WTJcUem9,eab965a9-9117-4d7e-aa07-d7ded0903ca5,ACTIVE,,upi,captured,"{""discount"": ""58.34%"", ""isNewPlan"": false, ""trialDays"": 30, ""toyProgram"": ""-"", ""planSavings"": 4200, ""planVersion"": ""v2"", ""trialAmount"": 499, ""trialApplied"": false, ""memberShipFees"": 0, ""bonusDeliveries"": 14, ""deliveryCharges"": 100, ""damageWaiverFees"": 999, ""refundableDeposit"": 0, ""effectiveCostPerMonth"": 250, ""membershipFeesApplied"": false, ""securityDepositApplied"": false, ""totalKeepCountPerMonth"": 3, ""damageWaiverFeesApplied"": true, ""isUnlimitedFreeDelivery"": false, ""totalFreeDeliveryPerMonth"": 0, ""actualChargesForMemberShipFees"": 0, ""actualChargesForSecurityDeposit"": 0, ""actualChargesForDamageWaiverFees"": 999}",PURCHASE,2026-02-06T09:26:06.423Z,2026-02-06T09:26:49.257Z,,"{""tokenId"": ""token_RQ9lufi7E0QtPn"", ""deviceType"": ""MOBILE"", ""gstApplied"": true, ""paymentNotes"": {""userId"": ""225673fb-07be-4166-8e4c-5deadccfa349"", ""isRecurringPayment"": ""true"", ""subscriptionPlanId"": ""eab965a9-9117-4d7e-aa07-d7ded0903ca5""}, ""gstPercentage"": 18, ""isReactivePlan"": true, ""membershipData"": {""amount"": 0, ""isMembershipFee"": true}, ""isRecurringInit"": false, ""paymentProvider"": ""RAZOR_PAY"", ""userTrialApplied"": false, ""securityDepositData"": {""securityDepositApplied"": false}, ""isTrialPeriodExpired"": true, ""merchantTransactionId"": ""order_SCoHG5WTJcUem9"", ""userDamageWaiverFeesApplied"": false}",,,,,,{},[],{},2026-10-06T16:06:56
999bd15c-7f8f-43a5-8f8d-4b779dd145d4,UR181910,,,,,,,"[""USER""]",true,true,false,"302, B-175, Pratap Anukampa, Mangal Marg, Bapu Nagar",above Banaras Sarees,Jaipur,Rajasthan,2500825f-36fe-4c1d-8678-dfa0ed86c259,9828388180,,,,,STRIPE,IST,gL5FBeYiFCyvh3fZcYRxUf/A9Pa+LC++04v3aZXIyyBZJ1I/tqiAMHLbrqScgyWkAJkEGqRdCFSXANT9OWcg9/Qa1mbwmqn1b1gVpRrS3KvrsKuqtC0g4akeuqkc9s7zxQobbGJWZ2C0KE7E8UzkxsBdC8Mv2i/hF2MyZSEiOLJgrG5Xyf1VNq7joB20x5aDLpkTxS0uJHZvlY/KkvTDI6cbPxvtkmlq6goVMXaG/JU=,2025-10-05T13:19:17.263Z,2026-02-10T11:47:48.755Z,,,01010000005A86938FB8F352404DC2E0F5F4E23A40,"{""intercomId"": ""68e2705be3037bc9efe3f3f0"", ""leadSquaredData"": {""Id"": ""20beca17-e978-4e12-b200-60ee0c2cffcd"", ""IsCreated"": true, ""RelatedId"": ""14239d42-a5b6-4aec-9ad6-b3b739378af6""}}",9F4B7123,,,0.0,{},,"{""profile"": ""COMPLETED"", ""childProfile"": ""COMPLETED"", ""onboardingScreen"": ""COMPLETED""}",[],mobile_app,"{""sublocality"": ""Bapu Nagar"", ""formattedAddress"": ""Pratap Anukampa, B-175, Nandkishore Parikh Marg, Bapu Nagar, Jaipur, Rajasthan 302015, India""}",2026-02-10T11:47:48.754Z,{},,,799c9e9e-4578-40a1-9c24-e4e52b1fe951,999bd15c-7f8f-43a5-8f8d-4b779dd145d4,NA,2999.0,2025-10-05T05:48:39.304Z,2026-10-05T05:48:39Z,0,assigned_9192d010a1579bad29501eb59e30308a,eab965a9-9117-4d7e-aa07-d7ded0903ca5,ACTIVE,,razorpay,,"{""discount"": ""58.34%"", ""isNewPlan"": false, ""pricePaid"": 2999, ""trialDays"": 30, ""toyProgram"": ""-"", ""planSavings"": 4200, ""planVersion"": ""v2"", ""trialAmount"": 499, ""trialApplied"": false, ""memberShipFees"": 0, ""bonusDeliveries"": 14, ""deliveryCharges"": 100, ""damageWaiverFees"": 999, ""refundableDeposit"": 0, ""memberShipFeesPaid"": 0, ""effectiveCostPerMonth"": 250, ""membershipFeesApplied"": false, ""refundableDepositPaid"": 0, ""planPriceDiscountAdmin"": 0, ""securityDepositApplied"": false, ""totalKeepCountPerMonth"": 3, ""damageWaiverFeesApplied"": true, ""isUnlimitedFreeDelivery"": false, ""membershipDiscountAdmin"": 0, ""totalFreeDeliveryPerMonth"": 1, ""actualChargesForMemberShipFees"": 0, ""refundableDepositDiscountAdmin"": 0, ""actualChargesForSecurityDeposit"": 0, ""actualChargesForDamageWaiverFees"": 999}",ASSIGNED,2025-10-06T05:48:42.73Z,2026-02-10T11:55:03.673Z,,"{""amount"": 2999, ""gstApplied"": true, ""gstPercentage"": 18, ""membershipData"": {""amount"": 0, ""isMembershipFee"": true}, ""userTrialApplied"": false, ""isTrialPeriodExpired"": true, ""userDamageWaiverFeesApplied"": false}",,,,,,{},[],{},2026-10-05T11:18:39
739adae8-ef43-4913-8a50-e2166bf6c6f2,UR182828,,,,,,,"[""USER""]",true,true,false,"B-01, Alpine Garden, Sector 20, Plot 33K, Krushna Nagar, Spine road, Chinchwad",Near Ghadge Hospital,Pune,Maharashtra,e2388cad-0541-4f41-ae75-b1092c076b78,9860642319,,,,,STRIPE,IST,gL5FBeYiFCyvh3fZcYRxUf/A9Pa+LC++04v3aZXIyyBZJ1I/tqiAMHLbrqScgyWkxd2MbRMYi10VAPTuB6f0TnvNxFLeWuP104CbgSgHgYXQkjTFWDTyqrjlFK0GLN/3SvcEK37Ti5pPN+r0SD5c1mzKK12qh3LTPr3H7D9Qp5iYIDSM7Eq1kDUnrMezbhLvhfpVReNa/SWkqAOKkTndMVL6KfMOAwDo4Y61RZjyE/k=,2025-10-07T09:55:15.166Z,2025-12-11T15:12:25.016Z,,,0101000000ACAE9EEE97725240B8E68EFE97AB3240,"{""leadSquaredData"": {""Id"": ""e2308815-b54e-471e-8200-4af14e434eef"", ""IsCreated"": false, ""RelatedId"": ""8e79cb91-af62-42f9-81cb-17581e631db4""}}",2B046D2D,,,0.0,{},,"{""profile"": ""COMPLETED"", ""childProfile"": ""COMPLETED"", ""onboardingScreen"": ""COMPLETED""}",[],mobile_app,"{""sublocality"": ""East"", ""formattedAddress"": ""Plot Number 33/K, Sector 20, Krishna Nagar, Premsadan Housing Society, Hanuman Nagar, East, Pimpri-Chinchwad, Pune, Maharashtra 411019, India""}",,{},,,40988a84-3945-48ba-ae5d-ac90817b185b,739adae8-ef43-4913-8a50-e2166bf6c6f2,NA,9999.0,2025-10-07T11:31:53.93Z,2026-10-07T11:31:53Z,0,assigned_f816af926fefd241ea9ea37c388ff76a,1d0e4dd6-644c-4e58-9553-294c46814ae8,CANCELLED,,razorpay,,"{""discount"": ""25%"", ""isNewPlan"": false, ""pricePaid"": 8000, ""trialDays"": 30, ""toyProgram"": ""-"", ""planSavings"": 3597, ""planVersion"": ""v2"", ""trialAmount"": 99, ""trialApplied"": false, ""memberShipFees"": 0, ""bonusDeliveries"": 0, ""deliveryCharges"": 100, ""damageWaiverFees"": 999, ""refundableDeposit"": 0, ""memberShipFeesPaid"": 0, ""effectiveCostPerMonth"": 833, ""membershipFeesApplied"": false, ""refundableDepositPaid"": 0, ""planPriceDiscountAdmin"": 1999, ""securityDepositApplied"": false, ""totalKeepCountPerMonth"": 3, ""damageWaiverFeesApplied"": true, ""isUnlimitedFreeDelivery"": true, ""membershipDiscountAdmin"": 0, ""totalFreeDeliveryPerMonth"": 3, ""actualChargesForMemberShipFees"": 0, ""refundableDepositDiscountAdmin"": 0, ""actualChargesForSecurityDeposit"": 0, ""actualChargesForDamageWaiverFees"": 999}",ASSIGNED,2025-10-07T11:31:57.33Z,2025-11-01T18:18:15.998Z,,"{""amount"": 8000, ""gstApplied"": true, ""gstPercentage"": 18, ""membershipData"": {""amount"": 0, ""isMembershipFee"": true}, ""userTrialApplied"": false, ""isTrialPeriodExpired"": true, ""userDamageWaiverFeesApplied"": true}",,,,,,{},[],{},2026-10-07T17:01:53
c359bfc2-8f6b-4927-a4c0-ddb3162dd1b0,UR165637,,,,,,,"[""USER""]",true,true,false,"Promesa Midtown A Wing 1701, Pestom sagar road no 4, Ghatkoper East, Mumbai 400071","Ghatkoper East, Mumbai 400071",Mumbai Suburban,Maharashtra,04cd510c-deac-43b9-b615-3ff41276d716,9870459306,,,,,STRIPE,IST,gL5FBeYiFCyvh3fZcYRxUf/A9Pa+LC++04v3aZXIyyBZJ1I/tqiAMHLbrqScgyWkEAums+zE6Z6aaXdFCvQz1iHcGe7YyA6V+QYIh8cnKT/BT4KwCsqjJs+v1zx6MYray/XvfnhQePN3JHE4XW5efD7UCUjmv/TVBDijolY7+lbdNTRnuDSnLEje0oe6CPC8iH4UjV3nfc2aL+Ruw0bkQe8tNUQNe5RTSSuvHCgJkME=,2025-09-06T08:42:42.924Z,2026-08-07T12:09:01.568Z,,,0101000000AB28B91EE039524054933BC7DB113340,"{""intercomId"": ""68bbf4081bfedc775dd1d58c"", ""isElefantUser"": true, ""leadSquaredData"": {""Id"": ""19e07c9c-e7cb-48fb-bc09-2967879b66d3"", ""IsCreated"": true, ""RelatedId"": ""38931908-c83a-4f0c-9b38-60a98a79df21""}}",3AC23ADC,,,0.0,"{""toy"": {""ageGroupIds"": [""3ec41945-5b70-49aa-880d-e37bda8befbb"", ""d2f48edd-d348-473d-ab43-2818e60f5b24""], ""facilitateIds"": [""71c80e25-7977-431b-b4c2-2690f4f2cb3b"", ""c1973eeb-659b-4437-937e-ee13da726409"", ""113918f6-5817-4d32-b08a-817d37632afe"", ""374dd494-43c5-42c4-a402-4e95d852c4f3"", ""1887eda2-b087-4b40-be12-81cef8de3fd4"", ""09a5daf1-597a-42f9-b1fb-67820662a5fd"", ""3001c6eb-2e0c-46f4-96de-dcd428357b8c"", ""8232ab6d-aaf3-447a-b6df-e3f7add2c1a0"", ""e59ac003-e56c-4fd4-b4a7-6d900b054c7f"", ""72d52938-cbf8-48d6-911e-95f7d9c00a22""]}}",,"{""profile"": ""COMPLETED"", ""childProfile"": ""COMPLETED"", ""onboardingScreen"": ""COMPLETED""}",[],mobile_app,"{""sublocality"": ""Ghatkopar East"", ""formattedAddress"": ""3W93+WP3, Pestom Sagar Rd Number 4, Satyalaxmi Society, Chembur West, Pestom Sagar Colony, Ghatkopar East, Mumbai, Maharashtra 400089, India""}",,{},,,60368152-96a7-4543-9272-5108db532906,c359bfc2-8f6b-4927-a4c0-ddb3162dd1b0,UR165637,15588.0,2026-02-19T13:33:11.761Z,2026-10-04T18:29:00Z,0,assigned_cd3df867e313e618c3fc85b3763d23ae,26a25589-5532-4f28-b820-1b6c7894c4fd,ACTIVE,,razorpay,,"{""discount"": ""25%"", ""isNewPlan"": false, ""pricePaid"": 3800, ""trialDays"": 30, ""toyProgram"": ""-"", ""planSavings"": 3597, ""planVersion"": ""v2"", ""trialAmount"": 999, ""trialApplied"": false, ""memberShipFees"": 0, ""bonusDeliveries"": 0, ""deliveryCharges"": 100, ""sameDayDelivery"": true, ""damageWaiverFees"": 999, ""maxBigToyAllowed"": 1, ""refundableDeposit"": 0, ""memberShipFeesPaid"": 0, ""moneyBackGuarantee"": 30, ""effectiveCostPerMonth"": 1299, ""membershipFeesApplied"": false, ""refundableDepositPaid"": 0, ""planPriceDiscountAdmin"": 11788, ""securityDepositApplied"": false, ""totalKeepCountPerMonth"": 3, ""damageWaiverFeesApplied"": true, ""isUnlimitedFreeDelivery"": true, ""membershipDiscountAdmin"": 0, ""maxToyHoldingValueAllowed"": 120000, ""totalFreeDeliveryPerMonth"": 0, ""actualChargesForMemberShipFees"": 0, ""refundableDepositDiscountAdmin"": 0, ""actualChargesForSecurityDeposit"": 0, ""actualChargesForDamageWaiverFees"": 999}",ASSIGNED,2026-02-19T13:33:23.081Z,2026-02-19T13:33:33.992Z,,"{""note"": ""was on Gift card, paid 3800 for upgrade to max"", ""amount"": 3800, ""gstApplied"": true, ""gstPercentage"": 18, ""membershipData"": {""amount"": 0, ""isMembershipFee"": true}, ""userTrialApplied"": false, ""isTrialPeriodExpired"": true, ""userDamageWaiverFeesApplied"": false}",,,,,,{},[],{},2026-10-04T23:59:00
fff02d6e-373f-4e98-a73e-1cee43b93e38,UR181367,,,,,,,"[""USER""]",true,true,false,"flat 2b, rainbow pinnacle, millers road, kilpauk",opp aysha hospital,Chennai,Tamil Nadu,705f5070-93e4-4bb6-bba6-220d6ff1a763,9884698088,,,,,STRIPE,IST,gL5FBeYiFCyvh3fZcYRxUf/A9Pa+LC++04v3aZXIyyBZJ1I/tqiAMHLbrqScgyWkvPXfIB4TIoBVFeT/UrdBFiJqHLZLM/ruGvH+qlrO3cCXi0/PXeoPxHzRLqlwN1UoTdcW5SYKLrESXCdCCHNF82ZTVGRsIJwXuGAQvBzbFJE/eIAQcU4D81gTKRPkdV7Q35d4LOZN1WQP/ylQBLPKr0gOYiFoL2hJv/Rk9f4AGhc=,2025-10-04T11:06:10.619Z,2026-03-18T17:42:41.301Z,,,0101000020E61000006426512F780F54403B2300EE682A2A40,"{""intercomId"": ""68e0ffae1752db7780a0c554"", ""leadSquaredData"": {""Id"": ""61a53ef2-2862-4b2e-94a1-3aba0fa338a4"", ""IsCreated"": true, ""RelatedId"": ""9d1f7917-9e2b-42b9-8a99-2874b7d5c127""}}",2291C618,,,0.0,{},,"{""profile"": ""COMPLETED"", ""childProfile"": ""COMPLETED"", ""onboardingScreen"": ""COMPLETED""}","[""fEK8gIM8zUO1kM9y3oEg8N:APA91bFeT_etkxuB4H5YqCmIMq9Cv1rHSeEykPkBugbgyX60M756jD0nTj6gQkFmGzPViqUCqnJ5cUMXK-5TJZ-G-eS-MC2zvBEYT6Jj8DxxdRNbfs1DYTk""]",mobile_app,"{""sublocality"": ""Kilpauk"", ""formattedAddress"": ""36MR+4PR, Davidpuram, Kilpauk, Chennai, Tamil Nadu 600010, India""}",,{},,,43f93ec1-a97e-4f0c-adb5-61579659992a,fff02d6e-373f-4e98-a73e-1cee43b93e38,NA,2999.0,2025-10-04T11:12:32.484Z,2026-10-04T11:12:32Z,0,assigned_a8c0532624c4e909f55ac9aeac23cb8b,eab965a9-9117-4d7e-aa07-d7ded0903ca5,ACTIVE,,razorpay,,"{""discount"": ""58.34%"", ""isNewPlan"": false, ""pricePaid"": 2999, ""trialDays"": 30, ""toyProgram"": ""-"", ""planSavings"": 4200, ""planVersion"": ""v2"", ""trialAmount"": 499, ""trialApplied"": false, ""memberShipFees"": 0, ""bonusDeliveries"": 14, ""deliveryCharges"": 100, ""damageWaiverFees"": 999, ""refundableDeposit"": 0, ""memberShipFeesPaid"": 0, ""effectiveCostPerMonth"": 250, ""membershipFeesApplied"": false, ""refundableDepositPaid"": 0, ""planPriceDiscountAdmin"": 0, ""securityDepositApplied"": false, ""totalKeepCountPerMonth"": 3, ""damageWaiverFeesApplied"": true, ""isUnlimitedFreeDelivery"": false, ""membershipDiscountAdmin"": 0, ""totalFreeDeliveryPerMonth"": 0, ""actualChargesForMemberShipFees"": 0, ""refundableDepositDiscountAdmin"": 0, ""actualChargesForSecurityDeposit"": 0, ""actualChargesForDamageWaiverFees"": 999}",ASSIGNED,2025-10-04T11:12:41.32Z,2025-10-04T11:12:41.32Z,,"{""note"": ""3999 paid"", ""amount"": 2999, ""gstApplied"": true, ""gstPercentage"": 18, ""membershipData"": {""amount"": 0, ""isMembershipFee"": true}, ""userTrialApplied"": false, ""isTrialPeriodExpired"": true, ""userDamageWaiverFeesApplied"": true}",,,,,,{},[],{},2026-10-04T16:42:32
bb458bb1-85a9-4736-a3f1-8f37b4c92be3,UR177254,adhvik,parthasarathy,sarathy.ravi@gmail.com,,,MALE,"[""USER""]",true,true,false,B 704 Being Vasant Pride,Thakur Complex,Mumbai Suburban,Maharashtra,1570555b-3641-4bb5-91cd-079c960c9604,9884843228,,,,,STRIPE,IST,gL5FBeYiFCyvh3fZcYRxUf/A9Pa+LC++04v3aZXIyyBZJ1I/tqiAMHLbrqScgyWkKD+Jo3SnrcLatU9uybJhfahAByFQ99E3F7oburQXSMHJ8D9ZKjL9CIcmhNqedby1FsQLbjk5bSwanb8oE2UoGfgiPZfp58qjPA3jlS2VJ9ZcRxoNiBg4s8qKMP3oL8dzFYjXvLTouGYKujRictECp3J2okRuoo8gmTLyjwwKYC8=,2025-09-25T12:10:19.302Z,2025-10-09T01:49:00.95Z,,,0101000000FFC46DD94637524075E1AC2DE1353340,"{""intercomId"": ""68d531313f71c3161076b7ad"", ""leadSquaredData"": {""Id"": ""9d9db261-d456-4923-b8fe-069f1461e190"", ""IsCreated"": true, ""RelatedId"": ""7a18eeed-a46c-4136-b451-5832e929d295""}, ""declineSubscriptionReason"": ""I’d like to speak to someone before subscribing""}",22A6B7C8,,,0.0,{},,"{""profile"": ""COMPLETED"", ""childProfile"": ""COMPLETED"", ""onboardingScreen"": ""COMPLETED""}",[],mobile_app,"{""sublocality"": ""Kandivali East"", ""formattedAddress"": ""B202, Kandivali, Gayatri Nagar, Asha Nagar, Kandivali East, Mumbai, Maharashtra 400101, India""}",2025-10-08T08:17:14.106Z,{},,,b669fc24-4ba6-432c-8e92-55c0082ca548,bb458bb1-85a9-4736-a3f1-8f37b4c92be3,NA,2999.0,2025-10-08T09:19:13.384Z,2026-10-08T09:19:13Z,0,assigned_3a1e716991eeaa998b9e9d2fb378071d,eab965a9-9117-4d7e-aa07-d7ded0903ca5,ACTIVE,,razorpay,,"{""discount"": ""58.34%"", ""isNewPlan"": false, ""pricePaid"": 2999, ""trialDays"": 30, ""toyProgram"": ""-"", ""planSavings"": 4200, ""planVersion"": ""v2"", ""trialAmount"": 499, ""trialApplied"": false, ""memberShipFees"": 0, ""bonusDeliveries"": 14, ""deliveryCharges"": 100, ""damageWaiverFees"": 999, ""refundableDeposit"": 0, ""memberShipFeesPaid"": 0, ""effectiveCostPerMonth"": 250, ""membershipFeesApplied"": false, ""refundableDepositPaid"": 0, ""planPriceDiscountAdmin"": 0, ""securityDepositApplied"": false, ""totalKeepCountPerMonth"": 3, ""damageWaiverFeesApplied"": true, ""isUnlimitedFreeDelivery"": false, ""membershipDiscountAdmin"": 0, ""totalFreeDeliveryPerMonth"": 0, ""actualChargesForMemberShipFees"": 0, ""refundableDepositDiscountAdmin"": 0, ""actualChargesForSecurityDeposit"": 0, ""actualChargesForDamageWaiverFees"": 999}",ASSIGNED,2025-10-08T09:19:21.094Z,2025-10-08T09:19:21.094Z,,"{""note"": ""4000 paid"", ""amount"": 2999, ""gstApplied"": true, ""gstPercentage"": 18, ""membershipData"": {""amount"": 0, ""isMembershipFee"": true}, ""userTrialApplied"": false, ""isTrialPeriodExpired"": true, ""userDamageWaiverFeesApplied"": true}",,,,,,{},[],{},2026-10-08T14:49:13
7cf7b4e8-5f32-4e5d-a12b-2628ca4f0c18,UR181306,,,,,,,"[""USER""]",true,true,false,Satya sai enclave,beside zudio lane shobha gardens,Medchal-Malkajgiri,Telangana,adc49e2e-7904-40f5-aeb9-eb03993dbcc5,9885514100,,,,,STRIPE,IST,gL5FBeYiFCyvh3fZcYRxUf/A9Pa+LC++04v3aZXIyyBZJ1I/tqiAMHLbrqScgyWk8rTUe1Cv5utIDwF87IkiG612bhkkU1QbyGVy8gV8zsgQqqhhMWqlBuZnsLP6A9aixX3jaOWVtFnJ97vuBLDSCKkV+4xo+ZrmSet9Rh9NVCjIvCqsrEalKQM3NuKMlavUKi+t9na4URP0Sb+vnTBegm+tnY1Mh/Fe5v4MQat6IbA=,2025-10-04T09:07:41.09Z,2026-08-23T23:38:31.434Z,,,0101000020E61000005C59FD6C3F9F534031653B3A097C3140,"{""intercomId"": ""68e0e3e21ecd12fa96c33015"", ""isElefantUser"": true, ""leadSquaredData"": {""Id"": ""700865f2-ae7d-4d86-a228-af5558b2af22"", ""IsCreated"": true, ""RelatedId"": ""cdfc76ae-5d5d-4bd7-802a-62800870b911""}}",5C8A3C98,,,0.0,"{""toy"": {""ageGroupIds"": [""654f486a-c1ba-4416-90ad-77086657f936"", ""e1f855a6-aab7-453b-b31c-3b6e7b780df8"", ""3ec41945-5b70-49aa-880d-e37bda8befbb"", ""d2f48edd-d348-473d-ab43-2818e60f5b24""], ""facilitateIds"": [""71c80e25-7977-431b-b4c2-2690f4f2cb3b"", ""c1973eeb-659b-4437-937e-ee13da726409"", ""113918f6-5817-4d32-b08a-817d37632afe"", ""09a5daf1-597a-42f9-b1fb-67820662a5fd"", ""3001c6eb-2e0c-46f4-96de-dcd428357b8c"", ""8232ab6d-aaf3-447a-b6df-e3f7add2c1a0"", ""e59ac003-e56c-4fd4-b4a7-6d900b054c7f""]}}",,"{""profile"": ""COMPLETED"", ""childProfile"": ""COMPLETED"", ""onboardingScreen"": ""COMPLETED""}",[],mobile_app,"{""sublocality"": ""Old Bowenpally"", ""formattedAddress"": ""Second floor, Plot no.171, Street, no. 9, Satya Sai Enclave Main Rd, Satya Sai Enclave, Old Bowenpally, Secunderabad, Telangana 500009, India""}",,{},,,bfa9c57b-b5ef-4a12-b0e6-f094a96c009a,7cf7b4e8-5f32-4e5d-a12b-2628ca4f0c18,NA,2999.0,2025-10-04T09:11:51.708Z,2026-10-04T09:11:51Z,0,assigned_cdf2906b4d7b061a4062b932d396f032,eab965a9-9117-4d7e-aa07-d7ded0903ca5,ACTIVE,,razorpay,,"{""discount"": ""58.34%"", ""isNewPlan"": false, ""pricePaid"": 2999, ""trialDays"": 30, ""toyProgram"": ""-"", ""planSavings"": 4200, ""planVersion"": ""v2"", ""trialAmount"": 499, ""trialApplied"": false, ""memberShipFees"": 0, ""bonusDeliveries"": 14, ""deliveryCharges"": 100, ""damageWaiverFees"": 999, ""refundableDeposit"": 0, ""memberShipFeesPaid"": 0, ""effectiveCostPerMonth"": 250, ""membershipFeesApplied"": false, ""refundableDepositPaid"": 0, ""planPriceDiscountAdmin"": 0, ""securityDepositApplied"": false, ""totalKeepCountPerMonth"": 3, ""damageWaiverFeesApplied"": true, ""isUnlimitedFreeDelivery"": false, ""membershipDiscountAdmin"": 0, ""totalFreeDeliveryPerMonth"": 0, ""actualChargesForMemberShipFees"": 0, ""refundableDepositDiscountAdmin"": 0, ""actualChargesForSecurityDeposit"": 0, ""actualChargesForDamageWaiverFees"": 999}",ASSIGNED,2025-10-04T09:12:08.633Z,2025-10-04T09:12:08.633Z,,"{""note"": ""3999 paid JITO hyd"", ""amount"": 2999, ""gstApplied"": true, ""gstPercentage"": 18, ""membershipData"": {""amount"": 0, ""isMembershipFee"": true}, ""userTrialApplied"": false, ""isTrialPeriodExpired"": true, ""userDamageWaiverFeesApplied"": true}",,,,,,{},[],{},2026-10-04T14:41:51
f6cec92c-698c-49cc-bbea-3058e006045d,UR181911,garvita,joshi,priyankasharma112299@gmail.com,,,FEMALE,"[""USER""]",true,true,false,flat no. 407 c2 block mangalam radiance,near durgapura flyover,Jaipur,Rajasthan,c3de5f1c-a80b-4da5-9b8a-cf95172ae77b,9887698268,,,,,STRIPE,IST,gL5FBeYiFCyvh3fZcYRxUf/A9Pa+LC++04v3aZXIyyBZJ1I/tqiAMHLbrqScgyWkIhnejouCqP/ZPZIXbzx74f6dypagwd9eZ5gYPtAjNWXxUpeC161r7/miEkOWd40QyK6KfZxzyt+E4zIOUa0UV2H2+wEWzpbyqrZxUCihewmQJoakJLTNbelsYtXQksNh1o9U/zOQdLA7wMtBKDQUCXv8h3SOPAOvl2UlT4SGI+w=,2025-10-05T13:21:10.174Z,2026-01-20T06:37:42.421Z,,,0101000020E61000006FE4D2ECD1F25240B273064F32D83A40,"{""intercomId"": ""68e270cc79244c4c377b617a"", ""leadSquaredData"": {""Id"": ""3a151e3a-b6d8-4d06-b5d7-a41e6e1c8f1b"", ""IsCreated"": true, ""RelatedId"": ""0105bbe7-6922-4dd4-8503-064b2a5cc9d4""}}",285F2CB9,,,0.0,{},,"{""profile"": ""COMPLETED"", ""childProfile"": ""COMPLETED"", ""onboardingScreen"": ""COMPLETED""}","[""facOwcfZukqlvNNXCXrwS8:APA91bH013RTgvWKZ8dHRliqNk1MPrGiB5BO7cc9xNsxUBER5jYidR-dR6gvc1Xy0XKvY1y8FNJZ8jEzjuIluBQH3UTcpLIj2iJxNuEdlLcNWh0p3FwoFsk"" ""dZOYQbWKwkRzkdeo60fHtP:APA91bEYf8cBOqhel8j05MEcDYEGPtJH8Rt9we0d8WK9fyhAGxrgWw3guP1h6I_souF6wqsaR6BCanlTu5sf7GA8DBWXD4aQ--QnZ2ywfzUmvwJdHzpyUpc""]",mobile_app,"{""sublocality"": ""Durgapura"", ""formattedAddress"": ""Block-A, Chandrakala Colony, Durgapura, Jaipur, Rajasthan 302018, India""}",2025-10-05T14:58:09.889Z,{},,,796da2c1-6963-4e07-9636-5d2b4b17efa6,f6cec92c-698c-49cc-bbea-3058e006045d,NA,9999.0,2025-10-05T05:47:37.833Z,2026-10-05T05:47:37Z,0,assigned_d253f68e3471b2762fd2dca8cc0d1495,1d0e4dd6-644c-4e58-9553-294c46814ae8,ACTIVE,,razorpay,,"{""discount"": ""25%"", ""isNewPlan"": false, ""pricePaid"": 7000, ""trialDays"": 30, ""toyProgram"": ""-"", ""planSavings"": 3597, ""planVersion"": ""v2"", ""trialAmount"": 99, ""trialApplied"": false, ""memberShipFees"": 0, ""bonusDeliveries"": 0, ""deliveryCharges"": 100, ""damageWaiverFees"": 999, ""refundableDeposit"": 0, ""memberShipFeesPaid"": 0, ""effectiveCostPerMonth"": 833, ""membershipFeesApplied"": false, ""refundableDepositPaid"": 0, ""planPriceDiscountAdmin"": 2999, ""securityDepositApplied"": false, ""totalKeepCountPerMonth"": 3, ""damageWaiverFeesApplied"": true, ""isUnlimitedFreeDelivery"": true, ""membershipDiscountAdmin"": 0, ""totalFreeDeliveryPerMonth"": 3, ""actualChargesForMemberShipFees"": 0, ""refundableDepositDiscountAdmin"": 0, ""actualChargesForSecurityDeposit"": 0, ""actualChargesForDamageWaiverFees"": 999}",ASSIGNED,2025-10-06T05:47:43.204Z,2025-10-06T05:47:43.204Z,,"{""amount"": 7000, ""gstApplied"": true, ""gstPercentage"": 18, ""membershipData"": {""amount"": 0, ""isMembershipFee"": true}, ""userTrialApplied"": false, ""isTrialPeriodExpired"": true, ""userDamageWaiverFeesApplied"": true}",,,,,,{},[],{},2026-10-05T11:17:37
7fafc875-fce4-4957-a3d5-ffbcaddfbc3a,UR6839,Nisha,Tharwani,tharwaninisha07@gmail.com,,,,"[""USER""]",true,true,false,"C-201, Greenview",vaishnodevi,Khodiyar,Gujarat,97d438f8-4bb5-4f53-ad07-d7bc2f2560e8,9898303122,,,,,STRIPE,IST,gL5FBeYiFCyvh3fZcYRxUf/A9Pa+LC++04v3aZXIyyBZJ1I/tqiAMHLbrqScgyWk3Ua+hzpi1887UHbbtOsP2RZD/l7ho+mEqUmZZXxG4Dgrxm90vLrTlKWa9uG8UdcOhH81JFTic0G/FBSXxszcu/dkPtWHDYLOeK7uxQpzLMuLBFS39ipkB1/HV/Vc4AdFT8ORxlZYRvLC6geBFAzs59C8+qer+jcZtHzw4fvGibQ=,2024-05-05T10:40:08.668Z,2026-09-18T23:16:00.913Z,,,0101000020E610000001F4A045DB225240343D72B55F283740,"{""intercomId"": ""66aba3872d4c62133f8f5053"", ""isElefantUser"": true, ""leadSquaredData"": {""Id"": """", ""IsCreated"": true, ""RelatedId"": ""302cfcbb-f000-43e2-af29-b60991a084a5""}}",CB7B2BE7,,,0.0,{},,"{""profile"": ""COMPLETED"", ""childProfile"": ""COMPLETED"", ""onboardingScreen"": ""COMPLETED""}","[""cdeUPaWgV0TPqlVDXORmO_:APA91bEE7I4LRCs50RUxDznRlAriXXwodnsp2uXq90bnSwxL_-_NYR8IoxJVRFRrcduhVR-ra7zB30SH4MaaR-ih0ixKMNxbSYdZocM0X7PyebE1pCp5osQ""]",,"{""formattedAddress"": ""Greenview Apartments, Shantigram Rd, beside Adani University, Ahmedabad, Khodiyar, Gujarat 382501, India""}",,{},near Adani University,Greenview Apartments Shantigram Rd beside Adani University Ahmedabad,e2b336bc-dded-40a1-95b1-86d61e5d165e,7fafc875-fce4-4957-a3d5-ffbcaddfbc3a,9898303122,9999.0,2025-05-04T03:45:39.218Z,2026-10-04T18:29:59.999Z,0,assigned_fb31938ce7b40754364575121cd2857a,1d0e4dd6-644c-4e58-9553-294c46814ae8,ACTIVE,,razorpay,,"{""discount"": ""25%"", ""isNewPlan"": false, ""pricePaid"": 7000, ""trialDays"": 30, ""toyProgram"": ""-"", ""planSavings"": 3597, ""planVersion"": ""v2"", ""trialAmount"": 1, ""trialApplied"": false, ""memberShipFees"": 0, ""bonusDeliveries"": 0, ""deliveryCharges"": 100, ""damageWaiverFees"": 999, ""refundableDeposit"": 0, ""memberShipFeesPaid"": 0, ""effectiveCostPerMonth"": 833, ""membershipFeesApplied"": false, ""refundableDepositPaid"": 0, ""planPriceDiscountAdmin"": 2999, ""securityDepositApplied"": false, ""totalKeepCountPerMonth"": 3, ""damageWaiverFeesApplied"": true, ""isUnlimitedFreeDelivery"": true, ""membershipDiscountAdmin"": 0, ""totalFreeDeliveryPerMonth"": 3, ""actualChargesForMemberShipFees"": 0, ""refundableDepositDiscountAdmin"": 0, ""actualChargesForSecurityDeposit"": 0, ""actualChargesForDamageWaiverFees"": 1}",ASSIGNED,2025-05-07T03:45:55.786Z,2025-09-16T06:24:05.02Z,,"{""note"": ""1000 sec deposit adjusted"", ""amount"": 7000, ""membershipData"": {""amount"": 0, ""isMembershipFee"": true}, ""userTrialApplied"": false, ""isTrialPeriodExpired"": true, ""userDamageWaiverFeesApplied"": false}",,,,,,{},[],{},2026-10-04T23:59:59.999
018f9188-8e20-4f68-bcb8-a5b9efc1673c,UR180895,Nidhi,Jain,nidhi92singhal@gmail.com,,,,"[""USER""]",true,true,false,"C-359, 3rd floor",defence colony,South East Delhi,Delhi,65fa064f-1b4c-449c-aa46-9f6c0798b9bc,9899693555,,,,,STRIPE,IST,gL5FBeYiFCyvh3fZcYRxUf/A9Pa+LC++04v3aZXIyyBZJ1I/tqiAMHLbrqScgyWkfgyVGamv5+myZSsQsSysdp8KexSLHOB9PZUe16NqO/1QFzo6YOTg4eEPQvnWsv3+wzQHNwGfqA2+QfIIz49GFwFAyCIcQDoQFvk/8Hm4v3Q+EVMoA7UZQNSzj8ywH8JN4uaYUeFRJjZlOrnswB0+l5vd/2VAxgbkGeRiBB122hM=,2025-10-03T12:08:07.506Z,2026-05-30T23:16:01.319Z,,,0101000020E6100000D24679E4BC4E5340759222FBB3913C40,"{""leadSquaredData"": {""Id"": ""5db255ce-1581-4391-b007-aca3293f06d4"", ""IsCreated"": false, ""RelatedId"": ""788829fc-d2b3-4f1e-8051-db015d96f444""}}",FAA952F0,,,0.0,{},,"{""profile"": ""COMPLETED"", ""childProfile"": ""COMPLETED"", ""onboardingScreen"": ""COMPLETED""}","[""fruHuCB0mkxisQSGCH8JDI:APA91bFVejkdIGhM0EmATfcXbhnGUYZbSmsQiBHxlYOFs44Ol30vstDtS5UT9dpG4RAiWp0n395PeI0Wgcdx95kQKxbdkK7bRgS1Go6XbmFRIUM_mhktQSo""]",mobile_app,"{""sublocality"": ""Defence Colony"", ""formattedAddress"": ""C-358, Chandan Vithi Rd, Block C, Defence Colony, New Delhi, Delhi 110024, India""}",,{},,,eac4aca9-dc14-48d8-9df0-3364534a6133,018f9188-8e20-4f68-bcb8-a5b9efc1673c,,9999.0,2025-10-03T13:29:07.997Z,2026-10-03T13:29:07Z,0,assigned_e7958147cfa3a5f2402eb988e9c1b473,1d0e4dd6-644c-4e58-9553-294c46814ae8,CANCELLED,,cash,,"{""discount"": ""25%"", ""isNewPlan"": false, ""pricePaid"": 2999, ""trialDays"": 30, ""toyProgram"": ""-"", ""planSavings"": 3597, ""planVersion"": ""v2"", ""trialAmount"": 99, ""trialApplied"": false, ""memberShipFees"": 0, ""bonusDeliveries"": 0, ""deliveryCharges"": 100, ""damageWaiverFees"": 999, ""refundableDeposit"": 0, ""memberShipFeesPaid"": 0, ""effectiveCostPerMonth"": 833, ""membershipFeesApplied"": false, ""refundableDepositPaid"": 0, ""planPriceDiscountAdmin"": 7000, ""securityDepositApplied"": false, ""totalKeepCountPerMonth"": 3, ""damageWaiverFeesApplied"": true, ""isUnlimitedFreeDelivery"": true, ""membershipDiscountAdmin"": 0, ""totalFreeDeliveryPerMonth"": 3, ""actualChargesForMemberShipFees"": 0, ""refundableDepositDiscountAdmin"": 0, ""actualChargesForSecurityDeposit"": 0, ""actualChargesForDamageWaiverFees"": 999}",ASSIGNED,2025-10-03T13:29:11.613Z,2025-10-03T13:33:52.575Z,,"{""amount"": 2999, ""gstApplied"": true, ""gstPercentage"": 18, ""membershipData"": {""amount"": 0, ""isMembershipFee"": true}, ""userTrialApplied"": false, ""isTrialPeriodExpired"": true, ""userDamageWaiverFeesApplied"": true}",,,,,,{},[],{},2026-10-03T18:59:07
baef6d56-5a5e-458e-bd97-aa5dc64ca255,UR384368,sakshi,gupta,drsakshi.agg@gmail.com,,,,"[""USER""]",true,true,false,J1940 रानी रामगढ़ मार्ग Block J Chittaranjan Park,Chittaranjan Park,South East Delhi,Delhi,7557c22f-1b69-40fe-b567-20c47994bcf5,9911147462,,,,,STRIPE,IST,gL5FBeYiFCyvh3fZcYRxUf/A9Pa+LC++04v3aZXIyyBZJ1I/tqiAMHLbrqScgyWkj1ASVaZGuXBhUulll2guWhVF0DOOouBubXc0JyzALli2SUjQ77MhnQfAplVJLcEtCyGFVDrvqXk+MDV+cdI8mQ0a0toTOoRc5xdzKAS+V8YLWRA3P80kudmd+vjsNUdXptCx7yr+JdbfgyFCRCwyMYOaYY/en7UROKxAoW1zIvg=,2026-07-07T04:42:09.147Z,2026-09-01T18:08:42.257Z,,,01010000000000108BC54F5340061AF1B5C4893C40,"{""intercomId"": ""6a4c83a69f97533109954755"", ""isElefantUser"": true}",728DDD57,,,0.0,{},,"{""profile"": ""COMPLETED"", ""onboardingScreen"": ""COMPLETED""}",[],,"{""sublocality"": ""Chittaranjan Park"", ""formattedAddress"": ""J1941, रानी रामगढ़ मार्ग, Block J, Chittaranjan Park, New Delhi, Delhi 110019, India""}",2026-07-07T07:48:15.978Z,"{""Q1"": ""0_2"", ""Q3"": ""0_5"", ""Q6"": ""Sukoon""}",ground floor,"J1941, रानी रामगढ़ मार्ग, Block J, Chittaranjan Park, New Delhi, Delhi 110019, India",2c4ac492-6f2c-4554-b7ab-64cb5ab31d7e,baef6d56-5a5e-458e-bd97-aa5dc64ca255,9911147462,5997.0,2026-07-08T17:18:35Z,2026-10-08T17:18:35Z,0,assigned_1c95156eb69da4fa9ff2a3e02898a65c,03e58770-76d5-4434-9934-ea1d64e4096f,ACTIVE,,razorpay,,"{""discount"": ""25%"", ""isNewPlan"": false, ""pricePaid"": 4500, ""trialDays"": 30, ""toyProgram"": ""-"", ""planSavings"": 3597, ""planVersion"": ""v2"", ""trialAmount"": 99, ""trialApplied"": false, ""memberShipFees"": 0, ""bonusDeliveries"": 0, ""deliveryCharges"": 100, ""sameDayDelivery"": true, ""damageWaiverFees"": 999, ""maxBigToyAllowed"": 1, ""refundableDeposit"": 0, ""memberShipFeesPaid"": 0, ""moneyBackGuarantee"": 30, ""effectiveCostPerMonth"": 1999, ""membershipFeesApplied"": false, ""refundableDepositPaid"": 0, ""planPriceDiscountAdmin"": 1497, ""securityDepositApplied"": false, ""totalKeepCountPerMonth"": 3, ""damageWaiverFeesApplied"": true, ""isUnlimitedFreeDelivery"": false, ""membershipDiscountAdmin"": 0, ""maxToyHoldingValueAllowed"": 35000, ""totalFreeDeliveryPerMonth"": 12, ""actualChargesForMemberShipFees"": 0, ""refundableDepositDiscountAdmin"": 0, ""actualChargesForSecurityDeposit"": 0, ""actualChargesForDamageWaiverFees"": 999}",ASSIGNED,2026-07-07T08:41:30.292Z,2026-07-08T17:18:35.238Z,,"{""note"": ""Quarter max 4500"", ""amount"": 4500, ""gstApplied"": true, ""gstPercentage"": 18, ""membershipData"": {""amount"": 0, ""isMembershipFee"": true}, ""userTrialApplied"": false, ""isTrialPeriodExpired"": true, ""userDamageWaiverFeesApplied"": true}",,,,,,{},[],{},2026-10-08T22:48:35
2bc93164-b0a8-4c40-a4af-5b2799db8a4b,UR379510,rutuja,Bhansali,rutujaveera@yahoo.com,,,,"[""USER""]",true,true,false,Vertis One,Sola,Ahmedabad,Gujarat,8039dd70-d476-43ef-8161-64e7a2ca5c31,9920733987,,,,,STRIPE,IST,gL5FBeYiFCyvh3fZcYRxUf/A9Pa+LC++04v3aZXIyyBZJ1I/tqiAMHLbrqScgyWkii4IpyFOQQt1gqXsYc+BHjbO9ZZvFU6kD2CTWB/okD3X9EfdmMoTF7o0KBejK+FhL+C1hm5Jxp6L6LNzQqFf7/Cb2/ssoLPGoj7sKBff4LZ92u8D9vsjL2wCELXtKEOAReFt6zGbXWd3A7TPa0LYDMrYx4Kkocfe9CzIGE8broo=,2026-07-04T13:05:51.261Z,2026-07-04T17:43:19.19Z,,,01010000000BAFC9BFBB2152409A1EB9DA2F143740,"{""intercomId"": ""6a490535630edfadaa579423"", ""isElefantUser"": true, ""hasToyHoldingMismatch"": false, ""isQuestionAnswereOnBoardCompleted"": true}",0E0F5F47,,,0.0,{},,"{""profile"": ""COMPLETED"", ""onboardingScreen"": ""COMPLETED""}",[],,"{""sublocality"": ""Sola"", ""formattedAddress"": ""Satyam 64, 801, Sarkhej - Gandhinagar Hwy, opposite High Court of Gujarat, Vishwas City 1, Sola, Ahmedabad, Gujarat 380060, India""}",,"{""Q1"": ""8_plus"", ""Q2"": ""2_3hrs"", ""Q3"": ""10_20"", ""Q4"": ""curious"", ""Q6"": ""Kaveer""}",,,ab52baf7-e1a7-455d-a9a0-a0714df2ab2c,2bc93164-b0a8-4c40-a4af-5b2799db8a4b,,5997.0,2026-07-04T13:14:59Z,2026-10-04T13:14:59Z,0,order_T9RDmxrXr8zCbY,03e58770-76d5-4434-9934-ea1d64e4096f,ACTIVE,,upi,,"{""discount"": ""25%"", ""isNewPlan"": false, ""trialDays"": 30, ""toyProgram"": ""-"", ""planSavings"": 3597, ""planVersion"": ""v2"", ""trialAmount"": 99, ""trialApplied"": false, ""memberShipFees"": 0, ""bonusDeliveries"": 0, ""deliveryCharges"": 100, ""sameDayDelivery"": true, ""damageWaiverFees"": 999, ""maxBigToyAllowed"": 1, ""refundableDeposit"": 0, ""moneyBackGuarantee"": 30, ""effectiveCostPerMonth"": 1999, ""membershipFeesApplied"": false, ""securityDepositApplied"": false, ""totalKeepCountPerMonth"": 3, ""damageWaiverFeesApplied"": true, ""isUnlimitedFreeDelivery"": false, ""maxToyHoldingValueAllowed"": 35000, ""totalFreeDeliveryPerMonth"": 12, ""actualChargesForMemberShipFees"": 0, ""actualChargesForSecurityDeposit"": 0, ""actualChargesForDamageWaiverFees"": 999}",ONE_TIME,2026-07-04T13:13:57.678Z,2026-07-04T13:14:59.775Z,db5fb709-5ff2-41a1-ab70-b4beb72fa20f,"{""deviceType"": ""MOBILE"", ""gstApplied"": true, ""promoCodeId"": ""payment_provider_30601004f0c89fe5b1c7863a4506975a"", ""paymentNotes"": {""userId"": ""2bc93164-b0a8-4c40-a4af-5b2799db8a4b"", ""subscriptionType"": ""ONE_TIME"", ""subscriptionPlanId"": ""03e58770-76d5-4434-9934-ea1d64e4096f""}, ""gstPercentage"": 18, ""membershipData"": {""amount"": 0, ""isMembershipFee"": true}, ""isRecurringInit"": false, ""paymentProvider"": ""RAZOR_PAY"", ""userTrialApplied"": false, ""securityDepositData"": {""securityDepositApplied"": false}, ""isTrialPeriodExpired"": true, ""merchantTransactionId"": ""order_T9RDmxrXr8zCbY"", ""userDamageWaiverFeesApplied"": true}",,,,,,{},[],"{""couponId"": ""db5fb709-5ff2-41a1-ab70-b4beb72fa20f"", ""couponAppliedStatus"": ""PENDING"", ""isCouponAppliedOnSubscriptionRenew"": false}",2026-10-04T18:44:59
5f891021-196e-4ed2-a164-96a5d272e8f9,UR25401,Kiran,Pathak,kiranpathak21@yahoo.com,,,FEMALE,"[""USER""]",true,true,false,"Flat 627, Building 23, Sector 7",,Mumbai,Maharashtra,27db4c8b-2085-423b-9446-5275231581d1,9930164158,,,,,STRIPE,IST,gL5FBeYiFCyvh3fZcYRxUf/A9Pa+LC++04v3aZXIyyBZJ1I/tqiAMHLbrqScgyWkhpqZ9mx5KB62f1xlRFySA8DFvnqKnogelAng5GsuS4N5lUt2vFCooMa0qsg6af0gbkvTEdTlTMXJ8SUVgIoN5R8AYcMJWPeYdHX6Z9IMx/5FpaljrhaXgkV6abnWzMcVO1BAjtUruI1RlswjeA6bepe/pQcCbhLk1wKGVJxYuRA=,2024-09-13T13:54:48.014Z,2026-08-13T14:18:04.686Z,,,0101000000909B864D8937524078407EDBB8063340,"{""intercomId"": ""66f4f7c953989b18a78d358a"", ""leadSquaredData"": {""Id"": """", ""IsCreated"": true, ""RelatedId"": ""82eadf55-9177-4e17-9826-b7b471065fe0""}, ""holdingFullBannerClosedAt"": ""2026-08-13T11:31:52.843Z""}",CF45EC58,,,0.0,"{""toy"": {""ageGroupIds"": [""654f486a-c1ba-4416-90ad-77086657f936"", ""e1f855a6-aab7-453b-b31c-3b6e7b780df8""], ""facilitateIds"": [""71c80e25-7977-431b-b4c2-2690f4f2cb3b"", ""113918f6-5817-4d32-b08a-817d37632afe"", ""09a5daf1-597a-42f9-b1fb-67820662a5fd"", ""72d52938-cbf8-48d6-911e-95f7d9c00a22"", ""3001c6eb-2e0c-46f4-96de-dcd428357b8c"", ""374dd494-43c5-42c4-a402-4e95d852c4f3"", ""1887eda2-b087-4b40-be12-81cef8de3fd4""]}}",,"{""profile"": ""COMPLETED"", ""childProfile"": ""COMPLETED"", ""onboardingScreen"": ""COMPLETED""}",[],,"{""sublocality"": ""Antop Hill"", ""formattedAddress"": ""621-635, Samadhan Rd, C.G.S. colony, CGS Colony, Sector 7, Antop Hill, Mumbai, Maharashtra 400037, India""}",,{},"Cgs colony, Antophill Mumbai","Samadhan Rd, C.G.S. colony, CGS Colony, Sector 7, Antop Hill, Mumbai, Maharashtra 400037, India",6ddd5391-9460-44aa-8312-8c306967a3a1,5f891021-196e-4ed2-a164-96a5d272e8f9,NA,2999.0,2025-10-03T10:21:33.462Z,2026-10-03T10:21:33Z,0,assigned_608c9e97936b7db9b4be9aae47401d5a,eab965a9-9117-4d7e-aa07-d7ded0903ca5,ACTIVE,,razorpay,,"{""discount"": ""58.34%"", ""isNewPlan"": false, ""pricePaid"": 2999, ""trialDays"": 30, ""toyProgram"": ""-"", ""planSavings"": 4200, ""planVersion"": ""v2"", ""trialAmount"": 499, ""trialApplied"": false, ""memberShipFees"": 0, ""bonusDeliveries"": 14, ""deliveryCharges"": 100, ""damageWaiverFees"": 999, ""refundableDeposit"": 0, ""memberShipFeesPaid"": 0, ""effectiveCostPerMonth"": 250, ""membershipFeesApplied"": false, ""refundableDepositPaid"": 0, ""planPriceDiscountAdmin"": 0, ""securityDepositApplied"": false, ""totalKeepCountPerMonth"": 3, ""damageWaiverFeesApplied"": true, ""isUnlimitedFreeDelivery"": false, ""membershipDiscountAdmin"": 0, ""totalFreeDeliveryPerMonth"": 0, ""actualChargesForMemberShipFees"": 0, ""refundableDepositDiscountAdmin"": 0, ""actualChargesForSecurityDeposit"": 0, ""actualChargesForDamageWaiverFees"": 999}",ASSIGNED,2025-10-03T10:21:39.025Z,2025-10-03T10:21:39.025Z,,"{""note"": ""4000 paid"", ""amount"": 2999, ""gstApplied"": true, ""gstPercentage"": 18, ""membershipData"": {""amount"": 0, ""isMembershipFee"": true}, ""userTrialApplied"": false, ""isTrialPeriodExpired"": true, ""userDamageWaiverFeesApplied"": true}",,,,,,{},[],{},2026-10-03T15:51:33
ff467e1b-084f-45d0-b355-76a4ddcc0a92,UR7201,bhavika,sharma,,,,,"[""USER""]",true,true,false,,,Mumbai Suburban,Maharashtra,b81e5689-a4c6-4ff1-8b1d-af08516bce6c,9930844281,,,,,STRIPE,IST,gL5FBeYiFCyvh3fZcYRxUf/A9Pa+LC++04v3aZXIyyBZJ1I/tqiAMHLbrqScgyWk6ysXXZU6ocH5VXfDDyezoqskeKtMXys1KbN54Z8XvTiBDBv0d3DBUVSg/0VwhpqzJ8FnhCnNHrhYvJqhfsFmvOz+ilFDSWFXqCjACq0n8DqordfIZmwByBwK4vxkIeAwgwO5NGl3hiRLeyQLTQqNGxesfp5JvjC44cBsDWlxCoA=,2024-05-14T04:47:50.309Z,2025-07-17T09:41:42.067Z,,,0101000000967E1D932035524077F52A323A143340,"{""intercomId"": ""66aba3f56eed36139d7d5106"", ""leadSquaredData"": {""Id"": """", ""IsCreated"": true, ""RelatedId"": ""90ed919a-3d2a-4e60-86cd-78812030eaf1""}}",EA6EBEA3,,,0.0,"{""toy"": {""ageGroupIds"": [""e1f855a6-aab7-453b-b31c-3b6e7b780df8""], ""facilitateIds"": [""71c80e25-7977-431b-b4c2-2690f4f2cb3b"", ""c1973eeb-659b-4437-937e-ee13da726409"", ""72d52938-cbf8-48d6-911e-95f7d9c00a22"", ""3001c6eb-2e0c-46f4-96de-dcd428357b8c"", ""99f12845-7d49-4304-954a-26910b1a2133""]}}",,"{""profile"": ""COMPLETED"", ""childProfile"": ""COMPLETED"", ""onboardingScreen"": ""COMPLETED""}","[""dsZ-dqiNs0hzm8dgbLXlGr:APA91bFPFf22IJxMaQFCk_AyNg-iEtzJETJSIWiwPh5B91qwNLlHYiIlYH_48ReGIZfFI8EzE_LYUC6AbgGID9PFZpQ8TcYyPSN1b1GdX-cA7OhOVnJSq3E""]",,"{""sublocality"": ""Santacruz (West)"", ""formattedAddress"": ""396/38, garage number 2 Sukhmani building, opp Guru Hari Kishan school North Avenue, 17th Rd, Potohar Nagar, Santacruz (West), Mumbai, Maharashtra 400054, India""}",,{},,,be55a1e5-e470-424d-a484-eaa382a35cdf,ff467e1b-084f-45d0-b355-76a4ddcc0a92,NA,2999.0,2025-10-03T12:06:05.437Z,2026-10-03T12:06:05Z,0,assigned_4f3992c0e29cda50057ae778b886d156,eab965a9-9117-4d7e-aa07-d7ded0903ca5,ACTIVE,,upi,,"{""discount"": ""58.34%"", ""isNewPlan"": false, ""pricePaid"": 2999, ""trialDays"": 30, ""toyProgram"": ""-"", ""planSavings"": 4200, ""planVersion"": ""v2"", ""trialAmount"": 499, ""trialApplied"": false, ""memberShipFees"": 0, ""bonusDeliveries"": 14, ""deliveryCharges"": 100, ""damageWaiverFees"": 999, ""refundableDeposit"": 0, ""memberShipFeesPaid"": 0, ""effectiveCostPerMonth"": 250, ""membershipFeesApplied"": false, ""refundableDepositPaid"": 0, ""planPriceDiscountAdmin"": 0, ""securityDepositApplied"": false, ""totalKeepCountPerMonth"": 3, ""damageWaiverFeesApplied"": true, ""isUnlimitedFreeDelivery"": false, ""membershipDiscountAdmin"": 0, ""totalFreeDeliveryPerMonth"": 0, ""actualChargesForMemberShipFees"": 0, ""refundableDepositDiscountAdmin"": 0, ""actualChargesForSecurityDeposit"": 0, ""actualChargesForDamageWaiverFees"": 999}",ASSIGNED,2025-10-03T12:06:10.516Z,2025-10-03T12:06:10.516Z,,"{""note"": ""4000 paid"", ""amount"": 2999, ""gstApplied"": true, ""gstPercentage"": 18, ""membershipData"": {""amount"": 0, ""isMembershipFee"": true}, ""userTrialApplied"": false, ""isTrialPeriodExpired"": true, ""userDamageWaiverFeesApplied"": true}",,,,,,{},[],{},2026-10-03T17:36:05
7d576021-effa-4c57-9535-59bb80effa4a,UR161077,,,,,,,"[""USER""]",true,true,false,"f3, vaanavil apartment, Plot no.25, jaya nagar",near puzhuthivakkam bus depot,Chennai,Tamil Nadu,bf83d6cb-2be2-4523-a939-aba6e86d762b,9962013991,,,,,STRIPE,IST,gL5FBeYiFCyvh3fZcYRxUf/A9Pa+LC++04v3aZXIyyBZJ1I/tqiAMHLbrqScgyWkP/j9wKgUpEGR4eQlbqItAxvHy7ZGGYhUZxsffzoSu9qb0mjWNf/lg37EFCXQ2JbteV5zQXEbaxk3nsf3U1yukSDl7n6Gplm8Me9/zcG/gDQA3qGaqlOp4lPbIlRENaKq9TjmWuNIKAlk/zWthkwmzI+Hgf8/D8r5lvkT5BwtR7E=,2025-09-01T03:04:56.659Z,2026-02-16T06:13:11.946Z,,,0101000000E65AB400ED0C5440519F895528F32940,"{""intercomId"": ""68b50d5ed9b4c461243e7b46"", ""leadSquaredData"": {""Id"": ""c8496f8e-a5a3-4b29-b35f-d4019fa1f46b"", ""IsCreated"": true, ""RelatedId"": ""35210c69-82f7-4edf-96a1-ebfde552c596""}}",19B076BC,,,0.0,{},,"{""profile"": ""COMPLETED"", ""childProfile"": ""COMPLETED"", ""onboardingScreen"": ""COMPLETED""}",[],mobile_app,"{""sublocality"": ""Madipakkam"", ""formattedAddress"": ""7/24, Ganesh Nagar, Jayant Nagar, Madipakkam, Chennai, Tamil Nadu 600091, India""}",,{},,,61ff14a9-9631-4256-9df1-85ead36d5e52,7d576021-effa-4c57-9535-59bb80effa4a,NA,9999.0,2025-08-11T07:32:16.293Z,2026-10-07T18:29:59.999Z,0,assigned_36d02c70f1e666772cf7c697126e0be9,1d0e4dd6-644c-4e58-9553-294c46814ae8,ACTIVE,,razorpay,,"{""discount"": ""25%"", ""isNewPlan"": false, ""pricePaid"": 6500, ""trialDays"": 30, ""toyProgram"": ""-"", ""planSavings"": 3597, ""planVersion"": ""v2"", ""trialAmount"": 99, ""trialApplied"": false, ""memberShipFees"": 0, ""bonusDeliveries"": 0, ""deliveryCharges"": 100, ""damageWaiverFees"": 999, ""refundableDeposit"": 0, ""memberShipFeesPaid"": 0, ""effectiveCostPerMonth"": 833, ""membershipFeesApplied"": false, ""refundableDepositPaid"": 0, ""planPriceDiscountAdmin"": 3499, ""securityDepositApplied"": false, ""totalKeepCountPerMonth"": 3, ""damageWaiverFeesApplied"": true, ""isUnlimitedFreeDelivery"": true, ""membershipDiscountAdmin"": 0, ""totalFreeDeliveryPerMonth"": 3, ""actualChargesForMemberShipFees"": 0, ""refundableDepositDiscountAdmin"": 0, ""actualChargesForSecurityDeposit"": 0, ""actualChargesForDamageWaiverFees"": 999}",ASSIGNED,2025-10-07T07:32:46.083Z,2025-10-07T07:32:57.724Z,,"{""note"": ""total 13k paid in 1+1 rakhi offer, 6500 per person"", ""amount"": 6500, ""gstApplied"": true, ""gstPercentage"": 18, ""membershipData"": {""amount"": 0, ""isMembershipFee"": true}, ""userTrialApplied"": false, ""isTrialPeriodExpired"": true, ""userDamageWaiverFeesApplied"": true}",,,,,,{},[],{},2026-10-07T23:59:59.999
ddf03349-f586-4305-9d5a-7a321aca90d0,UR102843,Himesh,Goda,himeshgoda98@gmail.com,,,MALE,"[""USER""]",true,true,false,"504 ,Ichhapurti society , shimpoli metro station ,chikoowadi,borivali west",joggers park,Mumbai Suburban,Maharashtra,b098de82-9a36-413c-a9b2-a8cdc7ba498b,9967372387,,,,,RAZOR_PAY,IST,gL5FBeYiFCyvh3fZcYRxUf/A9Pa+LC++04v3aZXIyyBZJ1I/tqiAMHLbrqScgyWknMmDH2b5HN1yQ8V7HxGwiRArl2LwV95I0OLMu5EDA2DCEtvf4bL1Z6YdQzxodWldlvWVhLuR5SbntYpHV+1fmWreLIDEmoXYOCuG56CsRwvkmiDqs4Q0PQYH7gJX9Ib8krdFDaiBs952S03AvA4wI4byPXKYsApWCFe+oOVbigQ=,2025-05-12T05:51:54.273Z,2026-05-18T08:11:19.261Z,,,010100000077F52A32BA3552404F406E1A36393340,"{""intercomId"": ""68218c7f2c3be89d11311a3e"", ""isElefantUser"": true, ""leadSquaredData"": {""Id"": ""c18bb67d-7fbc-41aa-82c7-f28ea36c7957"", ""IsCreated"": false, ""RelatedId"": ""6e933199-6b3d-487d-8682-5262c2dadcab""}}",F196F8E2,,,0.0,{},,"{""profile"": ""COMPLETED"", ""childProfile"": ""COMPLETED"", ""onboardingScreen"": ""COMPLETED""}",[],mobile_app,"{""sublocality"": ""Borivali West"", ""formattedAddress"": ""6RFQ+9V5 Ansal Vihar, Iccha Purda Chs, Rd Number 16, Chikoowadi, Borivali West, Mumbai, Maharashtra 400092, India""}",,{},,,c138900a-ef22-4028-9ad2-7d7d102df4fa,ddf03349-f586-4305-9d5a-7a321aca90d0,996737238,15588.0,2026-01-03T08:26:34.775Z,2026-10-06T18:29:59.999Z,0,assigned_2899b1382c799be31288872c8446470a,26a25589-5532-4f28-b820-1b6c7894c4fd,ACTIVE,,razorpay,,"{""discount"": ""25%"", ""isNewPlan"": false, ""pricePaid"": 15478, ""trialDays"": 30, ""toyProgram"": ""-"", ""planSavings"": 3597, ""planVersion"": ""v2"", ""trialAmount"": 999, ""trialApplied"": false, ""memberShipFees"": 0, ""bonusDeliveries"": 0, ""deliveryCharges"": 100, ""sameDayDelivery"": true, ""damageWaiverFees"": 999, ""maxBigToyAllowed"": 1, ""refundableDeposit"": 0, ""memberShipFeesPaid"": 0, ""moneyBackGuarantee"": 30, ""effectiveCostPerMonth"": 1299, ""membershipFeesApplied"": false, ""refundableDepositPaid"": 0, ""planPriceDiscountAdmin"": 110, ""securityDepositApplied"": false, ""totalKeepCountPerMonth"": 3, ""damageWaiverFeesApplied"": true, ""isUnlimitedFreeDelivery"": true, ""membershipDiscountAdmin"": 0, ""maxToyHoldingValueAllowed"": 120000, ""totalFreeDeliveryPerMonth"": 0, ""actualChargesForMemberShipFees"": 0, ""refundableDepositDiscountAdmin"": 0, ""actualChargesForSecurityDeposit"": 0, ""actualChargesForDamageWaiverFees"": 999}",ASSIGNED,2026-01-03T08:27:07.656Z,2026-08-25T12:03:16.919Z,,"{""note"": ""upgraded to max plan total paid 10478 + 5000 to upgrade"", ""amount"": 15478, ""gstApplied"": true, ""gstPercentage"": 18, ""membershipData"": {""amount"": 0, ""isMembershipFee"": true}, ""userTrialApplied"": false, ""isTrialPeriodExpired"": true, ""userDamageWaiverFeesApplied"": false}",,,,,,{},[],{},2026-10-06T23:59:59.999
3f300eb0-b73f-4810-b605-425a4ba14540,UR304011,ishu,gupta,ishugupta100@gmail.com,,,FEMALE,"[""USER""]",true,true,false,Block-C Brigade 7 Gardens Bharath Housing Society Layout Subramanyapura,Subramanyapura,Bengaluru Urban,Karnataka,d825de1e-3f3d-4100-bf03-3aca5740d3ed,9971135373,,,,,STRIPE,IST,gL5FBeYiFCyvh3fZcYRxUf/A9Pa+LC++04v3aZXIyyBZJ1I/tqiAMHLbrqScgyWk1yM4XXk/d9ubD7JMRkr2ZHRSkda3Do1lHeh/xm/vn+uF8dAYiQMt7UTLQLCOdlO/gQh9RPbu0gxGCEawi3fgAdooC7yVMPYbYqN/M021aSLatzhsaB/7BnfsEBzmP9/TP2s9kS5BX/scYidYhmiBY5jsMRJYOX5AkShh9GTaGUU=,2026-05-22T08:45:17.225Z,2026-09-23T23:16:00.58Z,,,0101000020E6100000EA7899FBEA615340A931F14D98CA2940,"{""intercomId"": ""6a1017a22514d1cd02c3061d"", ""isElefantUser"": true, ""hasToyHoldingMismatch"": false, ""isQuestionAnswereOnBoardCompleted"": true}",070A35F9,,,0.0,{},,"{""profile"": ""COMPLETED"", ""childProfile"": ""COMPLETED"", ""onboardingScreen"": ""COMPLETED""}","[""falKYOM7-k0gkozervbbrC:APA91bGstJPRWjLkB1gYZibOPh3UQEQYrLjNv05rBbWzFXffYX88QW0VleW-CtwtJ-ii4JdVZRhingy81utv-jl3yMVe3oIcNXJesj9jw1T19v3n_KoyTRU""]",,"{""sublocality"": ""Subramanyapura"", ""formattedAddress"": ""Block-C, Brigade 7 Gardens, Bharath Housing Society Layout, Subramanyapura, Bengaluru, Karnataka 560061, India""}",2026-05-23T04:21:15.924Z,"{""Q1"": ""2_5"", ""Q2"": ""less_1hr"", ""Q3"": ""5_10"", ""Q4"": ""energetic"", ""Q6"": ""Ivana""}",,,11a2b262-9d8f-44d5-898f-078a2985209d,3f300eb0-b73f-4810-b605-425a4ba14540,,5997.0,2026-05-23T04:35:45Z,2026-10-05T18:29:59.999Z,0,order_SsfnvXdj1aeOcK,03e58770-76d5-4434-9934-ea1d64e4096f,ACTIVE,,card,,"{""discount"": ""25%"", ""isNewPlan"": false, ""trialDays"": 30, ""toyProgram"": ""-"", ""planSavings"": 3597, ""planVersion"": ""v2"", ""trialAmount"": 99, ""trialApplied"": false, ""memberShipFees"": 0, ""bonusDeliveries"": 0, ""deliveryCharges"": 100, ""sameDayDelivery"": true, ""damageWaiverFees"": 999, ""maxBigToyAllowed"": 1, ""refundableDeposit"": 0, ""moneyBackGuarantee"": 30, ""effectiveCostPerMonth"": 1999, ""membershipFeesApplied"": false, ""securityDepositApplied"": false, ""totalKeepCountPerMonth"": 3, ""damageWaiverFeesApplied"": true, ""isUnlimitedFreeDelivery"": false, ""maxToyHoldingValueAllowed"": 35000, ""totalFreeDeliveryPerMonth"": 20, ""actualChargesForMemberShipFees"": 0, ""actualChargesForSecurityDeposit"": 0, ""actualChargesForDamageWaiverFees"": 999}",ONE_TIME,2026-05-23T04:26:51.182Z,2026-09-10T13:42:03.067Z,d9f45968-fdf9-45cb-a143-9bda0499e70b,"{""deviceType"": ""MOBILE"", ""gstApplied"": true, ""promoCodeId"": ""payment_provider_222024ad0be6b711af19f169bcb51d44"", ""paymentNotes"": {""userId"": ""3f300eb0-b73f-4810-b605-425a4ba14540"", ""subscriptionType"": ""ONE_TIME"", ""subscriptionPlanId"": ""03e58770-76d5-4434-9934-ea1d64e4096f""}, ""gstPercentage"": 18, ""membershipData"": {""amount"": 0, ""isMembershipFee"": true}, ""isRecurringInit"": false, ""paymentProvider"": ""RAZOR_PAY"", ""userTrialApplied"": false, ""securityDepositData"": {""securityDepositApplied"": false}, ""isTrialPeriodExpired"": true, ""merchantTransactionId"": ""order_SsfnvXdj1aeOcK"", ""userDamageWaiverFeesApplied"": true}",,,,,,{},[],"{""couponId"": ""d9f45968-fdf9-45cb-a143-9bda0499e70b"", ""couponAppliedStatus"": ""PENDING"", ""isCouponAppliedOnSubscriptionRenew"": false}",2026-10-05T23:59:59.999
9012696e-0711-4863-bb5f-94c49624bc8f,UR386721,shipra,gupta,shiprasinghal7@gmail.com,,,,"[""USER""]",true,true,false,E42 Block E Phase 1 Ashok Vihar New Delhi,Ashok Vihar,North West Delhi,Delhi,1e13f2da-18e0-44b0-b6d4-d8bd75895367,9971617514,,,,,STRIPE,IST,gL5FBeYiFCyvh3fZcYRxUf/A9Pa+LC++04v3aZXIyyBZJ1I/tqiAMHLbrqScgyWkxXEtKvuQP/Hpkgnu4G+07XQ16LuqppqAkmyHQAw52AZkzsq1DJnNVH9j1Yu5tKXynCWVk/qup8LsfgkrW2S8lczUpZCqmrh+gJIbcsbX9H8CD+tvLdce7/IjE6GB6nHXu7SzfJDQpougB/5Dav7bnlQTUOi6IoCHB4QZahSz7KY=,2026-07-08T08:26:21.662Z,2026-08-25T10:18:07.902Z,,,01010000000468A55A554A5340D643EA2C69B13C40,"{""intercomId"": ""6a4e09b3f461fdeaef437c83"", ""isElefantUser"": true, ""hasToyHoldingMismatch"": false, ""isQuestionAnswereOnBoardCompleted"": true}",D79830AF,,,0.0,{},,"{""profile"": ""COMPLETED"", ""childProfile"": ""COMPLETED"", ""onboardingScreen"": ""COMPLETED""}",[],,"{""sublocality"": ""Ashok Vihar"", ""formattedAddress"": ""E42, Block E, Phase 1, Ashok Vihar, New Delhi, Delhi, 110052, India""}",,"{""Q1"": ""2_5"", ""Q2"": ""less_1hr"", ""Q3"": ""10_20"", ""Q4"": ""curious"", ""Q6"": ""Bhavi GUPTA""}",ashok vugar,"E42, Block E, Phase 1, Ashok Vihar, New Delhi, Delhi, 110052, India",eff5b607-bc58-4476-a4d0-0df285e00f2b,9012696e-0711-4863-bb5f-94c49624bc8f,,5997.0,2026-07-08T09:57:57Z,2026-10-08T09:57:57Z,0,order_TAxxlpil2YMtP2,03e58770-76d5-4434-9934-ea1d64e4096f,CANCELLED,,emi,,"{""discount"": ""25%"", ""isNewPlan"": false, ""trialDays"": 30, ""toyProgram"": ""-"", ""planSavings"": 3597, ""planVersion"": ""v2"", ""trialAmount"": 99, ""trialApplied"": false, ""memberShipFees"": 0, ""bonusDeliveries"": 0, ""deliveryCharges"": 100, ""sameDayDelivery"": true, ""damageWaiverFees"": 999, ""maxBigToyAllowed"": 1, ""refundableDeposit"": 0, ""moneyBackGuarantee"": 30, ""effectiveCostPerMonth"": 1999, ""membershipFeesApplied"": false, ""securityDepositApplied"": false, ""totalKeepCountPerMonth"": 3, ""damageWaiverFeesApplied"": true, ""isUnlimitedFreeDelivery"": false, ""maxToyHoldingValueAllowed"": 35000, ""totalFreeDeliveryPerMonth"": 12, ""actualChargesForMemberShipFees"": 0, ""actualChargesForSecurityDeposit"": 0, ""actualChargesForDamageWaiverFees"": 999}",ONE_TIME,2026-07-08T09:54:41.266Z,2026-07-08T11:00:07.898Z,b8969a0e-7db0-4f51-a0c2-105654c5d01b,"{""deviceType"": ""MOBILE"", ""gstApplied"": true, ""promoCodeId"": ""payment_provider_36628b9c811f85b50e4a778c398516d9"", ""paymentNotes"": {""userId"": ""9012696e-0711-4863-bb5f-94c49624bc8f"", ""subscriptionType"": ""ONE_TIME"", ""subscriptionPlanId"": ""03e58770-76d5-4434-9934-ea1d64e4096f""}, ""gstPercentage"": 18, ""membershipData"": {""amount"": 0, ""isMembershipFee"": true}, ""isRecurringInit"": false, ""paymentProvider"": ""RAZOR_PAY"", ""userTrialApplied"": false, ""securityDepositData"": {""securityDepositApplied"": false}, ""isTrialPeriodExpired"": true, ""merchantTransactionId"": ""order_TAxxlpil2YMtP2"", ""userDamageWaiverFeesApplied"": true}",,,,,,{},[],"{""couponId"": ""b8969a0e-7db0-4f51-a0c2-105654c5d01b"", ""couponAppliedStatus"": ""PENDING"", ""isCouponAppliedOnSubscriptionRenew"": false}",2026-10-08T15:27:57
d6276d60-e3c7-442c-b527-9c7dee6033f9,UR27425,Raju,Gurmurthy,rajusghere@gmail.com,,,,"[""USER""]",true,true,false,"286 ,Ground floor ,WG5G+8H7 Dwaraka Nagar 5th Stage Rajarajeshwari Nagar",near Baldwin school,Bengaluru,Karnataka,57206ced-d6e8-4524-8826-b11b28aeaeea,9986733959,,,,,STRIPE,IST,gL5FBeYiFCyvh3fZcYRxUf/A9Pa+LC++04v3aZXIyyBZJ1I/tqiAMHLbrqScgyWkbNjq4ZhTjn1ys0X7GNbstoYJY9APouyIH3cVu0cJ+OSi8lvoCouFRe7pwIS+Tmk8RU8v7s0U1kGGe95T5oN/YAs7/JmvtdKLryzOPkP9L6fSL3QKCwt/ABSXKc0bHBQzp3t3QGWmYuPcAK6sB8CXeCqqD7IFyaWH7epUDAqmxNs=,2024-09-25T05:01:51.949Z,2026-09-17T05:21:15.982Z,,,01010000007008556AF664534006EB49AA00ED2940,"{""intercomId"": ""670e2d057bce797d7bca2259"", ""leadSquaredData"": {""Id"": """", ""IsCreated"": true, ""RelatedId"": ""727f7e78-d080-4070-85e0-55618c336792""}}",FDF9A91F,,,0.0,"{""toy"": {""ageGroupIds"": [""e1f855a6-aab7-453b-b31c-3b6e7b780df8""], ""facilitateIds"": [""72d52938-cbf8-48d6-911e-95f7d9c00a22""]}}",,"{""profile"": ""COMPLETED"", ""childProfile"": ""COMPLETED"", ""onboardingScreen"": ""COMPLETED""}",[],,"{""sublocality"": ""Kalasipalya"", ""formattedAddress"": ""XH7H+523, Jayanagar, Kalasipalyam New Extension, Kalasipalya, Bengaluru, Karnataka 560002, India""}",2025-10-04T08:47:03.486Z,{},pin code 560098,"Bangalore, Karnataka, India",d9166d34-dc8f-49f0-bb0e-b881f04b9764,d6276d60-e3c7-442c-b527-9c7dee6033f9,NA,9999.0,2025-10-04T09:13:08.599Z,2026-10-04T09:13:08Z,0,assigned_5dac7b566d8468e262d64c15e35c93c2,1d0e4dd6-644c-4e58-9553-294c46814ae8,ACTIVE,,razorpay,,"{""discount"": ""25%"", ""isNewPlan"": false, ""pricePaid"": 7000, ""trialDays"": 30, ""toyProgram"": ""-"", ""planSavings"": 3597, ""planVersion"": ""v2"", ""trialAmount"": 99, ""trialApplied"": false, ""memberShipFees"": 0, ""bonusDeliveries"": 0, ""deliveryCharges"": 100, ""damageWaiverFees"": 999, ""refundableDeposit"": 0, ""memberShipFeesPaid"": 0, ""effectiveCostPerMonth"": 833, ""membershipFeesApplied"": false, ""refundableDepositPaid"": 0, ""planPriceDiscountAdmin"": 2999, ""securityDepositApplied"": false, ""totalKeepCountPerMonth"": 3, ""damageWaiverFeesApplied"": true, ""isUnlimitedFreeDelivery"": true, ""membershipDiscountAdmin"": 0, ""totalFreeDeliveryPerMonth"": 3, ""actualChargesForMemberShipFees"": 0, ""refundableDepositDiscountAdmin"": 0, ""actualChargesForSecurityDeposit"": 0, ""actualChargesForDamageWaiverFees"": 999}",ASSIGNED,2025-10-04T09:13:12.28Z,2025-10-04T09:13:12.28Z,,"{""amount"": 7000, ""gstApplied"": true, ""gstPercentage"": 18, ""membershipData"": {""amount"": 0, ""isMembershipFee"": true}, ""userTrialApplied"": false, ""isTrialPeriodExpired"": true, ""userDamageWaiverFeesApplied"": true}",,,,,,{},[],{},2026-10-04T14:43:08
4211a287-d327-4192-9f85-1b9b1f188e40,UR86813,vidhi,parikh,parikhvidhi39@gmail.com,,,FEMALE,"[""USER""]",true,true,false,501 A wing Swiss Palace Shastri Nagar Lane 1 opposite Lokhandwala Circle next to Titan Showroom Shastri Nagar Andheri West,Andheri West,Mumbai Suburban,Maharashtra,888012ae-b190-43eb-999d-9bbca1f18e3a,9987675469,,,,,STRIPE,IST,gL5FBeYiFCyvh3fZcYRxUf/A9Pa+LC++04v3aZXIyyBZJ1I/tqiAMHLbrqScgyWk53zjZa9qVsrhqhoiSNkWzJ1TaTlEXjIAoTTzh0T8EmuHfxlPkT/HktLfpp8DWCqER9A7B8wdYRTNtN3h0NPUAmSDor8+Mgc5PCB4kB2lUB5GWQtPG72h2DlADqK+eKBJzqq4epnzIG9W5B5sFBSjgsE5hdLrdt6PvokWuUN5ZSM=,2025-04-07T04:11:59.642Z,2026-08-19T02:46:50.389Z,,,0101000000D34AC6D6D83452406355CE28A7233340,"{""intercomId"": ""67f35095293ee3f9da860c9c"", ""isElefantUser"": true, ""declineSubscriptionReason"": ""I don’t fully understand what’s included"", ""isQuestionAnswereOnBoardCompleted"": true}",CBBC93A1,,,0.0,"{""toy"": {""ageGroupIds"": [""654f486a-c1ba-4416-90ad-77086657f936""], ""facilitateIds"": []}}",,"{""profile"": ""COMPLETED"", ""childProfile"": ""COMPLETED"", ""onboardingScreen"": ""COMPLETED""}",[],mobile_app,"{""sublocality"": ""Andheri West"", ""formattedAddress"": ""Shop No.1, Swiss Palace, Shastri Nagar Lane 1, opposite Lokhandwala Circle, next to Titan Showroom, Shastri Nagar, Andheri West, Mumbai, Maharashtra 400053, India""}",2026-07-04T08:11:23.365Z,"{""Q1"": ""0_2"", ""Q2"": ""less_1hr"", ""Q3"": ""5_10"", ""Q4"": ""curious""}",lokhandwala circle,"Shop No.1, Swiss Palace, Shastri Nagar Lane 1, opposite Lokhandwala Circle, next to Titan Showroom, Shastri Nagar, Andheri West, Mumbai, Maharashtra 400053, India",221bd616-ec5c-43b5-8f07-baef9b645c94,4211a287-d327-4192-9f85-1b9b1f188e40,,4497.0,2026-07-07T07:15:49Z,2026-10-07T07:15:49Z,0,order_T9M7COFhhUmwjh,864b3e20-b4b5-4be5-8b5c-bcd69573b6dd,ACTIVE,,upi,,"{""discount"": ""25%"", ""isNewPlan"": false, ""trialDays"": 30, ""toyProgram"": ""-"", ""planSavings"": 3597, ""planVersion"": ""v2"", ""trialAmount"": 99, ""trialApplied"": false, ""memberShipFees"": 0, ""bonusDeliveries"": 0, ""deliveryCharges"": 100, ""sameDayDelivery"": false, ""damageWaiverFees"": 299, ""maxBigToyAllowed"": 0, ""refundableDeposit"": 0, ""moneyBackGuarantee"": 30, ""effectiveCostPerMonth"": 1499, ""membershipFeesApplied"": false, ""securityDepositApplied"": false, ""totalKeepCountPerMonth"": 3, ""damageWaiverFeesApplied"": true, ""isUnlimitedFreeDelivery"": false, ""maxToyHoldingValueAllowed"": 20000, ""totalFreeDeliveryPerMonth"": 9, ""actualChargesForMemberShipFees"": 0, ""actualChargesForSecurityDeposit"": 0, ""actualChargesForDamageWaiverFees"": 299}",ONE_TIME,2026-07-04T08:14:15.321Z,2026-07-07T07:15:49.329Z,d9f45968-fdf9-45cb-a143-9bda0499e70b,"{""deviceType"": ""MOBILE"", ""gstApplied"": true, ""promoCodeId"": ""payment_provider_222024ad0be6b711af19f169bcb51d44"", ""paymentNotes"": {""userId"": ""4211a287-d327-4192-9f85-1b9b1f188e40"", ""subscriptionType"": ""ONE_TIME"", ""subscriptionPlanId"": ""864b3e20-b4b5-4be5-8b5c-bcd69573b6dd""}, ""gstPercentage"": 18, ""membershipData"": {""amount"": 0, ""isMembershipFee"": true}, ""isRecurringInit"": false, ""paymentProvider"": ""RAZOR_PAY"", ""userTrialApplied"": false, ""securityDepositData"": {""securityDepositApplied"": false}, ""isTrialPeriodExpired"": true, ""merchantTransactionId"": ""order_T9M7COFhhUmwjh"", ""userDamageWaiverFeesApplied"": true}",,,,,,{},[],"{""couponId"": ""d9f45968-fdf9-45cb-a143-9bda0499e70b"", ""couponAppliedStatus"": ""PENDING"", ""isCouponAppliedOnSubscriptionRenew"": false}",2026-10-07T12:45:49
fdb8ced7-1e3d-4166-8d51-3175943a014a,UR372599,karthikeya,varma,vsandya9@gmail.com,,,MALE,"[""USER""]",true,true,false,Honey House 6-279 Mahendra Nagar Kakatiyanagar Chinthal Quthbullapur,Quthbullapur,Medchal-Malkajgiri,Telangana,b1fdcf19-b9f8-46d8-a0d4-0987101689a5,9989693576,,,,,STRIPE,IST,gL5FBeYiFCyvh3fZcYRxUf/A9Pa+LC++04v3aZXIyyBZJ1I/tqiAMHLbrqScgyWky2b1qhP0cqIDKBgaBVu69rq+ulyM9c/9EM9LhwsJIEkm2QfiinGUB1t8qIbGmY5LZqDZPW0cJRmrs8YUZl+h6xgyaUVirwYx30ElhLLT8NatxLMRpyy5QrrQ+pKiU9bviAtKeRBehks91EOZqBNBWM/1ugP6h2FcvKiyn72SOvk=,2026-07-01T08:41:21.394Z,2026-08-04T06:40:26.987Z,,,0101000020E61000005057D2E5289D534069A85148327F3140,"{""intercomId"": ""6a44d2b722335ed0f909b815"", ""isElefantUser"": true, ""declineSubscriptionReason"": ""I'm looking for a better price point"", ""isQuestionAnswereOnBoardCompleted"": true}",F76BF67C,,,0.0,{},,"{""profile"": ""COMPLETED"", ""childProfile"": ""COMPLETED"", ""onboardingScreen"": ""COMPLETED""}",[],,"{""sublocality"": ""Quthbullapur"", ""formattedAddress"": ""Honey House, 6-279, Mahendra Nagar, Kakatiyanagar, Chinthal, Quthbullapur, Hyderabad, Telangana 500054, India""}",2026-07-06T03:48:00.379Z,"{""Q1"": ""2_5"", ""Q2"": ""3plus_hrs"", ""Q3"": ""10_20"", ""Q4"": ""imaginative"", ""Q6"": ""Karthikeya""}",,,4d5d2d9f-9879-4e9f-a870-287c58a102c5,fdb8ced7-1e3d-4166-8d51-3175943a014a,,5997.0,2026-07-06T03:56:55Z,2026-10-06T03:56:55Z,0,order_TA4icM0N198b6d,03e58770-76d5-4434-9934-ea1d64e4096f,ACTIVE,,emi,,"{""discount"": ""25%"", ""isNewPlan"": false, ""trialDays"": 30, ""toyProgram"": ""-"", ""planSavings"": 3597, ""planVersion"": ""v2"", ""trialAmount"": 99, ""trialApplied"": false, ""memberShipFees"": 0, ""bonusDeliveries"": 0, ""deliveryCharges"": 100, ""sameDayDelivery"": true, ""damageWaiverFees"": 999, ""maxBigToyAllowed"": 1, ""refundableDeposit"": 0, ""moneyBackGuarantee"": 30, ""effectiveCostPerMonth"": 1999, ""membershipFeesApplied"": false, ""securityDepositApplied"": false, ""totalKeepCountPerMonth"": 3, ""damageWaiverFeesApplied"": true, ""isUnlimitedFreeDelivery"": false, ""maxToyHoldingValueAllowed"": 35000, ""totalFreeDeliveryPerMonth"": 12, ""actualChargesForMemberShipFees"": 0, ""actualChargesForSecurityDeposit"": 0, ""actualChargesForDamageWaiverFees"": 999}",ONE_TIME,2026-07-06T03:52:11.743Z,2026-07-06T03:56:55.204Z,d9f45968-fdf9-45cb-a143-9bda0499e70b,"{""deviceType"": ""MOBILE"", ""gstApplied"": true, ""promoCodeId"": ""payment_provider_222024ad0be6b711af19f169bcb51d44"", ""paymentNotes"": {""userId"": ""fdb8ced7-1e3d-4166-8d51-3175943a014a"", ""subscriptionType"": ""ONE_TIME"", ""subscriptionPlanId"": ""03e58770-76d5-4434-9934-ea1d64e4096f""}, ""gstPercentage"": 18, ""membershipData"": {""amount"": 0, ""isMembershipFee"": true}, ""isRecurringInit"": false, ""paymentProvider"": ""RAZOR_PAY"", ""userTrialApplied"": false, ""securityDepositData"": {""securityDepositApplied"": false}, ""isTrialPeriodExpired"": true, ""merchantTransactionId"": ""order_TA4icM0N198b6d"", ""userDamageWaiverFeesApplied"": true}",,,,,,{},[],"{""couponId"": ""d9f45968-fdf9-45cb-a143-9bda0499e70b"", ""couponAppliedStatus"": ""PENDING"", ""isCouponAppliedOnSubscriptionRenew"": false}",2026-10-06T09:26:55
772b7995-af76-4f19-a152-a49e78d56a21,UR22046,Nishchay,Dhingra,nishchay64@gmail.com,,,MALE,"[""USER""]",true,true,false,"E-36A GURU NANAK ROAD, ADARSH NAGAR DELHI-110033",Near Arya Samaj Mandir,North Delhi,Delhi,100ad05c-ced2-416a-9b48-d115dfc1f8eb,9999298773,,,,,STRIPE,IST,gL5FBeYiFCyvh3fZcYRxUf/A9Pa+LC++04v3aZXIyyBZJ1I/tqiAMHLbrqScgyWk/dnLjP/W19RcQk+Zx4irebZPCMyq1OJeuBElwBr8p0khcMkdo2OTSbBv1R/tGXxu3D5zu+vWZiggweyjQJopvhXTlv5i8UFjfSfbgij5Ke+tTdxuaGB4yD4DCtDP6x6CqvuT36hSdF5z+6XVHg5699hWdZanl7VaAkHXmSxvg8o=,2024-08-25T21:44:07.53Z,2026-09-18T23:16:02.32Z,,,0101000020E6100000CF2874BE554B5340F6EDD21E51B83C40,"{""leadSquaredData"": {""Id"": ""c930f091-b143-45d3-8a43-8f212972a214"", ""IsCreated"": false, ""RelatedId"": ""759a36cb-fa92-4c58-bf03-6fedbb843208""}, ""hasToyHoldingMismatch"": false}",4C1C2B3B,,,0.0,"{""toy"": {""ageGroupIds"": [""e1f855a6-aab7-453b-b31c-3b6e7b780df8""], ""facilitateIds"": [""113918f6-5817-4d32-b08a-817d37632afe""]}}",,"{""profile"": ""COMPLETED"", ""childProfile"": ""COMPLETED"", ""onboardingScreen"": ""COMPLETED""}","[""ffi8vNADi0_qtdceljvde6:APA91bH0ISjkaqrBH9I6YWECepGbeTsqkOeCGzKexJqpPAKt3yH8JfZPwUj_xLiKRfudxy_JgS9yyB2saabDi4H1Xqbic_lT-4ZIKQZB1Iun6BvXi59geXx2fT2hYRhKuBYnW8DYHmKL"" ""e6ldTeOIvEKqp7r3zRaYYK:APA91bGQ0z6uHTYQq1xA-QFNY1Fv5U94Z2pR1uAc_iCtre1A-bg7xL_l3-hWyOqu1chkQ_1adRtuiuoW7frTy0aXEAtgzJ7Nw2v05VOrdhlj6-ZsoHt6aJw""]",,"{""sublocality"": ""Adarsh Nagar"", ""formattedAddress"": ""P59G+XVV, Gurunanaka Rd, Block E, Adarsh Nagar, Delhi, 110033, India""}",2025-11-10T09:58:09.87Z,{},10 number Gali,"P59G+XVV, Gurunanaka Rd, Block E, Adarsh Nagar, Delhi, 110033, India",1bdfdf2f-37a5-401a-96ef-5b534ea2be3c,772b7995-af76-4f19-a152-a49e78d56a21,,2999.0,2025-10-08T16:32:13Z,2026-10-08T16:32:13Z,0,order_RR2tRWpIsTgcHS,eab965a9-9117-4d7e-aa07-d7ded0903ca5,CANCELLED,,upi,,"{""discount"": ""58.34%"", ""isNewPlan"": false, ""trialDays"": 30, ""toyProgram"": ""-"", ""planSavings"": 4200, ""planVersion"": ""v2"", ""trialAmount"": 499, ""trialApplied"": false, ""memberShipFees"": 0, ""bonusDeliveries"": 14, ""deliveryCharges"": 100, ""damageWaiverFees"": 999, ""refundableDeposit"": 0, ""effectiveCostPerMonth"": 250, ""membershipFeesApplied"": false, ""securityDepositApplied"": false, ""totalKeepCountPerMonth"": 3, ""damageWaiverFeesApplied"": true, ""isUnlimitedFreeDelivery"": false, ""totalFreeDeliveryPerMonth"": 0, ""actualChargesForMemberShipFees"": 0, ""actualChargesForSecurityDeposit"": 0, ""actualChargesForDamageWaiverFees"": 999}",PURCHASE,2025-10-08T16:31:52.741Z,2025-11-08T09:28:35.446Z,,"{""tokenId"": ""token_RR2taqC83OPCdw"", ""deviceType"": ""MOBILE"", ""gstApplied"": true, ""paymentNotes"": {""userId"": ""772b7995-af76-4f19-a152-a49e78d56a21"", ""isRecurringPayment"": ""true"", ""subscriptionPlanId"": ""eab965a9-9117-4d7e-aa07-d7ded0903ca5""}, ""gstPercentage"": 18, ""membershipData"": {""amount"": 0, ""isMembershipFee"": true}, ""isRecurringInit"": false, ""paymentProvider"": ""RAZOR_PAY"", ""userTrialApplied"": false, ""securityDepositData"": {""securityDepositApplied"": false}, ""isTrialPeriodExpired"": true, ""merchantTransactionId"": ""order_RR2tRWpIsTgcHS"", ""userDamageWaiverFeesApplied"": false}",,,,,,{},[],"{""couponAppliedStatus"": ""PENDING"", ""isCouponAppliedOnSubscriptionRenew"": false}",2026-10-08T22:02:13
667bb9d1-31a3-4eb5-8073-d6166ef88c15,UR28654,khimi,thapa,khimithapa@gmail.com,,,,"[""USER""]",true,true,false,"1174,, 15 floor, Tower 1A, Prestige Bella Vista Iyyapanthangal kattupakam",geace supermarket,Chennai,Tamil Nadu,b3962509-b833-47fb-a681-374f27a53b96,9999600138,,,,,STRIPE,IST,gL5FBeYiFCyvh3fZcYRxUf/A9Pa+LC++04v3aZXIyyBZJ1I/tqiAMHLbrqScgyWkJpc93Y8QDAZww5G3bXxNxPgp8aEHfInO8yjoS1cm/DZzAcrDYzuOixYAGiwc7VmyWwmEaDYNgJgrWJnGADxIMIKKk/e1Y90AudZUqQxmyidjyWWOL7xV6T3Rex83hIdI0JqAHOPF9sGw3cl8OdPE+X2Fr6EWoXXE4nZb46rxEXE=,2024-09-29T14:49:56.99Z,2026-09-25T12:05:59.839Z,,,01010000009D3699A7A9085440D875B9D27C132A40,"{""intercomId"": ""6720c7b811a1e1ce6eaa0ffe"", ""leadSquaredData"": {""Id"": """", ""IsCreated"": true, ""RelatedId"": ""b27b6eba-8782-42ea-80f5-7c59f7e85fe5""}}",E510CDE6,,,0.0,{},,"{""profile"": ""COMPLETED"", ""childProfile"": ""COMPLETED"", ""onboardingScreen"": ""COMPLETED""}",[],,"{""sublocality"": ""Iyyappanthangal"", ""formattedAddress"": ""24QP+64H, VGN Nagar, Iyyappanthangal, Ayyappanthangal, Tamil Nadu 600056, India""}",,{},prestige bella Vista,"Iyyappanthangal, Chennai, Tamil Nadu, India",1b9f57cd-4a8e-4edc-8d17-2f314b9a246e,667bb9d1-31a3-4eb5-8073-d6166ef88c15,NA,9999.0,2025-10-08T06:33:12.256Z,2026-10-08T06:33:12Z,0,assigned_ab599b8faf33ad8f3160928a62634321,1d0e4dd6-644c-4e58-9553-294c46814ae8,ACTIVE,,razorpay,,"{""discount"": ""25%"", ""isNewPlan"": false, ""pricePaid"": 8000, ""trialDays"": 30, ""toyProgram"": ""-"", ""planSavings"": 3597, ""planVersion"": ""v2"", ""trialAmount"": 99, ""trialApplied"": false, ""memberShipFees"": 0, ""bonusDeliveries"": 0, ""deliveryCharges"": 100, ""damageWaiverFees"": 999, ""refundableDeposit"": 0, ""memberShipFeesPaid"": 0, ""effectiveCostPerMonth"": 833, ""membershipFeesApplied"": false, ""refundableDepositPaid"": 0, ""planPriceDiscountAdmin"": 1999, ""securityDepositApplied"": false, ""totalKeepCountPerMonth"": 3, ""damageWaiverFeesApplied"": true, ""isUnlimitedFreeDelivery"": true, ""membershipDiscountAdmin"": 0, ""totalFreeDeliveryPerMonth"": 3, ""actualChargesForMemberShipFees"": 0, ""refundableDepositDiscountAdmin"": 0, ""actualChargesForSecurityDeposit"": 0, ""actualChargesForDamageWaiverFees"": 999}",ASSIGNED,2025-10-08T06:33:15.898Z,2025-10-08T06:33:15.898Z,,"{""amount"": 8000, ""gstApplied"": true, ""gstPercentage"": 18, ""membershipData"": {""amount"": 0, ""isMembershipFee"": true}, ""userTrialApplied"": false, ""isTrialPeriodExpired"": true, ""userDamageWaiverFeesApplied"": true}",,,,,,{},[],{},2026-10-08T12:03:12
