id,user_id,transaction_id,price,started_at,expire_at,used_free_delivery_count,subscription_id,plan_id,status,payment_id,method,payment_status,subscription_features,type,created_at,updated_at,coupon_id,meta_data,applied_referral_code,referred_by,cancelled_by,cancelled_at,cancelled_type,cancellation_data,payment_token_status_history,coupon_details
67862cd7-d9a9-4f96-bdb1-d5f7428face0,484f1952-51da-454e-b837-eb7043460195,,15588.0,2026-09-25T05:33:04Z,2027-09-25T05:33:04Z,0,order_Tg9gyhEDoaooDy,26a25589-5532-4f28-b820-1b6c7894c4fd,ACTIVE,,upi,,"{""discount"": ""25%"", ""isNewPlan"": false, ""trialDays"": 30, ""toyProgram"": ""-"", ""planSavings"": 3597, ""planVersion"": ""v2"", ""trialAmount"": 999, ""trialApplied"": false, ""memberShipFees"": 0, ""bonusDeliveries"": 0, ""deliveryCharges"": 100, ""sameDayDelivery"": true, ""damageWaiverFees"": 999, ""maxBigToyAllowed"": 1, ""refundableDeposit"": 0, ""moneyBackGuarantee"": 30, ""effectiveCostPerMonth"": 1299, ""membershipFeesApplied"": false, ""securityDepositApplied"": false, ""totalKeepCountPerMonth"": 3, ""damageWaiverFeesApplied"": true, ""isUnlimitedFreeDelivery"": true, ""maxToyHoldingValueAllowed"": 120000, ""totalFreeDeliveryPerMonth"": 0, ""actualChargesForMemberShipFees"": 0, ""actualChargesForSecurityDeposit"": 0, ""actualChargesForDamageWaiverFees"": 999}",ONE_TIME,2026-09-25T05:32:10.069Z,2026-09-25T05:33:04.255Z,39d4dac4-9537-4653-874b-36bd27b763a0,"{""deviceType"": ""MOBILE"", ""gstApplied"": true, ""promoCodeId"": ""payment_provider_444be18c9e16d1cd1b19ef1c8a66b2ab"", ""paymentNotes"": {""userId"": ""484f1952-51da-454e-b837-eb7043460195"", ""subscriptionType"": ""ONE_TIME"", ""subscriptionPlanId"": ""26a25589-5532-4f28-b820-1b6c7894c4fd""}, ""gstPercentage"": 18, ""membershipData"": {""amount"": 0, ""isMembershipFee"": true}, ""priceBreakdown"": {""basePrice"": 15588, ""gstAmount"": 2986, ""couponCode"": ""FLAT11KAK"", ""finalPrice"": 11000, ""couponPercent"": null, ""proRataCredit"": null, ""couponDiscount"": 8573, ""membershipFees"": 0, ""securityDeposit"": 0, ""damageWaiverFees"": 999}, ""isRecurringInit"": false, ""paymentProvider"": ""RAZOR_PAY"", ""userTrialApplied"": false, ""securityDepositData"": {""securityDepositApplied"": false}, ""isTrialPeriodExpired"": true, ""merchantTransactionId"": ""order_Tg9gyhEDoaooDy"", ""userDamageWaiverFeesApplied"": true}",,,,,,{},[],"{""couponId"": ""39d4dac4-9537-4653-874b-36bd27b763a0"", ""couponAppliedStatus"": ""PENDING"", ""isCouponAppliedOnSubscriptionRenew"": false}"
9568600d-e7fb-4ba4-9942-105e55f0e341,307dd22e-f7f2-4022-971f-5601ebd7a838,,15588.0,2026-09-25T07:25:27Z,2027-09-25T07:25:27Z,0,order_TgBbbcS4EdyJvH,26a25589-5532-4f28-b820-1b6c7894c4fd,ACTIVE,,upi,,"{""discount"": ""25%"", ""isNewPlan"": false, ""trialDays"": 30, ""toyProgram"": ""-"", ""planSavings"": 3597, ""planVersion"": ""v2"", ""trialAmount"": 999, ""trialApplied"": false, ""memberShipFees"": 0, ""bonusDeliveries"": 0, ""deliveryCharges"": 100, ""sameDayDelivery"": true, ""damageWaiverFees"": 999, ""maxBigToyAllowed"": 1, ""refundableDeposit"": 0, ""moneyBackGuarantee"": 30, ""effectiveCostPerMonth"": 1299, ""membershipFeesApplied"": false, ""securityDepositApplied"": false, ""totalKeepCountPerMonth"": 3, ""damageWaiverFeesApplied"": true, ""isUnlimitedFreeDelivery"": true, ""maxToyHoldingValueAllowed"": 120000, ""totalFreeDeliveryPerMonth"": 0, ""actualChargesForMemberShipFees"": 0, ""actualChargesForSecurityDeposit"": 0, ""actualChargesForDamageWaiverFees"": 999}",ONE_TIME,2026-09-25T07:24:28.151Z,2026-09-25T07:25:27.461Z,39d4dac4-9537-4653-874b-36bd27b763a0,"{""deviceType"": ""MOBILE"", ""gstApplied"": true, ""promoCodeId"": ""payment_provider_444be18c9e16d1cd1b19ef1c8a66b2ab"", ""paymentNotes"": {""userId"": ""307dd22e-f7f2-4022-971f-5601ebd7a838"", ""subscriptionType"": ""ONE_TIME"", ""subscriptionPlanId"": ""26a25589-5532-4f28-b820-1b6c7894c4fd""}, ""gstPercentage"": 18, ""membershipData"": {""amount"": 0, ""isMembershipFee"": true}, ""priceBreakdown"": {""basePrice"": 15588, ""gstAmount"": 2986, ""couponCode"": ""FLAT11KAK"", ""finalPrice"": 11000, ""couponPercent"": null, ""proRataCredit"": null, ""couponDiscount"": 8573, ""membershipFees"": 0, ""securityDeposit"": 0, ""damageWaiverFees"": 999}, ""isRecurringInit"": false, ""paymentProvider"": ""RAZOR_PAY"", ""userTrialApplied"": false, ""securityDepositData"": {""securityDepositApplied"": false}, ""isTrialPeriodExpired"": true, ""merchantTransactionId"": ""order_TgBbbcS4EdyJvH"", ""userDamageWaiverFeesApplied"": true}",,,,,,{},[],"{""couponId"": ""39d4dac4-9537-4653-874b-36bd27b763a0"", ""couponAppliedStatus"": ""PENDING"", ""isCouponAppliedOnSubscriptionRenew"": false}"
57b24f10-7e3c-4128-9255-2abc83c6e48d,716e03f6-e298-4e68-a8b7-5dcdd78d16b0,AXBBCD01031169842CE8A8934DC2BDA9EF3,15588.0,2026-09-26T08:38:24Z,2027-09-26T08:38:24Z,0,assigned_48ea9afeec4b88d74f347e784831dce9,26a25589-5532-4f28-b820-1b6c7894c4fd,ACTIVE,,other,,"{""discount"": ""25%"", ""isNewPlan"": false, ""pricePaid"": 11000, ""trialDays"": 30, ""toyProgram"": ""-"", ""planSavings"": 3597, ""planVersion"": ""v2"", ""trialAmount"": 999, ""trialApplied"": false, ""memberShipFees"": 0, ""bonusDeliveries"": 0, ""deliveryCharges"": 100, ""sameDayDelivery"": true, ""damageWaiverFees"": 999, ""maxBigToyAllowed"": 1, ""refundableDeposit"": 0, ""memberShipFeesPaid"": 0, ""moneyBackGuarantee"": 30, ""effectiveCostPerMonth"": 1299, ""membershipFeesApplied"": false, ""refundableDepositPaid"": 0, ""planPriceDiscountAdmin"": 0, ""securityDepositApplied"": false, ""totalKeepCountPerMonth"": 3, ""damageWaiverFeesApplied"": true, ""isUnlimitedFreeDelivery"": true, ""membershipDiscountAdmin"": 0, ""maxToyHoldingValueAllowed"": 120000, ""totalFreeDeliveryPerMonth"": 0, ""actualChargesForMemberShipFees"": 0, ""refundableDepositDiscountAdmin"": 0, ""actualChargesForSecurityDeposit"": 0, ""actualChargesForDamageWaiverFees"": 999}",ASSIGNED,2026-09-26T08:38:24.375Z,2026-09-26T08:38:24.375Z,,"{""note"": ""Assigned from Google Sheet"", ""amount"": 0, ""gstApplied"": true, ""paymentDate"": ""2026-09-26T14:08:24+05:30"", ""gstPercentage"": 18, ""membershipData"": {""amount"": 0, ""isMembershipFee"": true}, ""priceBreakdown"": {""basePrice"": 15588, ""gstAmount"": 2986, ""couponCode"": null, ""finalPrice"": 19573, ""couponPercent"": null, ""proRataCredit"": 0, ""couponDiscount"": 0, ""membershipFees"": 0, ""securityDeposit"": 0, ""damageWaiverFees"": 999}, ""userTrialApplied"": false, ""isTrialPeriodExpired"": true, ""userDamageWaiverFeesApplied"": true}",,,,,,{},[],{}
e82b21cb-4c7f-4c14-9b95-cb6306aa8cc6,eb3c94b0-5515-4f55-82c0-3ea75824b4cb,,15588.0,2026-09-25T07:10:58Z,2027-09-25T07:10:58Z,0,order_TgBJ24VcZ1mjwe,26a25589-5532-4f28-b820-1b6c7894c4fd,ACTIVE,,emi,,"{""discount"": ""25%"", ""isNewPlan"": false, ""trialDays"": 30, ""toyProgram"": ""-"", ""planSavings"": 3597, ""planVersion"": ""v2"", ""trialAmount"": 999, ""trialApplied"": false, ""memberShipFees"": 0, ""bonusDeliveries"": 0, ""deliveryCharges"": 100, ""sameDayDelivery"": true, ""damageWaiverFees"": 999, ""maxBigToyAllowed"": 1, ""refundableDeposit"": 0, ""moneyBackGuarantee"": 30, ""effectiveCostPerMonth"": 1299, ""membershipFeesApplied"": false, ""securityDepositApplied"": false, ""totalKeepCountPerMonth"": 3, ""damageWaiverFeesApplied"": true, ""isUnlimitedFreeDelivery"": true, ""maxToyHoldingValueAllowed"": 120000, ""totalFreeDeliveryPerMonth"": 0, ""actualChargesForMemberShipFees"": 0, ""actualChargesForSecurityDeposit"": 0, ""actualChargesForDamageWaiverFees"": 999}",ONE_TIME,2026-09-25T07:06:53.186Z,2026-09-25T07:10:59.335Z,e95b8083-dc35-4236-8333-3916353c20cc,"{""deviceType"": ""MOBILE"", ""gstApplied"": true, ""promoCodeId"": ""payment_provider_d1a0fb4687bf134af265e9b3fd6a0938"", ""paymentNotes"": {""userId"": ""eb3c94b0-5515-4f55-82c0-3ea75824b4cb"", ""subscriptionType"": ""ONE_TIME"", ""subscriptionPlanId"": ""26a25589-5532-4f28-b820-1b6c7894c4fd""}, ""gstPercentage"": 18, ""membershipData"": {""amount"": 0, ""isMembershipFee"": true}, ""priceBreakdown"": {""basePrice"": 15588, ""gstAmount"": 2986, ""couponCode"": ""HTMAXSPECIAL2026"", ""finalPrice"": 10500, ""couponPercent"": null, ""proRataCredit"": null, ""couponDiscount"": 9073, ""membershipFees"": 0, ""securityDeposit"": 0, ""damageWaiverFees"": 999}, ""isRecurringInit"": false, ""paymentProvider"": ""RAZOR_PAY"", ""userTrialApplied"": false, ""securityDepositData"": {""securityDepositApplied"": false}, ""isTrialPeriodExpired"": true, ""merchantTransactionId"": ""order_TgBJ24VcZ1mjwe"", ""userDamageWaiverFeesApplied"": true}",,,,,,{},[],"{""couponId"": ""e95b8083-dc35-4236-8333-3916353c20cc"", ""couponAppliedStatus"": ""PENDING"", ""isCouponAppliedOnSubscriptionRenew"": false}"
d80fedf4-0f2a-4710-960f-e14deea3dc0c,dc9ab5c5-de3a-49c1-a042-833d09395967,T2609241603178782082477,15588.0,2026-09-25T07:24:31Z,2027-09-25T07:24:31Z,0,assigned_5e43d214fd08bf957ec3779386790f48,26a25589-5532-4f28-b820-1b6c7894c4fd,ACTIVE,,upi,,"{""discount"": ""25%"", ""isNewPlan"": false, ""pricePaid"": 11000, ""trialDays"": 30, ""toyProgram"": ""-"", ""planSavings"": 3597, ""planVersion"": ""v2"", ""trialAmount"": 999, ""trialApplied"": false, ""memberShipFees"": 0, ""bonusDeliveries"": 0, ""deliveryCharges"": 100, ""sameDayDelivery"": true, ""damageWaiverFees"": 999, ""maxBigToyAllowed"": 1, ""refundableDeposit"": 0, ""memberShipFeesPaid"": 0, ""moneyBackGuarantee"": 30, ""effectiveCostPerMonth"": 1299, ""membershipFeesApplied"": false, ""refundableDepositPaid"": 0, ""planPriceDiscountAdmin"": 0, ""securityDepositApplied"": false, ""totalKeepCountPerMonth"": 3, ""damageWaiverFeesApplied"": true, ""isUnlimitedFreeDelivery"": true, ""membershipDiscountAdmin"": 0, ""maxToyHoldingValueAllowed"": 120000, ""totalFreeDeliveryPerMonth"": 0, ""actualChargesForMemberShipFees"": 0, ""refundableDepositDiscountAdmin"": 0, ""actualChargesForSecurityDeposit"": 0, ""actualChargesForDamageWaiverFees"": 999}",ASSIGNED,2026-09-25T07:24:31.727Z,2026-09-25T07:24:31.727Z,,"{""note"": ""Assigned from Google Sheet"", ""amount"": 0, ""gstApplied"": true, ""paymentDate"": ""2026-09-25T12:54:31+05:30"", ""gstPercentage"": 18, ""membershipData"": {""amount"": 0, ""isMembershipFee"": true}, ""priceBreakdown"": {""basePrice"": 15588, ""gstAmount"": 2986, ""couponCode"": null, ""finalPrice"": 19573, ""couponPercent"": null, ""proRataCredit"": 0, ""couponDiscount"": 0, ""membershipFees"": 0, ""securityDeposit"": 0, ""damageWaiverFees"": 999}, ""userTrialApplied"": false, ""isTrialPeriodExpired"": true, ""userDamageWaiverFeesApplied"": true}",,,,,,{},[],{}
aed4b63b-6255-405a-8da4-fee0cce99c28,8c0963db-9c7e-4108-b393-25c5d4dc72aa,,15588.0,2026-09-25T13:17:37Z,2027-09-25T13:17:37Z,0,order_TgHL6R9OCONU5j,26a25589-5532-4f28-b820-1b6c7894c4fd,ACTIVE,,cardless_emi,,"{""discount"": ""25%"", ""isNewPlan"": false, ""trialDays"": 30, ""toyProgram"": ""-"", ""planSavings"": 3597, ""planVersion"": ""v2"", ""trialAmount"": 999, ""trialApplied"": false, ""memberShipFees"": 0, ""bonusDeliveries"": 0, ""deliveryCharges"": 100, ""sameDayDelivery"": true, ""damageWaiverFees"": 999, ""maxBigToyAllowed"": 1, ""refundableDeposit"": 0, ""moneyBackGuarantee"": 30, ""effectiveCostPerMonth"": 1299, ""membershipFeesApplied"": false, ""securityDepositApplied"": false, ""totalKeepCountPerMonth"": 3, ""damageWaiverFeesApplied"": true, ""isUnlimitedFreeDelivery"": true, ""maxToyHoldingValueAllowed"": 120000, ""totalFreeDeliveryPerMonth"": 0, ""actualChargesForMemberShipFees"": 0, ""actualChargesForSecurityDeposit"": 0, ""actualChargesForDamageWaiverFees"": 999}",ONE_TIME,2026-09-25T13:01:00.468Z,2026-09-25T13:17:37.492Z,39d4dac4-9537-4653-874b-36bd27b763a0,"{""deviceType"": ""MOBILE"", ""gstApplied"": true, ""promoCodeId"": ""payment_provider_444be18c9e16d1cd1b19ef1c8a66b2ab"", ""paymentNotes"": {""userId"": ""8c0963db-9c7e-4108-b393-25c5d4dc72aa"", ""subscriptionType"": ""ONE_TIME"", ""subscriptionPlanId"": ""26a25589-5532-4f28-b820-1b6c7894c4fd""}, ""gstPercentage"": 18, ""membershipData"": {""amount"": 0, ""isMembershipFee"": true}, ""priceBreakdown"": {""basePrice"": 15588, ""gstAmount"": 2986, ""couponCode"": ""FLAT11KAK"", ""finalPrice"": 11000, ""couponPercent"": null, ""proRataCredit"": null, ""couponDiscount"": 8573, ""membershipFees"": 0, ""securityDeposit"": 0, ""damageWaiverFees"": 999}, ""isRecurringInit"": false, ""paymentProvider"": ""RAZOR_PAY"", ""userTrialApplied"": false, ""securityDepositData"": {""securityDepositApplied"": false}, ""isTrialPeriodExpired"": true, ""merchantTransactionId"": ""order_TgHL6R9OCONU5j"", ""userDamageWaiverFeesApplied"": true}",,,,,,{},[],"{""couponId"": ""39d4dac4-9537-4653-874b-36bd27b763a0"", ""couponAppliedStatus"": ""PENDING"", ""isCouponAppliedOnSubscriptionRenew"": false}"
1061c015-fca1-49ba-ba57-d6866ba59518,45e372c1-c328-4d7c-8cbe-b6318f728030,,15588.0,2026-09-25T08:31:21Z,2027-09-25T08:31:21Z,0,order_TgCjp0WiofTrNW,26a25589-5532-4f28-b820-1b6c7894c4fd,ACTIVE,,upi,,"{""discount"": ""25%"", ""isNewPlan"": false, ""trialDays"": 30, ""toyProgram"": ""-"", ""planSavings"": 3597, ""planVersion"": ""v2"", ""trialAmount"": 999, ""trialApplied"": false, ""memberShipFees"": 0, ""bonusDeliveries"": 0, ""deliveryCharges"": 100, ""sameDayDelivery"": true, ""damageWaiverFees"": 999, ""maxBigToyAllowed"": 1, ""refundableDeposit"": 0, ""moneyBackGuarantee"": 30, ""effectiveCostPerMonth"": 1299, ""membershipFeesApplied"": false, ""securityDepositApplied"": false, ""totalKeepCountPerMonth"": 3, ""damageWaiverFeesApplied"": true, ""isUnlimitedFreeDelivery"": true, ""maxToyHoldingValueAllowed"": 120000, ""totalFreeDeliveryPerMonth"": 0, ""actualChargesForMemberShipFees"": 0, ""actualChargesForSecurityDeposit"": 0, ""actualChargesForDamageWaiverFees"": 999}",ONE_TIME,2026-09-25T08:30:56.456Z,2026-09-25T08:31:23.563Z,c6399045-ae57-4a97-b6d4-69dd768bd1d1,"{""deviceType"": ""MOBILE"", ""gstApplied"": true, ""promoCodeId"": ""payment_provider_05af293eb83f6034ab6f3fcf8a2d0816"", ""paymentNotes"": {""userId"": ""45e372c1-c328-4d7c-8cbe-b6318f728030"", ""subscriptionType"": ""ONE_TIME"", ""subscriptionPlanId"": ""26a25589-5532-4f28-b820-1b6c7894c4fd""}, ""gstPercentage"": 18, ""membershipData"": {""amount"": 0, ""isMembershipFee"": true}, ""priceBreakdown"": {""basePrice"": 15588, ""gstAmount"": 2986, ""couponCode"": ""GANESHA"", ""finalPrice"": 13573, ""couponPercent"": null, ""proRataCredit"": null, ""couponDiscount"": 6000, ""membershipFees"": 0, ""securityDeposit"": 0, ""damageWaiverFees"": 999}, ""isRecurringInit"": false, ""paymentProvider"": ""RAZOR_PAY"", ""userTrialApplied"": false, ""securityDepositData"": {""securityDepositApplied"": false}, ""isTrialPeriodExpired"": true, ""merchantTransactionId"": ""order_TgCjp0WiofTrNW"", ""userDamageWaiverFeesApplied"": true}",,,,,,{},[],"{""couponId"": ""c6399045-ae57-4a97-b6d4-69dd768bd1d1"", ""couponAppliedStatus"": ""PENDING"", ""isCouponAppliedOnSubscriptionRenew"": false}"
b81a8b0c-92c6-43fc-89c3-7cea844539d2,9d0a7d09-efcf-4b1a-b9e1-60ae9481719d,,15588.0,2026-09-26T09:11:54Z,2027-09-26T09:11:54Z,0,order_TgD7svKzzkCyJe,26a25589-5532-4f28-b820-1b6c7894c4fd,ACTIVE,,emi,,"{""discount"": ""25%"", ""isNewPlan"": false, ""trialDays"": 30, ""toyProgram"": ""-"", ""planSavings"": 3597, ""planVersion"": ""v2"", ""trialAmount"": 999, ""trialApplied"": false, ""memberShipFees"": 0, ""bonusDeliveries"": 0, ""deliveryCharges"": 100, ""sameDayDelivery"": true, ""damageWaiverFees"": 999, ""maxBigToyAllowed"": 1, ""refundableDeposit"": 0, ""moneyBackGuarantee"": 30, ""effectiveCostPerMonth"": 1299, ""membershipFeesApplied"": false, ""securityDepositApplied"": false, ""totalKeepCountPerMonth"": 3, ""damageWaiverFeesApplied"": true, ""isUnlimitedFreeDelivery"": true, ""maxToyHoldingValueAllowed"": 120000, ""totalFreeDeliveryPerMonth"": 0, ""actualChargesForMemberShipFees"": 0, ""actualChargesForSecurityDeposit"": 0, ""actualChargesForDamageWaiverFees"": 999}",ONE_TIME,2026-09-25T08:53:43.239Z,2026-09-26T09:11:54.448Z,01e44bd5-f585-4ce5-a6a7-a6dd40de2334,"{""deviceType"": ""MOBILE"", ""gstApplied"": true, ""promoCodeId"": ""payment_provider_ff77eacfd6873255307a24ce752aacdb"", ""paymentNotes"": {""userId"": ""9d0a7d09-efcf-4b1a-b9e1-60ae9481719d"", ""subscriptionType"": ""ONE_TIME"", ""subscriptionPlanId"": ""26a25589-5532-4f28-b820-1b6c7894c4fd""}, ""gstPercentage"": 18, ""membershipData"": {""amount"": 0, ""isMembershipFee"": true}, ""priceBreakdown"": {""basePrice"": 15588, ""gstAmount"": 2986, ""couponCode"": ""FLAT12K"", ""finalPrice"": 12000, ""couponPercent"": null, ""proRataCredit"": null, ""couponDiscount"": 7573, ""membershipFees"": 0, ""securityDeposit"": 0, ""damageWaiverFees"": 999}, ""isRecurringInit"": false, ""paymentProvider"": ""RAZOR_PAY"", ""userTrialApplied"": false, ""securityDepositData"": {""securityDepositApplied"": false}, ""isTrialPeriodExpired"": true, ""merchantTransactionId"": ""order_TgD7svKzzkCyJe"", ""userDamageWaiverFeesApplied"": true}",,,,,,{},[],"{""couponId"": ""01e44bd5-f585-4ce5-a6a7-a6dd40de2334"", ""couponAppliedStatus"": ""PENDING"", ""isCouponAppliedOnSubscriptionRenew"": false}"
be207f4f-141e-4d00-96f6-c0fb6996f7ae,4ccadeb9-b519-4fd5-8c6a-ec70b92d83ae,,15588.0,2026-09-26T12:01:58Z,2027-09-26T12:01:58Z,0,order_TgDFUikwLrVSwW,26a25589-5532-4f28-b820-1b6c7894c4fd,ACTIVE,,cardless_emi,,"{""discount"": ""25%"", ""isNewPlan"": false, ""trialDays"": 30, ""toyProgram"": ""-"", ""planSavings"": 3597, ""planVersion"": ""v2"", ""trialAmount"": 999, ""trialApplied"": false, ""memberShipFees"": 0, ""bonusDeliveries"": 0, ""deliveryCharges"": 100, ""sameDayDelivery"": true, ""damageWaiverFees"": 999, ""maxBigToyAllowed"": 1, ""refundableDeposit"": 0, ""moneyBackGuarantee"": 30, ""effectiveCostPerMonth"": 1299, ""membershipFeesApplied"": false, ""securityDepositApplied"": false, ""totalKeepCountPerMonth"": 3, ""damageWaiverFeesApplied"": true, ""isUnlimitedFreeDelivery"": true, ""maxToyHoldingValueAllowed"": 120000, ""totalFreeDeliveryPerMonth"": 0, ""actualChargesForMemberShipFees"": 0, ""actualChargesForSecurityDeposit"": 0, ""actualChargesForDamageWaiverFees"": 999}",ONE_TIME,2026-09-25T09:00:55.459Z,2026-09-26T12:01:58.449Z,ceb8e263-b939-45c4-91e5-429e57c0c65f,"{""deviceType"": ""MOBILE"", ""gstApplied"": true, ""promoCodeId"": ""payment_provider_0205f5e0cc86d5ccc0a6b301e471fb26"", ""paymentNotes"": {""userId"": ""4ccadeb9-b519-4fd5-8c6a-ec70b92d83ae"", ""subscriptionType"": ""ONE_TIME"", ""subscriptionPlanId"": ""26a25589-5532-4f28-b820-1b6c7894c4fd""}, ""gstPercentage"": 18, ""membershipData"": {""amount"": 0, ""isMembershipFee"": true}, ""priceBreakdown"": {""basePrice"": 15588, ""gstAmount"": 1583, ""couponCode"": ""AL502026"", ""finalPrice"": 10376, ""couponPercent"": 50, ""proRataCredit"": null, ""couponDiscount"": 7794, ""membershipFees"": 0, ""securityDeposit"": 0, ""damageWaiverFees"": 999}, ""isRecurringInit"": false, ""paymentProvider"": ""RAZOR_PAY"", ""userTrialApplied"": false, ""securityDepositData"": {""securityDepositApplied"": false}, ""isTrialPeriodExpired"": true, ""merchantTransactionId"": ""order_TgDFUikwLrVSwW"", ""userDamageWaiverFeesApplied"": true}",,,,,,{},[],"{""couponId"": ""ceb8e263-b939-45c4-91e5-429e57c0c65f"", ""couponAppliedStatus"": ""PENDING"", ""isCouponAppliedOnSubscriptionRenew"": false}"
21faaaf6-dab8-41ba-83b1-47e9f5034d04,00fd5b3f-f3d0-4213-9e0b-bef3a3ebc328,,15588.0,2026-09-25T10:16:08Z,2027-09-25T10:16:08Z,0,order_TfSbwL29FucZGF,26a25589-5532-4f28-b820-1b6c7894c4fd,ACTIVE,,card,,"{""discount"": ""25%"", ""isNewPlan"": false, ""trialDays"": 30, ""toyProgram"": ""-"", ""planSavings"": 3597, ""planVersion"": ""v2"", ""trialAmount"": 999, ""trialApplied"": false, ""memberShipFees"": 0, ""bonusDeliveries"": 0, ""deliveryCharges"": 100, ""sameDayDelivery"": true, ""damageWaiverFees"": 999, ""maxBigToyAllowed"": 1, ""refundableDeposit"": 0, ""moneyBackGuarantee"": 30, ""effectiveCostPerMonth"": 1299, ""membershipFeesApplied"": false, ""securityDepositApplied"": false, ""totalKeepCountPerMonth"": 3, ""damageWaiverFeesApplied"": true, ""isUnlimitedFreeDelivery"": true, ""maxToyHoldingValueAllowed"": 120000, ""totalFreeDeliveryPerMonth"": 0, ""actualChargesForMemberShipFees"": 0, ""actualChargesForSecurityDeposit"": 0, ""actualChargesForDamageWaiverFees"": 999}",ONE_TIME,2026-09-23T11:23:34.481Z,2026-09-25T10:16:08.532Z,39d4dac4-9537-4653-874b-36bd27b763a0,"{""deviceType"": ""MOBILE"", ""gstApplied"": true, ""promoCodeId"": ""payment_provider_444be18c9e16d1cd1b19ef1c8a66b2ab"", ""paymentNotes"": {""userId"": ""00fd5b3f-f3d0-4213-9e0b-bef3a3ebc328"", ""subscriptionType"": ""ONE_TIME"", ""subscriptionPlanId"": ""26a25589-5532-4f28-b820-1b6c7894c4fd""}, ""gstPercentage"": 18, ""membershipData"": {""amount"": 0, ""isMembershipFee"": true}, ""priceBreakdown"": {""basePrice"": 15588, ""gstAmount"": 2986, ""couponCode"": ""FLAT11KAK"", ""finalPrice"": 11000, ""couponPercent"": null, ""proRataCredit"": null, ""couponDiscount"": 8573, ""membershipFees"": 0, ""securityDeposit"": 0, ""damageWaiverFees"": 999}, ""isRecurringInit"": false, ""paymentProvider"": ""RAZOR_PAY"", ""userTrialApplied"": false, ""securityDepositData"": {""securityDepositApplied"": false}, ""isTrialPeriodExpired"": true, ""merchantTransactionId"": ""order_TfSbwL29FucZGF"", ""userDamageWaiverFeesApplied"": true}",,,,,,{},[],"{""couponId"": ""39d4dac4-9537-4653-874b-36bd27b763a0"", ""couponAppliedStatus"": ""PENDING"", ""isCouponAppliedOnSubscriptionRenew"": false}"
594e581e-0bea-4045-8944-c90c4d7fb0d2,1135df66-21a3-446c-bf49-9ff647268d28,,15588.0,2026-09-25T10:17:07Z,2027-09-25T10:17:07Z,0,order_TgEUZWoRnusb5w,26a25589-5532-4f28-b820-1b6c7894c4fd,ACTIVE,,card,,"{""discount"": ""25%"", ""isNewPlan"": false, ""trialDays"": 30, ""toyProgram"": ""-"", ""planSavings"": 3597, ""planVersion"": ""v2"", ""trialAmount"": 999, ""trialApplied"": false, ""memberShipFees"": 0, ""bonusDeliveries"": 0, ""deliveryCharges"": 100, ""sameDayDelivery"": true, ""damageWaiverFees"": 999, ""maxBigToyAllowed"": 1, ""refundableDeposit"": 0, ""moneyBackGuarantee"": 30, ""effectiveCostPerMonth"": 1299, ""membershipFeesApplied"": false, ""securityDepositApplied"": false, ""totalKeepCountPerMonth"": 3, ""damageWaiverFeesApplied"": true, ""isUnlimitedFreeDelivery"": true, ""maxToyHoldingValueAllowed"": 120000, ""totalFreeDeliveryPerMonth"": 0, ""actualChargesForMemberShipFees"": 0, ""actualChargesForSecurityDeposit"": 0, ""actualChargesForDamageWaiverFees"": 999}",ONE_TIME,2026-09-25T10:13:53.495Z,2026-09-25T10:17:07.425Z,39d4dac4-9537-4653-874b-36bd27b763a0,"{""deviceType"": ""MOBILE"", ""gstApplied"": true, ""promoCodeId"": ""payment_provider_444be18c9e16d1cd1b19ef1c8a66b2ab"", ""paymentNotes"": {""userId"": ""1135df66-21a3-446c-bf49-9ff647268d28"", ""subscriptionType"": ""ONE_TIME"", ""subscriptionPlanId"": ""26a25589-5532-4f28-b820-1b6c7894c4fd""}, ""gstPercentage"": 18, ""membershipData"": {""amount"": 0, ""isMembershipFee"": true}, ""priceBreakdown"": {""basePrice"": 15588, ""gstAmount"": 2986, ""couponCode"": ""FLAT11KAK"", ""finalPrice"": 11000, ""couponPercent"": null, ""proRataCredit"": null, ""couponDiscount"": 8573, ""membershipFees"": 0, ""securityDeposit"": 0, ""damageWaiverFees"": 999}, ""isRecurringInit"": false, ""paymentProvider"": ""RAZOR_PAY"", ""userTrialApplied"": false, ""securityDepositData"": {""securityDepositApplied"": false}, ""isTrialPeriodExpired"": true, ""merchantTransactionId"": ""order_TgEUZWoRnusb5w"", ""userDamageWaiverFeesApplied"": true}",,,,,,{},[],"{""couponId"": ""39d4dac4-9537-4653-874b-36bd27b763a0"", ""couponAppliedStatus"": ""PENDING"", ""isCouponAppliedOnSubscriptionRenew"": false}"
2b847ef4-c565-46fa-9786-40f87bb6a47a,908fd640-f3a7-4226-af93-c1eadffe9d65,,15588.0,2026-09-25T10:52:18Z,2027-09-25T10:52:18Z,0,order_TgF6MNbfJRxxUW,26a25589-5532-4f28-b820-1b6c7894c4fd,ACTIVE,,card,,"{""discount"": ""25%"", ""isNewPlan"": false, ""trialDays"": 30, ""toyProgram"": ""-"", ""planSavings"": 3597, ""planVersion"": ""v2"", ""trialAmount"": 999, ""trialApplied"": false, ""memberShipFees"": 0, ""bonusDeliveries"": 0, ""deliveryCharges"": 100, ""sameDayDelivery"": true, ""damageWaiverFees"": 999, ""maxBigToyAllowed"": 1, ""refundableDeposit"": 0, ""moneyBackGuarantee"": 30, ""effectiveCostPerMonth"": 1299, ""membershipFeesApplied"": false, ""securityDepositApplied"": false, ""totalKeepCountPerMonth"": 3, ""damageWaiverFeesApplied"": true, ""isUnlimitedFreeDelivery"": true, ""maxToyHoldingValueAllowed"": 120000, ""totalFreeDeliveryPerMonth"": 0, ""actualChargesForMemberShipFees"": 0, ""actualChargesForSecurityDeposit"": 0, ""actualChargesForDamageWaiverFees"": 999}",ONE_TIME,2026-09-25T10:49:39.859Z,2026-09-25T10:52:18.833Z,39d4dac4-9537-4653-874b-36bd27b763a0,"{""deviceType"": ""MOBILE"", ""gstApplied"": true, ""promoCodeId"": ""payment_provider_444be18c9e16d1cd1b19ef1c8a66b2ab"", ""paymentNotes"": {""userId"": ""908fd640-f3a7-4226-af93-c1eadffe9d65"", ""subscriptionType"": ""ONE_TIME"", ""subscriptionPlanId"": ""26a25589-5532-4f28-b820-1b6c7894c4fd""}, ""gstPercentage"": 18, ""membershipData"": {""amount"": 0, ""isMembershipFee"": true}, ""priceBreakdown"": {""basePrice"": 15588, ""gstAmount"": 2806, ""couponCode"": ""FLAT11KAK"", ""finalPrice"": 9821, ""couponPercent"": null, ""proRataCredit"": null, ""couponDiscount"": 8573, ""membershipFees"": 0, ""securityDeposit"": 0, ""damageWaiverFees"": 0}, ""isRecurringInit"": false, ""paymentProvider"": ""RAZOR_PAY"", ""userTrialApplied"": false, ""securityDepositData"": {""securityDepositApplied"": false}, ""isTrialPeriodExpired"": true, ""merchantTransactionId"": ""order_TgF6MNbfJRxxUW"", ""userDamageWaiverFeesApplied"": false}",,,,,,{},[],"{""couponId"": ""39d4dac4-9537-4653-874b-36bd27b763a0"", ""couponAppliedStatus"": ""PENDING"", ""isCouponAppliedOnSubscriptionRenew"": false}"
636196e5-6a3d-4481-8856-44c179772bae,0500f8cc-019d-4484-aa30-c8a84d397bec,,15588.0,2026-09-26T12:16:38Z,2027-09-26T12:16:38Z,0,order_Tgf6g8HxDWvMOA,26a25589-5532-4f28-b820-1b6c7894c4fd,ACTIVE,,upi,,"{""discount"": ""25%"", ""isNewPlan"": false, ""trialDays"": 30, ""toyProgram"": ""-"", ""planSavings"": 3597, ""planVersion"": ""v2"", ""trialAmount"": 999, ""trialApplied"": false, ""memberShipFees"": 0, ""bonusDeliveries"": 0, ""deliveryCharges"": 100, ""sameDayDelivery"": true, ""damageWaiverFees"": 999, ""maxBigToyAllowed"": 1, ""refundableDeposit"": 0, ""moneyBackGuarantee"": 30, ""effectiveCostPerMonth"": 1299, ""membershipFeesApplied"": false, ""securityDepositApplied"": false, ""totalKeepCountPerMonth"": 3, ""damageWaiverFeesApplied"": true, ""isUnlimitedFreeDelivery"": true, ""maxToyHoldingValueAllowed"": 120000, ""totalFreeDeliveryPerMonth"": 0, ""actualChargesForMemberShipFees"": 0, ""actualChargesForSecurityDeposit"": 0, ""actualChargesForDamageWaiverFees"": 999}",ONE_TIME,2026-09-26T12:15:59.915Z,2026-09-26T12:16:38.207Z,c6399045-ae57-4a97-b6d4-69dd768bd1d1,"{""deviceType"": ""MOBILE"", ""gstApplied"": true, ""promoCodeId"": ""payment_provider_05af293eb83f6034ab6f3fcf8a2d0816"", ""paymentNotes"": {""userId"": ""0500f8cc-019d-4484-aa30-c8a84d397bec"", ""subscriptionType"": ""ONE_TIME"", ""subscriptionPlanId"": ""26a25589-5532-4f28-b820-1b6c7894c4fd""}, ""gstPercentage"": 18, ""membershipData"": {""amount"": 0, ""isMembershipFee"": true}, ""priceBreakdown"": {""basePrice"": 15588, ""gstAmount"": 2986, ""couponCode"": ""GANESHA"", ""finalPrice"": 13573, ""couponPercent"": null, ""proRataCredit"": null, ""couponDiscount"": 6000, ""membershipFees"": 0, ""securityDeposit"": 0, ""damageWaiverFees"": 999}, ""isRecurringInit"": false, ""paymentProvider"": ""RAZOR_PAY"", ""userTrialApplied"": false, ""securityDepositData"": {""securityDepositApplied"": false}, ""isTrialPeriodExpired"": true, ""merchantTransactionId"": ""order_Tgf6g8HxDWvMOA"", ""userDamageWaiverFeesApplied"": true}",,,,,,{},[],"{""couponId"": ""c6399045-ae57-4a97-b6d4-69dd768bd1d1"", ""couponAppliedStatus"": ""PENDING"", ""isCouponAppliedOnSubscriptionRenew"": false}"
4e27ae13-81a6-4476-ae6c-bc143fc42068,a5b72177-cbb9-4971-8ec9-8dea9c51b032,,15588.0,2026-09-26T10:07:46Z,2027-09-26T10:07:46Z,0,order_TgFPfHrjk6Lm2X,26a25589-5532-4f28-b820-1b6c7894c4fd,ACTIVE,,upi,,"{""discount"": ""25%"", ""isNewPlan"": false, ""trialDays"": 30, ""toyProgram"": ""-"", ""planSavings"": 3597, ""planVersion"": ""v2"", ""trialAmount"": 999, ""trialApplied"": false, ""memberShipFees"": 0, ""bonusDeliveries"": 0, ""deliveryCharges"": 100, ""sameDayDelivery"": true, ""damageWaiverFees"": 999, ""maxBigToyAllowed"": 1, ""refundableDeposit"": 0, ""moneyBackGuarantee"": 30, ""effectiveCostPerMonth"": 1299, ""membershipFeesApplied"": false, ""securityDepositApplied"": false, ""totalKeepCountPerMonth"": 3, ""damageWaiverFeesApplied"": true, ""isUnlimitedFreeDelivery"": true, ""maxToyHoldingValueAllowed"": 120000, ""totalFreeDeliveryPerMonth"": 0, ""actualChargesForMemberShipFees"": 0, ""actualChargesForSecurityDeposit"": 0, ""actualChargesForDamageWaiverFees"": 999}",ONE_TIME,2026-09-25T11:07:56.371Z,2026-09-26T10:07:46.342Z,39d4dac4-9537-4653-874b-36bd27b763a0,"{""deviceType"": ""MOBILE"", ""gstApplied"": true, ""promoCodeId"": ""payment_provider_444be18c9e16d1cd1b19ef1c8a66b2ab"", ""paymentNotes"": {""userId"": ""a5b72177-cbb9-4971-8ec9-8dea9c51b032"", ""subscriptionType"": ""ONE_TIME"", ""subscriptionPlanId"": ""26a25589-5532-4f28-b820-1b6c7894c4fd""}, ""gstPercentage"": 18, ""membershipData"": {""amount"": 0, ""isMembershipFee"": true}, ""priceBreakdown"": {""basePrice"": 15588, ""gstAmount"": 2986, ""couponCode"": ""FLAT11KAK"", ""finalPrice"": 11000, ""couponPercent"": null, ""proRataCredit"": null, ""couponDiscount"": 8573, ""membershipFees"": 0, ""securityDeposit"": 0, ""damageWaiverFees"": 999}, ""isRecurringInit"": false, ""paymentProvider"": ""RAZOR_PAY"", ""userTrialApplied"": false, ""securityDepositData"": {""securityDepositApplied"": false}, ""isTrialPeriodExpired"": true, ""merchantTransactionId"": ""order_TgFPfHrjk6Lm2X"", ""userDamageWaiverFeesApplied"": true}",,,,,,{},[],"{""couponId"": ""39d4dac4-9537-4653-874b-36bd27b763a0"", ""couponAppliedStatus"": ""PENDING"", ""isCouponAppliedOnSubscriptionRenew"": false}"
69bde308-c2f0-42c1-aa4b-4fe21f4070cd,817cc4ac-72f9-4004-9d6e-218f9c658841,T2609182138350330410571,5997.0,2026-09-25T11:16:56Z,2026-12-25T11:16:56Z,0,assigned_d9fd1595156e7f74130c51af00147af2,03e58770-76d5-4434-9934-ea1d64e4096f,ACTIVE,,upi,,"{""discount"": ""25%"", ""isNewPlan"": false, ""pricePaid"": 4000, ""trialDays"": 30, ""toyProgram"": ""-"", ""planSavings"": 3597, ""planVersion"": ""v2"", ""trialAmount"": 99, ""trialApplied"": false, ""memberShipFees"": 0, ""bonusDeliveries"": 0, ""deliveryCharges"": 100, ""sameDayDelivery"": true, ""damageWaiverFees"": 999, ""maxBigToyAllowed"": 1, ""refundableDeposit"": 0, ""memberShipFeesPaid"": 0, ""moneyBackGuarantee"": 30, ""effectiveCostPerMonth"": 1999, ""membershipFeesApplied"": false, ""refundableDepositPaid"": 0, ""planPriceDiscountAdmin"": 0, ""securityDepositApplied"": false, ""totalKeepCountPerMonth"": 3, ""damageWaiverFeesApplied"": true, ""isUnlimitedFreeDelivery"": false, ""membershipDiscountAdmin"": 0, ""maxToyHoldingValueAllowed"": 35000, ""totalFreeDeliveryPerMonth"": 12, ""actualChargesForMemberShipFees"": 0, ""refundableDepositDiscountAdmin"": 0, ""actualChargesForSecurityDeposit"": 0, ""actualChargesForDamageWaiverFees"": 999}",ASSIGNED,2026-09-25T11:16:56.411Z,2026-09-25T11:16:56.411Z,,"{""note"": ""Renewed from Google Sheet"", ""amount"": 0, ""isRenewal"": true, ""gstApplied"": true, ""paymentDate"": ""2026-09-25T16:46:56+05:30"", ""gstPercentage"": 18, ""membershipData"": {""amount"": 0, ""isMembershipFee"": true}, ""priceBreakdown"": {""basePrice"": 5997, ""gstAmount"": 1260, ""couponCode"": null, ""finalPrice"": 8256, ""couponPercent"": null, ""proRataCredit"": 0, ""couponDiscount"": 0, ""membershipFees"": 0, ""securityDeposit"": 0, ""damageWaiverFees"": 999}, ""userTrialApplied"": false, ""isGoogleSheetRenewal"": true, ""isTrialPeriodExpired"": true, ""userDamageWaiverFeesApplied"": true}",,,,,,{},[],{}
fd98e5af-9d26-4bf8-9d6f-3696b551ded2,4413fb03-d7ae-415e-8e86-8b8e44a90424,,15588.0,2026-09-25T12:59:20Z,2027-09-25T12:59:20Z,0,order_TfpJubqS7LM1Hw,26a25589-5532-4f28-b820-1b6c7894c4fd,ACTIVE,,cardless_emi,,"{""discount"": ""25%"", ""isNewPlan"": false, ""trialDays"": 30, ""toyProgram"": ""-"", ""planSavings"": 3597, ""planVersion"": ""v2"", ""trialAmount"": 999, ""trialApplied"": false, ""memberShipFees"": 0, ""bonusDeliveries"": 0, ""deliveryCharges"": 100, ""sameDayDelivery"": true, ""damageWaiverFees"": 999, ""maxBigToyAllowed"": 1, ""refundableDeposit"": 0, ""moneyBackGuarantee"": 30, ""effectiveCostPerMonth"": 1299, ""membershipFeesApplied"": false, ""securityDepositApplied"": false, ""totalKeepCountPerMonth"": 3, ""damageWaiverFeesApplied"": true, ""isUnlimitedFreeDelivery"": true, ""maxToyHoldingValueAllowed"": 120000, ""totalFreeDeliveryPerMonth"": 0, ""actualChargesForMemberShipFees"": 0, ""actualChargesForSecurityDeposit"": 0, ""actualChargesForDamageWaiverFees"": 999}",ONE_TIME,2026-09-24T09:36:27.631Z,2026-09-25T12:59:20.993Z,39d4dac4-9537-4653-874b-36bd27b763a0,"{""deviceType"": ""MOBILE"", ""gstApplied"": true, ""promoCodeId"": ""payment_provider_444be18c9e16d1cd1b19ef1c8a66b2ab"", ""paymentNotes"": {""userId"": ""4413fb03-d7ae-415e-8e86-8b8e44a90424"", ""subscriptionType"": ""ONE_TIME"", ""subscriptionPlanId"": ""26a25589-5532-4f28-b820-1b6c7894c4fd""}, ""gstPercentage"": 18, ""membershipData"": {""amount"": 0, ""isMembershipFee"": true}, ""priceBreakdown"": {""basePrice"": 15588, ""gstAmount"": 2986, ""couponCode"": ""FLAT11KAK"", ""finalPrice"": 11000, ""couponPercent"": null, ""proRataCredit"": null, ""couponDiscount"": 8573, ""membershipFees"": 0, ""securityDeposit"": 0, ""damageWaiverFees"": 999}, ""isRecurringInit"": false, ""paymentProvider"": ""RAZOR_PAY"", ""userTrialApplied"": false, ""securityDepositData"": {""securityDepositApplied"": false}, ""isTrialPeriodExpired"": true, ""merchantTransactionId"": ""order_TfpJubqS7LM1Hw"", ""userDamageWaiverFeesApplied"": true}",,,,,,{},[],"{""couponId"": ""39d4dac4-9537-4653-874b-36bd27b763a0"", ""couponAppliedStatus"": ""PENDING"", ""isCouponAppliedOnSubscriptionRenew"": false}"
07eeb1a7-44fc-43e2-b51d-aa16254e53f9,ccb3a048-00ec-408b-92dc-9117ed5be065,110760165017,15588.0,2026-09-25T12:43:06Z,2027-09-25T12:43:06Z,0,assigned_1727cf5aabddbe6d66b17481a00c6a2f,26a25589-5532-4f28-b820-1b6c7894c4fd,ACTIVE,,other,,"{""discount"": ""25%"", ""isNewPlan"": false, ""pricePaid"": 11000, ""trialDays"": 30, ""toyProgram"": ""-"", ""planSavings"": 3597, ""planVersion"": ""v2"", ""trialAmount"": 999, ""trialApplied"": false, ""memberShipFees"": 0, ""bonusDeliveries"": 0, ""deliveryCharges"": 100, ""sameDayDelivery"": true, ""damageWaiverFees"": 999, ""maxBigToyAllowed"": 1, ""refundableDeposit"": 0, ""memberShipFeesPaid"": 0, ""moneyBackGuarantee"": 30, ""effectiveCostPerMonth"": 1299, ""membershipFeesApplied"": false, ""refundableDepositPaid"": 0, ""planPriceDiscountAdmin"": 0, ""securityDepositApplied"": false, ""totalKeepCountPerMonth"": 3, ""damageWaiverFeesApplied"": true, ""isUnlimitedFreeDelivery"": true, ""membershipDiscountAdmin"": 0, ""maxToyHoldingValueAllowed"": 120000, ""totalFreeDeliveryPerMonth"": 0, ""actualChargesForMemberShipFees"": 0, ""refundableDepositDiscountAdmin"": 0, ""actualChargesForSecurityDeposit"": 0, ""actualChargesForDamageWaiverFees"": 999}",ASSIGNED,2026-09-25T12:43:06.703Z,2026-09-25T12:43:06.703Z,,"{""note"": ""Assigned from Google Sheet"", ""amount"": 0, ""gstApplied"": true, ""paymentDate"": ""2026-09-25T18:13:06+05:30"", ""gstPercentage"": 18, ""membershipData"": {""amount"": 0, ""isMembershipFee"": true}, ""priceBreakdown"": {""basePrice"": 15588, ""gstAmount"": 2986, ""couponCode"": null, ""finalPrice"": 19573, ""couponPercent"": null, ""proRataCredit"": 0, ""couponDiscount"": 0, ""membershipFees"": 0, ""securityDeposit"": 0, ""damageWaiverFees"": 999}, ""userTrialApplied"": false, ""isTrialPeriodExpired"": true, ""userDamageWaiverFeesApplied"": true}",,,,,,{},[],{}
659ac9e9-0360-48d4-b330-0a68ef7f19b2,9946a3a0-a02f-400a-ae55-cfdb6c3549fe,,15588.0,2026-09-25T14:10:48Z,2027-09-25T14:10:48Z,0,order_TgIUcIfmXggMsZ,26a25589-5532-4f28-b820-1b6c7894c4fd,ACTIVE,,card,,"{""discount"": ""25%"", ""isNewPlan"": false, ""trialDays"": 30, ""toyProgram"": ""-"", ""planSavings"": 3597, ""planVersion"": ""v2"", ""trialAmount"": 999, ""trialApplied"": false, ""memberShipFees"": 0, ""bonusDeliveries"": 0, ""deliveryCharges"": 100, ""sameDayDelivery"": true, ""damageWaiverFees"": 999, ""maxBigToyAllowed"": 1, ""refundableDeposit"": 0, ""moneyBackGuarantee"": 30, ""effectiveCostPerMonth"": 1299, ""membershipFeesApplied"": false, ""securityDepositApplied"": false, ""totalKeepCountPerMonth"": 3, ""damageWaiverFeesApplied"": true, ""isUnlimitedFreeDelivery"": true, ""maxToyHoldingValueAllowed"": 120000, ""totalFreeDeliveryPerMonth"": 0, ""actualChargesForMemberShipFees"": 0, ""actualChargesForSecurityDeposit"": 0, ""actualChargesForDamageWaiverFees"": 999}",ONE_TIME,2026-09-25T14:08:42.5Z,2026-09-25T14:10:49.621Z,39d4dac4-9537-4653-874b-36bd27b763a0,"{""deviceType"": ""MOBILE"", ""gstApplied"": true, ""promoCodeId"": ""payment_provider_444be18c9e16d1cd1b19ef1c8a66b2ab"", ""paymentNotes"": {""userId"": ""9946a3a0-a02f-400a-ae55-cfdb6c3549fe"", ""subscriptionType"": ""ONE_TIME"", ""subscriptionPlanId"": ""26a25589-5532-4f28-b820-1b6c7894c4fd""}, ""gstPercentage"": 18, ""membershipData"": {""amount"": 0, ""isMembershipFee"": true}, ""priceBreakdown"": {""basePrice"": 15588, ""gstAmount"": 2986, ""couponCode"": ""FLAT11KAK"", ""finalPrice"": 11000, ""couponPercent"": null, ""proRataCredit"": null, ""couponDiscount"": 8573, ""membershipFees"": 0, ""securityDeposit"": 0, ""damageWaiverFees"": 999}, ""isRecurringInit"": false, ""paymentProvider"": ""RAZOR_PAY"", ""userTrialApplied"": false, ""securityDepositData"": {""securityDepositApplied"": false}, ""isTrialPeriodExpired"": true, ""merchantTransactionId"": ""order_TgIUcIfmXggMsZ"", ""userDamageWaiverFeesApplied"": true}",,,,,,{},[],"{""couponId"": ""39d4dac4-9537-4653-874b-36bd27b763a0"", ""couponAppliedStatus"": ""PENDING"", ""isCouponAppliedOnSubscriptionRenew"": false}"
398ad6cf-ca6c-45c5-a912-97cdaca6b264,2061bf8a-fef7-4ef0-9f9e-d30f4c33ff81,,15588.0,2026-09-25T15:26:52Z,2027-09-25T15:26:52Z,0,order_TgJl91DPVVL0rD,26a25589-5532-4f28-b820-1b6c7894c4fd,ACTIVE,,cardless_emi,,"{""discount"": ""25%"", ""isNewPlan"": false, ""trialDays"": 30, ""toyProgram"": ""-"", ""planSavings"": 3597, ""planVersion"": ""v2"", ""trialAmount"": 999, ""trialApplied"": false, ""memberShipFees"": 0, ""bonusDeliveries"": 0, ""deliveryCharges"": 100, ""sameDayDelivery"": true, ""damageWaiverFees"": 999, ""maxBigToyAllowed"": 1, ""refundableDeposit"": 0, ""moneyBackGuarantee"": 30, ""effectiveCostPerMonth"": 1299, ""membershipFeesApplied"": false, ""securityDepositApplied"": false, ""totalKeepCountPerMonth"": 3, ""damageWaiverFeesApplied"": true, ""isUnlimitedFreeDelivery"": true, ""maxToyHoldingValueAllowed"": 120000, ""totalFreeDeliveryPerMonth"": 0, ""actualChargesForMemberShipFees"": 0, ""actualChargesForSecurityDeposit"": 0, ""actualChargesForDamageWaiverFees"": 999}",ONE_TIME,2026-09-25T15:23:02.884Z,2026-09-25T15:26:52.312Z,39d4dac4-9537-4653-874b-36bd27b763a0,"{""deviceType"": ""MOBILE"", ""gstApplied"": true, ""promoCodeId"": ""payment_provider_444be18c9e16d1cd1b19ef1c8a66b2ab"", ""paymentNotes"": {""userId"": ""2061bf8a-fef7-4ef0-9f9e-d30f4c33ff81"", ""subscriptionType"": ""ONE_TIME"", ""subscriptionPlanId"": ""26a25589-5532-4f28-b820-1b6c7894c4fd""}, ""gstPercentage"": 18, ""membershipData"": {""amount"": 0, ""isMembershipFee"": true}, ""priceBreakdown"": {""basePrice"": 15588, ""gstAmount"": 2986, ""couponCode"": ""FLAT11KAK"", ""finalPrice"": 11000, ""couponPercent"": null, ""proRataCredit"": null, ""couponDiscount"": 8573, ""membershipFees"": 0, ""securityDeposit"": 0, ""damageWaiverFees"": 999}, ""isRecurringInit"": false, ""paymentProvider"": ""RAZOR_PAY"", ""userTrialApplied"": false, ""securityDepositData"": {""securityDepositApplied"": false}, ""isTrialPeriodExpired"": true, ""merchantTransactionId"": ""order_TgJl91DPVVL0rD"", ""userDamageWaiverFeesApplied"": true}",,,,,,{},[],"{""couponId"": ""39d4dac4-9537-4653-874b-36bd27b763a0"", ""couponAppliedStatus"": ""PENDING"", ""isCouponAppliedOnSubscriptionRenew"": false}"
1b930c2e-2072-4d26-a726-4cb95daca9c4,b587f9f2-6710-4d89-9a7b-918e5c3a344a,99711434441,8000.0,2026-09-23T11:07:08Z,2026-12-23T11:07:08Z,0,assigned_57358cba685129cb98cc1ec0fa525d87,e05c6af3-2f9d-465e-9fa4-336adcd62f1d,ACTIVE,,razorpay,,"{""discount"": ""25%"", ""isNewPlan"": true, ""isPlayMax"": false, ""pricePaid"": 5500, ""trialDays"": 0, ""isPlayMini"": false, ""isPlayPlus"": false, ""toyProgram"": ""-"", ""planSavings"": 0, ""planVersion"": ""v2"", ""trialAmount"": 0, ""isWeeklyPlan"": true, ""trialApplied"": false, ""isDefaultView"": true, ""memberShipFees"": 0, ""bonusDeliveries"": 0, ""deliveryCharges"": 100, ""sameDayDelivery"": false, ""damageWaiverFees"": 299, ""maxBigToyAllowed"": 1, ""planDurationWeeks"": 12, ""refundableDeposit"": 0, ""memberShipFeesPaid"": 0, ""moneyBackGuarantee"": 0, ""effectiveCostPerMonth"": 999, ""membershipFeesApplied"": false, ""refundableDepositPaid"": 0, ""deliveryFrequencyWeeks"": 1, ""planPriceDiscountAdmin"": 2500, ""securityDepositApplied"": false, ""totalKeepCountPerMonth"": 3, ""damageWaiverFeesApplied"": true, ""isUnlimitedFreeDelivery"": false, ""membershipDiscountAdmin"": 0, ""autoScheduledToyDelivery"": true, ""maxToyHoldingValueAllowed"": 90000, ""totalFreeDeliveryPerMonth"": 12, ""actualChargesForMemberShipFees"": 0, ""refundableDepositDiscountAdmin"": 0, ""actualChargesForSecurityDeposit"": 0, ""actualChargesForDamageWaiverFees"": 299}",ASSIGNED,2026-09-23T11:07:08.117Z,2026-09-23T11:07:08.117Z,,"{""amount"": 5500, ""gstApplied"": true, ""paymentDate"": ""2026-09-23T11:07:01.970Z"", ""gstPercentage"": 18, ""membershipData"": {""amount"": 0, ""isMembershipFee"": true}, ""priceBreakdown"": {""basePrice"": 8000, ""gstAmount"": 1440, ""couponCode"": null, ""finalPrice"": 7963, ""couponPercent"": null, ""proRataCredit"": 1477, ""couponDiscount"": 0, ""membershipFees"": 0, ""securityDeposit"": 0, ""damageWaiverFees"": 0}, ""userTrialApplied"": false, ""isTrialPeriodExpired"": true, ""userDamageWaiverFeesApplied"": false}",,,,,,{},[],{}
72de01db-c215-4b5d-a742-12b51af22138,268571c3-0f08-4065-adb1-2dd5f258b8b0,pay_Tgd0KrdTFRsoIY,15588.0,2026-09-26T10:22:38Z,2027-09-26T10:22:38Z,0,assigned_b53a1ab5222544161152ebc462296ad0,26a25589-5532-4f28-b820-1b6c7894c4fd,ACTIVE,,upi,,"{""discount"": ""25%"", ""isNewPlan"": false, ""pricePaid"": 11000, ""trialDays"": 30, ""toyProgram"": ""-"", ""planSavings"": 3597, ""planVersion"": ""v2"", ""trialAmount"": 999, ""trialApplied"": false, ""memberShipFees"": 0, ""bonusDeliveries"": 0, ""deliveryCharges"": 100, ""sameDayDelivery"": true, ""damageWaiverFees"": 999, ""maxBigToyAllowed"": 1, ""refundableDeposit"": 0, ""memberShipFeesPaid"": 0, ""moneyBackGuarantee"": 30, ""effectiveCostPerMonth"": 1299, ""membershipFeesApplied"": false, ""refundableDepositPaid"": 0, ""planPriceDiscountAdmin"": 0, ""securityDepositApplied"": false, ""totalKeepCountPerMonth"": 3, ""damageWaiverFeesApplied"": true, ""isUnlimitedFreeDelivery"": true, ""membershipDiscountAdmin"": 0, ""maxToyHoldingValueAllowed"": 120000, ""totalFreeDeliveryPerMonth"": 0, ""actualChargesForMemberShipFees"": 0, ""refundableDepositDiscountAdmin"": 0, ""actualChargesForSecurityDeposit"": 0, ""actualChargesForDamageWaiverFees"": 999}",ASSIGNED,2026-09-26T10:22:38.356Z,2026-09-26T10:22:38.356Z,,"{""note"": ""Assigned from Google Sheet"", ""amount"": 0, ""gstApplied"": true, ""paymentDate"": ""2026-09-26T15:52:38+05:30"", ""gstPercentage"": 18, ""membershipData"": {""amount"": 0, ""isMembershipFee"": true}, ""priceBreakdown"": {""basePrice"": 15588, ""gstAmount"": 2986, ""couponCode"": null, ""finalPrice"": 19573, ""couponPercent"": null, ""proRataCredit"": 0, ""couponDiscount"": 0, ""membershipFees"": 0, ""securityDeposit"": 0, ""damageWaiverFees"": 999}, ""userTrialApplied"": false, ""isTrialPeriodExpired"": true, ""userDamageWaiverFeesApplied"": true}",,,,,,{},[],{}
ba6f5da3-24a9-4383-a957-4fa249a22b1d,e064c9e0-4e7f-4f42-8013-8ee8969f4578,Cash given to warehouse -Noida,5997.0,2026-09-26T03:53:50Z,2026-12-26T03:53:50Z,0,assigned_4ade6f0217ede24c7a5827e7d7c86b10,03e58770-76d5-4434-9934-ea1d64e4096f,ACTIVE,,cash,,"{""discount"": ""25%"", ""isNewPlan"": false, ""pricePaid"": 5000, ""trialDays"": 30, ""toyProgram"": ""-"", ""planSavings"": 3597, ""planVersion"": ""v2"", ""trialAmount"": 99, ""trialApplied"": false, ""memberShipFees"": 0, ""bonusDeliveries"": 0, ""deliveryCharges"": 100, ""sameDayDelivery"": true, ""damageWaiverFees"": 999, ""maxBigToyAllowed"": 1, ""refundableDeposit"": 0, ""memberShipFeesPaid"": 0, ""moneyBackGuarantee"": 30, ""effectiveCostPerMonth"": 1999, ""membershipFeesApplied"": false, ""refundableDepositPaid"": 0, ""planPriceDiscountAdmin"": 0, ""securityDepositApplied"": false, ""totalKeepCountPerMonth"": 3, ""damageWaiverFeesApplied"": true, ""isUnlimitedFreeDelivery"": false, ""membershipDiscountAdmin"": 0, ""maxToyHoldingValueAllowed"": 35000, ""totalFreeDeliveryPerMonth"": 12, ""actualChargesForMemberShipFees"": 0, ""refundableDepositDiscountAdmin"": 0, ""actualChargesForSecurityDeposit"": 0, ""actualChargesForDamageWaiverFees"": 999}",ASSIGNED,2026-09-25T11:14:57.662Z,2026-09-26T03:53:50.263Z,,"{""note"": ""Assigned from Google Sheet"", ""amount"": 0, ""gstApplied"": true, ""paymentDate"": ""2026-09-25T16:44:57+05:30"", ""gstPercentage"": 18, ""membershipData"": {""amount"": 0, ""isMembershipFee"": true}, ""priceBreakdown"": {""basePrice"": 5997, ""gstAmount"": 1260, ""couponCode"": null, ""finalPrice"": 8256, ""couponPercent"": null, ""proRataCredit"": 0, ""couponDiscount"": 0, ""membershipFees"": 0, ""securityDeposit"": 0, ""damageWaiverFees"": 999}, ""userTrialApplied"": false, ""isTrialPeriodExpired"": true, ""userDamageWaiverFeesApplied"": true}",,,,,,{},[],{}
33a34cff-989f-49cb-b15a-b959663152a0,fbec36fa-1817-4dea-b90f-cfe3df82a4ca,,5997.0,2026-09-26T10:39:47Z,2026-12-29T10:33:15Z,0,order_TgdPmwT2LVbzTa,03e58770-76d5-4434-9934-ea1d64e4096f,ACTIVE,,upi,,"{""discount"": ""25%"", ""isNewPlan"": false, ""trialDays"": 30, ""toyProgram"": ""-"", ""planSavings"": 3597, ""planVersion"": ""v2"", ""trialAmount"": 99, ""trialApplied"": false, ""memberShipFees"": 0, ""bonusDeliveries"": 0, ""deliveryCharges"": 100, ""sameDayDelivery"": true, ""damageWaiverFees"": 999, ""maxBigToyAllowed"": 1, ""refundableDeposit"": 0, ""moneyBackGuarantee"": 30, ""effectiveCostPerMonth"": 1999, ""membershipFeesApplied"": false, ""planPriceDiscountAdmin"": -499001, ""securityDepositApplied"": false, ""totalKeepCountPerMonth"": 3, ""damageWaiverFeesApplied"": true, ""isUnlimitedFreeDelivery"": false, ""maxToyHoldingValueAllowed"": 35000, ""totalFreeDeliveryPerMonth"": 12, ""actualChargesForMemberShipFees"": 0, ""actualChargesForSecurityDeposit"": 0, ""actualChargesForDamageWaiverFees"": 999}",ONE_TIME,2026-09-26T10:39:47.007Z,2026-09-26T10:39:47.007Z,,"{""amount"": 500000, ""deviceType"": ""MOBILE"", ""gstApplied"": true, ""paymentNotes"": {""userId"": ""fbec36fa-1817-4dea-b90f-cfe3df82a4ca"", ""paymentLinkId"": ""459d69d0-549c-454f-915c-a37620b5e2a9"", ""subscriptionPlanId"": ""03e58770-76d5-4434-9934-ea1d64e4096f""}, ""gstPercentage"": 18, ""paymentLinkId"": ""459d69d0-549c-454f-915c-a37620b5e2a9"", ""membershipData"": {""amount"": 0, ""isMembershipFee"": false}, ""isRecurringInit"": false, ""paymentProvider"": ""RAZOR_PAY"", ""userTrialApplied"": false, ""securityDepositData"": {""amount"": 0, ""securityDepositApplied"": false}, ""isTrialPeriodExpired"": true, ""merchantTransactionId"": ""order_TgdPmwT2LVbzTa"", ""userDamageWaiverFeesApplied"": true}",,,,,,{},[],{}
f8aa0724-b922-4935-a80b-c5e0cfc2c448,3b9b40c7-88b4-4a62-94f7-cfcd54dad620,,15588.0,2026-09-26T10:41:29Z,2027-09-26T10:41:29Z,0,order_TgdNZqqgaVN1cY,26a25589-5532-4f28-b820-1b6c7894c4fd,ACTIVE,,emi,,"{""discount"": ""25%"", ""isNewPlan"": false, ""trialDays"": 30, ""toyProgram"": ""-"", ""planSavings"": 3597, ""planVersion"": ""v2"", ""trialAmount"": 999, ""trialApplied"": false, ""memberShipFees"": 0, ""bonusDeliveries"": 0, ""deliveryCharges"": 100, ""sameDayDelivery"": true, ""damageWaiverFees"": 999, ""maxBigToyAllowed"": 1, ""refundableDeposit"": 0, ""moneyBackGuarantee"": 30, ""effectiveCostPerMonth"": 1299, ""membershipFeesApplied"": false, ""securityDepositApplied"": false, ""totalKeepCountPerMonth"": 3, ""damageWaiverFeesApplied"": true, ""isUnlimitedFreeDelivery"": true, ""maxToyHoldingValueAllowed"": 120000, ""totalFreeDeliveryPerMonth"": 0, ""actualChargesForMemberShipFees"": 0, ""actualChargesForSecurityDeposit"": 0, ""actualChargesForDamageWaiverFees"": 999}",ONE_TIME,2026-09-26T10:34:36.55Z,2026-09-26T10:41:29.53Z,39d4dac4-9537-4653-874b-36bd27b763a0,"{""deviceType"": ""MOBILE"", ""gstApplied"": true, ""promoCodeId"": ""payment_provider_444be18c9e16d1cd1b19ef1c8a66b2ab"", ""paymentNotes"": {""userId"": ""3b9b40c7-88b4-4a62-94f7-cfcd54dad620"", ""subscriptionType"": ""ONE_TIME"", ""subscriptionPlanId"": ""26a25589-5532-4f28-b820-1b6c7894c4fd""}, ""gstPercentage"": 18, ""membershipData"": {""amount"": 0, ""isMembershipFee"": true}, ""priceBreakdown"": {""basePrice"": 15588, ""gstAmount"": 2986, ""couponCode"": ""FLAT11KAK"", ""finalPrice"": 11000, ""couponPercent"": null, ""proRataCredit"": null, ""couponDiscount"": 8573, ""membershipFees"": 0, ""securityDeposit"": 0, ""damageWaiverFees"": 999}, ""isRecurringInit"": false, ""paymentProvider"": ""RAZOR_PAY"", ""userTrialApplied"": false, ""securityDepositData"": {""securityDepositApplied"": false}, ""isTrialPeriodExpired"": true, ""merchantTransactionId"": ""order_TgdNZqqgaVN1cY"", ""userDamageWaiverFeesApplied"": true}",,,,,,{},[],"{""couponId"": ""39d4dac4-9537-4653-874b-36bd27b763a0"", ""couponAppliedStatus"": ""PENDING"", ""isCouponAppliedOnSubscriptionRenew"": false}"
aa6dae35-9872-4625-abe1-5f197e63ec05,e74ce5f3-9cde-4d0b-907a-77fd4f445016,,15588.0,2026-09-26T05:18:24Z,2027-09-26T05:18:24Z,0,order_TgXuqP7vVYhpmp,26a25589-5532-4f28-b820-1b6c7894c4fd,ACTIVE,,cardless_emi,,"{""discount"": ""25%"", ""isNewPlan"": false, ""trialDays"": 30, ""toyProgram"": ""-"", ""planSavings"": 3597, ""planVersion"": ""v2"", ""trialAmount"": 999, ""trialApplied"": false, ""memberShipFees"": 0, ""bonusDeliveries"": 0, ""deliveryCharges"": 100, ""sameDayDelivery"": true, ""damageWaiverFees"": 999, ""maxBigToyAllowed"": 1, ""refundableDeposit"": 0, ""moneyBackGuarantee"": 30, ""effectiveCostPerMonth"": 1299, ""membershipFeesApplied"": false, ""securityDepositApplied"": false, ""totalKeepCountPerMonth"": 3, ""damageWaiverFeesApplied"": true, ""isUnlimitedFreeDelivery"": true, ""maxToyHoldingValueAllowed"": 120000, ""totalFreeDeliveryPerMonth"": 0, ""actualChargesForMemberShipFees"": 0, ""actualChargesForSecurityDeposit"": 0, ""actualChargesForDamageWaiverFees"": 999}",ONE_TIME,2026-09-26T05:13:56.422Z,2026-09-26T05:18:24.181Z,39d4dac4-9537-4653-874b-36bd27b763a0,"{""deviceType"": ""MOBILE"", ""gstApplied"": true, ""promoCodeId"": ""payment_provider_444be18c9e16d1cd1b19ef1c8a66b2ab"", ""paymentNotes"": {""userId"": ""e74ce5f3-9cde-4d0b-907a-77fd4f445016"", ""subscriptionType"": ""ONE_TIME"", ""subscriptionPlanId"": ""26a25589-5532-4f28-b820-1b6c7894c4fd""}, ""gstPercentage"": 18, ""membershipData"": {""amount"": 0, ""isMembershipFee"": true}, ""priceBreakdown"": {""basePrice"": 15588, ""gstAmount"": 2986, ""couponCode"": ""FLAT11KAK"", ""finalPrice"": 11000, ""couponPercent"": null, ""proRataCredit"": null, ""couponDiscount"": 8573, ""membershipFees"": 0, ""securityDeposit"": 0, ""damageWaiverFees"": 999}, ""isRecurringInit"": false, ""paymentProvider"": ""RAZOR_PAY"", ""userTrialApplied"": false, ""securityDepositData"": {""securityDepositApplied"": false}, ""isTrialPeriodExpired"": true, ""merchantTransactionId"": ""order_TgXuqP7vVYhpmp"", ""userDamageWaiverFeesApplied"": true}",,,,,,{},[],"{""couponId"": ""39d4dac4-9537-4653-874b-36bd27b763a0"", ""couponAppliedStatus"": ""PENDING"", ""isCouponAppliedOnSubscriptionRenew"": false}"
754b2e86-ec25-40c1-9bea-28664306fc0d,2a756360-e463-46a9-8a76-e5d671e716ec,Reference id- 1675004208,24000.0,2026-09-26T10:54:02Z,2027-09-25T10:54:02Z,0,assigned_4c6175ee4f93293688103d87a85ad3c5,afa2626e-3430-4b53-a7f1-327e8b8bbf56,ACTIVE,,card,,"{""discount"": ""25%"", ""isNewPlan"": true, ""isPlayMax"": false, ""pricePaid"": 17000, ""trialDays"": 0, ""isPlayMini"": false, ""isPlayPlus"": false, ""toyProgram"": ""-"", ""planSavings"": 0, ""planVersion"": ""v2"", ""trialAmount"": 0, ""isWeeklyPlan"": true, ""trialApplied"": false, ""isDefaultView"": true, ""memberShipFees"": 0, ""bonusDeliveries"": 0, ""deliveryCharges"": 100, ""sameDayDelivery"": false, ""damageWaiverFees"": 999, ""maxBigToyAllowed"": 1, ""planDurationWeeks"": 52, ""refundableDeposit"": 0, ""memberShipFeesPaid"": 0, ""moneyBackGuarantee"": 0, ""effectiveCostPerMonth"": 999, ""membershipFeesApplied"": false, ""refundableDepositPaid"": 0, ""deliveryFrequencyWeeks"": 1, ""planPriceDiscountAdmin"": 0, ""securityDepositApplied"": false, ""totalKeepCountPerMonth"": 3, ""damageWaiverFeesApplied"": true, ""isUnlimitedFreeDelivery"": true, ""membershipDiscountAdmin"": 0, ""autoScheduledToyDelivery"": true, ""maxToyHoldingValueAllowed"": 400000, ""totalFreeDeliveryPerMonth"": 3, ""actualChargesForMemberShipFees"": 0, ""refundableDepositDiscountAdmin"": 0, ""actualChargesForSecurityDeposit"": 0, ""actualChargesForDamageWaiverFees"": 999}",ASSIGNED,2026-09-26T10:54:02.648Z,2026-09-26T10:54:02.648Z,,"{""note"": ""Assigned from Google Sheet"", ""amount"": 0, ""gstApplied"": true, ""paymentDate"": ""2026-09-26T16:24:02+05:30"", ""gstPercentage"": 18, ""membershipData"": {""amount"": 0, ""isMembershipFee"": true}, ""priceBreakdown"": {""basePrice"": 24000, ""gstAmount"": 4500, ""couponCode"": null, ""finalPrice"": 29499, ""couponPercent"": null, ""proRataCredit"": 0, ""couponDiscount"": 0, ""membershipFees"": 0, ""securityDeposit"": 0, ""damageWaiverFees"": 999}, ""userTrialApplied"": false, ""isTrialPeriodExpired"": true, ""userDamageWaiverFeesApplied"": true}",,,,,,{},[],{}
de9db98b-421e-454e-9f57-f7ad20fb1b6c,f997cde7-c1c8-4ad6-a4f5-c7bc558c59bb,,15588.0,2026-09-26T06:29:26Z,2027-09-26T06:29:26Z,0,order_TgZ9uxsBVrGVo6,26a25589-5532-4f28-b820-1b6c7894c4fd,ACTIVE,,card,,"{""discount"": ""25%"", ""isNewPlan"": false, ""trialDays"": 30, ""toyProgram"": ""-"", ""planSavings"": 3597, ""planVersion"": ""v2"", ""trialAmount"": 999, ""trialApplied"": false, ""memberShipFees"": 0, ""bonusDeliveries"": 0, ""deliveryCharges"": 100, ""sameDayDelivery"": true, ""damageWaiverFees"": 999, ""maxBigToyAllowed"": 1, ""refundableDeposit"": 0, ""moneyBackGuarantee"": 30, ""effectiveCostPerMonth"": 1299, ""membershipFeesApplied"": false, ""securityDepositApplied"": false, ""totalKeepCountPerMonth"": 3, ""damageWaiverFeesApplied"": true, ""isUnlimitedFreeDelivery"": true, ""maxToyHoldingValueAllowed"": 120000, ""totalFreeDeliveryPerMonth"": 0, ""actualChargesForMemberShipFees"": 0, ""actualChargesForSecurityDeposit"": 0, ""actualChargesForDamageWaiverFees"": 999}",ONE_TIME,2026-09-26T06:26:54.238Z,2026-09-26T06:29:27.091Z,8a90f7f6-7489-4f41-991d-7c2bfd7faa87,"{""deviceType"": ""MOBILE"", ""gstApplied"": true, ""promoCodeId"": ""payment_provider_e108074727d4740524046612dbdbbd3a"", ""paymentNotes"": {""userId"": ""f997cde7-c1c8-4ad6-a4f5-c7bc558c59bb"", ""subscriptionType"": ""ONE_TIME"", ""subscriptionPlanId"": ""26a25589-5532-4f28-b820-1b6c7894c4fd""}, ""gstPercentage"": 18, ""membershipData"": {""amount"": 0, ""isMembershipFee"": true}, ""priceBreakdown"": {""basePrice"": 15588, ""gstAmount"": 1583, ""couponCode"": ""VP502026"", ""finalPrice"": 10376, ""couponPercent"": 50, ""proRataCredit"": null, ""couponDiscount"": 7794, ""membershipFees"": 0, ""securityDeposit"": 0, ""damageWaiverFees"": 999}, ""isRecurringInit"": false, ""paymentProvider"": ""RAZOR_PAY"", ""userTrialApplied"": false, ""securityDepositData"": {""securityDepositApplied"": false}, ""isTrialPeriodExpired"": true, ""merchantTransactionId"": ""order_TgZ9uxsBVrGVo6"", ""userDamageWaiverFeesApplied"": true}",,,,,,{},[],"{""couponId"": ""8a90f7f6-7489-4f41-991d-7c2bfd7faa87"", ""couponAppliedStatus"": ""PENDING"", ""isCouponAppliedOnSubscriptionRenew"": false}"
8057e211-b857-44e5-a04a-e50a728d2584,3f0c9f9b-db88-47f1-bbe4-baaeb80f5a31,,15588.0,2026-09-26T06:55:36Z,2027-09-26T06:55:36Z,0,order_TgB4FPlSmP4c2y,26a25589-5532-4f28-b820-1b6c7894c4fd,ACTIVE,,card,,"{""discount"": ""25%"", ""isNewPlan"": false, ""trialDays"": 30, ""toyProgram"": ""-"", ""planSavings"": 3597, ""planVersion"": ""v2"", ""trialAmount"": 999, ""trialApplied"": false, ""memberShipFees"": 0, ""bonusDeliveries"": 0, ""deliveryCharges"": 100, ""sameDayDelivery"": true, ""damageWaiverFees"": 999, ""maxBigToyAllowed"": 1, ""refundableDeposit"": 0, ""moneyBackGuarantee"": 30, ""effectiveCostPerMonth"": 1299, ""membershipFeesApplied"": false, ""securityDepositApplied"": false, ""totalKeepCountPerMonth"": 3, ""damageWaiverFeesApplied"": true, ""isUnlimitedFreeDelivery"": true, ""maxToyHoldingValueAllowed"": 120000, ""totalFreeDeliveryPerMonth"": 0, ""actualChargesForMemberShipFees"": 0, ""actualChargesForSecurityDeposit"": 0, ""actualChargesForDamageWaiverFees"": 999}",ONE_TIME,2026-09-25T06:52:53.399Z,2026-09-26T06:55:36.043Z,39d4dac4-9537-4653-874b-36bd27b763a0,"{""deviceType"": ""MOBILE"", ""gstApplied"": true, ""promoCodeId"": ""payment_provider_444be18c9e16d1cd1b19ef1c8a66b2ab"", ""paymentNotes"": {""userId"": ""3f0c9f9b-db88-47f1-bbe4-baaeb80f5a31"", ""subscriptionType"": ""ONE_TIME"", ""subscriptionPlanId"": ""26a25589-5532-4f28-b820-1b6c7894c4fd""}, ""gstPercentage"": 18, ""membershipData"": {""amount"": 0, ""isMembershipFee"": true}, ""priceBreakdown"": {""basePrice"": 15588, ""gstAmount"": 2986, ""couponCode"": ""FLAT11KAK"", ""finalPrice"": 11000, ""couponPercent"": null, ""proRataCredit"": null, ""couponDiscount"": 8573, ""membershipFees"": 0, ""securityDeposit"": 0, ""damageWaiverFees"": 999}, ""isRecurringInit"": false, ""paymentProvider"": ""RAZOR_PAY"", ""userTrialApplied"": false, ""securityDepositData"": {""securityDepositApplied"": false}, ""isTrialPeriodExpired"": true, ""merchantTransactionId"": ""order_TgB4FPlSmP4c2y"", ""userDamageWaiverFeesApplied"": true}",,,,,,{},[],"{""couponId"": ""39d4dac4-9537-4653-874b-36bd27b763a0"", ""couponAppliedStatus"": ""PENDING"", ""isCouponAppliedOnSubscriptionRenew"": false}"
101a008c-8774-4099-85ee-7082546b3b2c,7dcd69ca-115a-44d9-a21f-e0409044983e,,15588.0,2026-09-26T07:27:07Z,2027-09-26T07:27:07Z,0,order_TgGL6XJIUu8y20,26a25589-5532-4f28-b820-1b6c7894c4fd,ACTIVE,,emi,,"{""discount"": ""25%"", ""isNewPlan"": false, ""trialDays"": 30, ""toyProgram"": ""-"", ""planSavings"": 3597, ""planVersion"": ""v2"", ""trialAmount"": 999, ""trialApplied"": false, ""memberShipFees"": 0, ""bonusDeliveries"": 0, ""deliveryCharges"": 100, ""sameDayDelivery"": true, ""damageWaiverFees"": 999, ""maxBigToyAllowed"": 1, ""refundableDeposit"": 0, ""moneyBackGuarantee"": 30, ""effectiveCostPerMonth"": 1299, ""membershipFeesApplied"": false, ""securityDepositApplied"": false, ""totalKeepCountPerMonth"": 3, ""damageWaiverFeesApplied"": true, ""isUnlimitedFreeDelivery"": true, ""maxToyHoldingValueAllowed"": 120000, ""totalFreeDeliveryPerMonth"": 0, ""actualChargesForMemberShipFees"": 0, ""actualChargesForSecurityDeposit"": 0, ""actualChargesForDamageWaiverFees"": 999}",ONE_TIME,2026-09-25T12:02:18.942Z,2026-09-26T07:27:07.973Z,39d4dac4-9537-4653-874b-36bd27b763a0,"{""deviceType"": ""MOBILE"", ""gstApplied"": true, ""promoCodeId"": ""payment_provider_444be18c9e16d1cd1b19ef1c8a66b2ab"", ""paymentNotes"": {""userId"": ""7dcd69ca-115a-44d9-a21f-e0409044983e"", ""subscriptionType"": ""ONE_TIME"", ""subscriptionPlanId"": ""26a25589-5532-4f28-b820-1b6c7894c4fd""}, ""gstPercentage"": 18, ""membershipData"": {""amount"": 0, ""isMembershipFee"": true}, ""priceBreakdown"": {""basePrice"": 15588, ""gstAmount"": 2986, ""couponCode"": ""FLAT11KAK"", ""finalPrice"": 11000, ""couponPercent"": null, ""proRataCredit"": null, ""couponDiscount"": 8573, ""membershipFees"": 0, ""securityDeposit"": 0, ""damageWaiverFees"": 999}, ""isRecurringInit"": false, ""paymentProvider"": ""RAZOR_PAY"", ""userTrialApplied"": false, ""securityDepositData"": {""securityDepositApplied"": false}, ""isTrialPeriodExpired"": true, ""merchantTransactionId"": ""order_TgGL6XJIUu8y20"", ""userDamageWaiverFeesApplied"": true}",,,,,,{},[],"{""couponId"": ""39d4dac4-9537-4653-874b-36bd27b763a0"", ""couponAppliedStatus"": ""PENDING"", ""isCouponAppliedOnSubscriptionRenew"": false}"
cf068635-c6a6-48e6-9ac3-e78cb750e5e0,9ce7e2e4-5ba2-4bda-b056-a009e2399410,,15588.0,2026-09-26T07:16:58Z,2027-09-26T07:16:58Z,0,order_Tga0S5h54Va7IU,26a25589-5532-4f28-b820-1b6c7894c4fd,ACTIVE,,upi,,"{""discount"": ""25%"", ""isNewPlan"": false, ""trialDays"": 30, ""toyProgram"": ""-"", ""planSavings"": 3597, ""planVersion"": ""v2"", ""trialAmount"": 999, ""trialApplied"": false, ""memberShipFees"": 0, ""bonusDeliveries"": 0, ""deliveryCharges"": 100, ""sameDayDelivery"": true, ""damageWaiverFees"": 999, ""maxBigToyAllowed"": 1, ""refundableDeposit"": 0, ""moneyBackGuarantee"": 30, ""effectiveCostPerMonth"": 1299, ""membershipFeesApplied"": false, ""securityDepositApplied"": false, ""totalKeepCountPerMonth"": 3, ""damageWaiverFeesApplied"": true, ""isUnlimitedFreeDelivery"": true, ""maxToyHoldingValueAllowed"": 120000, ""totalFreeDeliveryPerMonth"": 0, ""actualChargesForMemberShipFees"": 0, ""actualChargesForSecurityDeposit"": 0, ""actualChargesForDamageWaiverFees"": 999}",ONE_TIME,2026-09-26T07:16:38.187Z,2026-09-26T07:16:58.327Z,39d4dac4-9537-4653-874b-36bd27b763a0,"{""deviceType"": ""MOBILE"", ""gstApplied"": true, ""promoCodeId"": ""payment_provider_444be18c9e16d1cd1b19ef1c8a66b2ab"", ""paymentNotes"": {""userId"": ""9ce7e2e4-5ba2-4bda-b056-a009e2399410"", ""subscriptionType"": ""ONE_TIME"", ""subscriptionPlanId"": ""26a25589-5532-4f28-b820-1b6c7894c4fd""}, ""gstPercentage"": 18, ""membershipData"": {""amount"": 0, ""isMembershipFee"": true}, ""priceBreakdown"": {""basePrice"": 15588, ""gstAmount"": 2986, ""couponCode"": ""FLAT11KAK"", ""finalPrice"": 11000, ""couponPercent"": null, ""proRataCredit"": null, ""couponDiscount"": 8573, ""membershipFees"": 0, ""securityDeposit"": 0, ""damageWaiverFees"": 999}, ""isRecurringInit"": false, ""paymentProvider"": ""RAZOR_PAY"", ""userTrialApplied"": false, ""securityDepositData"": {""securityDepositApplied"": false}, ""isTrialPeriodExpired"": true, ""merchantTransactionId"": ""order_Tga0S5h54Va7IU"", ""userDamageWaiverFeesApplied"": true}",,,,,,{},[],"{""couponId"": ""39d4dac4-9537-4653-874b-36bd27b763a0"", ""couponAppliedStatus"": ""PENDING"", ""isCouponAppliedOnSubscriptionRenew"": false}"
4798c666-627e-4a3e-aed3-eaf1cde7d6a2,08300ffc-e0a6-4714-ba02-33856202ed41,,15588.0,2026-09-26T10:27:26Z,2027-09-26T10:27:26Z,0,order_TgdDUk7iXamgeq,26a25589-5532-4f28-b820-1b6c7894c4fd,ACTIVE,,cardless_emi,,"{""discount"": ""25%"", ""isNewPlan"": false, ""trialDays"": 30, ""toyProgram"": ""-"", ""planSavings"": 3597, ""planVersion"": ""v2"", ""trialAmount"": 999, ""trialApplied"": false, ""memberShipFees"": 0, ""bonusDeliveries"": 0, ""deliveryCharges"": 100, ""sameDayDelivery"": true, ""damageWaiverFees"": 999, ""maxBigToyAllowed"": 1, ""refundableDeposit"": 0, ""moneyBackGuarantee"": 30, ""effectiveCostPerMonth"": 1299, ""membershipFeesApplied"": false, ""securityDepositApplied"": false, ""totalKeepCountPerMonth"": 3, ""damageWaiverFeesApplied"": true, ""isUnlimitedFreeDelivery"": true, ""maxToyHoldingValueAllowed"": 120000, ""totalFreeDeliveryPerMonth"": 0, ""actualChargesForMemberShipFees"": 0, ""actualChargesForSecurityDeposit"": 0, ""actualChargesForDamageWaiverFees"": 999}",ONE_TIME,2026-09-26T10:25:03.853Z,2026-09-26T10:27:26.222Z,39d4dac4-9537-4653-874b-36bd27b763a0,"{""deviceType"": ""MOBILE"", ""gstApplied"": true, ""promoCodeId"": ""payment_provider_444be18c9e16d1cd1b19ef1c8a66b2ab"", ""paymentNotes"": {""userId"": ""08300ffc-e0a6-4714-ba02-33856202ed41"", ""subscriptionType"": ""ONE_TIME"", ""subscriptionPlanId"": ""26a25589-5532-4f28-b820-1b6c7894c4fd""}, ""gstPercentage"": 18, ""membershipData"": {""amount"": 0, ""isMembershipFee"": true}, ""priceBreakdown"": {""basePrice"": 15588, ""gstAmount"": 2986, ""couponCode"": ""FLAT11KAK"", ""finalPrice"": 11000, ""couponPercent"": null, ""proRataCredit"": null, ""couponDiscount"": 8573, ""membershipFees"": 0, ""securityDeposit"": 0, ""damageWaiverFees"": 999}, ""isRecurringInit"": false, ""paymentProvider"": ""RAZOR_PAY"", ""userTrialApplied"": false, ""securityDepositData"": {""securityDepositApplied"": false}, ""isTrialPeriodExpired"": true, ""merchantTransactionId"": ""order_TgdDUk7iXamgeq"", ""userDamageWaiverFeesApplied"": true}",,,,,,{},[],"{""couponId"": ""39d4dac4-9537-4653-874b-36bd27b763a0"", ""couponAppliedStatus"": ""PENDING"", ""isCouponAppliedOnSubscriptionRenew"": false}"
aec38c28-2fcd-4a61-a238-ed4b1d7d2e16,0a66c55a-3396-472d-aa4f-c9b992e6e664,,15588.0,2026-09-26T07:40:35Z,2027-09-26T07:40:35Z,0,order_TgaOtvzAcgfQ64,26a25589-5532-4f28-b820-1b6c7894c4fd,ACTIVE,,upi,,"{""discount"": ""25%"", ""isNewPlan"": false, ""trialDays"": 30, ""toyProgram"": ""-"", ""planSavings"": 3597, ""planVersion"": ""v2"", ""trialAmount"": 999, ""trialApplied"": false, ""memberShipFees"": 0, ""bonusDeliveries"": 0, ""deliveryCharges"": 100, ""sameDayDelivery"": true, ""damageWaiverFees"": 999, ""maxBigToyAllowed"": 1, ""refundableDeposit"": 0, ""moneyBackGuarantee"": 30, ""effectiveCostPerMonth"": 1299, ""membershipFeesApplied"": false, ""securityDepositApplied"": false, ""totalKeepCountPerMonth"": 3, ""damageWaiverFeesApplied"": true, ""isUnlimitedFreeDelivery"": true, ""maxToyHoldingValueAllowed"": 120000, ""totalFreeDeliveryPerMonth"": 0, ""actualChargesForMemberShipFees"": 0, ""actualChargesForSecurityDeposit"": 0, ""actualChargesForDamageWaiverFees"": 999}",ONE_TIME,2026-09-26T07:39:46.89Z,2026-09-26T07:40:35.939Z,c6399045-ae57-4a97-b6d4-69dd768bd1d1,"{""deviceType"": ""MOBILE"", ""gstApplied"": true, ""promoCodeId"": ""payment_provider_05af293eb83f6034ab6f3fcf8a2d0816"", ""paymentNotes"": {""userId"": ""0a66c55a-3396-472d-aa4f-c9b992e6e664"", ""subscriptionType"": ""ONE_TIME"", ""subscriptionPlanId"": ""26a25589-5532-4f28-b820-1b6c7894c4fd""}, ""gstPercentage"": 18, ""membershipData"": {""amount"": 0, ""isMembershipFee"": true}, ""priceBreakdown"": {""basePrice"": 15588, ""gstAmount"": 2986, ""couponCode"": ""GANESHA"", ""finalPrice"": 13573, ""couponPercent"": null, ""proRataCredit"": null, ""couponDiscount"": 6000, ""membershipFees"": 0, ""securityDeposit"": 0, ""damageWaiverFees"": 999}, ""isRecurringInit"": false, ""paymentProvider"": ""RAZOR_PAY"", ""userTrialApplied"": false, ""securityDepositData"": {""securityDepositApplied"": false}, ""isTrialPeriodExpired"": true, ""merchantTransactionId"": ""order_TgaOtvzAcgfQ64"", ""userDamageWaiverFeesApplied"": true}",,,,,,{},[],"{""couponId"": ""c6399045-ae57-4a97-b6d4-69dd768bd1d1"", ""couponAppliedStatus"": ""PENDING"", ""isCouponAppliedOnSubscriptionRenew"": false}"
316c2516-8fe1-4a3b-9ff3-fda6d986a63d,9b1874e9-46f0-45f8-857d-7d96ddab2fa9,,15588.0,2026-09-26T11:34:50Z,2027-09-26T11:34:50Z,0,order_TgDImqAO8oTgNu,26a25589-5532-4f28-b820-1b6c7894c4fd,ACTIVE,,card,,"{""discount"": ""25%"", ""isNewPlan"": false, ""trialDays"": 30, ""toyProgram"": ""-"", ""planSavings"": 3597, ""planVersion"": ""v2"", ""trialAmount"": 999, ""trialApplied"": false, ""memberShipFees"": 0, ""bonusDeliveries"": 0, ""deliveryCharges"": 100, ""sameDayDelivery"": true, ""damageWaiverFees"": 999, ""maxBigToyAllowed"": 1, ""refundableDeposit"": 0, ""moneyBackGuarantee"": 30, ""effectiveCostPerMonth"": 1299, ""membershipFeesApplied"": false, ""securityDepositApplied"": false, ""totalKeepCountPerMonth"": 3, ""damageWaiverFeesApplied"": true, ""isUnlimitedFreeDelivery"": true, ""maxToyHoldingValueAllowed"": 120000, ""totalFreeDeliveryPerMonth"": 0, ""actualChargesForMemberShipFees"": 0, ""actualChargesForSecurityDeposit"": 0, ""actualChargesForDamageWaiverFees"": 999}",ONE_TIME,2026-09-25T09:04:02.47Z,2026-09-26T11:34:50.559Z,39d4dac4-9537-4653-874b-36bd27b763a0,"{""deviceType"": ""MOBILE"", ""gstApplied"": true, ""promoCodeId"": ""payment_provider_444be18c9e16d1cd1b19ef1c8a66b2ab"", ""paymentNotes"": {""userId"": ""9b1874e9-46f0-45f8-857d-7d96ddab2fa9"", ""subscriptionType"": ""ONE_TIME"", ""subscriptionPlanId"": ""26a25589-5532-4f28-b820-1b6c7894c4fd""}, ""gstPercentage"": 18, ""membershipData"": {""amount"": 0, ""isMembershipFee"": true}, ""priceBreakdown"": {""basePrice"": 15588, ""gstAmount"": 2986, ""couponCode"": ""FLAT11KAK"", ""finalPrice"": 11000, ""couponPercent"": null, ""proRataCredit"": null, ""couponDiscount"": 8573, ""membershipFees"": 0, ""securityDeposit"": 0, ""damageWaiverFees"": 999}, ""isRecurringInit"": false, ""paymentProvider"": ""RAZOR_PAY"", ""userTrialApplied"": false, ""securityDepositData"": {""securityDepositApplied"": false}, ""isTrialPeriodExpired"": true, ""merchantTransactionId"": ""order_TgDImqAO8oTgNu"", ""userDamageWaiverFeesApplied"": true}",,,,,,{},[],"{""couponId"": ""39d4dac4-9537-4653-874b-36bd27b763a0"", ""couponAppliedStatus"": ""PENDING"", ""isCouponAppliedOnSubscriptionRenew"": false}"
1f52ddfc-2a0d-400a-bfff-59ee442a018e,31a1b82a-8b15-489b-99d0-0b9bc8fdebf2,,15588.0,2026-09-26T08:22:37Z,2027-09-26T08:22:37Z,0,order_Tgb7eTfnjsrJFb,26a25589-5532-4f28-b820-1b6c7894c4fd,ACTIVE,,upi,,"{""discount"": ""25%"", ""isNewPlan"": false, ""trialDays"": 30, ""toyProgram"": ""-"", ""planSavings"": 3597, ""planVersion"": ""v2"", ""trialAmount"": 999, ""trialApplied"": false, ""memberShipFees"": 0, ""bonusDeliveries"": 0, ""deliveryCharges"": 100, ""sameDayDelivery"": true, ""damageWaiverFees"": 999, ""maxBigToyAllowed"": 1, ""refundableDeposit"": 0, ""moneyBackGuarantee"": 30, ""effectiveCostPerMonth"": 1299, ""membershipFeesApplied"": false, ""securityDepositApplied"": false, ""totalKeepCountPerMonth"": 3, ""damageWaiverFeesApplied"": true, ""isUnlimitedFreeDelivery"": true, ""maxToyHoldingValueAllowed"": 120000, ""totalFreeDeliveryPerMonth"": 0, ""actualChargesForMemberShipFees"": 0, ""actualChargesForSecurityDeposit"": 0, ""actualChargesForDamageWaiverFees"": 999}",ONE_TIME,2026-09-26T08:22:08.766Z,2026-09-26T08:22:37.48Z,39d4dac4-9537-4653-874b-36bd27b763a0,"{""deviceType"": ""MOBILE"", ""gstApplied"": true, ""promoCodeId"": ""payment_provider_444be18c9e16d1cd1b19ef1c8a66b2ab"", ""paymentNotes"": {""userId"": ""31a1b82a-8b15-489b-99d0-0b9bc8fdebf2"", ""subscriptionType"": ""ONE_TIME"", ""subscriptionPlanId"": ""26a25589-5532-4f28-b820-1b6c7894c4fd""}, ""gstPercentage"": 18, ""membershipData"": {""amount"": 0, ""isMembershipFee"": true}, ""priceBreakdown"": {""basePrice"": 15588, ""gstAmount"": 2986, ""couponCode"": ""FLAT11KAK"", ""finalPrice"": 11000, ""couponPercent"": null, ""proRataCredit"": null, ""couponDiscount"": 8573, ""membershipFees"": 0, ""securityDeposit"": 0, ""damageWaiverFees"": 999}, ""isRecurringInit"": false, ""paymentProvider"": ""RAZOR_PAY"", ""userTrialApplied"": false, ""securityDepositData"": {""securityDepositApplied"": false}, ""isTrialPeriodExpired"": true, ""merchantTransactionId"": ""order_Tgb7eTfnjsrJFb"", ""userDamageWaiverFeesApplied"": true}",,,,,,{},[],"{""couponId"": ""39d4dac4-9537-4653-874b-36bd27b763a0"", ""couponAppliedStatus"": ""PENDING"", ""isCouponAppliedOnSubscriptionRenew"": false}"
9fe47c91-83f7-4acb-801e-de096b9ca2f1,8dcddfa5-c956-4fce-8dc0-4783385405fb,,15588.0,2026-09-26T08:27:22Z,2027-09-26T08:27:22Z,0,order_TgaP4NnNKlNr7o,26a25589-5532-4f28-b820-1b6c7894c4fd,ACTIVE,,cardless_emi,,"{""discount"": ""25%"", ""isNewPlan"": false, ""trialDays"": 30, ""toyProgram"": ""-"", ""planSavings"": 3597, ""planVersion"": ""v2"", ""trialAmount"": 999, ""trialApplied"": false, ""memberShipFees"": 0, ""bonusDeliveries"": 0, ""deliveryCharges"": 100, ""sameDayDelivery"": true, ""damageWaiverFees"": 999, ""maxBigToyAllowed"": 1, ""refundableDeposit"": 0, ""moneyBackGuarantee"": 30, ""effectiveCostPerMonth"": 1299, ""membershipFeesApplied"": false, ""securityDepositApplied"": false, ""totalKeepCountPerMonth"": 3, ""damageWaiverFeesApplied"": true, ""isUnlimitedFreeDelivery"": true, ""maxToyHoldingValueAllowed"": 120000, ""totalFreeDeliveryPerMonth"": 0, ""actualChargesForMemberShipFees"": 0, ""actualChargesForSecurityDeposit"": 0, ""actualChargesForDamageWaiverFees"": 999}",ONE_TIME,2026-09-26T07:39:56.466Z,2026-09-26T08:27:22.343Z,39d4dac4-9537-4653-874b-36bd27b763a0,"{""deviceType"": ""MOBILE"", ""gstApplied"": true, ""promoCodeId"": ""payment_provider_444be18c9e16d1cd1b19ef1c8a66b2ab"", ""paymentNotes"": {""userId"": ""8dcddfa5-c956-4fce-8dc0-4783385405fb"", ""subscriptionType"": ""ONE_TIME"", ""subscriptionPlanId"": ""26a25589-5532-4f28-b820-1b6c7894c4fd""}, ""gstPercentage"": 18, ""membershipData"": {""amount"": 0, ""isMembershipFee"": true}, ""priceBreakdown"": {""basePrice"": 15588, ""gstAmount"": 2986, ""couponCode"": ""FLAT11KAK"", ""finalPrice"": 11000, ""couponPercent"": null, ""proRataCredit"": null, ""couponDiscount"": 8573, ""membershipFees"": 0, ""securityDeposit"": 0, ""damageWaiverFees"": 999}, ""isRecurringInit"": false, ""paymentProvider"": ""RAZOR_PAY"", ""userTrialApplied"": false, ""securityDepositData"": {""securityDepositApplied"": false}, ""isTrialPeriodExpired"": true, ""merchantTransactionId"": ""order_TgaP4NnNKlNr7o"", ""userDamageWaiverFeesApplied"": true}",,,,,,{},[],"{""couponId"": ""39d4dac4-9537-4653-874b-36bd27b763a0"", ""couponAppliedStatus"": ""PENDING"", ""isCouponAppliedOnSubscriptionRenew"": false}"
9902a983-da6e-42c4-8b69-f9453b0f1c2f,4115a4f1-a8ff-4644-b011-13b04c1a4fef,,8000.0,2026-09-26T13:10:56Z,2026-12-26T13:10:56Z,0,order_Tf3upLXlg0sDmp,e05c6af3-2f9d-465e-9fa4-336adcd62f1d,ACTIVE,,cardless_emi,,"{""discount"": ""25%"", ""isNewPlan"": true, ""isPlayMax"": false, ""trialDays"": 0, ""isPlayMini"": false, ""isPlayPlus"": false, ""toyProgram"": ""-"", ""planSavings"": 0, ""planVersion"": ""v2"", ""trialAmount"": 0, ""isWeeklyPlan"": true, ""trialApplied"": false, ""isDefaultView"": true, ""memberShipFees"": 0, ""bonusDeliveries"": 0, ""deliveryCharges"": 100, ""sameDayDelivery"": false, ""damageWaiverFees"": 299, ""maxBigToyAllowed"": 1, ""planDurationWeeks"": 12, ""refundableDeposit"": 0, ""moneyBackGuarantee"": 0, ""effectiveCostPerMonth"": 999, ""membershipFeesApplied"": false, ""deliveryFrequencyWeeks"": 1, ""securityDepositApplied"": false, ""totalKeepCountPerMonth"": 3, ""damageWaiverFeesApplied"": true, ""isUnlimitedFreeDelivery"": false, ""autoScheduledToyDelivery"": true, ""maxToyHoldingValueAllowed"": 90000, ""totalFreeDeliveryPerMonth"": 12, ""actualChargesForMemberShipFees"": 0, ""actualChargesForSecurityDeposit"": 0, ""actualChargesForDamageWaiverFees"": 299}",ONE_TIME,2026-09-22T11:14:06.908Z,2026-09-26T13:10:56.104Z,d9f45968-fdf9-45cb-a143-9bda0499e70b,"{""deviceType"": ""MOBILE"", ""gstApplied"": true, ""promoCodeId"": ""payment_provider_222024ad0be6b711af19f169bcb51d44"", ""paymentNotes"": {""userId"": ""4115a4f1-a8ff-4644-b011-13b04c1a4fef"", ""subscriptionType"": ""ONE_TIME"", ""subscriptionPlanId"": ""e05c6af3-2f9d-465e-9fa4-336adcd62f1d""}, ""gstPercentage"": 18, ""membershipData"": {""amount"": 0, ""isMembershipFee"": true}, ""priceBreakdown"": {""basePrice"": 8000, ""gstAmount"": 1494, ""couponCode"": ""FUNDEAL"", ""finalPrice"": 7293, ""couponPercent"": null, ""proRataCredit"": null, ""couponDiscount"": 2500, ""membershipFees"": 0, ""securityDeposit"": 0, ""damageWaiverFees"": 299}, ""isRecurringInit"": false, ""paymentProvider"": ""RAZOR_PAY"", ""userTrialApplied"": false, ""securityDepositData"": {""securityDepositApplied"": false}, ""isTrialPeriodExpired"": true, ""merchantTransactionId"": ""order_Tf3upLXlg0sDmp"", ""userDamageWaiverFeesApplied"": true}",,,,,,{},[],"{""couponId"": ""d9f45968-fdf9-45cb-a143-9bda0499e70b"", ""couponAppliedStatus"": ""PENDING"", ""isCouponAppliedOnSubscriptionRenew"": false}"
7cda8447-b12e-49e8-99d9-221ef19187ac,086bdba5-5294-4301-b1f8-e2e71ca040b6,pay_TggTsQ2D4jmWo2,15588.0,2026-09-26T13:46:36Z,2027-09-26T13:46:36Z,0,assigned_586216a2b84e92d71e5a6a6bad1c3012,26a25589-5532-4f28-b820-1b6c7894c4fd,ACTIVE,,upi,,"{""discount"": ""25%"", ""isNewPlan"": false, ""pricePaid"": 5000, ""trialDays"": 30, ""toyProgram"": ""-"", ""planSavings"": 3597, ""planVersion"": ""v2"", ""trialAmount"": 999, ""trialApplied"": false, ""memberShipFees"": 0, ""bonusDeliveries"": 0, ""deliveryCharges"": 100, ""sameDayDelivery"": true, ""damageWaiverFees"": 999, ""maxBigToyAllowed"": 1, ""refundableDeposit"": 0, ""memberShipFeesPaid"": 0, ""moneyBackGuarantee"": 30, ""effectiveCostPerMonth"": 1299, ""membershipFeesApplied"": false, ""refundableDepositPaid"": 0, ""planPriceDiscountAdmin"": 0, ""securityDepositApplied"": false, ""totalKeepCountPerMonth"": 3, ""damageWaiverFeesApplied"": true, ""isUnlimitedFreeDelivery"": true, ""membershipDiscountAdmin"": 0, ""maxToyHoldingValueAllowed"": 120000, ""totalFreeDeliveryPerMonth"": 0, ""actualChargesForMemberShipFees"": 0, ""refundableDepositDiscountAdmin"": 0, ""actualChargesForSecurityDeposit"": 0, ""actualChargesForDamageWaiverFees"": 999}",ASSIGNED,2026-09-26T13:46:36.057Z,2026-09-26T13:46:36.057Z,,"{""note"": ""Upgraded from Google Sheet"", ""amount"": 0, ""gstApplied"": true, ""paymentDate"": ""2026-09-26T19:16:35+05:30"", ""gstPercentage"": 18, ""membershipData"": {""amount"": 0, ""isMembershipFee"": true}, ""priceBreakdown"": {""basePrice"": 15588, ""gstAmount"": 2806, ""couponCode"": null, ""finalPrice"": 15218, ""couponPercent"": null, ""proRataCredit"": 3176, ""couponDiscount"": 0, ""membershipFees"": 0, ""securityDeposit"": 0, ""damageWaiverFees"": 0}, ""userTrialApplied"": false, ""isTrialPeriodExpired"": true, ""userDamageWaiverFeesApplied"": false}",,,,,,{},[],{}
fe6df855-8253-434c-95a4-1135d6060095,343642ea-1fbf-4104-817c-db395df94e19,,5997.0,2026-09-26T14:34:03Z,2026-12-27T14:32:11Z,0,order_TghRvF53VDcLxW,03e58770-76d5-4434-9934-ea1d64e4096f,ACTIVE,,upi,,"{""discount"": ""25%"", ""isNewPlan"": false, ""trialDays"": 30, ""toyProgram"": ""-"", ""planSavings"": 3597, ""planVersion"": ""v2"", ""trialAmount"": 99, ""trialApplied"": false, ""memberShipFees"": 0, ""bonusDeliveries"": 0, ""deliveryCharges"": 100, ""sameDayDelivery"": true, ""damageWaiverFees"": 999, ""maxBigToyAllowed"": 1, ""refundableDeposit"": 0, ""moneyBackGuarantee"": 30, ""effectiveCostPerMonth"": 1999, ""membershipFeesApplied"": false, ""planPriceDiscountAdmin"": -499001, ""securityDepositApplied"": false, ""totalKeepCountPerMonth"": 3, ""damageWaiverFeesApplied"": true, ""isUnlimitedFreeDelivery"": false, ""maxToyHoldingValueAllowed"": 35000, ""totalFreeDeliveryPerMonth"": 12, ""actualChargesForMemberShipFees"": 0, ""actualChargesForSecurityDeposit"": 0, ""actualChargesForDamageWaiverFees"": 999}",ONE_TIME,2026-09-26T14:34:03.28Z,2026-09-26T14:34:03.28Z,,"{""amount"": 500000, ""deviceType"": ""MOBILE"", ""gstApplied"": true, ""paymentNotes"": {""userId"": ""343642ea-1fbf-4104-817c-db395df94e19"", ""paymentLinkId"": ""dfc76a87-6148-4cc8-842e-747c3353d8f3"", ""subscriptionPlanId"": ""03e58770-76d5-4434-9934-ea1d64e4096f""}, ""gstPercentage"": 18, ""paymentLinkId"": ""dfc76a87-6148-4cc8-842e-747c3353d8f3"", ""membershipData"": {""amount"": 0, ""isMembershipFee"": false}, ""isRecurringInit"": false, ""paymentProvider"": ""RAZOR_PAY"", ""userTrialApplied"": false, ""securityDepositData"": {""amount"": 0, ""securityDepositApplied"": false}, ""isTrialPeriodExpired"": true, ""merchantTransactionId"": ""order_TghRvF53VDcLxW"", ""userDamageWaiverFeesApplied"": true}",,,,,,{},[],{}
1d2c83b8-b590-41c1-afff-0f151312585b,99921eaf-28d3-40f5-ac9e-c149429e9698,,15588.0,2026-09-26T14:40:58Z,2027-09-26T14:40:58Z,0,order_TghYvG8hHR8nab,26a25589-5532-4f28-b820-1b6c7894c4fd,ACTIVE,,upi,,"{""discount"": ""25%"", ""isNewPlan"": false, ""trialDays"": 30, ""toyProgram"": ""-"", ""planSavings"": 3597, ""planVersion"": ""v2"", ""trialAmount"": 999, ""trialApplied"": false, ""memberShipFees"": 0, ""bonusDeliveries"": 0, ""deliveryCharges"": 100, ""sameDayDelivery"": true, ""damageWaiverFees"": 999, ""maxBigToyAllowed"": 1, ""refundableDeposit"": 0, ""moneyBackGuarantee"": 30, ""effectiveCostPerMonth"": 1299, ""membershipFeesApplied"": false, ""securityDepositApplied"": false, ""totalKeepCountPerMonth"": 3, ""damageWaiverFeesApplied"": true, ""isUnlimitedFreeDelivery"": true, ""maxToyHoldingValueAllowed"": 120000, ""totalFreeDeliveryPerMonth"": 0, ""actualChargesForMemberShipFees"": 0, ""actualChargesForSecurityDeposit"": 0, ""actualChargesForDamageWaiverFees"": 999}",ONE_TIME,2026-09-26T14:40:07.407Z,2026-09-26T14:41:02.827Z,b48b437b-d6a6-4408-8933-652333ba893f,"{""deviceType"": ""MOBILE"", ""gstApplied"": true, ""promoCodeId"": ""payment_provider_09cdd57ffd526050fda398b8145fb5d2"", ""paymentNotes"": {""userId"": ""99921eaf-28d3-40f5-ac9e-c149429e9698"", ""subscriptionType"": ""ONE_TIME"", ""subscriptionPlanId"": ""26a25589-5532-4f28-b820-1b6c7894c4fd""}, ""gstPercentage"": 18, ""membershipData"": {""amount"": 0, ""isMembershipFee"": true}, ""priceBreakdown"": {""basePrice"": 15588, ""gstAmount"": 2986, ""couponCode"": ""AKFLAT11K"", ""finalPrice"": 11000, ""couponPercent"": null, ""proRataCredit"": null, ""couponDiscount"": 8573, ""membershipFees"": 0, ""securityDeposit"": 0, ""damageWaiverFees"": 999}, ""isRecurringInit"": false, ""paymentProvider"": ""RAZOR_PAY"", ""userTrialApplied"": false, ""securityDepositData"": {""securityDepositApplied"": false}, ""isTrialPeriodExpired"": true, ""merchantTransactionId"": ""order_TghYvG8hHR8nab"", ""userDamageWaiverFeesApplied"": true}",,,,,,{},[],"{""couponId"": ""b48b437b-d6a6-4408-8933-652333ba893f"", ""couponAppliedStatus"": ""PENDING"", ""isCouponAppliedOnSubscriptionRenew"": false}"
6d87a38e-0823-4c29-a30d-8a2f7c8e40d2,8dfca617-019c-4123-99e6-94faa9d65761,,15588.0,2026-09-26T14:46:35Z,2027-09-26T14:46:35Z,0,order_TghcRlS0mkg2sD,26a25589-5532-4f28-b820-1b6c7894c4fd,ACTIVE,,emi,,"{""discount"": ""25%"", ""isNewPlan"": false, ""trialDays"": 30, ""toyProgram"": ""-"", ""planSavings"": 3597, ""planVersion"": ""v2"", ""trialAmount"": 999, ""trialApplied"": false, ""memberShipFees"": 0, ""bonusDeliveries"": 0, ""deliveryCharges"": 100, ""sameDayDelivery"": true, ""damageWaiverFees"": 999, ""maxBigToyAllowed"": 1, ""refundableDeposit"": 0, ""moneyBackGuarantee"": 30, ""effectiveCostPerMonth"": 1299, ""membershipFeesApplied"": false, ""securityDepositApplied"": false, ""totalKeepCountPerMonth"": 3, ""damageWaiverFeesApplied"": true, ""isUnlimitedFreeDelivery"": true, ""maxToyHoldingValueAllowed"": 120000, ""totalFreeDeliveryPerMonth"": 0, ""actualChargesForMemberShipFees"": 0, ""actualChargesForSecurityDeposit"": 0, ""actualChargesForDamageWaiverFees"": 999}",ONE_TIME,2026-09-26T14:43:27.591Z,2026-09-26T14:46:35.951Z,01e44bd5-f585-4ce5-a6a7-a6dd40de2334,"{""deviceType"": ""MOBILE"", ""gstApplied"": true, ""promoCodeId"": ""payment_provider_ff77eacfd6873255307a24ce752aacdb"", ""paymentNotes"": {""userId"": ""8dfca617-019c-4123-99e6-94faa9d65761"", ""subscriptionType"": ""ONE_TIME"", ""subscriptionPlanId"": ""26a25589-5532-4f28-b820-1b6c7894c4fd""}, ""gstPercentage"": 18, ""membershipData"": {""amount"": 0, ""isMembershipFee"": true}, ""priceBreakdown"": {""basePrice"": 15588, ""gstAmount"": 2986, ""couponCode"": ""FLAT12K"", ""finalPrice"": 12000, ""couponPercent"": null, ""proRataCredit"": null, ""couponDiscount"": 7573, ""membershipFees"": 0, ""securityDeposit"": 0, ""damageWaiverFees"": 999}, ""isRecurringInit"": false, ""paymentProvider"": ""RAZOR_PAY"", ""userTrialApplied"": false, ""securityDepositData"": {""securityDepositApplied"": false}, ""isTrialPeriodExpired"": true, ""merchantTransactionId"": ""order_TghcRlS0mkg2sD"", ""userDamageWaiverFeesApplied"": true}",,,,,,{},[],"{""couponId"": ""01e44bd5-f585-4ce5-a6a7-a6dd40de2334"", ""couponAppliedStatus"": ""PENDING"", ""isCouponAppliedOnSubscriptionRenew"": false}"
68bd4d72-ec44-463e-bff5-c30c5183c582,b3aac842-3cdf-404c-80e3-62fde3b37ced,,15588.0,2026-09-26T15:02:49Z,2027-09-26T15:02:49Z,0,order_Tghu0o3kPRnPMU,26a25589-5532-4f28-b820-1b6c7894c4fd,ACTIVE,,cardless_emi,,"{""discount"": ""25%"", ""isNewPlan"": false, ""trialDays"": 30, ""toyProgram"": ""-"", ""planSavings"": 3597, ""planVersion"": ""v2"", ""trialAmount"": 999, ""trialApplied"": false, ""memberShipFees"": 0, ""bonusDeliveries"": 0, ""deliveryCharges"": 100, ""sameDayDelivery"": true, ""damageWaiverFees"": 999, ""maxBigToyAllowed"": 1, ""refundableDeposit"": 0, ""moneyBackGuarantee"": 30, ""effectiveCostPerMonth"": 1299, ""membershipFeesApplied"": false, ""securityDepositApplied"": false, ""totalKeepCountPerMonth"": 3, ""damageWaiverFeesApplied"": true, ""isUnlimitedFreeDelivery"": true, ""maxToyHoldingValueAllowed"": 120000, ""totalFreeDeliveryPerMonth"": 0, ""actualChargesForMemberShipFees"": 0, ""actualChargesForSecurityDeposit"": 0, ""actualChargesForDamageWaiverFees"": 999}",ONE_TIME,2026-09-26T15:00:05.3Z,2026-09-26T15:02:50.351Z,b48b437b-d6a6-4408-8933-652333ba893f,"{""deviceType"": ""MOBILE"", ""gstApplied"": true, ""promoCodeId"": ""payment_provider_09cdd57ffd526050fda398b8145fb5d2"", ""paymentNotes"": {""userId"": ""b3aac842-3cdf-404c-80e3-62fde3b37ced"", ""subscriptionType"": ""ONE_TIME"", ""subscriptionPlanId"": ""26a25589-5532-4f28-b820-1b6c7894c4fd""}, ""gstPercentage"": 18, ""membershipData"": {""amount"": 0, ""isMembershipFee"": true}, ""priceBreakdown"": {""basePrice"": 15588, ""gstAmount"": 2986, ""couponCode"": ""AKFLAT11K"", ""finalPrice"": 11000, ""couponPercent"": null, ""proRataCredit"": null, ""couponDiscount"": 8573, ""membershipFees"": 0, ""securityDeposit"": 0, ""damageWaiverFees"": 999}, ""isRecurringInit"": false, ""paymentProvider"": ""RAZOR_PAY"", ""userTrialApplied"": false, ""securityDepositData"": {""securityDepositApplied"": false}, ""isTrialPeriodExpired"": true, ""merchantTransactionId"": ""order_Tghu0o3kPRnPMU"", ""userDamageWaiverFeesApplied"": true}",,,,,,{},[],"{""couponId"": ""b48b437b-d6a6-4408-8933-652333ba893f"", ""couponAppliedStatus"": ""PENDING"", ""isCouponAppliedOnSubscriptionRenew"": false}"
ee20a494-f569-4a4c-8ad8-56c3e5c01332,7924a5da-ba13-4ed8-b340-d2479ef22f00,,15588.0,2026-09-26T15:11:49Z,2027-09-26T15:11:49Z,0,order_Tgi2CI2S26gBbV,26a25589-5532-4f28-b820-1b6c7894c4fd,ACTIVE,,card,,"{""discount"": ""25%"", ""isNewPlan"": false, ""trialDays"": 30, ""toyProgram"": ""-"", ""planSavings"": 3597, ""planVersion"": ""v2"", ""trialAmount"": 999, ""trialApplied"": false, ""memberShipFees"": 0, ""bonusDeliveries"": 0, ""deliveryCharges"": 100, ""sameDayDelivery"": true, ""damageWaiverFees"": 999, ""maxBigToyAllowed"": 1, ""refundableDeposit"": 0, ""moneyBackGuarantee"": 30, ""effectiveCostPerMonth"": 1299, ""membershipFeesApplied"": false, ""securityDepositApplied"": false, ""totalKeepCountPerMonth"": 3, ""damageWaiverFeesApplied"": true, ""isUnlimitedFreeDelivery"": true, ""maxToyHoldingValueAllowed"": 120000, ""totalFreeDeliveryPerMonth"": 0, ""actualChargesForMemberShipFees"": 0, ""actualChargesForSecurityDeposit"": 0, ""actualChargesForDamageWaiverFees"": 999}",ONE_TIME,2026-09-26T15:07:50.218Z,2026-09-26T15:11:49.743Z,b48b437b-d6a6-4408-8933-652333ba893f,"{""deviceType"": ""MOBILE"", ""gstApplied"": true, ""promoCodeId"": ""payment_provider_09cdd57ffd526050fda398b8145fb5d2"", ""paymentNotes"": {""userId"": ""7924a5da-ba13-4ed8-b340-d2479ef22f00"", ""subscriptionType"": ""ONE_TIME"", ""subscriptionPlanId"": ""26a25589-5532-4f28-b820-1b6c7894c4fd""}, ""gstPercentage"": 18, ""membershipData"": {""amount"": 0, ""isMembershipFee"": true}, ""priceBreakdown"": {""basePrice"": 15588, ""gstAmount"": 2986, ""couponCode"": ""AKFLAT11K"", ""finalPrice"": 11000, ""couponPercent"": null, ""proRataCredit"": null, ""couponDiscount"": 8573, ""membershipFees"": 0, ""securityDeposit"": 0, ""damageWaiverFees"": 999}, ""isRecurringInit"": false, ""paymentProvider"": ""RAZOR_PAY"", ""userTrialApplied"": false, ""securityDepositData"": {""securityDepositApplied"": false}, ""isTrialPeriodExpired"": true, ""merchantTransactionId"": ""order_Tgi2CI2S26gBbV"", ""userDamageWaiverFeesApplied"": true}",,,,,,{},[],"{""couponId"": ""b48b437b-d6a6-4408-8933-652333ba893f"", ""couponAppliedStatus"": ""PENDING"", ""isCouponAppliedOnSubscriptionRenew"": false}"
8774acf2-dd5d-4cad-a677-595e9929545d,3897f841-0432-4584-be51-9405e15fa120,,15588.0,2026-09-26T16:45:18Z,2027-09-26T16:45:18Z,0,order_Tgjfjsd1LVEmG1,26a25589-5532-4f28-b820-1b6c7894c4fd,ACTIVE,,upi,,"{""discount"": ""25%"", ""isNewPlan"": false, ""trialDays"": 30, ""toyProgram"": ""-"", ""planSavings"": 3597, ""planVersion"": ""v2"", ""trialAmount"": 999, ""trialApplied"": false, ""memberShipFees"": 0, ""bonusDeliveries"": 0, ""deliveryCharges"": 100, ""sameDayDelivery"": true, ""damageWaiverFees"": 999, ""maxBigToyAllowed"": 1, ""refundableDeposit"": 0, ""moneyBackGuarantee"": 30, ""effectiveCostPerMonth"": 1299, ""membershipFeesApplied"": false, ""securityDepositApplied"": false, ""totalKeepCountPerMonth"": 3, ""damageWaiverFeesApplied"": true, ""isUnlimitedFreeDelivery"": true, ""maxToyHoldingValueAllowed"": 120000, ""totalFreeDeliveryPerMonth"": 0, ""actualChargesForMemberShipFees"": 0, ""actualChargesForSecurityDeposit"": 0, ""actualChargesForDamageWaiverFees"": 999}",ONE_TIME,2026-09-26T16:43:57.83Z,2026-09-26T16:45:18.54Z,c6399045-ae57-4a97-b6d4-69dd768bd1d1,"{""deviceType"": ""MOBILE"", ""gstApplied"": true, ""promoCodeId"": ""payment_provider_05af293eb83f6034ab6f3fcf8a2d0816"", ""paymentNotes"": {""userId"": ""3897f841-0432-4584-be51-9405e15fa120"", ""subscriptionType"": ""ONE_TIME"", ""subscriptionPlanId"": ""26a25589-5532-4f28-b820-1b6c7894c4fd""}, ""gstPercentage"": 18, ""membershipData"": {""amount"": 0, ""isMembershipFee"": true}, ""priceBreakdown"": {""basePrice"": 15588, ""gstAmount"": 2986, ""couponCode"": ""GANESHA"", ""finalPrice"": 13573, ""couponPercent"": null, ""proRataCredit"": null, ""couponDiscount"": 6000, ""membershipFees"": 0, ""securityDeposit"": 0, ""damageWaiverFees"": 999}, ""isRecurringInit"": false, ""paymentProvider"": ""RAZOR_PAY"", ""userTrialApplied"": false, ""securityDepositData"": {""securityDepositApplied"": false}, ""isTrialPeriodExpired"": true, ""merchantTransactionId"": ""order_Tgjfjsd1LVEmG1"", ""userDamageWaiverFeesApplied"": true}",,,,,,{},[],"{""couponId"": ""c6399045-ae57-4a97-b6d4-69dd768bd1d1"", ""couponAppliedStatus"": ""PENDING"", ""isCouponAppliedOnSubscriptionRenew"": false}"
e8b217fb-ff45-45ff-9545-ea39f8e64042,9f5713b9-5489-4940-a7e2-d99d16890017,,15588.0,2026-09-26T17:06:37Z,2027-09-26T17:06:37Z,0,order_Tgk2jtKhE5bJP5,26a25589-5532-4f28-b820-1b6c7894c4fd,ACTIVE,,upi,,"{""discount"": ""25%"", ""isNewPlan"": false, ""trialDays"": 30, ""toyProgram"": ""-"", ""planSavings"": 3597, ""planVersion"": ""v2"", ""trialAmount"": 999, ""trialApplied"": false, ""memberShipFees"": 0, ""bonusDeliveries"": 0, ""deliveryCharges"": 100, ""sameDayDelivery"": true, ""damageWaiverFees"": 999, ""maxBigToyAllowed"": 1, ""refundableDeposit"": 0, ""moneyBackGuarantee"": 30, ""effectiveCostPerMonth"": 1299, ""membershipFeesApplied"": false, ""securityDepositApplied"": false, ""totalKeepCountPerMonth"": 3, ""damageWaiverFeesApplied"": true, ""isUnlimitedFreeDelivery"": true, ""maxToyHoldingValueAllowed"": 120000, ""totalFreeDeliveryPerMonth"": 0, ""actualChargesForMemberShipFees"": 0, ""actualChargesForSecurityDeposit"": 0, ""actualChargesForDamageWaiverFees"": 999}",ONE_TIME,2026-09-26T17:05:44.23Z,2026-09-26T17:06:37.702Z,96042d9b-2726-488e-b2b9-497485e86363,"{""deviceType"": ""MOBILE"", ""gstApplied"": true, ""promoCodeId"": ""payment_provider_85c55cda0381cc8b21850a6439ec3833"", ""paymentNotes"": {""userId"": ""9f5713b9-5489-4940-a7e2-d99d16890017"", ""subscriptionType"": ""ONE_TIME"", ""subscriptionPlanId"": ""26a25589-5532-4f28-b820-1b6c7894c4fd""}, ""gstPercentage"": 18, ""membershipData"": {""amount"": 0, ""isMembershipFee"": true}, ""priceBreakdown"": {""basePrice"": 15588, ""gstAmount"": 1864, ""couponCode"": ""KCELEFANT2026"", ""finalPrice"": 12215, ""couponPercent"": 40, ""proRataCredit"": null, ""couponDiscount"": 6236, ""membershipFees"": 0, ""securityDeposit"": 0, ""damageWaiverFees"": 999}, ""isRecurringInit"": false, ""paymentProvider"": ""RAZOR_PAY"", ""userTrialApplied"": false, ""securityDepositData"": {""securityDepositApplied"": false}, ""isTrialPeriodExpired"": true, ""merchantTransactionId"": ""order_Tgk2jtKhE5bJP5"", ""userDamageWaiverFeesApplied"": true}",,,,,,{},[],"{""couponId"": ""96042d9b-2726-488e-b2b9-497485e86363"", ""couponAppliedStatus"": ""PENDING"", ""isCouponAppliedOnSubscriptionRenew"": false}"
0e96fe06-1ae4-401a-a6aa-c252d6e828ad,b6a1cfac-55bb-4858-b3ef-0c2694dffdb6,8527886630,15588.0,2026-09-26T17:16:02Z,2027-09-26T17:16:02Z,0,assigned_955cb83e26d9c1020b6ffa2ead785127,26a25589-5532-4f28-b820-1b6c7894c4fd,ACTIVE,,razorpay,,"{""discount"": ""25%"", ""isNewPlan"": false, ""pricePaid"": 7000, ""trialDays"": 30, ""toyProgram"": ""-"", ""planSavings"": 3597, ""planVersion"": ""v2"", ""trialAmount"": 999, ""trialApplied"": false, ""memberShipFees"": 0, ""bonusDeliveries"": 0, ""deliveryCharges"": 100, ""sameDayDelivery"": true, ""damageWaiverFees"": 999, ""maxBigToyAllowed"": 1, ""refundableDeposit"": 0, ""memberShipFeesPaid"": 0, ""moneyBackGuarantee"": 30, ""effectiveCostPerMonth"": 1299, ""membershipFeesApplied"": false, ""refundableDepositPaid"": 0, ""planPriceDiscountAdmin"": 8588, ""securityDepositApplied"": false, ""totalKeepCountPerMonth"": 3, ""damageWaiverFeesApplied"": true, ""isUnlimitedFreeDelivery"": true, ""membershipDiscountAdmin"": 0, ""maxToyHoldingValueAllowed"": 120000, ""totalFreeDeliveryPerMonth"": 0, ""actualChargesForMemberShipFees"": 0, ""refundableDepositDiscountAdmin"": 0, ""actualChargesForSecurityDeposit"": 0, ""actualChargesForDamageWaiverFees"": 999}",ASSIGNED,2026-09-25T05:59:21.233Z,2026-09-26T17:16:02.291Z,,"{""amount"": 7000, ""gstApplied"": true, ""paymentDate"": ""2026-09-25T05:59:12.207Z"", ""gstPercentage"": 18, ""membershipData"": {""amount"": 0, ""isMembershipFee"": true}, ""priceBreakdown"": {""basePrice"": 15588, ""gstAmount"": 2986, ""couponCode"": null, ""finalPrice"": 19573, ""couponPercent"": null, ""proRataCredit"": 0, ""couponDiscount"": 0, ""membershipFees"": 0, ""securityDeposit"": 0, ""damageWaiverFees"": 999}, ""userTrialApplied"": false, ""isTrialPeriodExpired"": true, ""userDamageWaiverFeesApplied"": true}",,,,,,{},[],{}
07d2b9f9-4949-4a88-80a7-97deb7a65503,46ff922c-b239-4f86-a4e1-dfb87af16c15,,5997.0,2026-09-26T21:50:48Z,2026-12-26T21:50:48Z,0,order_TgopVxAc79sQ3t,03e58770-76d5-4434-9934-ea1d64e4096f,ACTIVE,,upi,,"{""discount"": ""25%"", ""isNewPlan"": false, ""trialDays"": 30, ""toyProgram"": ""-"", ""planSavings"": 3597, ""planVersion"": ""v2"", ""trialAmount"": 99, ""trialApplied"": false, ""memberShipFees"": 0, ""bonusDeliveries"": 0, ""deliveryCharges"": 100, ""sameDayDelivery"": true, ""damageWaiverFees"": 999, ""maxBigToyAllowed"": 1, ""refundableDeposit"": 0, ""moneyBackGuarantee"": 30, ""effectiveCostPerMonth"": 1999, ""membershipFeesApplied"": false, ""securityDepositApplied"": false, ""totalKeepCountPerMonth"": 3, ""damageWaiverFeesApplied"": true, ""isUnlimitedFreeDelivery"": false, ""maxToyHoldingValueAllowed"": 35000, ""totalFreeDeliveryPerMonth"": 12, ""actualChargesForMemberShipFees"": 0, ""actualChargesForSecurityDeposit"": 0, ""actualChargesForDamageWaiverFees"": 999}",ONE_TIME,2026-09-26T21:46:41.139Z,2026-09-26T21:50:49.056Z,d9f45968-fdf9-45cb-a143-9bda0499e70b,"{""deviceType"": ""MOBILE"", ""gstApplied"": true, ""promoCodeId"": ""payment_provider_222024ad0be6b711af19f169bcb51d44"", ""paymentNotes"": {""userId"": ""46ff922c-b239-4f86-a4e1-dfb87af16c15"", ""subscriptionType"": ""ONE_TIME"", ""subscriptionPlanId"": ""03e58770-76d5-4434-9934-ea1d64e4096f""}, ""gstPercentage"": 18, ""membershipData"": {""amount"": 0, ""isMembershipFee"": true}, ""priceBreakdown"": {""basePrice"": 5997, ""gstAmount"": 1260, ""couponCode"": ""FUNDEAL"", ""finalPrice"": 5756, ""couponPercent"": null, ""proRataCredit"": null, ""couponDiscount"": 2500, ""membershipFees"": 0, ""securityDeposit"": 0, ""damageWaiverFees"": 999}, ""isRecurringInit"": false, ""paymentProvider"": ""RAZOR_PAY"", ""userTrialApplied"": false, ""securityDepositData"": {""securityDepositApplied"": false}, ""isTrialPeriodExpired"": true, ""merchantTransactionId"": ""order_TgopVxAc79sQ3t"", ""userDamageWaiverFeesApplied"": true}",,,,,,{},[],"{""couponId"": ""d9f45968-fdf9-45cb-a143-9bda0499e70b"", ""couponAppliedStatus"": ""PENDING"", ""isCouponAppliedOnSubscriptionRenew"": false}"
ca938cf5-5525-438a-b65a-25fe6128319e,bc5700b4-b83d-4a8a-9380-65d9d86b6e8c,,15588.0,2026-09-27T05:05:35Z,2027-09-27T05:05:35Z,0,order_Tgw2bNB1pmHbvH,26a25589-5532-4f28-b820-1b6c7894c4fd,ACTIVE,,cardless_emi,,"{""discount"": ""25%"", ""isNewPlan"": false, ""trialDays"": 30, ""toyProgram"": ""-"", ""planSavings"": 3597, ""planVersion"": ""v2"", ""trialAmount"": 999, ""trialApplied"": false, ""memberShipFees"": 0, ""bonusDeliveries"": 0, ""deliveryCharges"": 100, ""sameDayDelivery"": true, ""damageWaiverFees"": 999, ""maxBigToyAllowed"": 1, ""refundableDeposit"": 0, ""moneyBackGuarantee"": 30, ""effectiveCostPerMonth"": 1299, ""membershipFeesApplied"": false, ""securityDepositApplied"": false, ""totalKeepCountPerMonth"": 3, ""damageWaiverFeesApplied"": true, ""isUnlimitedFreeDelivery"": true, ""maxToyHoldingValueAllowed"": 120000, ""totalFreeDeliveryPerMonth"": 0, ""actualChargesForMemberShipFees"": 0, ""actualChargesForSecurityDeposit"": 0, ""actualChargesForDamageWaiverFees"": 999}",ONE_TIME,2026-09-27T04:49:55.84Z,2026-09-27T05:05:36.423Z,01e44bd5-f585-4ce5-a6a7-a6dd40de2334,"{""deviceType"": ""MOBILE"", ""gstApplied"": true, ""promoCodeId"": ""payment_provider_ff77eacfd6873255307a24ce752aacdb"", ""paymentNotes"": {""userId"": ""bc5700b4-b83d-4a8a-9380-65d9d86b6e8c"", ""subscriptionType"": ""ONE_TIME"", ""subscriptionPlanId"": ""26a25589-5532-4f28-b820-1b6c7894c4fd""}, ""gstPercentage"": 18, ""membershipData"": {""amount"": 0, ""isMembershipFee"": true}, ""priceBreakdown"": {""basePrice"": 15588, ""gstAmount"": 2986, ""couponCode"": ""FLAT12K"", ""finalPrice"": 12000, ""couponPercent"": null, ""proRataCredit"": null, ""couponDiscount"": 7573, ""membershipFees"": 0, ""securityDeposit"": 0, ""damageWaiverFees"": 999}, ""isRecurringInit"": false, ""paymentProvider"": ""RAZOR_PAY"", ""userTrialApplied"": false, ""securityDepositData"": {""securityDepositApplied"": false}, ""isTrialPeriodExpired"": true, ""merchantTransactionId"": ""order_Tgw2bNB1pmHbvH"", ""userDamageWaiverFeesApplied"": true}",,,,,,{},[],"{""couponId"": ""01e44bd5-f585-4ce5-a6a7-a6dd40de2334"", ""couponAppliedStatus"": ""PENDING"", ""isCouponAppliedOnSubscriptionRenew"": false}"
35022b6b-1324-42ae-bdb3-2fabbc3e327c,7a4ec0da-ec4b-420a-99fa-0459ebe18b5d,130235238040,15588.0,2026-09-27T05:21:36Z,2027-09-27T05:21:36Z,0,assigned_4de4a91b617840ae36e6d80819c1efc2,26a25589-5532-4f28-b820-1b6c7894c4fd,ACTIVE,,other,,"{""discount"": ""25%"", ""isNewPlan"": false, ""pricePaid"": 2750, ""trialDays"": 30, ""toyProgram"": ""-"", ""planSavings"": 3597, ""planVersion"": ""v2"", ""trialAmount"": 999, ""trialApplied"": false, ""memberShipFees"": 0, ""bonusDeliveries"": 0, ""deliveryCharges"": 100, ""sameDayDelivery"": true, ""damageWaiverFees"": 999, ""maxBigToyAllowed"": 1, ""refundableDeposit"": 0, ""memberShipFeesPaid"": 0, ""moneyBackGuarantee"": 30, ""effectiveCostPerMonth"": 1299, ""membershipFeesApplied"": false, ""refundableDepositPaid"": 0, ""planPriceDiscountAdmin"": 0, ""securityDepositApplied"": false, ""totalKeepCountPerMonth"": 3, ""damageWaiverFeesApplied"": true, ""isUnlimitedFreeDelivery"": true, ""membershipDiscountAdmin"": 0, ""maxToyHoldingValueAllowed"": 120000, ""totalFreeDeliveryPerMonth"": 0, ""actualChargesForMemberShipFees"": 0, ""refundableDepositDiscountAdmin"": 0, ""actualChargesForSecurityDeposit"": 0, ""actualChargesForDamageWaiverFees"": 999}",ASSIGNED,2026-09-25T17:36:11.656Z,2026-09-27T05:21:36.087Z,,"{""note"": ""Assigned from Google Sheet"", ""amount"": 0, ""gstApplied"": true, ""paymentDate"": ""2026-09-25T23:06:11+05:30"", ""gstPercentage"": 18, ""membershipData"": {""amount"": 0, ""isMembershipFee"": true}, ""priceBreakdown"": {""basePrice"": 15588, ""gstAmount"": 2986, ""couponCode"": null, ""finalPrice"": 19573, ""couponPercent"": null, ""proRataCredit"": 0, ""couponDiscount"": 0, ""membershipFees"": 0, ""securityDeposit"": 0, ""damageWaiverFees"": 999}, ""userTrialApplied"": false, ""isTrialPeriodExpired"": true, ""userDamageWaiverFeesApplied"": true}",,,,,,{},[],{}
dddde44d-af88-4f8b-a164-e1ae881b318d,a948038e-0f89-4c5d-8482-32e0730fd08e,,15588.0,2026-09-27T05:32:13Z,2027-09-27T05:32:13Z,0,order_TgwflsZAbRDv3p,26a25589-5532-4f28-b820-1b6c7894c4fd,ACTIVE,,emi,,"{""discount"": ""25%"", ""isNewPlan"": false, ""trialDays"": 30, ""toyProgram"": ""-"", ""planSavings"": 3597, ""planVersion"": ""v2"", ""trialAmount"": 999, ""trialApplied"": false, ""memberShipFees"": 0, ""bonusDeliveries"": 0, ""deliveryCharges"": 100, ""sameDayDelivery"": true, ""damageWaiverFees"": 999, ""maxBigToyAllowed"": 1, ""refundableDeposit"": 0, ""moneyBackGuarantee"": 30, ""effectiveCostPerMonth"": 1299, ""membershipFeesApplied"": false, ""securityDepositApplied"": false, ""totalKeepCountPerMonth"": 3, ""damageWaiverFeesApplied"": true, ""isUnlimitedFreeDelivery"": true, ""maxToyHoldingValueAllowed"": 120000, ""totalFreeDeliveryPerMonth"": 0, ""actualChargesForMemberShipFees"": 0, ""actualChargesForSecurityDeposit"": 0, ""actualChargesForDamageWaiverFees"": 999}",ONE_TIME,2026-09-27T05:27:00.641Z,2026-09-27T05:32:13.523Z,c6399045-ae57-4a97-b6d4-69dd768bd1d1,"{""deviceType"": ""MOBILE"", ""gstApplied"": true, ""promoCodeId"": ""payment_provider_05af293eb83f6034ab6f3fcf8a2d0816"", ""paymentNotes"": {""userId"": ""a948038e-0f89-4c5d-8482-32e0730fd08e"", ""subscriptionType"": ""ONE_TIME"", ""subscriptionPlanId"": ""26a25589-5532-4f28-b820-1b6c7894c4fd""}, ""gstPercentage"": 18, ""membershipData"": {""amount"": 0, ""isMembershipFee"": true}, ""priceBreakdown"": {""basePrice"": 15588, ""gstAmount"": 2986, ""couponCode"": ""GANESHA"", ""finalPrice"": 13573, ""couponPercent"": null, ""proRataCredit"": null, ""couponDiscount"": 6000, ""membershipFees"": 0, ""securityDeposit"": 0, ""damageWaiverFees"": 999}, ""isRecurringInit"": false, ""paymentProvider"": ""RAZOR_PAY"", ""userTrialApplied"": false, ""securityDepositData"": {""securityDepositApplied"": false}, ""isTrialPeriodExpired"": true, ""merchantTransactionId"": ""order_TgwflsZAbRDv3p"", ""userDamageWaiverFeesApplied"": true}",,,,,,{},[],"{""couponId"": ""c6399045-ae57-4a97-b6d4-69dd768bd1d1"", ""couponAppliedStatus"": ""PENDING"", ""isCouponAppliedOnSubscriptionRenew"": false}"
2e0fc128-1c57-452d-a35f-1abedb02fa78,408d154d-b39e-4b52-affd-f25ad897dc73,,15588.0,2026-09-27T07:18:44Z,2027-09-27T07:18:44Z,0,order_TgXHKqWwsLZ95v,26a25589-5532-4f28-b820-1b6c7894c4fd,ACTIVE,,card,,"{""discount"": ""25%"", ""isNewPlan"": false, ""trialDays"": 30, ""toyProgram"": ""-"", ""planSavings"": 3597, ""planVersion"": ""v2"", ""trialAmount"": 999, ""trialApplied"": false, ""memberShipFees"": 0, ""bonusDeliveries"": 0, ""deliveryCharges"": 100, ""sameDayDelivery"": true, ""damageWaiverFees"": 999, ""maxBigToyAllowed"": 1, ""refundableDeposit"": 0, ""moneyBackGuarantee"": 30, ""effectiveCostPerMonth"": 1299, ""membershipFeesApplied"": false, ""securityDepositApplied"": false, ""totalKeepCountPerMonth"": 3, ""damageWaiverFeesApplied"": true, ""isUnlimitedFreeDelivery"": true, ""maxToyHoldingValueAllowed"": 120000, ""totalFreeDeliveryPerMonth"": 0, ""actualChargesForMemberShipFees"": 0, ""actualChargesForSecurityDeposit"": 0, ""actualChargesForDamageWaiverFees"": 999}",ONE_TIME,2026-09-26T04:36:32.302Z,2026-09-27T07:18:44.763Z,a1195a23-b2a0-4864-81b0-f2062f1e7f90,"{""deviceType"": ""MOBILE"", ""gstApplied"": true, ""promoCodeId"": ""payment_provider_2e80c5ed5f2b9e53d37d00e6d6fa7334"", ""paymentNotes"": {""userId"": ""408d154d-b39e-4b52-affd-f25ad897dc73"", ""subscriptionType"": ""ONE_TIME"", ""subscriptionPlanId"": ""26a25589-5532-4f28-b820-1b6c7894c4fd""}, ""gstPercentage"": 18, ""membershipData"": {""amount"": 0, ""isMembershipFee"": true}, ""priceBreakdown"": {""basePrice"": 15588, ""gstAmount"": 1864, ""couponCode"": ""TOYJOY40"", ""finalPrice"": 12215, ""couponPercent"": 40, ""proRataCredit"": null, ""couponDiscount"": 6236, ""membershipFees"": 0, ""securityDeposit"": 0, ""damageWaiverFees"": 999}, ""isRecurringInit"": false, ""paymentProvider"": ""RAZOR_PAY"", ""userTrialApplied"": false, ""securityDepositData"": {""securityDepositApplied"": false}, ""isTrialPeriodExpired"": true, ""merchantTransactionId"": ""order_TgXHKqWwsLZ95v"", ""userDamageWaiverFeesApplied"": true}",,,,,,{},[],"{""couponId"": ""a1195a23-b2a0-4864-81b0-f2062f1e7f90"", ""couponAppliedStatus"": ""PENDING"", ""isCouponAppliedOnSubscriptionRenew"": false}"
988b7350-063c-4f10-a55e-6b27217c667b,63f7f247-f0e2-4f1e-b618-ec13c6eae76d,,15588.0,2026-09-27T06:02:36Z,2027-09-27T06:02:36Z,0,order_TgLyQQr245uzOQ,26a25589-5532-4f28-b820-1b6c7894c4fd,ACTIVE,,emi,,"{""discount"": ""25%"", ""isNewPlan"": false, ""trialDays"": 30, ""toyProgram"": ""-"", ""planSavings"": 3597, ""planVersion"": ""v2"", ""trialAmount"": 999, ""trialApplied"": false, ""memberShipFees"": 0, ""bonusDeliveries"": 0, ""deliveryCharges"": 100, ""sameDayDelivery"": true, ""damageWaiverFees"": 999, ""maxBigToyAllowed"": 1, ""refundableDeposit"": 0, ""moneyBackGuarantee"": 30, ""effectiveCostPerMonth"": 1299, ""membershipFeesApplied"": false, ""securityDepositApplied"": false, ""totalKeepCountPerMonth"": 3, ""damageWaiverFeesApplied"": true, ""isUnlimitedFreeDelivery"": true, ""maxToyHoldingValueAllowed"": 120000, ""totalFreeDeliveryPerMonth"": 0, ""actualChargesForMemberShipFees"": 0, ""actualChargesForSecurityDeposit"": 0, ""actualChargesForDamageWaiverFees"": 999}",ONE_TIME,2026-09-25T17:33:00.452Z,2026-09-27T06:02:36.978Z,39d4dac4-9537-4653-874b-36bd27b763a0,"{""deviceType"": ""MOBILE"", ""gstApplied"": true, ""promoCodeId"": ""payment_provider_444be18c9e16d1cd1b19ef1c8a66b2ab"", ""paymentNotes"": {""userId"": ""63f7f247-f0e2-4f1e-b618-ec13c6eae76d"", ""subscriptionType"": ""ONE_TIME"", ""subscriptionPlanId"": ""26a25589-5532-4f28-b820-1b6c7894c4fd""}, ""gstPercentage"": 18, ""membershipData"": {""amount"": 0, ""isMembershipFee"": true}, ""priceBreakdown"": {""basePrice"": 15588, ""gstAmount"": 2986, ""couponCode"": ""FLAT11KAK"", ""finalPrice"": 11000, ""couponPercent"": null, ""proRataCredit"": null, ""couponDiscount"": 8573, ""membershipFees"": 0, ""securityDeposit"": 0, ""damageWaiverFees"": 999}, ""isRecurringInit"": false, ""paymentProvider"": ""RAZOR_PAY"", ""userTrialApplied"": false, ""securityDepositData"": {""securityDepositApplied"": false}, ""isTrialPeriodExpired"": true, ""merchantTransactionId"": ""order_TgLyQQr245uzOQ"", ""userDamageWaiverFeesApplied"": true}",,,,,,{},[],"{""couponId"": ""39d4dac4-9537-4653-874b-36bd27b763a0"", ""couponAppliedStatus"": ""PENDING"", ""isCouponAppliedOnSubscriptionRenew"": false}"
f2ebe8d8-b817-42d9-9cac-54d6e191eba0,99f2a164-08aa-4b91-933a-7f9ce8088d4a,,15588.0,2026-09-27T06:08:29Z,2027-09-27T06:08:29Z,0,order_TgU7ujjMgS0AaC,26a25589-5532-4f28-b820-1b6c7894c4fd,ACTIVE,,emi,,"{""discount"": ""25%"", ""isNewPlan"": false, ""trialDays"": 30, ""toyProgram"": ""-"", ""planSavings"": 3597, ""planVersion"": ""v2"", ""trialAmount"": 999, ""trialApplied"": false, ""memberShipFees"": 0, ""bonusDeliveries"": 0, ""deliveryCharges"": 100, ""sameDayDelivery"": true, ""damageWaiverFees"": 999, ""maxBigToyAllowed"": 1, ""refundableDeposit"": 0, ""moneyBackGuarantee"": 30, ""effectiveCostPerMonth"": 1299, ""membershipFeesApplied"": false, ""securityDepositApplied"": false, ""totalKeepCountPerMonth"": 3, ""damageWaiverFeesApplied"": true, ""isUnlimitedFreeDelivery"": true, ""maxToyHoldingValueAllowed"": 120000, ""totalFreeDeliveryPerMonth"": 0, ""actualChargesForMemberShipFees"": 0, ""actualChargesForSecurityDeposit"": 0, ""actualChargesForDamageWaiverFees"": 999}",ONE_TIME,2026-09-26T01:31:32.359Z,2026-09-27T06:08:29.192Z,c6399045-ae57-4a97-b6d4-69dd768bd1d1,"{""deviceType"": ""MOBILE"", ""gstApplied"": true, ""promoCodeId"": ""payment_provider_05af293eb83f6034ab6f3fcf8a2d0816"", ""paymentNotes"": {""userId"": ""99f2a164-08aa-4b91-933a-7f9ce8088d4a"", ""subscriptionType"": ""ONE_TIME"", ""subscriptionPlanId"": ""26a25589-5532-4f28-b820-1b6c7894c4fd""}, ""gstPercentage"": 18, ""membershipData"": {""amount"": 0, ""isMembershipFee"": true}, ""priceBreakdown"": {""basePrice"": 15588, ""gstAmount"": 2986, ""couponCode"": ""GANESHA"", ""finalPrice"": 13573, ""couponPercent"": null, ""proRataCredit"": null, ""couponDiscount"": 6000, ""membershipFees"": 0, ""securityDeposit"": 0, ""damageWaiverFees"": 999}, ""isRecurringInit"": false, ""paymentProvider"": ""RAZOR_PAY"", ""userTrialApplied"": false, ""securityDepositData"": {""securityDepositApplied"": false}, ""isTrialPeriodExpired"": true, ""merchantTransactionId"": ""order_TgU7ujjMgS0AaC"", ""userDamageWaiverFeesApplied"": true}",,,,,,{},[],"{""couponId"": ""c6399045-ae57-4a97-b6d4-69dd768bd1d1"", ""couponAppliedStatus"": ""PENDING"", ""isCouponAppliedOnSubscriptionRenew"": false}"
8bec7c01-97b5-4b19-be03-f26c550f3794,4280c2b2-7538-41da-95e9-8312d56cf39d,,15588.0,2026-09-27T06:38:47Z,2027-09-27T06:38:47Z,0,order_Tgg0RlN1kckIJp,26a25589-5532-4f28-b820-1b6c7894c4fd,ACTIVE,,cardless_emi,,"{""discount"": ""25%"", ""isNewPlan"": false, ""trialDays"": 30, ""toyProgram"": ""-"", ""planSavings"": 3597, ""planVersion"": ""v2"", ""trialAmount"": 999, ""trialApplied"": false, ""memberShipFees"": 0, ""bonusDeliveries"": 0, ""deliveryCharges"": 100, ""sameDayDelivery"": true, ""damageWaiverFees"": 999, ""maxBigToyAllowed"": 1, ""refundableDeposit"": 0, ""moneyBackGuarantee"": 30, ""effectiveCostPerMonth"": 1299, ""membershipFeesApplied"": false, ""securityDepositApplied"": false, ""totalKeepCountPerMonth"": 3, ""damageWaiverFeesApplied"": true, ""isUnlimitedFreeDelivery"": true, ""maxToyHoldingValueAllowed"": 120000, ""totalFreeDeliveryPerMonth"": 0, ""actualChargesForMemberShipFees"": 0, ""actualChargesForSecurityDeposit"": 0, ""actualChargesForDamageWaiverFees"": 999}",ONE_TIME,2026-09-26T13:08:47.567Z,2026-09-27T06:38:47.123Z,01e44bd5-f585-4ce5-a6a7-a6dd40de2334,"{""deviceType"": ""MOBILE"", ""gstApplied"": true, ""promoCodeId"": ""payment_provider_ff77eacfd6873255307a24ce752aacdb"", ""paymentNotes"": {""userId"": ""4280c2b2-7538-41da-95e9-8312d56cf39d"", ""subscriptionType"": ""ONE_TIME"", ""subscriptionPlanId"": ""26a25589-5532-4f28-b820-1b6c7894c4fd""}, ""gstPercentage"": 18, ""membershipData"": {""amount"": 0, ""isMembershipFee"": true}, ""priceBreakdown"": {""basePrice"": 15588, ""gstAmount"": 2986, ""couponCode"": ""FLAT12K"", ""finalPrice"": 12000, ""couponPercent"": null, ""proRataCredit"": null, ""couponDiscount"": 7573, ""membershipFees"": 0, ""securityDeposit"": 0, ""damageWaiverFees"": 999}, ""isRecurringInit"": false, ""paymentProvider"": ""RAZOR_PAY"", ""userTrialApplied"": false, ""securityDepositData"": {""securityDepositApplied"": false}, ""isTrialPeriodExpired"": true, ""merchantTransactionId"": ""order_Tgg0RlN1kckIJp"", ""userDamageWaiverFeesApplied"": true}",,,,,,{},[],"{""couponId"": ""01e44bd5-f585-4ce5-a6a7-a6dd40de2334"", ""couponAppliedStatus"": ""PENDING"", ""isCouponAppliedOnSubscriptionRenew"": false}"
1a81c87a-798e-467a-b5c8-8c71701b9529,48d0734b-110a-4696-b8bb-666daead02f9,,15588.0,2026-09-27T09:40:17Z,2027-09-27T09:40:17Z,0,order_TgBAKXTTA7ilIa,26a25589-5532-4f28-b820-1b6c7894c4fd,ACTIVE,,card,,"{""discount"": ""25%"", ""isNewPlan"": false, ""trialDays"": 30, ""toyProgram"": ""-"", ""planSavings"": 3597, ""planVersion"": ""v2"", ""trialAmount"": 999, ""trialApplied"": false, ""memberShipFees"": 0, ""bonusDeliveries"": 0, ""deliveryCharges"": 100, ""sameDayDelivery"": true, ""damageWaiverFees"": 999, ""maxBigToyAllowed"": 1, ""refundableDeposit"": 0, ""moneyBackGuarantee"": 30, ""effectiveCostPerMonth"": 1299, ""membershipFeesApplied"": false, ""securityDepositApplied"": false, ""totalKeepCountPerMonth"": 3, ""damageWaiverFeesApplied"": true, ""isUnlimitedFreeDelivery"": true, ""maxToyHoldingValueAllowed"": 120000, ""totalFreeDeliveryPerMonth"": 0, ""actualChargesForMemberShipFees"": 0, ""actualChargesForSecurityDeposit"": 0, ""actualChargesForDamageWaiverFees"": 999}",ONE_TIME,2026-09-25T06:58:38.884Z,2026-09-27T09:40:17.441Z,39d4dac4-9537-4653-874b-36bd27b763a0,"{""deviceType"": ""MOBILE"", ""gstApplied"": true, ""promoCodeId"": ""payment_provider_444be18c9e16d1cd1b19ef1c8a66b2ab"", ""paymentNotes"": {""userId"": ""48d0734b-110a-4696-b8bb-666daead02f9"", ""subscriptionType"": ""ONE_TIME"", ""subscriptionPlanId"": ""26a25589-5532-4f28-b820-1b6c7894c4fd""}, ""gstPercentage"": 18, ""membershipData"": {""amount"": 0, ""isMembershipFee"": true}, ""priceBreakdown"": {""basePrice"": 15588, ""gstAmount"": 2986, ""couponCode"": ""FLAT11KAK"", ""finalPrice"": 11000, ""couponPercent"": null, ""proRataCredit"": null, ""couponDiscount"": 8573, ""membershipFees"": 0, ""securityDeposit"": 0, ""damageWaiverFees"": 999}, ""isRecurringInit"": false, ""paymentProvider"": ""RAZOR_PAY"", ""userTrialApplied"": false, ""securityDepositData"": {""securityDepositApplied"": false}, ""isTrialPeriodExpired"": true, ""merchantTransactionId"": ""order_TgBAKXTTA7ilIa"", ""userDamageWaiverFeesApplied"": true}",,,,,,{},[],"{""couponId"": ""39d4dac4-9537-4653-874b-36bd27b763a0"", ""couponAppliedStatus"": ""PENDING"", ""isCouponAppliedOnSubscriptionRenew"": false}"
96ca3463-f77d-46f7-bc4c-2540fa579a1a,6a14dbe9-1563-42ce-b0d1-b82eeb92a219,,5997.0,2026-09-27T06:52:34Z,2026-12-27T06:52:34Z,0,order_Tgy7kG6HckpD6f,03e58770-76d5-4434-9934-ea1d64e4096f,ACTIVE,,upi,,"{""discount"": ""25%"", ""isNewPlan"": false, ""trialDays"": 30, ""toyProgram"": ""-"", ""planSavings"": 3597, ""planVersion"": ""v2"", ""trialAmount"": 99, ""trialApplied"": false, ""memberShipFees"": 0, ""bonusDeliveries"": 0, ""deliveryCharges"": 100, ""sameDayDelivery"": true, ""damageWaiverFees"": 999, ""maxBigToyAllowed"": 1, ""refundableDeposit"": 0, ""moneyBackGuarantee"": 30, ""effectiveCostPerMonth"": 1999, ""membershipFeesApplied"": false, ""securityDepositApplied"": false, ""totalKeepCountPerMonth"": 3, ""damageWaiverFeesApplied"": true, ""isUnlimitedFreeDelivery"": false, ""maxToyHoldingValueAllowed"": 35000, ""totalFreeDeliveryPerMonth"": 12, ""actualChargesForMemberShipFees"": 0, ""actualChargesForSecurityDeposit"": 0, ""actualChargesForDamageWaiverFees"": 999}",ONE_TIME,2026-09-27T06:52:11.171Z,2026-09-27T06:52:34.341Z,c28b3b76-4294-4afa-b5d8-290e17cb5c1e,"{""deviceType"": ""MOBILE"", ""gstApplied"": true, ""promoCodeId"": ""payment_provider_4e8e8a3c3b9353b77a614ad70ffc2bae"", ""paymentNotes"": {""userId"": ""6a14dbe9-1563-42ce-b0d1-b82eeb92a219"", ""subscriptionType"": ""ONE_TIME"", ""subscriptionPlanId"": ""03e58770-76d5-4434-9934-ea1d64e4096f""}, ""gstPercentage"": 18, ""membershipData"": {""amount"": 0, ""isMembershipFee"": true}, ""priceBreakdown"": {""basePrice"": 5997, ""gstAmount"": 1260, ""couponCode"": ""FLAT4500KAK"", ""finalPrice"": 4500, ""couponPercent"": null, ""proRataCredit"": null, ""couponDiscount"": 3756, ""membershipFees"": 0, ""securityDeposit"": 0, ""damageWaiverFees"": 999}, ""isRecurringInit"": false, ""paymentProvider"": ""RAZOR_PAY"", ""userTrialApplied"": false, ""securityDepositData"": {""securityDepositApplied"": false}, ""isTrialPeriodExpired"": true, ""merchantTransactionId"": ""order_Tgy7kG6HckpD6f"", ""userDamageWaiverFeesApplied"": true}",,,,,,{},[],"{""couponId"": ""c28b3b76-4294-4afa-b5d8-290e17cb5c1e"", ""couponAppliedStatus"": ""PENDING"", ""isCouponAppliedOnSubscriptionRenew"": false}"
16040374-0ea4-4538-bf98-799206a94396,ddf3c2fa-bf75-44b0-9a43-45989d6702bf,,5997.0,2026-09-27T07:33:22Z,2026-12-27T07:33:22Z,0,order_TgABYVkJ1WVwhV,03e58770-76d5-4434-9934-ea1d64e4096f,ACTIVE,,upi,,"{""discount"": ""25%"", ""isNewPlan"": false, ""trialDays"": 30, ""toyProgram"": ""-"", ""planSavings"": 3597, ""planVersion"": ""v2"", ""trialAmount"": 99, ""trialApplied"": false, ""memberShipFees"": 0, ""bonusDeliveries"": 0, ""deliveryCharges"": 100, ""sameDayDelivery"": true, ""damageWaiverFees"": 999, ""maxBigToyAllowed"": 1, ""refundableDeposit"": 0, ""moneyBackGuarantee"": 30, ""effectiveCostPerMonth"": 1999, ""membershipFeesApplied"": false, ""securityDepositApplied"": false, ""totalKeepCountPerMonth"": 3, ""damageWaiverFeesApplied"": true, ""isUnlimitedFreeDelivery"": false, ""maxToyHoldingValueAllowed"": 35000, ""totalFreeDeliveryPerMonth"": 12, ""actualChargesForMemberShipFees"": 0, ""actualChargesForSecurityDeposit"": 0, ""actualChargesForDamageWaiverFees"": 999}",ONE_TIME,2026-09-25T06:01:06.896Z,2026-09-27T07:33:22.473Z,eea9fa0e-0ba1-4a66-bd4e-3c9ab018620e,"{""deviceType"": ""MOBILE"", ""gstApplied"": true, ""promoCodeId"": ""payment_provider_461c1537ddd8d4fb2123c7b1c0e6835f"", ""paymentNotes"": {""userId"": ""ddf3c2fa-bf75-44b0-9a43-45989d6702bf"", ""subscriptionType"": ""ONE_TIME"", ""subscriptionPlanId"": ""03e58770-76d5-4434-9934-ea1d64e4096f""}, ""gstPercentage"": 18, ""membershipData"": {""amount"": 0, ""isMembershipFee"": true}, ""priceBreakdown"": {""basePrice"": 5997, ""gstAmount"": 1260, ""couponCode"": ""FLAT5K"", ""finalPrice"": 5000, ""couponPercent"": null, ""proRataCredit"": null, ""couponDiscount"": 3256, ""membershipFees"": 0, ""securityDeposit"": 0, ""damageWaiverFees"": 999}, ""isRecurringInit"": false, ""paymentProvider"": ""RAZOR_PAY"", ""userTrialApplied"": false, ""securityDepositData"": {""securityDepositApplied"": false}, ""isTrialPeriodExpired"": true, ""merchantTransactionId"": ""order_TgABYVkJ1WVwhV"", ""userDamageWaiverFeesApplied"": true}",,,,,,{},[],"{""couponId"": ""eea9fa0e-0ba1-4a66-bd4e-3c9ab018620e"", ""couponAppliedStatus"": ""PENDING"", ""isCouponAppliedOnSubscriptionRenew"": false}"
25d2d197-a12d-4059-960e-2fd4a4d4bb34,fe9d813b-81ec-44a0-bb2a-b4222460440a,pay_TgvI47KHmFP3T0,7188.0,2026-09-27T07:46:40Z,2027-09-27T07:46:40Z,0,assigned_435568ced33f30690afbe2814f81ee0a,55374b75-5e96-4a3e-9c28-d984967a554d,ACTIVE,,other,,"{""discount"": ""25%"", ""isNewPlan"": false, ""pricePaid"": 2000, ""trialDays"": 0, ""toyProgram"": ""-"", ""planSavings"": 3597, ""planVersion"": ""v2"", ""trialAmount"": 99, ""trialApplied"": false, ""memberShipFees"": 0, ""bonusDeliveries"": 0, ""deliveryCharges"": 100, ""sameDayDelivery"": false, ""damageWaiverFees"": 999, ""maxBigToyAllowed"": 0, ""refundableDeposit"": 0, ""memberShipFeesPaid"": 0, ""moneyBackGuarantee"": 14, ""effectiveCostPerMonth"": 599, ""membershipFeesApplied"": false, ""refundableDepositPaid"": 0, ""planPriceDiscountAdmin"": 0, ""securityDepositApplied"": false, ""totalKeepCountPerMonth"": 2, ""damageWaiverFeesApplied"": true, ""isUnlimitedFreeDelivery"": false, ""membershipDiscountAdmin"": 0, ""maxToyHoldingValueAllowed"": 35000, ""totalFreeDeliveryPerMonth"": 12, ""actualChargesForMemberShipFees"": 0, ""refundableDepositDiscountAdmin"": 0, ""actualChargesForSecurityDeposit"": 0, ""actualChargesForDamageWaiverFees"": 999}",ASSIGNED,2026-09-27T07:46:40.955Z,2026-09-27T07:49:45.176Z,,"{""note"": ""Assigned from Google Sheet"", ""amount"": 0, ""gstApplied"": true, ""paymentDate"": ""2026-09-27T13:16:40+05:30"", ""gstPercentage"": 18, ""membershipData"": {""amount"": 0, ""isMembershipFee"": true}, ""priceBreakdown"": {""basePrice"": 7188, ""gstAmount"": 1474, ""couponCode"": null, ""finalPrice"": 9661, ""couponPercent"": null, ""proRataCredit"": 0, ""couponDiscount"": 0, ""membershipFees"": 0, ""securityDeposit"": 0, ""damageWaiverFees"": 999}, ""userTrialApplied"": false, ""isTrialPeriodExpired"": true, ""userDamageWaiverFeesApplied"": true}",,,,,,{},[],{}
76c80915-6099-4e87-8019-677b0e7896d8,c629799c-51f9-4265-80d1-8dcf6b39b742,,15588.0,2026-09-27T07:35:32Z,2027-09-27T07:35:32Z,0,order_TgypxLFJ5FgGj5,26a25589-5532-4f28-b820-1b6c7894c4fd,ACTIVE,,upi,,"{""discount"": ""25%"", ""isNewPlan"": false, ""trialDays"": 30, ""toyProgram"": ""-"", ""planSavings"": 3597, ""planVersion"": ""v2"", ""trialAmount"": 999, ""trialApplied"": false, ""memberShipFees"": 0, ""bonusDeliveries"": 0, ""deliveryCharges"": 100, ""sameDayDelivery"": true, ""damageWaiverFees"": 999, ""maxBigToyAllowed"": 1, ""refundableDeposit"": 0, ""moneyBackGuarantee"": 30, ""effectiveCostPerMonth"": 1299, ""membershipFeesApplied"": false, ""securityDepositApplied"": false, ""totalKeepCountPerMonth"": 3, ""damageWaiverFeesApplied"": true, ""isUnlimitedFreeDelivery"": true, ""maxToyHoldingValueAllowed"": 120000, ""totalFreeDeliveryPerMonth"": 0, ""actualChargesForMemberShipFees"": 0, ""actualChargesForSecurityDeposit"": 0, ""actualChargesForDamageWaiverFees"": 999}",ONE_TIME,2026-09-27T07:34:02.378Z,2026-09-27T07:35:32.691Z,ceb8e263-b939-45c4-91e5-429e57c0c65f,"{""deviceType"": ""MOBILE"", ""gstApplied"": true, ""promoCodeId"": ""payment_provider_0205f5e0cc86d5ccc0a6b301e471fb26"", ""paymentNotes"": {""userId"": ""c629799c-51f9-4265-80d1-8dcf6b39b742"", ""subscriptionType"": ""ONE_TIME"", ""subscriptionPlanId"": ""26a25589-5532-4f28-b820-1b6c7894c4fd""}, ""gstPercentage"": 18, ""membershipData"": {""amount"": 0, ""isMembershipFee"": true}, ""priceBreakdown"": {""basePrice"": 15588, ""gstAmount"": 1583, ""couponCode"": ""AL502026"", ""finalPrice"": 10376, ""couponPercent"": 50, ""proRataCredit"": null, ""couponDiscount"": 7794, ""membershipFees"": 0, ""securityDeposit"": 0, ""damageWaiverFees"": 999}, ""isRecurringInit"": false, ""paymentProvider"": ""RAZOR_PAY"", ""userTrialApplied"": false, ""securityDepositData"": {""securityDepositApplied"": false}, ""isTrialPeriodExpired"": true, ""merchantTransactionId"": ""order_TgypxLFJ5FgGj5"", ""userDamageWaiverFeesApplied"": true}",,,,,,{},[],"{""couponId"": ""ceb8e263-b939-45c4-91e5-429e57c0c65f"", ""couponAppliedStatus"": ""PENDING"", ""isCouponAppliedOnSubscriptionRenew"": false}"
5af8f92d-dee6-42ca-ab21-46b00b4519aa,687f62f5-c3e4-4852-93fc-7f9027b90bef,pay_Tgu8NDgp7KGY5y,7188.0,2026-09-27T07:58:51Z,2027-09-27T07:58:51Z,0,assigned_b5472fa76f9eff464175d21364d4d38b,55374b75-5e96-4a3e-9c28-d984967a554d,ACTIVE,,other,,"{""discount"": ""25%"", ""isNewPlan"": false, ""pricePaid"": 2360, ""trialDays"": 0, ""toyProgram"": ""-"", ""planSavings"": 3597, ""planVersion"": ""v2"", ""trialAmount"": 99, ""trialApplied"": false, ""memberShipFees"": 0, ""bonusDeliveries"": 0, ""deliveryCharges"": 100, ""sameDayDelivery"": false, ""damageWaiverFees"": 999, ""maxBigToyAllowed"": 0, ""refundableDeposit"": 0, ""memberShipFeesPaid"": 0, ""moneyBackGuarantee"": 14, ""effectiveCostPerMonth"": 599, ""membershipFeesApplied"": false, ""refundableDepositPaid"": 0, ""planPriceDiscountAdmin"": 0, ""securityDepositApplied"": false, ""totalKeepCountPerMonth"": 2, ""damageWaiverFeesApplied"": true, ""isUnlimitedFreeDelivery"": false, ""membershipDiscountAdmin"": 0, ""maxToyHoldingValueAllowed"": 35000, ""totalFreeDeliveryPerMonth"": 12, ""actualChargesForMemberShipFees"": 0, ""refundableDepositDiscountAdmin"": 0, ""actualChargesForSecurityDeposit"": 0, ""actualChargesForDamageWaiverFees"": 999}",ASSIGNED,2026-09-27T07:58:51.422Z,2026-09-27T08:03:10.982Z,,"{""note"": ""Assigned from Google Sheet"", ""amount"": 0, ""gstApplied"": true, ""paymentDate"": ""2026-09-27T13:28:51+05:30"", ""gstPercentage"": 18, ""membershipData"": {""amount"": 0, ""isMembershipFee"": true}, ""priceBreakdown"": {""basePrice"": 7188, ""gstAmount"": 1474, ""couponCode"": null, ""finalPrice"": 9661, ""couponPercent"": null, ""proRataCredit"": 0, ""couponDiscount"": 0, ""membershipFees"": 0, ""securityDeposit"": 0, ""damageWaiverFees"": 999}, ""userTrialApplied"": false, ""isTrialPeriodExpired"": true, ""userDamageWaiverFeesApplied"": true}",,,,,,{},[],{}
f038914b-5bc0-44b0-909b-1ea29aa6e39b,d71089c9-c87f-420a-b578-0a41a9f66fd8,pay_Tgv6KtBxOgI0Uz,7188.0,2026-09-27T07:54:35Z,2027-09-27T07:54:35Z,0,assigned_88c55c976d69b5bf4c1739c6616e7fb2,55374b75-5e96-4a3e-9c28-d984967a554d,ACTIVE,,other,,"{""discount"": ""25%"", ""isNewPlan"": false, ""pricePaid"": 2360, ""trialDays"": 0, ""toyProgram"": ""-"", ""planSavings"": 3597, ""planVersion"": ""v2"", ""trialAmount"": 99, ""trialApplied"": false, ""memberShipFees"": 0, ""bonusDeliveries"": 0, ""deliveryCharges"": 100, ""sameDayDelivery"": false, ""damageWaiverFees"": 999, ""maxBigToyAllowed"": 0, ""refundableDeposit"": 0, ""memberShipFeesPaid"": 0, ""moneyBackGuarantee"": 14, ""effectiveCostPerMonth"": 599, ""membershipFeesApplied"": false, ""refundableDepositPaid"": 0, ""planPriceDiscountAdmin"": 0, ""securityDepositApplied"": false, ""totalKeepCountPerMonth"": 2, ""damageWaiverFeesApplied"": true, ""isUnlimitedFreeDelivery"": false, ""membershipDiscountAdmin"": 0, ""maxToyHoldingValueAllowed"": 35000, ""totalFreeDeliveryPerMonth"": 12, ""actualChargesForMemberShipFees"": 0, ""refundableDepositDiscountAdmin"": 0, ""actualChargesForSecurityDeposit"": 0, ""actualChargesForDamageWaiverFees"": 999}",ASSIGNED,2026-09-27T07:54:35.492Z,2026-09-27T07:56:29.019Z,,"{""note"": ""Assigned from Google Sheet"", ""amount"": 0, ""gstApplied"": true, ""paymentDate"": ""2026-09-27T13:24:35+05:30"", ""gstPercentage"": 18, ""membershipData"": {""amount"": 0, ""isMembershipFee"": true}, ""priceBreakdown"": {""basePrice"": 7188, ""gstAmount"": 1474, ""couponCode"": null, ""finalPrice"": 9661, ""couponPercent"": null, ""proRataCredit"": 0, ""couponDiscount"": 0, ""membershipFees"": 0, ""securityDeposit"": 0, ""damageWaiverFees"": 999}, ""userTrialApplied"": false, ""isTrialPeriodExpired"": true, ""userDamageWaiverFeesApplied"": true}",,,,,,{},[],{}
e5db8d8b-2308-410b-8c4a-075b6fabdf27,3d82e80b-c2dd-4ae3-a289-8c3ed5bbae31,,15588.0,2026-09-27T09:12:09Z,2027-09-27T09:12:09Z,0,order_TgXD0o5MKjbUHP,26a25589-5532-4f28-b820-1b6c7894c4fd,ACTIVE,,card,,"{""discount"": ""25%"", ""isNewPlan"": false, ""trialDays"": 30, ""toyProgram"": ""-"", ""planSavings"": 3597, ""planVersion"": ""v2"", ""trialAmount"": 999, ""trialApplied"": false, ""memberShipFees"": 0, ""bonusDeliveries"": 0, ""deliveryCharges"": 100, ""sameDayDelivery"": true, ""damageWaiverFees"": 999, ""maxBigToyAllowed"": 1, ""refundableDeposit"": 0, ""moneyBackGuarantee"": 30, ""effectiveCostPerMonth"": 1299, ""membershipFeesApplied"": false, ""securityDepositApplied"": false, ""totalKeepCountPerMonth"": 3, ""damageWaiverFeesApplied"": true, ""isUnlimitedFreeDelivery"": true, ""maxToyHoldingValueAllowed"": 120000, ""totalFreeDeliveryPerMonth"": 0, ""actualChargesForMemberShipFees"": 0, ""actualChargesForSecurityDeposit"": 0, ""actualChargesForDamageWaiverFees"": 999}",ONE_TIME,2026-09-26T04:32:26.764Z,2026-09-27T09:12:09.98Z,c6399045-ae57-4a97-b6d4-69dd768bd1d1,"{""deviceType"": ""MOBILE"", ""gstApplied"": true, ""promoCodeId"": ""payment_provider_05af293eb83f6034ab6f3fcf8a2d0816"", ""paymentNotes"": {""userId"": ""3d82e80b-c2dd-4ae3-a289-8c3ed5bbae31"", ""subscriptionType"": ""ONE_TIME"", ""subscriptionPlanId"": ""26a25589-5532-4f28-b820-1b6c7894c4fd""}, ""gstPercentage"": 18, ""membershipData"": {""amount"": 0, ""isMembershipFee"": true}, ""priceBreakdown"": {""basePrice"": 15588, ""gstAmount"": 2986, ""couponCode"": ""GANESHA"", ""finalPrice"": 13573, ""couponPercent"": null, ""proRataCredit"": null, ""couponDiscount"": 6000, ""membershipFees"": 0, ""securityDeposit"": 0, ""damageWaiverFees"": 999}, ""isRecurringInit"": false, ""paymentProvider"": ""RAZOR_PAY"", ""userTrialApplied"": false, ""securityDepositData"": {""securityDepositApplied"": false}, ""isTrialPeriodExpired"": true, ""merchantTransactionId"": ""order_TgXD0o5MKjbUHP"", ""userDamageWaiverFeesApplied"": true}",,,,,,{},[],"{""couponId"": ""c6399045-ae57-4a97-b6d4-69dd768bd1d1"", ""couponAppliedStatus"": ""PENDING"", ""isCouponAppliedOnSubscriptionRenew"": false}"
f2b4f788-a0df-4607-a959-f83ff7eeabec,4d642776-fc4e-4df1-8f8a-b4a6ae3c4bf6,pay_TguPaXo6Sm3rVE,7188.0,2026-09-27T07:57:58Z,2027-09-27T07:57:58Z,0,assigned_5f9161f10b58e2c43ae027dbb8ba44a0,55374b75-5e96-4a3e-9c28-d984967a554d,ACTIVE,,other,,"{""discount"": ""25%"", ""isNewPlan"": false, ""pricePaid"": 2360, ""trialDays"": 0, ""toyProgram"": ""-"", ""planSavings"": 3597, ""planVersion"": ""v2"", ""trialAmount"": 99, ""trialApplied"": false, ""memberShipFees"": 0, ""bonusDeliveries"": 0, ""deliveryCharges"": 100, ""sameDayDelivery"": false, ""damageWaiverFees"": 999, ""maxBigToyAllowed"": 0, ""refundableDeposit"": 0, ""memberShipFeesPaid"": 0, ""moneyBackGuarantee"": 14, ""effectiveCostPerMonth"": 599, ""membershipFeesApplied"": false, ""refundableDepositPaid"": 0, ""planPriceDiscountAdmin"": 0, ""securityDepositApplied"": false, ""totalKeepCountPerMonth"": 2, ""damageWaiverFeesApplied"": true, ""isUnlimitedFreeDelivery"": false, ""membershipDiscountAdmin"": 0, ""maxToyHoldingValueAllowed"": 35000, ""totalFreeDeliveryPerMonth"": 12, ""actualChargesForMemberShipFees"": 0, ""refundableDepositDiscountAdmin"": 0, ""actualChargesForSecurityDeposit"": 0, ""actualChargesForDamageWaiverFees"": 999}",ASSIGNED,2026-09-27T07:57:58.112Z,2026-09-27T08:01:19.307Z,,"{""note"": ""Assigned from Google Sheet"", ""amount"": 0, ""gstApplied"": true, ""paymentDate"": ""2026-09-27T13:27:58+05:30"", ""gstPercentage"": 18, ""membershipData"": {""amount"": 0, ""isMembershipFee"": true}, ""priceBreakdown"": {""basePrice"": 7188, ""gstAmount"": 1474, ""couponCode"": null, ""finalPrice"": 9661, ""couponPercent"": null, ""proRataCredit"": 0, ""couponDiscount"": 0, ""membershipFees"": 0, ""securityDeposit"": 0, ""damageWaiverFees"": 999}, ""userTrialApplied"": false, ""isTrialPeriodExpired"": true, ""userDamageWaiverFeesApplied"": true}",,,,,,{},[],{}
f10184dd-cb98-478b-b515-67fb628af8f5,b2c99de3-916c-4d5d-8f9f-b58ae6dc91e5,pay_TguTtTsn93FWdm,7188.0,2026-09-27T07:56:26Z,2027-09-27T07:56:26Z,0,assigned_db7882aaad4bffbeb3769af879fff515,55374b75-5e96-4a3e-9c28-d984967a554d,ACTIVE,,other,,"{""discount"": ""25%"", ""isNewPlan"": false, ""pricePaid"": 2360, ""trialDays"": 0, ""toyProgram"": ""-"", ""planSavings"": 3597, ""planVersion"": ""v2"", ""trialAmount"": 99, ""trialApplied"": false, ""memberShipFees"": 0, ""bonusDeliveries"": 0, ""deliveryCharges"": 100, ""sameDayDelivery"": false, ""damageWaiverFees"": 999, ""maxBigToyAllowed"": 0, ""refundableDeposit"": 0, ""memberShipFeesPaid"": 0, ""moneyBackGuarantee"": 14, ""effectiveCostPerMonth"": 599, ""membershipFeesApplied"": false, ""refundableDepositPaid"": 0, ""planPriceDiscountAdmin"": 0, ""securityDepositApplied"": false, ""totalKeepCountPerMonth"": 2, ""damageWaiverFeesApplied"": true, ""isUnlimitedFreeDelivery"": false, ""membershipDiscountAdmin"": 0, ""maxToyHoldingValueAllowed"": 35000, ""totalFreeDeliveryPerMonth"": 12, ""actualChargesForMemberShipFees"": 0, ""refundableDepositDiscountAdmin"": 0, ""actualChargesForSecurityDeposit"": 0, ""actualChargesForDamageWaiverFees"": 999}",ASSIGNED,2026-09-27T07:56:26.319Z,2026-09-27T08:01:40.549Z,,"{""note"": ""Assigned from Google Sheet"", ""amount"": 0, ""gstApplied"": true, ""paymentDate"": ""2026-09-27T13:26:26+05:30"", ""gstPercentage"": 18, ""membershipData"": {""amount"": 0, ""isMembershipFee"": true}, ""priceBreakdown"": {""basePrice"": 7188, ""gstAmount"": 1474, ""couponCode"": null, ""finalPrice"": 9661, ""couponPercent"": null, ""proRataCredit"": 0, ""couponDiscount"": 0, ""membershipFees"": 0, ""securityDeposit"": 0, ""damageWaiverFees"": 999}, ""userTrialApplied"": false, ""isTrialPeriodExpired"": true, ""userDamageWaiverFeesApplied"": true}",,,,,,{},[],{}
e2d2df2e-08b0-493b-bf5f-7c5fff11a06c,9bbcc2e4-0d83-44bc-b8f7-23b1ff1954fe,pay_TgtCgoMzjghGop,7188.0,2026-09-27T08:00:21Z,2027-09-27T08:00:21Z,0,assigned_4ba0428cce427b281c32a1e94f5ffa82,55374b75-5e96-4a3e-9c28-d984967a554d,ACTIVE,,other,,"{""discount"": ""25%"", ""isNewPlan"": false, ""pricePaid"": 2360, ""trialDays"": 0, ""toyProgram"": ""-"", ""planSavings"": 3597, ""planVersion"": ""v2"", ""trialAmount"": 99, ""trialApplied"": false, ""memberShipFees"": 0, ""bonusDeliveries"": 0, ""deliveryCharges"": 100, ""sameDayDelivery"": false, ""damageWaiverFees"": 999, ""maxBigToyAllowed"": 0, ""refundableDeposit"": 0, ""memberShipFeesPaid"": 0, ""moneyBackGuarantee"": 14, ""effectiveCostPerMonth"": 599, ""membershipFeesApplied"": false, ""refundableDepositPaid"": 0, ""planPriceDiscountAdmin"": 0, ""securityDepositApplied"": false, ""totalKeepCountPerMonth"": 2, ""damageWaiverFeesApplied"": true, ""isUnlimitedFreeDelivery"": false, ""membershipDiscountAdmin"": 0, ""maxToyHoldingValueAllowed"": 35000, ""totalFreeDeliveryPerMonth"": 12, ""actualChargesForMemberShipFees"": 0, ""refundableDepositDiscountAdmin"": 0, ""actualChargesForSecurityDeposit"": 0, ""actualChargesForDamageWaiverFees"": 999}",ASSIGNED,2026-09-27T08:00:21.472Z,2026-09-27T08:02:18.05Z,,"{""note"": ""Assigned from Google Sheet"", ""amount"": 0, ""gstApplied"": true, ""paymentDate"": ""2026-09-27T13:30:21+05:30"", ""gstPercentage"": 18, ""membershipData"": {""amount"": 0, ""isMembershipFee"": true}, ""priceBreakdown"": {""basePrice"": 7188, ""gstAmount"": 1474, ""couponCode"": null, ""finalPrice"": 9661, ""couponPercent"": null, ""proRataCredit"": 0, ""couponDiscount"": 0, ""membershipFees"": 0, ""securityDeposit"": 0, ""damageWaiverFees"": 999}, ""userTrialApplied"": false, ""isTrialPeriodExpired"": true, ""userDamageWaiverFeesApplied"": true}",,,,,,{},[],{}
0ceade06-25c5-40fd-a749-2435f8e94d3b,f23adcc7-8f39-4309-9766-fc3f4622087f,pay_Tgu3aeO9jn5VaB,7188.0,2026-09-27T07:59:44Z,2027-09-27T07:59:44Z,0,assigned_156d8e3992df5a77624e9fc737d2367c,55374b75-5e96-4a3e-9c28-d984967a554d,ACTIVE,,other,,"{""discount"": ""25%"", ""isNewPlan"": false, ""pricePaid"": 2360, ""trialDays"": 0, ""toyProgram"": ""-"", ""planSavings"": 3597, ""planVersion"": ""v2"", ""trialAmount"": 99, ""trialApplied"": false, ""memberShipFees"": 0, ""bonusDeliveries"": 0, ""deliveryCharges"": 100, ""sameDayDelivery"": false, ""damageWaiverFees"": 999, ""maxBigToyAllowed"": 0, ""refundableDeposit"": 0, ""memberShipFeesPaid"": 0, ""moneyBackGuarantee"": 14, ""effectiveCostPerMonth"": 599, ""membershipFeesApplied"": false, ""refundableDepositPaid"": 0, ""planPriceDiscountAdmin"": 0, ""securityDepositApplied"": false, ""totalKeepCountPerMonth"": 2, ""damageWaiverFeesApplied"": true, ""isUnlimitedFreeDelivery"": false, ""membershipDiscountAdmin"": 0, ""maxToyHoldingValueAllowed"": 35000, ""totalFreeDeliveryPerMonth"": 12, ""actualChargesForMemberShipFees"": 0, ""refundableDepositDiscountAdmin"": 0, ""actualChargesForSecurityDeposit"": 0, ""actualChargesForDamageWaiverFees"": 999}",ASSIGNED,2026-09-27T07:59:44.526Z,2026-09-27T08:02:43.62Z,,"{""note"": ""Assigned from Google Sheet"", ""amount"": 0, ""gstApplied"": true, ""paymentDate"": ""2026-09-27T13:29:44+05:30"", ""gstPercentage"": 18, ""membershipData"": {""amount"": 0, ""isMembershipFee"": true}, ""priceBreakdown"": {""basePrice"": 7188, ""gstAmount"": 1474, ""couponCode"": null, ""finalPrice"": 9661, ""couponPercent"": null, ""proRataCredit"": 0, ""couponDiscount"": 0, ""membershipFees"": 0, ""securityDeposit"": 0, ""damageWaiverFees"": 999}, ""userTrialApplied"": false, ""isTrialPeriodExpired"": true, ""userDamageWaiverFeesApplied"": true}",,,,,,{},[],{}
fd887d67-7d20-4299-8633-06877e302795,a19ab465-1ea3-45e2-9f2d-d4e6b82fb750,,15588.0,2026-09-27T08:12:03Z,2027-09-27T08:12:03Z,0,order_TgzPt4910E2nsq,26a25589-5532-4f28-b820-1b6c7894c4fd,ACTIVE,,emi,,"{""discount"": ""25%"", ""isNewPlan"": false, ""trialDays"": 30, ""toyProgram"": ""-"", ""planSavings"": 3597, ""planVersion"": ""v2"", ""trialAmount"": 999, ""trialApplied"": false, ""memberShipFees"": 0, ""bonusDeliveries"": 0, ""deliveryCharges"": 100, ""sameDayDelivery"": true, ""damageWaiverFees"": 999, ""maxBigToyAllowed"": 1, ""refundableDeposit"": 0, ""moneyBackGuarantee"": 30, ""effectiveCostPerMonth"": 1299, ""membershipFeesApplied"": false, ""securityDepositApplied"": false, ""totalKeepCountPerMonth"": 3, ""damageWaiverFeesApplied"": true, ""isUnlimitedFreeDelivery"": true, ""maxToyHoldingValueAllowed"": 120000, ""totalFreeDeliveryPerMonth"": 0, ""actualChargesForMemberShipFees"": 0, ""actualChargesForSecurityDeposit"": 0, ""actualChargesForDamageWaiverFees"": 999}",ONE_TIME,2026-09-27T08:08:03.272Z,2026-09-27T08:12:07.521Z,92bbb782-f387-466e-88c3-1d2291ecddf9,"{""deviceType"": ""MOBILE"", ""gstApplied"": true, ""promoCodeId"": ""payment_provider_0ca5eaf65d0b7293ed5c1279f5a0aeb9"", ""paymentNotes"": {""userId"": ""a19ab465-1ea3-45e2-9f2d-d4e6b82fb750"", ""subscriptionType"": ""ONE_TIME"", ""subscriptionPlanId"": ""26a25589-5532-4f28-b820-1b6c7894c4fd""}, ""gstPercentage"": 18, ""membershipData"": {""amount"": 0, ""isMembershipFee"": true}, ""priceBreakdown"": {""basePrice"": 15588, ""gstAmount"": 1864, ""couponCode"": ""HTELEFANT2026"", ""finalPrice"": 12215, ""couponPercent"": 40, ""proRataCredit"": null, ""couponDiscount"": 6236, ""membershipFees"": 0, ""securityDeposit"": 0, ""damageWaiverFees"": 999}, ""isRecurringInit"": false, ""paymentProvider"": ""RAZOR_PAY"", ""userTrialApplied"": false, ""securityDepositData"": {""securityDepositApplied"": false}, ""isTrialPeriodExpired"": true, ""merchantTransactionId"": ""order_TgzPt4910E2nsq"", ""userDamageWaiverFeesApplied"": true}",,,,,,{},[],"{""couponId"": ""92bbb782-f387-466e-88c3-1d2291ecddf9"", ""couponAppliedStatus"": ""PENDING"", ""isCouponAppliedOnSubscriptionRenew"": false}"
c6480628-09cb-41ee-9ebe-1393fb58763a,f3b750a5-2dd5-4e78-9731-66c71f896fc1,,15588.0,2026-09-27T08:23:12Z,2027-09-27T08:23:12Z,0,order_TgKGXDoxZCo3d0,26a25589-5532-4f28-b820-1b6c7894c4fd,ACTIVE,,card,,"{""discount"": ""25%"", ""isNewPlan"": false, ""trialDays"": 30, ""toyProgram"": ""-"", ""planSavings"": 3597, ""planVersion"": ""v2"", ""trialAmount"": 999, ""trialApplied"": false, ""memberShipFees"": 0, ""bonusDeliveries"": 0, ""deliveryCharges"": 100, ""sameDayDelivery"": true, ""damageWaiverFees"": 999, ""maxBigToyAllowed"": 1, ""refundableDeposit"": 0, ""moneyBackGuarantee"": 30, ""effectiveCostPerMonth"": 1299, ""membershipFeesApplied"": false, ""planPriceDiscountAdmin"": -1099001, ""securityDepositApplied"": false, ""totalKeepCountPerMonth"": 3, ""damageWaiverFeesApplied"": true, ""isUnlimitedFreeDelivery"": true, ""maxToyHoldingValueAllowed"": 120000, ""totalFreeDeliveryPerMonth"": 0, ""actualChargesForMemberShipFees"": 0, ""actualChargesForSecurityDeposit"": 0, ""actualChargesForDamageWaiverFees"": 999}",ONE_TIME,2026-09-26T05:40:23.315Z,2026-09-27T08:23:12.108Z,,"{""amount"": 1100000, ""deviceType"": ""MOBILE"", ""gstApplied"": true, ""paymentNotes"": {""userId"": ""f3b750a5-2dd5-4e78-9731-66c71f896fc1"", ""paymentLinkId"": ""ff76f87b-93d3-484f-a3bd-3c044f1f139a"", ""subscriptionPlanId"": ""26a25589-5532-4f28-b820-1b6c7894c4fd""}, ""gstPercentage"": 18, ""paymentLinkId"": ""ff76f87b-93d3-484f-a3bd-3c044f1f139a"", ""membershipData"": {""amount"": 0, ""isMembershipFee"": false}, ""isRecurringInit"": false, ""paymentProvider"": ""RAZOR_PAY"", ""userTrialApplied"": false, ""securityDepositData"": {""amount"": 0, ""securityDepositApplied"": false}, ""isTrialPeriodExpired"": true, ""merchantTransactionId"": ""order_TgKGXDoxZCo3d0"", ""userDamageWaiverFeesApplied"": true}",,,,,,{},[],{}
465c2095-3ec5-4053-881f-685aafd944f3,76f64b99-fe5f-4f2a-9adc-4cd7463b3d57,,15588.0,2026-09-27T08:32:32Z,2027-09-27T08:32:32Z,0,order_Tgzo21biPUcuw0,26a25589-5532-4f28-b820-1b6c7894c4fd,ACTIVE,,cardless_emi,,"{""discount"": ""25%"", ""isNewPlan"": false, ""trialDays"": 30, ""toyProgram"": ""-"", ""planSavings"": 3597, ""planVersion"": ""v2"", ""trialAmount"": 999, ""trialApplied"": false, ""memberShipFees"": 0, ""bonusDeliveries"": 0, ""deliveryCharges"": 100, ""sameDayDelivery"": true, ""damageWaiverFees"": 999, ""maxBigToyAllowed"": 1, ""refundableDeposit"": 0, ""moneyBackGuarantee"": 30, ""effectiveCostPerMonth"": 1299, ""membershipFeesApplied"": false, ""securityDepositApplied"": false, ""totalKeepCountPerMonth"": 3, ""damageWaiverFeesApplied"": true, ""isUnlimitedFreeDelivery"": true, ""maxToyHoldingValueAllowed"": 120000, ""totalFreeDeliveryPerMonth"": 0, ""actualChargesForMemberShipFees"": 0, ""actualChargesForSecurityDeposit"": 0, ""actualChargesForDamageWaiverFees"": 999}",ONE_TIME,2026-09-27T08:30:54.673Z,2026-09-27T08:32:32.447Z,c6399045-ae57-4a97-b6d4-69dd768bd1d1,"{""deviceType"": ""MOBILE"", ""gstApplied"": true, ""promoCodeId"": ""payment_provider_05af293eb83f6034ab6f3fcf8a2d0816"", ""paymentNotes"": {""userId"": ""76f64b99-fe5f-4f2a-9adc-4cd7463b3d57"", ""subscriptionType"": ""ONE_TIME"", ""subscriptionPlanId"": ""26a25589-5532-4f28-b820-1b6c7894c4fd""}, ""gstPercentage"": 18, ""membershipData"": {""amount"": 0, ""isMembershipFee"": true}, ""priceBreakdown"": {""basePrice"": 15588, ""gstAmount"": 2986, ""couponCode"": ""GANESHA"", ""finalPrice"": 13573, ""couponPercent"": null, ""proRataCredit"": null, ""couponDiscount"": 6000, ""membershipFees"": 0, ""securityDeposit"": 0, ""damageWaiverFees"": 999}, ""isRecurringInit"": false, ""paymentProvider"": ""RAZOR_PAY"", ""userTrialApplied"": false, ""securityDepositData"": {""securityDepositApplied"": false}, ""isTrialPeriodExpired"": true, ""merchantTransactionId"": ""order_Tgzo21biPUcuw0"", ""userDamageWaiverFeesApplied"": true}",,,,,,{},[],"{""couponId"": ""c6399045-ae57-4a97-b6d4-69dd768bd1d1"", ""couponAppliedStatus"": ""PENDING"", ""isCouponAppliedOnSubscriptionRenew"": false}"
5d762ce1-f0dc-4f3c-92af-6f67f7823867,21505a70-54b6-4347-8de9-817414b5ffd5,,15588.0,2026-09-27T09:07:28Z,2027-09-27T09:07:28Z,0,order_TggpVYcH44rqaF,26a25589-5532-4f28-b820-1b6c7894c4fd,ACTIVE,,emi,,"{""discount"": ""25%"", ""isNewPlan"": false, ""trialDays"": 30, ""toyProgram"": ""-"", ""planSavings"": 3597, ""planVersion"": ""v2"", ""trialAmount"": 999, ""trialApplied"": false, ""memberShipFees"": 0, ""bonusDeliveries"": 0, ""deliveryCharges"": 100, ""sameDayDelivery"": true, ""damageWaiverFees"": 999, ""maxBigToyAllowed"": 1, ""refundableDeposit"": 0, ""moneyBackGuarantee"": 30, ""effectiveCostPerMonth"": 1299, ""membershipFeesApplied"": false, ""securityDepositApplied"": false, ""totalKeepCountPerMonth"": 3, ""damageWaiverFeesApplied"": true, ""isUnlimitedFreeDelivery"": true, ""maxToyHoldingValueAllowed"": 120000, ""totalFreeDeliveryPerMonth"": 0, ""actualChargesForMemberShipFees"": 0, ""actualChargesForSecurityDeposit"": 0, ""actualChargesForDamageWaiverFees"": 999}",ONE_TIME,2026-09-26T13:57:07.859Z,2026-09-27T09:07:29.018Z,4f267a61-b236-4cae-9056-84c7761efeb6,"{""deviceType"": ""MOBILE"", ""gstApplied"": true, ""promoCodeId"": ""payment_provider_03519e3c3491068f82b440bd564c6d42"", ""paymentNotes"": {""userId"": ""21505a70-54b6-4347-8de9-817414b5ffd5"", ""subscriptionType"": ""ONE_TIME"", ""subscriptionPlanId"": ""26a25589-5532-4f28-b820-1b6c7894c4fd""}, ""gstPercentage"": 18, ""membershipData"": {""amount"": 0, ""isMembershipFee"": true}, ""priceBreakdown"": {""basePrice"": 15588, ""gstAmount"": 2986, ""couponCode"": ""TOYJOY"", ""finalPrice"": 13573, ""couponPercent"": null, ""proRataCredit"": null, ""couponDiscount"": 6000, ""membershipFees"": 0, ""securityDeposit"": 0, ""damageWaiverFees"": 999}, ""isRecurringInit"": false, ""paymentProvider"": ""RAZOR_PAY"", ""userTrialApplied"": false, ""securityDepositData"": {""securityDepositApplied"": false}, ""isTrialPeriodExpired"": true, ""merchantTransactionId"": ""order_TggpVYcH44rqaF"", ""userDamageWaiverFeesApplied"": true}",,,,,,{},[],"{""couponId"": ""4f267a61-b236-4cae-9056-84c7761efeb6"", ""couponAppliedStatus"": ""PENDING"", ""isCouponAppliedOnSubscriptionRenew"": false}"
71f7e330-c198-4180-b57c-505bfc6da0a8,87e53a91-7b50-4651-af19-1d7f9eb49fbf,T2609271518102070546769,15588.0,2026-09-27T09:52:15Z,2027-09-27T09:52:15Z,0,assigned_1e93d981d464a31754e0b53c2752d91d,26a25589-5532-4f28-b820-1b6c7894c4fd,ACTIVE,,upi,,"{""discount"": ""25%"", ""isNewPlan"": false, ""pricePaid"": 11000, ""trialDays"": 30, ""toyProgram"": ""-"", ""planSavings"": 3597, ""planVersion"": ""v2"", ""trialAmount"": 999, ""trialApplied"": false, ""memberShipFees"": 0, ""bonusDeliveries"": 0, ""deliveryCharges"": 100, ""sameDayDelivery"": true, ""damageWaiverFees"": 999, ""maxBigToyAllowed"": 1, ""refundableDeposit"": 0, ""memberShipFeesPaid"": 0, ""moneyBackGuarantee"": 30, ""effectiveCostPerMonth"": 1299, ""membershipFeesApplied"": false, ""refundableDepositPaid"": 0, ""planPriceDiscountAdmin"": 0, ""securityDepositApplied"": false, ""totalKeepCountPerMonth"": 3, ""damageWaiverFeesApplied"": true, ""isUnlimitedFreeDelivery"": true, ""membershipDiscountAdmin"": 0, ""maxToyHoldingValueAllowed"": 120000, ""totalFreeDeliveryPerMonth"": 0, ""actualChargesForMemberShipFees"": 0, ""refundableDepositDiscountAdmin"": 0, ""actualChargesForSecurityDeposit"": 0, ""actualChargesForDamageWaiverFees"": 999}",ASSIGNED,2026-09-27T09:52:15.097Z,2026-09-27T09:52:15.097Z,,"{""note"": ""Assigned from Google Sheet"", ""amount"": 0, ""gstApplied"": true, ""paymentDate"": ""2026-09-27T15:22:15+05:30"", ""gstPercentage"": 18, ""membershipData"": {""amount"": 0, ""isMembershipFee"": true}, ""priceBreakdown"": {""basePrice"": 15588, ""gstAmount"": 2986, ""couponCode"": null, ""finalPrice"": 19573, ""couponPercent"": null, ""proRataCredit"": 0, ""couponDiscount"": 0, ""membershipFees"": 0, ""securityDeposit"": 0, ""damageWaiverFees"": 999}, ""userTrialApplied"": false, ""isTrialPeriodExpired"": true, ""userDamageWaiverFeesApplied"": true}",,,,,,{},[],{}
07dbd146-0aa3-449c-9d46-4d2cb20bf0ce,09f304e1-8d14-4ac1-86bd-deaf8fc8617a,,11988.0,2026-09-27T10:18:17Z,2027-09-27T10:18:17Z,0,order_TebVUjT7o0DNlq,018ecc0a-9846-4cb6-a008-9da2d9d699fd,ACTIVE,,upi,,"{""discount"": ""25%"", ""isNewPlan"": false, ""trialDays"": 30, ""toyProgram"": ""-"", ""planSavings"": 3597, ""planVersion"": ""v2"", ""trialAmount"": 99, ""trialApplied"": false, ""memberShipFees"": 0, ""bonusDeliveries"": 0, ""deliveryCharges"": 100, ""sameDayDelivery"": true, ""damageWaiverFees"": 999, ""maxBigToyAllowed"": 0, ""refundableDeposit"": 0, ""moneyBackGuarantee"": 30, ""effectiveCostPerMonth"": 999, ""membershipFeesApplied"": false, ""securityDepositApplied"": false, ""totalKeepCountPerMonth"": 3, ""damageWaiverFeesApplied"": true, ""isUnlimitedFreeDelivery"": false, ""maxToyHoldingValueAllowed"": 60000, ""totalFreeDeliveryPerMonth"": 40, ""actualChargesForMemberShipFees"": 0, ""actualChargesForSecurityDeposit"": 0, ""actualChargesForDamageWaiverFees"": 999}",ONE_TIME,2026-09-21T07:26:42.815Z,2026-09-27T10:18:18.006Z,a1195a23-b2a0-4864-81b0-f2062f1e7f90,"{""deviceType"": ""MOBILE"", ""gstApplied"": true, ""promoCodeId"": ""payment_provider_2e80c5ed5f2b9e53d37d00e6d6fa7334"", ""paymentNotes"": {""userId"": ""09f304e1-8d14-4ac1-86bd-deaf8fc8617a"", ""subscriptionType"": ""ONE_TIME"", ""subscriptionPlanId"": ""018ecc0a-9846-4cb6-a008-9da2d9d699fd""}, ""gstPercentage"": 18, ""membershipData"": {""amount"": 0, ""isMembershipFee"": true}, ""priceBreakdown"": {""basePrice"": 11988, ""gstAmount"": 1475, ""couponCode"": ""TOYJOY40"", ""finalPrice"": 9666, ""couponPercent"": 40, ""proRataCredit"": null, ""couponDiscount"": 4796, ""membershipFees"": 0, ""securityDeposit"": 0, ""damageWaiverFees"": 999}, ""isRecurringInit"": false, ""paymentProvider"": ""RAZOR_PAY"", ""userTrialApplied"": false, ""securityDepositData"": {""securityDepositApplied"": false}, ""isTrialPeriodExpired"": true, ""merchantTransactionId"": ""order_TebVUjT7o0DNlq"", ""userDamageWaiverFeesApplied"": true}",,,,,,{},[],"{""couponId"": ""a1195a23-b2a0-4864-81b0-f2062f1e7f90"", ""couponAppliedStatus"": ""PENDING"", ""isCouponAppliedOnSubscriptionRenew"": false}"
10716356-0d42-4ac8-ad35-05b11514a19f,25703aed-7f78-4853-8775-ee1d190baccf,,15588.0,2026-09-27T10:57:22Z,2027-09-27T10:57:22Z,0,order_Th2FoJDNYndNzx,26a25589-5532-4f28-b820-1b6c7894c4fd,ACTIVE,,cardless_emi,,"{""discount"": ""25%"", ""isNewPlan"": false, ""trialDays"": 30, ""toyProgram"": ""-"", ""planSavings"": 3597, ""planVersion"": ""v2"", ""trialAmount"": 999, ""trialApplied"": false, ""memberShipFees"": 0, ""bonusDeliveries"": 0, ""deliveryCharges"": 100, ""sameDayDelivery"": true, ""damageWaiverFees"": 999, ""maxBigToyAllowed"": 1, ""refundableDeposit"": 0, ""moneyBackGuarantee"": 30, ""effectiveCostPerMonth"": 1299, ""membershipFeesApplied"": false, ""securityDepositApplied"": false, ""totalKeepCountPerMonth"": 3, ""damageWaiverFeesApplied"": true, ""isUnlimitedFreeDelivery"": true, ""maxToyHoldingValueAllowed"": 120000, ""totalFreeDeliveryPerMonth"": 0, ""actualChargesForMemberShipFees"": 0, ""actualChargesForSecurityDeposit"": 0, ""actualChargesForDamageWaiverFees"": 999}",ONE_TIME,2026-09-27T10:54:35.749Z,2026-09-27T10:57:22.993Z,01e44bd5-f585-4ce5-a6a7-a6dd40de2334,"{""deviceType"": ""MOBILE"", ""gstApplied"": true, ""promoCodeId"": ""payment_provider_ff77eacfd6873255307a24ce752aacdb"", ""paymentNotes"": {""userId"": ""25703aed-7f78-4853-8775-ee1d190baccf"", ""subscriptionType"": ""ONE_TIME"", ""subscriptionPlanId"": ""26a25589-5532-4f28-b820-1b6c7894c4fd""}, ""gstPercentage"": 18, ""membershipData"": {""amount"": 0, ""isMembershipFee"": true}, ""priceBreakdown"": {""basePrice"": 15588, ""gstAmount"": 2986, ""couponCode"": ""FLAT12K"", ""finalPrice"": 12000, ""couponPercent"": null, ""proRataCredit"": null, ""couponDiscount"": 7573, ""membershipFees"": 0, ""securityDeposit"": 0, ""damageWaiverFees"": 999}, ""isRecurringInit"": false, ""paymentProvider"": ""RAZOR_PAY"", ""userTrialApplied"": false, ""securityDepositData"": {""securityDepositApplied"": false}, ""isTrialPeriodExpired"": true, ""merchantTransactionId"": ""order_Th2FoJDNYndNzx"", ""userDamageWaiverFeesApplied"": true}",,,,,,{},[],"{""couponId"": ""01e44bd5-f585-4ce5-a6a7-a6dd40de2334"", ""couponAppliedStatus"": ""PENDING"", ""isCouponAppliedOnSubscriptionRenew"": false}"
032030c3-e461-4dbf-bc33-b27962c686d9,8170646a-c955-440d-9a14-f6bdaa3d3666,627093890088,5997.0,2026-09-27T11:30:29Z,2026-12-27T11:30:29Z,0,assigned_137c9288602172ff01e30795b87bf585,03e58770-76d5-4434-9934-ea1d64e4096f,ACTIVE,,upi,,"{""discount"": ""25%"", ""isNewPlan"": false, ""pricePaid"": 5000, ""trialDays"": 30, ""toyProgram"": ""-"", ""planSavings"": 3597, ""planVersion"": ""v2"", ""trialAmount"": 99, ""trialApplied"": false, ""memberShipFees"": 0, ""bonusDeliveries"": 0, ""deliveryCharges"": 100, ""sameDayDelivery"": true, ""damageWaiverFees"": 999, ""maxBigToyAllowed"": 1, ""refundableDeposit"": 0, ""memberShipFeesPaid"": 0, ""moneyBackGuarantee"": 30, ""effectiveCostPerMonth"": 1999, ""membershipFeesApplied"": false, ""refundableDepositPaid"": 0, ""planPriceDiscountAdmin"": 0, ""securityDepositApplied"": false, ""totalKeepCountPerMonth"": 3, ""damageWaiverFeesApplied"": true, ""isUnlimitedFreeDelivery"": false, ""membershipDiscountAdmin"": 0, ""maxToyHoldingValueAllowed"": 35000, ""totalFreeDeliveryPerMonth"": 12, ""actualChargesForMemberShipFees"": 0, ""refundableDepositDiscountAdmin"": 0, ""actualChargesForSecurityDeposit"": 0, ""actualChargesForDamageWaiverFees"": 999}",ASSIGNED,2026-09-27T11:30:29.911Z,2026-09-27T11:30:29.911Z,,"{""note"": ""Assigned from Google Sheet"", ""amount"": 0, ""gstApplied"": true, ""paymentDate"": ""2026-09-27T17:00:29+05:30"", ""gstPercentage"": 18, ""membershipData"": {""amount"": 0, ""isMembershipFee"": true}, ""priceBreakdown"": {""basePrice"": 5997, ""gstAmount"": 1260, ""couponCode"": null, ""finalPrice"": 8256, ""couponPercent"": null, ""proRataCredit"": 0, ""couponDiscount"": 0, ""membershipFees"": 0, ""securityDeposit"": 0, ""damageWaiverFees"": 999}, ""userTrialApplied"": false, ""isTrialPeriodExpired"": true, ""userDamageWaiverFeesApplied"": true}",,,,,,{},[],{}
e3c80417-4136-4725-b2ae-0e6c5b615cb5,29ae188b-5928-4c64-b4a9-56ac1dbc9510,,15588.0,2026-09-27T11:58:35Z,2027-09-27T11:58:35Z,0,order_TgjJrY7JFhrcCB,26a25589-5532-4f28-b820-1b6c7894c4fd,ACTIVE,,cardless_emi,,"{""discount"": ""25%"", ""isNewPlan"": false, ""trialDays"": 30, ""toyProgram"": ""-"", ""planSavings"": 3597, ""planVersion"": ""v2"", ""trialAmount"": 999, ""trialApplied"": false, ""memberShipFees"": 0, ""bonusDeliveries"": 0, ""deliveryCharges"": 100, ""sameDayDelivery"": true, ""damageWaiverFees"": 999, ""maxBigToyAllowed"": 1, ""refundableDeposit"": 0, ""moneyBackGuarantee"": 30, ""effectiveCostPerMonth"": 1299, ""membershipFeesApplied"": false, ""securityDepositApplied"": false, ""totalKeepCountPerMonth"": 3, ""damageWaiverFeesApplied"": true, ""isUnlimitedFreeDelivery"": true, ""maxToyHoldingValueAllowed"": 120000, ""totalFreeDeliveryPerMonth"": 0, ""actualChargesForMemberShipFees"": 0, ""actualChargesForSecurityDeposit"": 0, ""actualChargesForDamageWaiverFees"": 999}",ONE_TIME,2026-09-26T16:23:15.249Z,2026-09-27T11:58:35.482Z,b48b437b-d6a6-4408-8933-652333ba893f,"{""deviceType"": ""MOBILE"", ""gstApplied"": true, ""promoCodeId"": ""payment_provider_09cdd57ffd526050fda398b8145fb5d2"", ""paymentNotes"": {""userId"": ""29ae188b-5928-4c64-b4a9-56ac1dbc9510"", ""subscriptionType"": ""ONE_TIME"", ""subscriptionPlanId"": ""26a25589-5532-4f28-b820-1b6c7894c4fd""}, ""gstPercentage"": 18, ""membershipData"": {""amount"": 0, ""isMembershipFee"": true}, ""priceBreakdown"": {""basePrice"": 15588, ""gstAmount"": 2986, ""couponCode"": ""AKFLAT11K"", ""finalPrice"": 11000, ""couponPercent"": null, ""proRataCredit"": null, ""couponDiscount"": 8573, ""membershipFees"": 0, ""securityDeposit"": 0, ""damageWaiverFees"": 999}, ""isRecurringInit"": false, ""paymentProvider"": ""RAZOR_PAY"", ""userTrialApplied"": false, ""securityDepositData"": {""securityDepositApplied"": false}, ""isTrialPeriodExpired"": true, ""merchantTransactionId"": ""order_TgjJrY7JFhrcCB"", ""userDamageWaiverFeesApplied"": true}",,,,,,{},[],"{""couponId"": ""b48b437b-d6a6-4408-8933-652333ba893f"", ""couponAppliedStatus"": ""PENDING"", ""isCouponAppliedOnSubscriptionRenew"": false}"
8455f5df-fecd-44e3-989f-2376eb3161fe,201d5722-c73a-4033-889c-7849fda1749e,130320178926,15588.0,2026-09-27T11:59:00Z,2027-09-27T11:59:00Z,0,assigned_51cd1c09a7c2fa2a1417de7ee0241ebf,26a25589-5532-4f28-b820-1b6c7894c4fd,ACTIVE,,upi,,"{""discount"": ""25%"", ""isNewPlan"": false, ""pricePaid"": 9787, ""trialDays"": 30, ""toyProgram"": ""-"", ""planSavings"": 3597, ""planVersion"": ""v2"", ""trialAmount"": 999, ""trialApplied"": false, ""memberShipFees"": 0, ""bonusDeliveries"": 0, ""deliveryCharges"": 100, ""sameDayDelivery"": true, ""damageWaiverFees"": 999, ""maxBigToyAllowed"": 1, ""refundableDeposit"": 0, ""memberShipFeesPaid"": 0, ""moneyBackGuarantee"": 30, ""effectiveCostPerMonth"": 1299, ""membershipFeesApplied"": false, ""refundableDepositPaid"": 0, ""planPriceDiscountAdmin"": 0, ""securityDepositApplied"": false, ""totalKeepCountPerMonth"": 3, ""damageWaiverFeesApplied"": true, ""isUnlimitedFreeDelivery"": true, ""membershipDiscountAdmin"": 0, ""maxToyHoldingValueAllowed"": 120000, ""totalFreeDeliveryPerMonth"": 0, ""actualChargesForMemberShipFees"": 0, ""refundableDepositDiscountAdmin"": 0, ""actualChargesForSecurityDeposit"": 0, ""actualChargesForDamageWaiverFees"": 999}",ASSIGNED,2026-09-27T11:59:00.94Z,2026-09-27T11:59:00.94Z,,"{""note"": ""Assigned from Google Sheet"", ""amount"": 0, ""gstApplied"": true, ""paymentDate"": ""2026-09-27T17:29:00+05:30"", ""gstPercentage"": 18, ""membershipData"": {""amount"": 0, ""isMembershipFee"": true}, ""priceBreakdown"": {""basePrice"": 15588, ""gstAmount"": 2986, ""couponCode"": null, ""finalPrice"": 19573, ""couponPercent"": null, ""proRataCredit"": 0, ""couponDiscount"": 0, ""membershipFees"": 0, ""securityDeposit"": 0, ""damageWaiverFees"": 999}, ""userTrialApplied"": false, ""isTrialPeriodExpired"": true, ""userDamageWaiverFeesApplied"": true}",,,,,,{},[],{}
6ea5cd46-6972-4765-9060-767120a2645d,c2ab6daf-5d22-4080-9179-5d1d936a8438,130320185358,15588.0,2026-09-27T12:02:41Z,2027-09-27T12:02:41Z,0,assigned_5b9120b740aa86156b2c0875d0984b79,26a25589-5532-4f28-b820-1b6c7894c4fd,ACTIVE,,upi,,"{""discount"": ""25%"", ""isNewPlan"": false, ""pricePaid"": 9787, ""trialDays"": 30, ""toyProgram"": ""-"", ""planSavings"": 3597, ""planVersion"": ""v2"", ""trialAmount"": 999, ""trialApplied"": false, ""memberShipFees"": 0, ""bonusDeliveries"": 0, ""deliveryCharges"": 100, ""sameDayDelivery"": true, ""damageWaiverFees"": 999, ""maxBigToyAllowed"": 1, ""refundableDeposit"": 0, ""memberShipFeesPaid"": 0, ""moneyBackGuarantee"": 30, ""effectiveCostPerMonth"": 1299, ""membershipFeesApplied"": false, ""refundableDepositPaid"": 0, ""planPriceDiscountAdmin"": 0, ""securityDepositApplied"": false, ""totalKeepCountPerMonth"": 3, ""damageWaiverFeesApplied"": true, ""isUnlimitedFreeDelivery"": true, ""membershipDiscountAdmin"": 0, ""maxToyHoldingValueAllowed"": 120000, ""totalFreeDeliveryPerMonth"": 0, ""actualChargesForMemberShipFees"": 0, ""refundableDepositDiscountAdmin"": 0, ""actualChargesForSecurityDeposit"": 0, ""actualChargesForDamageWaiverFees"": 999}",ASSIGNED,2026-09-27T12:02:41.696Z,2026-09-27T12:02:41.696Z,,"{""note"": ""Assigned from Google Sheet"", ""amount"": 0, ""gstApplied"": true, ""paymentDate"": ""2026-09-27T17:32:41+05:30"", ""gstPercentage"": 18, ""membershipData"": {""amount"": 0, ""isMembershipFee"": true}, ""priceBreakdown"": {""basePrice"": 15588, ""gstAmount"": 2986, ""couponCode"": null, ""finalPrice"": 19573, ""couponPercent"": null, ""proRataCredit"": 0, ""couponDiscount"": 0, ""membershipFees"": 0, ""securityDeposit"": 0, ""damageWaiverFees"": 999}, ""userTrialApplied"": false, ""isTrialPeriodExpired"": true, ""userDamageWaiverFeesApplied"": true}",,,,,,{},[],{}
3c4188d1-5d47-4c31-95e9-0c20a3a821dd,2d77a81d-bc8a-478f-8ac9-5370841a619c,98802285981,7188.0,2026-09-27T12:26:58Z,2027-09-27T12:26:58Z,0,assigned_f6bfa9bde0cc6d2920a50bf6dfa38901,55374b75-5e96-4a3e-9c28-d984967a554d,ACTIVE,,razorpay,,"{""discount"": ""25%"", ""isNewPlan"": false, ""pricePaid"": 5000, ""trialDays"": 0, ""toyProgram"": ""-"", ""planSavings"": 3597, ""planVersion"": ""v2"", ""trialAmount"": 99, ""trialApplied"": false, ""memberShipFees"": 0, ""bonusDeliveries"": 0, ""deliveryCharges"": 100, ""sameDayDelivery"": false, ""damageWaiverFees"": 999, ""maxBigToyAllowed"": 0, ""refundableDeposit"": 0, ""memberShipFeesPaid"": 0, ""moneyBackGuarantee"": 14, ""effectiveCostPerMonth"": 599, ""membershipFeesApplied"": false, ""refundableDepositPaid"": 0, ""planPriceDiscountAdmin"": 2188, ""securityDepositApplied"": false, ""totalKeepCountPerMonth"": 3, ""damageWaiverFeesApplied"": true, ""isUnlimitedFreeDelivery"": false, ""membershipDiscountAdmin"": 0, ""maxToyHoldingValueAllowed"": 35000, ""totalFreeDeliveryPerMonth"": 20, ""actualChargesForMemberShipFees"": 0, ""refundableDepositDiscountAdmin"": 0, ""actualChargesForSecurityDeposit"": 0, ""actualChargesForDamageWaiverFees"": 999}",ASSIGNED,2026-09-24T06:35:07.759Z,2026-09-27T12:26:59.011Z,,"{""amount"": 5000, ""gstApplied"": true, ""paymentDate"": ""2026-09-24T06:35:00.775Z"", ""gstPercentage"": 18, ""membershipData"": {""amount"": 0, ""isMembershipFee"": true}, ""priceBreakdown"": {""basePrice"": 7188, ""gstAmount"": 1474, ""couponCode"": null, ""finalPrice"": 9661, ""couponPercent"": null, ""proRataCredit"": 0, ""couponDiscount"": 0, ""membershipFees"": 0, ""securityDeposit"": 0, ""damageWaiverFees"": 999}, ""userTrialApplied"": false, ""isTrialPeriodExpired"": true, ""userDamageWaiverFeesApplied"": true}",,,,,,{},[],{}
4badd744-bcc9-4b37-9909-30bbb7c26360,10e732eb-a2f8-4398-8ea7-1c9874cd10a7,,15588.0,2026-09-27T12:31:06Z,2027-09-27T12:31:06Z,0,order_Th3nbFw2S7XyWv,26a25589-5532-4f28-b820-1b6c7894c4fd,ACTIVE,,cardless_emi,,"{""discount"": ""25%"", ""isNewPlan"": false, ""trialDays"": 30, ""toyProgram"": ""-"", ""planSavings"": 3597, ""planVersion"": ""v2"", ""trialAmount"": 999, ""trialApplied"": false, ""memberShipFees"": 0, ""bonusDeliveries"": 0, ""deliveryCharges"": 100, ""sameDayDelivery"": true, ""damageWaiverFees"": 999, ""maxBigToyAllowed"": 1, ""refundableDeposit"": 0, ""moneyBackGuarantee"": 30, ""effectiveCostPerMonth"": 1299, ""membershipFeesApplied"": false, ""securityDepositApplied"": false, ""totalKeepCountPerMonth"": 3, ""damageWaiverFeesApplied"": true, ""isUnlimitedFreeDelivery"": true, ""maxToyHoldingValueAllowed"": 120000, ""totalFreeDeliveryPerMonth"": 0, ""actualChargesForMemberShipFees"": 0, ""actualChargesForSecurityDeposit"": 0, ""actualChargesForDamageWaiverFees"": 999}",ONE_TIME,2026-09-27T12:25:16.606Z,2026-09-27T12:31:06.864Z,01e44bd5-f585-4ce5-a6a7-a6dd40de2334,"{""deviceType"": ""MOBILE"", ""gstApplied"": true, ""promoCodeId"": ""payment_provider_ff77eacfd6873255307a24ce752aacdb"", ""paymentNotes"": {""userId"": ""10e732eb-a2f8-4398-8ea7-1c9874cd10a7"", ""subscriptionType"": ""ONE_TIME"", ""subscriptionPlanId"": ""26a25589-5532-4f28-b820-1b6c7894c4fd""}, ""gstPercentage"": 18, ""membershipData"": {""amount"": 0, ""isMembershipFee"": true}, ""priceBreakdown"": {""basePrice"": 15588, ""gstAmount"": 2986, ""couponCode"": ""FLAT12K"", ""finalPrice"": 12000, ""couponPercent"": null, ""proRataCredit"": null, ""couponDiscount"": 7573, ""membershipFees"": 0, ""securityDeposit"": 0, ""damageWaiverFees"": 999}, ""isRecurringInit"": false, ""paymentProvider"": ""RAZOR_PAY"", ""userTrialApplied"": false, ""securityDepositData"": {""securityDepositApplied"": false}, ""isTrialPeriodExpired"": true, ""merchantTransactionId"": ""order_Th3nbFw2S7XyWv"", ""userDamageWaiverFeesApplied"": true}",,,,,,{},[],"{""couponId"": ""01e44bd5-f585-4ce5-a6a7-a6dd40de2334"", ""couponAppliedStatus"": ""PENDING"", ""isCouponAppliedOnSubscriptionRenew"": false}"
497d6336-0d88-451c-8db7-19b7b198d063,0bdbf096-a8fd-4c3c-b1ae-b3cebc128d19,,15588.0,2026-09-27T12:48:11Z,2027-09-27T12:48:11Z,0,order_Th4BI1RDFJXGlu,26a25589-5532-4f28-b820-1b6c7894c4fd,ACTIVE,,upi,,"{""discount"": ""25%"", ""isNewPlan"": false, ""trialDays"": 30, ""toyProgram"": ""-"", ""planSavings"": 3597, ""planVersion"": ""v2"", ""trialAmount"": 999, ""trialApplied"": false, ""memberShipFees"": 0, ""bonusDeliveries"": 0, ""deliveryCharges"": 100, ""sameDayDelivery"": true, ""damageWaiverFees"": 999, ""maxBigToyAllowed"": 1, ""refundableDeposit"": 0, ""moneyBackGuarantee"": 30, ""effectiveCostPerMonth"": 1299, ""membershipFeesApplied"": false, ""securityDepositApplied"": false, ""totalKeepCountPerMonth"": 3, ""damageWaiverFeesApplied"": true, ""isUnlimitedFreeDelivery"": true, ""maxToyHoldingValueAllowed"": 120000, ""totalFreeDeliveryPerMonth"": 0, ""actualChargesForMemberShipFees"": 0, ""actualChargesForSecurityDeposit"": 0, ""actualChargesForDamageWaiverFees"": 999}",ONE_TIME,2026-09-27T12:47:42.198Z,2026-09-27T12:48:11.855Z,01e44bd5-f585-4ce5-a6a7-a6dd40de2334,"{""deviceType"": ""MOBILE"", ""gstApplied"": true, ""promoCodeId"": ""payment_provider_ff77eacfd6873255307a24ce752aacdb"", ""paymentNotes"": {""userId"": ""0bdbf096-a8fd-4c3c-b1ae-b3cebc128d19"", ""subscriptionType"": ""ONE_TIME"", ""subscriptionPlanId"": ""26a25589-5532-4f28-b820-1b6c7894c4fd""}, ""gstPercentage"": 18, ""membershipData"": {""amount"": 0, ""isMembershipFee"": true}, ""priceBreakdown"": {""basePrice"": 15588, ""gstAmount"": 2986, ""couponCode"": ""FLAT12K"", ""finalPrice"": 12000, ""couponPercent"": null, ""proRataCredit"": null, ""couponDiscount"": 7573, ""membershipFees"": 0, ""securityDeposit"": 0, ""damageWaiverFees"": 999}, ""isRecurringInit"": false, ""paymentProvider"": ""RAZOR_PAY"", ""userTrialApplied"": false, ""securityDepositData"": {""securityDepositApplied"": false}, ""isTrialPeriodExpired"": true, ""merchantTransactionId"": ""order_Th4BI1RDFJXGlu"", ""userDamageWaiverFeesApplied"": true}",,,,,,{},[],"{""couponId"": ""01e44bd5-f585-4ce5-a6a7-a6dd40de2334"", ""couponAppliedStatus"": ""PENDING"", ""isCouponAppliedOnSubscriptionRenew"": false}"
989feeb4-6084-4c5e-9147-f0f2e4d7ebba,3bebdce8-3d6e-4882-8162-eff7591fb128,T2609271814455619813758,15588.0,2026-09-27T12:56:02Z,2027-09-27T12:56:02Z,0,assigned_229b97a1c2ab88291b413c366de54af9,26a25589-5532-4f28-b820-1b6c7894c4fd,ACTIVE,,upi,,"{""discount"": ""25%"", ""isNewPlan"": false, ""pricePaid"": 11000, ""trialDays"": 30, ""toyProgram"": ""-"", ""planSavings"": 3597, ""planVersion"": ""v2"", ""trialAmount"": 999, ""trialApplied"": false, ""memberShipFees"": 0, ""bonusDeliveries"": 0, ""deliveryCharges"": 100, ""sameDayDelivery"": true, ""damageWaiverFees"": 999, ""maxBigToyAllowed"": 1, ""refundableDeposit"": 0, ""memberShipFeesPaid"": 0, ""moneyBackGuarantee"": 30, ""effectiveCostPerMonth"": 1299, ""membershipFeesApplied"": false, ""refundableDepositPaid"": 0, ""planPriceDiscountAdmin"": 0, ""securityDepositApplied"": false, ""totalKeepCountPerMonth"": 3, ""damageWaiverFeesApplied"": true, ""isUnlimitedFreeDelivery"": true, ""membershipDiscountAdmin"": 0, ""maxToyHoldingValueAllowed"": 120000, ""totalFreeDeliveryPerMonth"": 0, ""actualChargesForMemberShipFees"": 0, ""refundableDepositDiscountAdmin"": 0, ""actualChargesForSecurityDeposit"": 0, ""actualChargesForDamageWaiverFees"": 999}",ASSIGNED,2026-09-27T12:56:02.239Z,2026-09-27T12:56:02.239Z,,"{""note"": ""Assigned from Google Sheet"", ""amount"": 0, ""gstApplied"": true, ""paymentDate"": ""2026-09-27T18:26:02+05:30"", ""gstPercentage"": 18, ""membershipData"": {""amount"": 0, ""isMembershipFee"": true}, ""priceBreakdown"": {""basePrice"": 15588, ""gstAmount"": 2986, ""couponCode"": null, ""finalPrice"": 19573, ""couponPercent"": null, ""proRataCredit"": 0, ""couponDiscount"": 0, ""membershipFees"": 0, ""securityDeposit"": 0, ""damageWaiverFees"": 999}, ""userTrialApplied"": false, ""isTrialPeriodExpired"": true, ""userDamageWaiverFeesApplied"": true}",,,,,,{},[],{}
34d1dfea-12aa-461e-ab8b-7cda42932e9d,7dbda1e2-c551-4369-b56e-b9a081a637c9,,15588.0,2026-09-27T13:06:29Z,2027-09-27T13:06:29Z,0,order_Th4RrNuPrv73jv,26a25589-5532-4f28-b820-1b6c7894c4fd,ACTIVE,,emi,,"{""discount"": ""25%"", ""isNewPlan"": false, ""trialDays"": 30, ""toyProgram"": ""-"", ""planSavings"": 3597, ""planVersion"": ""v2"", ""trialAmount"": 999, ""trialApplied"": false, ""memberShipFees"": 0, ""bonusDeliveries"": 0, ""deliveryCharges"": 100, ""sameDayDelivery"": true, ""damageWaiverFees"": 999, ""maxBigToyAllowed"": 1, ""refundableDeposit"": 0, ""moneyBackGuarantee"": 30, ""effectiveCostPerMonth"": 1299, ""membershipFeesApplied"": false, ""securityDepositApplied"": false, ""totalKeepCountPerMonth"": 3, ""damageWaiverFeesApplied"": true, ""isUnlimitedFreeDelivery"": true, ""maxToyHoldingValueAllowed"": 120000, ""totalFreeDeliveryPerMonth"": 0, ""actualChargesForMemberShipFees"": 0, ""actualChargesForSecurityDeposit"": 0, ""actualChargesForDamageWaiverFees"": 999}",ONE_TIME,2026-09-27T13:03:23.392Z,2026-09-27T13:06:29.873Z,01e44bd5-f585-4ce5-a6a7-a6dd40de2334,"{""deviceType"": ""MOBILE"", ""gstApplied"": true, ""promoCodeId"": ""payment_provider_ff77eacfd6873255307a24ce752aacdb"", ""paymentNotes"": {""userId"": ""7dbda1e2-c551-4369-b56e-b9a081a637c9"", ""subscriptionType"": ""ONE_TIME"", ""subscriptionPlanId"": ""26a25589-5532-4f28-b820-1b6c7894c4fd""}, ""gstPercentage"": 18, ""membershipData"": {""amount"": 0, ""isMembershipFee"": true}, ""priceBreakdown"": {""basePrice"": 15588, ""gstAmount"": 2986, ""couponCode"": ""FLAT12K"", ""finalPrice"": 12000, ""couponPercent"": null, ""proRataCredit"": null, ""couponDiscount"": 7573, ""membershipFees"": 0, ""securityDeposit"": 0, ""damageWaiverFees"": 999}, ""isRecurringInit"": false, ""paymentProvider"": ""RAZOR_PAY"", ""userTrialApplied"": false, ""securityDepositData"": {""securityDepositApplied"": false}, ""isTrialPeriodExpired"": true, ""merchantTransactionId"": ""order_Th4RrNuPrv73jv"", ""userDamageWaiverFeesApplied"": true}",,,,,,{},[],"{""couponId"": ""01e44bd5-f585-4ce5-a6a7-a6dd40de2334"", ""couponAppliedStatus"": ""PENDING"", ""isCouponAppliedOnSubscriptionRenew"": false}"
0e7b2044-6179-470c-86a0-ac9504f5d72f,47add784-b899-41f9-ae71-ec517dbb22e7,,15588.0,2026-09-27T13:38:13Z,2027-09-27T13:38:13Z,0,order_Th4zrZCzxOrbLv,26a25589-5532-4f28-b820-1b6c7894c4fd,ACTIVE,,cardless_emi,,"{""discount"": ""25%"", ""isNewPlan"": false, ""trialDays"": 30, ""toyProgram"": ""-"", ""planSavings"": 3597, ""planVersion"": ""v2"", ""trialAmount"": 999, ""trialApplied"": false, ""memberShipFees"": 0, ""bonusDeliveries"": 0, ""deliveryCharges"": 100, ""sameDayDelivery"": true, ""damageWaiverFees"": 999, ""maxBigToyAllowed"": 1, ""refundableDeposit"": 0, ""moneyBackGuarantee"": 30, ""effectiveCostPerMonth"": 1299, ""membershipFeesApplied"": false, ""securityDepositApplied"": false, ""totalKeepCountPerMonth"": 3, ""damageWaiverFeesApplied"": true, ""isUnlimitedFreeDelivery"": true, ""maxToyHoldingValueAllowed"": 120000, ""totalFreeDeliveryPerMonth"": 0, ""actualChargesForMemberShipFees"": 0, ""actualChargesForSecurityDeposit"": 0, ""actualChargesForDamageWaiverFees"": 999}",ONE_TIME,2026-09-27T13:35:35.822Z,2026-09-27T13:38:13.771Z,c6399045-ae57-4a97-b6d4-69dd768bd1d1,"{""deviceType"": ""MOBILE"", ""gstApplied"": true, ""promoCodeId"": ""payment_provider_05af293eb83f6034ab6f3fcf8a2d0816"", ""paymentNotes"": {""userId"": ""47add784-b899-41f9-ae71-ec517dbb22e7"", ""subscriptionType"": ""ONE_TIME"", ""subscriptionPlanId"": ""26a25589-5532-4f28-b820-1b6c7894c4fd""}, ""gstPercentage"": 18, ""membershipData"": {""amount"": 0, ""isMembershipFee"": true}, ""priceBreakdown"": {""basePrice"": 15588, ""gstAmount"": 2986, ""couponCode"": ""GANESHA"", ""finalPrice"": 13573, ""couponPercent"": null, ""proRataCredit"": null, ""couponDiscount"": 6000, ""membershipFees"": 0, ""securityDeposit"": 0, ""damageWaiverFees"": 999}, ""isRecurringInit"": false, ""paymentProvider"": ""RAZOR_PAY"", ""userTrialApplied"": false, ""securityDepositData"": {""securityDepositApplied"": false}, ""isTrialPeriodExpired"": true, ""merchantTransactionId"": ""order_Th4zrZCzxOrbLv"", ""userDamageWaiverFeesApplied"": true}",,,,,,{},[],"{""couponId"": ""c6399045-ae57-4a97-b6d4-69dd768bd1d1"", ""couponAppliedStatus"": ""PENDING"", ""isCouponAppliedOnSubscriptionRenew"": false}"
ae6a373a-b704-4aca-aee3-65302b7594b7,d7a8d3f7-23bf-477c-abdb-b4049418159e,,15588.0,2026-09-27T14:58:21Z,2027-09-27T14:58:21Z,0,order_TgBOW8Cj1vp9IV,26a25589-5532-4f28-b820-1b6c7894c4fd,ACTIVE,,cardless_emi,,"{""discount"": ""25%"", ""isNewPlan"": false, ""trialDays"": 30, ""toyProgram"": ""-"", ""planSavings"": 3597, ""planVersion"": ""v2"", ""trialAmount"": 999, ""trialApplied"": false, ""memberShipFees"": 0, ""bonusDeliveries"": 0, ""deliveryCharges"": 100, ""sameDayDelivery"": true, ""damageWaiverFees"": 999, ""maxBigToyAllowed"": 1, ""refundableDeposit"": 0, ""moneyBackGuarantee"": 30, ""effectiveCostPerMonth"": 1299, ""membershipFeesApplied"": false, ""securityDepositApplied"": false, ""totalKeepCountPerMonth"": 3, ""damageWaiverFeesApplied"": true, ""isUnlimitedFreeDelivery"": true, ""maxToyHoldingValueAllowed"": 120000, ""totalFreeDeliveryPerMonth"": 0, ""actualChargesForMemberShipFees"": 0, ""actualChargesForSecurityDeposit"": 0, ""actualChargesForDamageWaiverFees"": 999}",ONE_TIME,2026-09-25T07:12:04.717Z,2026-09-27T14:58:21.79Z,01e44bd5-f585-4ce5-a6a7-a6dd40de2334,"{""deviceType"": ""MOBILE"", ""gstApplied"": true, ""promoCodeId"": ""payment_provider_ff77eacfd6873255307a24ce752aacdb"", ""paymentNotes"": {""userId"": ""d7a8d3f7-23bf-477c-abdb-b4049418159e"", ""subscriptionType"": ""ONE_TIME"", ""subscriptionPlanId"": ""26a25589-5532-4f28-b820-1b6c7894c4fd""}, ""gstPercentage"": 18, ""membershipData"": {""amount"": 0, ""isMembershipFee"": true}, ""priceBreakdown"": {""basePrice"": 15588, ""gstAmount"": 2986, ""couponCode"": ""FLAT12K"", ""finalPrice"": 12000, ""couponPercent"": null, ""proRataCredit"": null, ""couponDiscount"": 7573, ""membershipFees"": 0, ""securityDeposit"": 0, ""damageWaiverFees"": 999}, ""isRecurringInit"": false, ""paymentProvider"": ""RAZOR_PAY"", ""userTrialApplied"": false, ""securityDepositData"": {""securityDepositApplied"": false}, ""isTrialPeriodExpired"": true, ""merchantTransactionId"": ""order_TgBOW8Cj1vp9IV"", ""userDamageWaiverFeesApplied"": true}",,,,,,{},[],"{""couponId"": ""01e44bd5-f585-4ce5-a6a7-a6dd40de2334"", ""couponAppliedStatus"": ""PENDING"", ""isCouponAppliedOnSubscriptionRenew"": false}"
a85fd4c1-193f-4a73-8ee2-96b01910cf3b,37ed510c-b543-4118-88cc-0e92e987deda,,15588.0,2026-09-27T15:45:20Z,2027-09-27T15:45:20Z,0,order_Tgl3EpFYN4uoth,26a25589-5532-4f28-b820-1b6c7894c4fd,ACTIVE,,upi,,"{""discount"": ""25%"", ""isNewPlan"": false, ""trialDays"": 30, ""toyProgram"": ""-"", ""planSavings"": 3597, ""planVersion"": ""v2"", ""trialAmount"": 999, ""trialApplied"": false, ""memberShipFees"": 0, ""bonusDeliveries"": 0, ""deliveryCharges"": 100, ""sameDayDelivery"": true, ""damageWaiverFees"": 999, ""maxBigToyAllowed"": 1, ""refundableDeposit"": 0, ""moneyBackGuarantee"": 30, ""effectiveCostPerMonth"": 1299, ""membershipFeesApplied"": false, ""securityDepositApplied"": false, ""totalKeepCountPerMonth"": 3, ""damageWaiverFeesApplied"": true, ""isUnlimitedFreeDelivery"": true, ""maxToyHoldingValueAllowed"": 120000, ""totalFreeDeliveryPerMonth"": 0, ""actualChargesForMemberShipFees"": 0, ""actualChargesForSecurityDeposit"": 0, ""actualChargesForDamageWaiverFees"": 999}",ONE_TIME,2026-09-26T18:04:54.195Z,2026-09-27T15:45:20.389Z,c6399045-ae57-4a97-b6d4-69dd768bd1d1,"{""deviceType"": ""MOBILE"", ""gstApplied"": true, ""promoCodeId"": ""payment_provider_05af293eb83f6034ab6f3fcf8a2d0816"", ""paymentNotes"": {""userId"": ""37ed510c-b543-4118-88cc-0e92e987deda"", ""subscriptionType"": ""ONE_TIME"", ""subscriptionPlanId"": ""26a25589-5532-4f28-b820-1b6c7894c4fd""}, ""gstPercentage"": 18, ""membershipData"": {""amount"": 0, ""isMembershipFee"": true}, ""priceBreakdown"": {""basePrice"": 15588, ""gstAmount"": 2986, ""couponCode"": ""GANESHA"", ""finalPrice"": 13573, ""couponPercent"": null, ""proRataCredit"": null, ""couponDiscount"": 6000, ""membershipFees"": 0, ""securityDeposit"": 0, ""damageWaiverFees"": 999}, ""isRecurringInit"": false, ""paymentProvider"": ""RAZOR_PAY"", ""userTrialApplied"": false, ""securityDepositData"": {""securityDepositApplied"": false}, ""isTrialPeriodExpired"": true, ""merchantTransactionId"": ""order_Tgl3EpFYN4uoth"", ""userDamageWaiverFeesApplied"": true}",,,,,,{},[],"{""couponId"": ""c6399045-ae57-4a97-b6d4-69dd768bd1d1"", ""couponAppliedStatus"": ""PENDING"", ""isCouponAppliedOnSubscriptionRenew"": false}"
f0403dec-05ef-4281-9530-1a08a9940ba8,66ab3c81-0a30-49f5-8c2f-42145ee08905,NA,15588.0,2026-09-27T15:49:54Z,2027-09-27T15:49:54Z,0,assigned_0c632951aaa4798aca679ca6ccb8d844,26a25589-5532-4f28-b820-1b6c7894c4fd,ACTIVE,,razorpay,,"{""discount"": ""25%"", ""isNewPlan"": false, ""pricePaid"": 11000, ""trialDays"": 30, ""toyProgram"": ""-"", ""planSavings"": 3597, ""planVersion"": ""v2"", ""trialAmount"": 999, ""trialApplied"": false, ""memberShipFees"": 0, ""bonusDeliveries"": 0, ""deliveryCharges"": 100, ""sameDayDelivery"": true, ""damageWaiverFees"": 999, ""maxBigToyAllowed"": 1, ""refundableDeposit"": 0, ""memberShipFeesPaid"": 0, ""moneyBackGuarantee"": 30, ""effectiveCostPerMonth"": 1299, ""membershipFeesApplied"": false, ""refundableDepositPaid"": 0, ""planPriceDiscountAdmin"": 4588, ""securityDepositApplied"": false, ""totalKeepCountPerMonth"": 3, ""damageWaiverFeesApplied"": true, ""isUnlimitedFreeDelivery"": true, ""membershipDiscountAdmin"": 0, ""maxToyHoldingValueAllowed"": 120000, ""totalFreeDeliveryPerMonth"": 0, ""actualChargesForMemberShipFees"": 0, ""refundableDepositDiscountAdmin"": 0, ""actualChargesForSecurityDeposit"": 0, ""actualChargesForDamageWaiverFees"": 999}",ASSIGNED,2026-09-27T15:49:54.881Z,2026-09-27T15:49:54.881Z,,"{""amount"": 11000, ""gstApplied"": true, ""paymentDate"": ""2026-09-27T15:49:52.805Z"", ""gstPercentage"": 18, ""membershipData"": {""amount"": 0, ""isMembershipFee"": true}, ""priceBreakdown"": {""basePrice"": 15588, ""gstAmount"": 2986, ""couponCode"": null, ""finalPrice"": 19573, ""couponPercent"": null, ""proRataCredit"": 0, ""couponDiscount"": 0, ""membershipFees"": 0, ""securityDeposit"": 0, ""damageWaiverFees"": 999}, ""userTrialApplied"": false, ""isTrialPeriodExpired"": true, ""userDamageWaiverFeesApplied"": true}",,,,,,{},[],{}
20b08cc7-daaa-47c2-b9dc-66ce27d7d1ff,b459070e-7c3e-4b69-83d3-52ecefd2a99e,,15588.0,2026-09-27T16:50:10Z,2027-09-27T16:50:10Z,0,order_Th8AcCTHXTqbzO,26a25589-5532-4f28-b820-1b6c7894c4fd,ACTIVE,,cardless_emi,,"{""discount"": ""25%"", ""isNewPlan"": false, ""trialDays"": 30, ""toyProgram"": ""-"", ""planSavings"": 3597, ""planVersion"": ""v2"", ""trialAmount"": 999, ""trialApplied"": false, ""memberShipFees"": 0, ""bonusDeliveries"": 0, ""deliveryCharges"": 100, ""sameDayDelivery"": true, ""damageWaiverFees"": 999, ""maxBigToyAllowed"": 1, ""refundableDeposit"": 0, ""moneyBackGuarantee"": 30, ""effectiveCostPerMonth"": 1299, ""membershipFeesApplied"": false, ""securityDepositApplied"": false, ""totalKeepCountPerMonth"": 3, ""damageWaiverFeesApplied"": true, ""isUnlimitedFreeDelivery"": true, ""maxToyHoldingValueAllowed"": 120000, ""totalFreeDeliveryPerMonth"": 0, ""actualChargesForMemberShipFees"": 0, ""actualChargesForSecurityDeposit"": 0, ""actualChargesForDamageWaiverFees"": 999}",ONE_TIME,2026-09-27T16:41:50.35Z,2026-09-27T16:50:14.012Z,4f267a61-b236-4cae-9056-84c7761efeb6,"{""deviceType"": ""MOBILE"", ""gstApplied"": true, ""promoCodeId"": ""payment_provider_03519e3c3491068f82b440bd564c6d42"", ""paymentNotes"": {""userId"": ""b459070e-7c3e-4b69-83d3-52ecefd2a99e"", ""subscriptionType"": ""ONE_TIME"", ""subscriptionPlanId"": ""26a25589-5532-4f28-b820-1b6c7894c4fd""}, ""gstPercentage"": 18, ""membershipData"": {""amount"": 0, ""isMembershipFee"": true}, ""priceBreakdown"": {""basePrice"": 15588, ""gstAmount"": 2986, ""couponCode"": ""TOYJOY"", ""finalPrice"": 13573, ""couponPercent"": null, ""proRataCredit"": null, ""couponDiscount"": 6000, ""membershipFees"": 0, ""securityDeposit"": 0, ""damageWaiverFees"": 999}, ""isRecurringInit"": false, ""paymentProvider"": ""RAZOR_PAY"", ""userTrialApplied"": false, ""securityDepositData"": {""securityDepositApplied"": false}, ""isTrialPeriodExpired"": true, ""merchantTransactionId"": ""order_Th8AcCTHXTqbzO"", ""userDamageWaiverFeesApplied"": true}",,,,,,{},[],"{""couponId"": ""4f267a61-b236-4cae-9056-84c7761efeb6"", ""couponAppliedStatus"": ""PENDING"", ""isCouponAppliedOnSubscriptionRenew"": false}"
ffcdcef2-8892-4444-8574-738a14f1ffbf,5812108d-bfb0-446f-9ee5-51cc0b15eb6b,T2609271918143497039620,15588.0,2026-09-27T17:02:45Z,2027-09-27T17:02:45Z,0,assigned_0f3a9eb3c962de587dadf4decfdebe96,26a25589-5532-4f28-b820-1b6c7894c4fd,ACTIVE,,upi,,"{""discount"": ""25%"", ""isNewPlan"": false, ""pricePaid"": 10000, ""trialDays"": 30, ""toyProgram"": ""-"", ""planSavings"": 3597, ""planVersion"": ""v2"", ""trialAmount"": 999, ""trialApplied"": false, ""memberShipFees"": 0, ""bonusDeliveries"": 0, ""deliveryCharges"": 100, ""sameDayDelivery"": true, ""damageWaiverFees"": 999, ""maxBigToyAllowed"": 1, ""refundableDeposit"": 0, ""memberShipFeesPaid"": 0, ""moneyBackGuarantee"": 30, ""effectiveCostPerMonth"": 1299, ""membershipFeesApplied"": false, ""refundableDepositPaid"": 0, ""planPriceDiscountAdmin"": 0, ""securityDepositApplied"": false, ""totalKeepCountPerMonth"": 3, ""damageWaiverFeesApplied"": true, ""isUnlimitedFreeDelivery"": true, ""membershipDiscountAdmin"": 0, ""maxToyHoldingValueAllowed"": 120000, ""totalFreeDeliveryPerMonth"": 0, ""actualChargesForMemberShipFees"": 0, ""refundableDepositDiscountAdmin"": 0, ""actualChargesForSecurityDeposit"": 0, ""actualChargesForDamageWaiverFees"": 999}",ASSIGNED,2026-09-27T17:02:45.796Z,2026-09-27T17:02:45.796Z,,"{""note"": ""Assigned from Google Sheet"", ""amount"": 0, ""gstApplied"": true, ""paymentDate"": ""2026-09-27T22:32:45+05:30"", ""gstPercentage"": 18, ""membershipData"": {""amount"": 0, ""isMembershipFee"": true}, ""priceBreakdown"": {""basePrice"": 15588, ""gstAmount"": 2986, ""couponCode"": null, ""finalPrice"": 19573, ""couponPercent"": null, ""proRataCredit"": 0, ""couponDiscount"": 0, ""membershipFees"": 0, ""securityDeposit"": 0, ""damageWaiverFees"": 999}, ""userTrialApplied"": false, ""isTrialPeriodExpired"": true, ""userDamageWaiverFeesApplied"": true}",,,,,,{},[],{}
c98996fa-91db-41c2-8924-b3176252cfad,f446ef7d-60db-45f4-9726-f7e5eadcee3a,,4497.0,2026-09-27T17:03:13Z,2026-12-27T17:03:13Z,0,order_Th8WnQsKEZszrI,864b3e20-b4b5-4be5-8b5c-bcd69573b6dd,ACTIVE,,upi,,"{""discount"": ""25%"", ""isNewPlan"": false, ""trialDays"": 30, ""toyProgram"": ""-"", ""planSavings"": 3597, ""planVersion"": ""v2"", ""trialAmount"": 99, ""trialApplied"": false, ""memberShipFees"": 0, ""bonusDeliveries"": 0, ""deliveryCharges"": 100, ""sameDayDelivery"": false, ""damageWaiverFees"": 299, ""maxBigToyAllowed"": 0, ""refundableDeposit"": 0, ""moneyBackGuarantee"": 30, ""effectiveCostPerMonth"": 1499, ""membershipFeesApplied"": false, ""securityDepositApplied"": false, ""totalKeepCountPerMonth"": 3, ""damageWaiverFeesApplied"": true, ""isUnlimitedFreeDelivery"": false, ""maxToyHoldingValueAllowed"": 20000, ""totalFreeDeliveryPerMonth"": 9, ""actualChargesForMemberShipFees"": 0, ""actualChargesForSecurityDeposit"": 0, ""actualChargesForDamageWaiverFees"": 299}",ONE_TIME,2026-09-27T17:02:50.238Z,2026-09-27T17:03:13.463Z,d9f45968-fdf9-45cb-a143-9bda0499e70b,"{""deviceType"": ""MOBILE"", ""gstApplied"": true, ""promoCodeId"": ""payment_provider_222024ad0be6b711af19f169bcb51d44"", ""paymentNotes"": {""userId"": ""f446ef7d-60db-45f4-9726-f7e5eadcee3a"", ""subscriptionType"": ""ONE_TIME"", ""subscriptionPlanId"": ""864b3e20-b4b5-4be5-8b5c-bcd69573b6dd""}, ""gstPercentage"": 18, ""membershipData"": {""amount"": 0, ""isMembershipFee"": true}, ""priceBreakdown"": {""basePrice"": 4497, ""gstAmount"": 864, ""couponCode"": ""FUNDEAL"", ""finalPrice"": 3160, ""couponPercent"": null, ""proRataCredit"": null, ""couponDiscount"": 2500, ""membershipFees"": 0, ""securityDeposit"": 0, ""damageWaiverFees"": 299}, ""isRecurringInit"": false, ""paymentProvider"": ""RAZOR_PAY"", ""userTrialApplied"": false, ""securityDepositData"": {""securityDepositApplied"": false}, ""isTrialPeriodExpired"": true, ""merchantTransactionId"": ""order_Th8WnQsKEZszrI"", ""userDamageWaiverFeesApplied"": true}",,,,,,{},[],"{""couponId"": ""d9f45968-fdf9-45cb-a143-9bda0499e70b"", ""couponAppliedStatus"": ""PENDING"", ""isCouponAppliedOnSubscriptionRenew"": false}"
7d43bb6c-1ef3-48d2-a4af-eca41d2b9e71,1426ce9d-337b-4084-aa52-c92c76d4b8e1,,15588.0,2026-09-27T18:28:35Z,2027-09-27T18:28:35Z,0,order_Th9vpL9q4Qlrwh,26a25589-5532-4f28-b820-1b6c7894c4fd,ACTIVE,,emi,,"{""discount"": ""25%"", ""isNewPlan"": false, ""trialDays"": 30, ""toyProgram"": ""-"", ""planSavings"": 3597, ""planVersion"": ""v2"", ""trialAmount"": 999, ""trialApplied"": false, ""memberShipFees"": 0, ""bonusDeliveries"": 0, ""deliveryCharges"": 100, ""sameDayDelivery"": true, ""damageWaiverFees"": 999, ""maxBigToyAllowed"": 1, ""refundableDeposit"": 0, ""moneyBackGuarantee"": 30, ""effectiveCostPerMonth"": 1299, ""membershipFeesApplied"": false, ""securityDepositApplied"": false, ""totalKeepCountPerMonth"": 3, ""damageWaiverFeesApplied"": true, ""isUnlimitedFreeDelivery"": true, ""maxToyHoldingValueAllowed"": 120000, ""totalFreeDeliveryPerMonth"": 0, ""actualChargesForMemberShipFees"": 0, ""actualChargesForSecurityDeposit"": 0, ""actualChargesForDamageWaiverFees"": 999}",ONE_TIME,2026-09-27T18:25:13.603Z,2026-09-27T18:28:35.344Z,64657f0e-dfb1-4666-bfdf-7dde9e84f420,"{""deviceType"": ""MOBILE"", ""gstApplied"": true, ""promoCodeId"": ""payment_provider_667a49e2c472825cb7b74bc8798a1fe7"", ""paymentNotes"": {""userId"": ""1426ce9d-337b-4084-aa52-c92c76d4b8e1"", ""subscriptionType"": ""ONE_TIME"", ""subscriptionPlanId"": ""26a25589-5532-4f28-b820-1b6c7894c4fd""}, ""gstPercentage"": 18, ""membershipData"": {""amount"": 0, ""isMembershipFee"": true}, ""priceBreakdown"": {""basePrice"": 15588, ""gstAmount"": 1864, ""couponCode"": ""SSELEFANT2026"", ""finalPrice"": 12215, ""couponPercent"": 40, ""proRataCredit"": null, ""couponDiscount"": 6236, ""membershipFees"": 0, ""securityDeposit"": 0, ""damageWaiverFees"": 999}, ""isRecurringInit"": false, ""paymentProvider"": ""RAZOR_PAY"", ""userTrialApplied"": false, ""securityDepositData"": {""securityDepositApplied"": false}, ""isTrialPeriodExpired"": true, ""merchantTransactionId"": ""order_Th9vpL9q4Qlrwh"", ""userDamageWaiverFeesApplied"": true}",,,,,,{},[],"{""couponId"": ""64657f0e-dfb1-4666-bfdf-7dde9e84f420"", ""couponAppliedStatus"": ""PENDING"", ""isCouponAppliedOnSubscriptionRenew"": false}"
dd706d4d-97aa-4d92-909f-042f094798f1,5224c412-6089-4c28-9574-fedf38622a9b,,5997.0,2026-09-27T18:37:14Z,2026-12-27T18:37:14Z,0,order_TgBKOdMV45lAPn,03e58770-76d5-4434-9934-ea1d64e4096f,ACTIVE,,upi,,"{""discount"": ""25%"", ""isNewPlan"": false, ""trialDays"": 30, ""toyProgram"": ""-"", ""planSavings"": 3597, ""planVersion"": ""v2"", ""trialAmount"": 99, ""trialApplied"": false, ""memberShipFees"": 0, ""bonusDeliveries"": 0, ""deliveryCharges"": 100, ""sameDayDelivery"": true, ""damageWaiverFees"": 999, ""maxBigToyAllowed"": 1, ""refundableDeposit"": 0, ""moneyBackGuarantee"": 30, ""effectiveCostPerMonth"": 1999, ""membershipFeesApplied"": false, ""securityDepositApplied"": false, ""totalKeepCountPerMonth"": 3, ""damageWaiverFeesApplied"": true, ""isUnlimitedFreeDelivery"": false, ""maxToyHoldingValueAllowed"": 35000, ""totalFreeDeliveryPerMonth"": 12, ""actualChargesForMemberShipFees"": 0, ""actualChargesForSecurityDeposit"": 0, ""actualChargesForDamageWaiverFees"": 999}",ONE_TIME,2026-09-25T07:08:10.647Z,2026-09-27T18:37:14.43Z,d9f45968-fdf9-45cb-a143-9bda0499e70b,"{""deviceType"": ""MOBILE"", ""gstApplied"": true, ""promoCodeId"": ""payment_provider_222024ad0be6b711af19f169bcb51d44"", ""paymentNotes"": {""userId"": ""5224c412-6089-4c28-9574-fedf38622a9b"", ""subscriptionType"": ""ONE_TIME"", ""subscriptionPlanId"": ""03e58770-76d5-4434-9934-ea1d64e4096f""}, ""gstPercentage"": 18, ""membershipData"": {""amount"": 0, ""isMembershipFee"": true}, ""priceBreakdown"": {""basePrice"": 5997, ""gstAmount"": 1260, ""couponCode"": ""FUNDEAL"", ""finalPrice"": 5756, ""couponPercent"": null, ""proRataCredit"": null, ""couponDiscount"": 2500, ""membershipFees"": 0, ""securityDeposit"": 0, ""damageWaiverFees"": 999}, ""isRecurringInit"": false, ""paymentProvider"": ""RAZOR_PAY"", ""userTrialApplied"": false, ""securityDepositData"": {""securityDepositApplied"": false}, ""isTrialPeriodExpired"": true, ""merchantTransactionId"": ""order_TgBKOdMV45lAPn"", ""userDamageWaiverFeesApplied"": true}",,,,,,{},[],"{""couponId"": ""d9f45968-fdf9-45cb-a143-9bda0499e70b"", ""couponAppliedStatus"": ""PENDING"", ""isCouponAppliedOnSubscriptionRenew"": false}"
b361b9aa-088a-4351-b6c0-18f024928acf,3486d371-08dc-4cad-8701-7300365edf91,Pay_Tf7uAHtPXsF21o,15588.0,2026-09-28T03:35:50Z,2027-09-28T03:35:50Z,0,assigned_8ff1c16f34b401e7f3bad6dc44d37da3,26a25589-5532-4f28-b820-1b6c7894c4fd,ACTIVE,,card,,"{""discount"": ""25%"", ""isNewPlan"": false, ""pricePaid"": 11000, ""trialDays"": 30, ""toyProgram"": ""-"", ""planSavings"": 3597, ""planVersion"": ""v2"", ""trialAmount"": 999, ""trialApplied"": false, ""memberShipFees"": 0, ""bonusDeliveries"": 0, ""deliveryCharges"": 100, ""sameDayDelivery"": true, ""damageWaiverFees"": 999, ""maxBigToyAllowed"": 1, ""refundableDeposit"": 0, ""memberShipFeesPaid"": 0, ""moneyBackGuarantee"": 30, ""effectiveCostPerMonth"": 1299, ""membershipFeesApplied"": false, ""refundableDepositPaid"": 0, ""planPriceDiscountAdmin"": 0, ""securityDepositApplied"": false, ""totalKeepCountPerMonth"": 3, ""damageWaiverFeesApplied"": true, ""isUnlimitedFreeDelivery"": true, ""membershipDiscountAdmin"": 0, ""maxToyHoldingValueAllowed"": 120000, ""totalFreeDeliveryPerMonth"": 0, ""actualChargesForMemberShipFees"": 0, ""refundableDepositDiscountAdmin"": 0, ""actualChargesForSecurityDeposit"": 0, ""actualChargesForDamageWaiverFees"": 999}",ASSIGNED,2026-09-26T05:43:12.011Z,2026-09-28T03:35:50.813Z,,"{""note"": ""Assigned from Google Sheet"", ""amount"": 0, ""gstApplied"": true, ""paymentDate"": ""2026-09-26T11:13:11+05:30"", ""gstPercentage"": 18, ""membershipData"": {""amount"": 0, ""isMembershipFee"": true}, ""priceBreakdown"": {""basePrice"": 15588, ""gstAmount"": 2986, ""couponCode"": null, ""finalPrice"": 19573, ""couponPercent"": null, ""proRataCredit"": 0, ""couponDiscount"": 0, ""membershipFees"": 0, ""securityDeposit"": 0, ""damageWaiverFees"": 999}, ""userTrialApplied"": false, ""isTrialPeriodExpired"": true, ""userDamageWaiverFeesApplied"": true}",,,,,,{},[],{}
f015e1ad-2c6e-4d49-8e70-1633a28c6a6f,f096ed66-e1a3-42d2-8c8d-2c02a00ffc6e,,15588.0,2026-09-28T05:40:52Z,2027-09-28T05:40:52Z,0,order_TgekERaeN5UyOY,26a25589-5532-4f28-b820-1b6c7894c4fd,ACTIVE,,upi,,"{""discount"": ""25%"", ""isNewPlan"": false, ""trialDays"": 30, ""toyProgram"": ""-"", ""planSavings"": 3597, ""planVersion"": ""v2"", ""trialAmount"": 999, ""trialApplied"": false, ""memberShipFees"": 0, ""bonusDeliveries"": 0, ""deliveryCharges"": 100, ""sameDayDelivery"": true, ""damageWaiverFees"": 999, ""maxBigToyAllowed"": 1, ""refundableDeposit"": 0, ""moneyBackGuarantee"": 30, ""effectiveCostPerMonth"": 1299, ""membershipFeesApplied"": false, ""securityDepositApplied"": false, ""totalKeepCountPerMonth"": 3, ""damageWaiverFeesApplied"": true, ""isUnlimitedFreeDelivery"": true, ""maxToyHoldingValueAllowed"": 120000, ""totalFreeDeliveryPerMonth"": 0, ""actualChargesForMemberShipFees"": 0, ""actualChargesForSecurityDeposit"": 0, ""actualChargesForDamageWaiverFees"": 999}",ONE_TIME,2026-09-26T11:54:44.959Z,2026-09-28T05:40:52.852Z,b48b437b-d6a6-4408-8933-652333ba893f,"{""deviceType"": ""MOBILE"", ""gstApplied"": true, ""promoCodeId"": ""payment_provider_09cdd57ffd526050fda398b8145fb5d2"", ""paymentNotes"": {""userId"": ""f096ed66-e1a3-42d2-8c8d-2c02a00ffc6e"", ""subscriptionType"": ""ONE_TIME"", ""subscriptionPlanId"": ""26a25589-5532-4f28-b820-1b6c7894c4fd""}, ""gstPercentage"": 18, ""membershipData"": {""amount"": 0, ""isMembershipFee"": true}, ""priceBreakdown"": {""basePrice"": 15588, ""gstAmount"": 2986, ""couponCode"": ""AKFLAT11K"", ""finalPrice"": 11000, ""couponPercent"": null, ""proRataCredit"": null, ""couponDiscount"": 8573, ""membershipFees"": 0, ""securityDeposit"": 0, ""damageWaiverFees"": 999}, ""isRecurringInit"": false, ""paymentProvider"": ""RAZOR_PAY"", ""userTrialApplied"": false, ""securityDepositData"": {""securityDepositApplied"": false}, ""isTrialPeriodExpired"": true, ""merchantTransactionId"": ""order_TgekERaeN5UyOY"", ""userDamageWaiverFeesApplied"": true}",,,,,,{},[],"{""couponId"": ""b48b437b-d6a6-4408-8933-652333ba893f"", ""couponAppliedStatus"": ""PENDING"", ""isCouponAppliedOnSubscriptionRenew"": false}"
1a0c024c-ebd8-4125-8d66-0daf66d84db5,2985aeff-ec7d-428a-a5fa-7cca5cfc3980,,15588.0,2026-09-27T10:05:11Z,2027-09-27T10:05:11Z,0,order_Th1O8lCCDTJGje,26a25589-5532-4f28-b820-1b6c7894c4fd,ACTIVE,,card,,"{""discount"": ""25%"", ""isNewPlan"": false, ""trialDays"": 30, ""toyProgram"": ""-"", ""planSavings"": 3597, ""planVersion"": ""v2"", ""trialAmount"": 999, ""trialApplied"": false, ""memberShipFees"": 0, ""bonusDeliveries"": 0, ""deliveryCharges"": 100, ""sameDayDelivery"": true, ""damageWaiverFees"": 999, ""maxBigToyAllowed"": 1, ""refundableDeposit"": 0, ""moneyBackGuarantee"": 30, ""effectiveCostPerMonth"": 1299, ""membershipFeesApplied"": false, ""securityDepositApplied"": false, ""totalKeepCountPerMonth"": 4, ""damageWaiverFeesApplied"": true, ""isUnlimitedFreeDelivery"": true, ""maxToyHoldingValueAllowed"": 120000, ""totalFreeDeliveryPerMonth"": 0, ""actualChargesForMemberShipFees"": 0, ""actualChargesForSecurityDeposit"": 0, ""actualChargesForDamageWaiverFees"": 999}",ONE_TIME,2026-09-27T10:03:47.271Z,2026-09-28T06:37:53.903Z,c6399045-ae57-4a97-b6d4-69dd768bd1d1,"{""deviceType"": ""MOBILE"", ""gstApplied"": true, ""promoCodeId"": ""payment_provider_05af293eb83f6034ab6f3fcf8a2d0816"", ""paymentNotes"": {""userId"": ""2985aeff-ec7d-428a-a5fa-7cca5cfc3980"", ""subscriptionType"": ""ONE_TIME"", ""subscriptionPlanId"": ""26a25589-5532-4f28-b820-1b6c7894c4fd""}, ""gstPercentage"": 18, ""membershipData"": {""amount"": 0, ""isMembershipFee"": true}, ""priceBreakdown"": {""basePrice"": 15588, ""gstAmount"": 2986, ""couponCode"": ""GANESHA"", ""finalPrice"": 13573, ""couponPercent"": null, ""proRataCredit"": null, ""couponDiscount"": 6000, ""membershipFees"": 0, ""securityDeposit"": 0, ""damageWaiverFees"": 999}, ""isRecurringInit"": false, ""paymentProvider"": ""RAZOR_PAY"", ""userTrialApplied"": false, ""securityDepositData"": {""securityDepositApplied"": false}, ""isTrialPeriodExpired"": true, ""merchantTransactionId"": ""order_Th1O8lCCDTJGje"", ""userDamageWaiverFeesApplied"": true}",,,,,,{},[],"{""couponId"": ""c6399045-ae57-4a97-b6d4-69dd768bd1d1"", ""couponAppliedStatus"": ""PENDING"", ""isCouponAppliedOnSubscriptionRenew"": false}"
b2b69250-cc35-4716-83d4-fd048193004c,d6a7e92f-0f7f-4c75-9d60-017f7385a911,,15588.0,2026-09-21T00:51:28Z,2027-09-21T00:51:28Z,0,order_TeUlcSECIua3nk,26a25589-5532-4f28-b820-1b6c7894c4fd,ACTIVE,,upi,,"{""discount"": ""25%"", ""isNewPlan"": false, ""trialDays"": 30, ""toyProgram"": ""-"", ""planSavings"": 3597, ""planVersion"": ""v2"", ""trialAmount"": 999, ""trialApplied"": false, ""memberShipFees"": 0, ""bonusDeliveries"": 0, ""deliveryCharges"": 100, ""sameDayDelivery"": true, ""damageWaiverFees"": 999, ""maxBigToyAllowed"": 1, ""refundableDeposit"": 0, ""moneyBackGuarantee"": 30, ""effectiveCostPerMonth"": 1299, ""membershipFeesApplied"": false, ""securityDepositApplied"": false, ""totalKeepCountPerMonth"": 3, ""damageWaiverFeesApplied"": true, ""isUnlimitedFreeDelivery"": true, ""maxToyHoldingValueAllowed"": 120000, ""totalFreeDeliveryPerMonth"": 0, ""actualChargesForMemberShipFees"": 0, ""actualChargesForSecurityDeposit"": 0, ""actualChargesForDamageWaiverFees"": 999}",ONE_TIME,2026-09-21T00:51:07.386Z,2026-09-21T00:51:29.052Z,39d4dac4-9537-4653-874b-36bd27b763a0,"{""deviceType"": ""MOBILE"", ""gstApplied"": true, ""promoCodeId"": ""payment_provider_444be18c9e16d1cd1b19ef1c8a66b2ab"", ""paymentNotes"": {""userId"": ""d6a7e92f-0f7f-4c75-9d60-017f7385a911"", ""subscriptionType"": ""ONE_TIME"", ""subscriptionPlanId"": ""26a25589-5532-4f28-b820-1b6c7894c4fd""}, ""gstPercentage"": 18, ""membershipData"": {""amount"": 0, ""isMembershipFee"": true}, ""priceBreakdown"": {""basePrice"": 15588, ""gstAmount"": 2986, ""couponCode"": ""FLAT11KAK"", ""finalPrice"": 11000, ""couponPercent"": null, ""proRataCredit"": null, ""couponDiscount"": 8573, ""membershipFees"": 0, ""securityDeposit"": 0, ""damageWaiverFees"": 999}, ""isRecurringInit"": false, ""paymentProvider"": ""RAZOR_PAY"", ""userTrialApplied"": false, ""securityDepositData"": {""securityDepositApplied"": false}, ""isTrialPeriodExpired"": true, ""merchantTransactionId"": ""order_TeUlcSECIua3nk"", ""userDamageWaiverFeesApplied"": true}",,,,,,{},[],"{""couponId"": ""39d4dac4-9537-4653-874b-36bd27b763a0"", ""couponAppliedStatus"": ""PENDING"", ""isCouponAppliedOnSubscriptionRenew"": false}"
9738816e-b0eb-4708-bea4-3e87f35b0c9b,3b7100d2-a809-4230-9ad3-b7ae923468db,,15588.0,2026-09-22T04:26:11Z,2027-09-22T04:26:11Z,0,order_TeWgw8DVRCAMmQ,26a25589-5532-4f28-b820-1b6c7894c4fd,ACTIVE,,upi,,"{""discount"": ""25%"", ""isNewPlan"": false, ""trialDays"": 30, ""toyProgram"": ""-"", ""planSavings"": 3597, ""planVersion"": ""v2"", ""trialAmount"": 999, ""trialApplied"": false, ""memberShipFees"": 0, ""bonusDeliveries"": 0, ""deliveryCharges"": 100, ""sameDayDelivery"": true, ""damageWaiverFees"": 999, ""maxBigToyAllowed"": 1, ""refundableDeposit"": 0, ""moneyBackGuarantee"": 30, ""effectiveCostPerMonth"": 1299, ""membershipFeesApplied"": false, ""securityDepositApplied"": false, ""totalKeepCountPerMonth"": 3, ""damageWaiverFeesApplied"": true, ""isUnlimitedFreeDelivery"": true, ""maxToyHoldingValueAllowed"": 120000, ""totalFreeDeliveryPerMonth"": 0, ""actualChargesForMemberShipFees"": 0, ""actualChargesForSecurityDeposit"": 0, ""actualChargesForDamageWaiverFees"": 999}",ONE_TIME,2026-09-21T02:44:04.639Z,2026-09-22T04:26:11.943Z,39d4dac4-9537-4653-874b-36bd27b763a0,"{""deviceType"": ""MOBILE"", ""gstApplied"": true, ""promoCodeId"": ""payment_provider_444be18c9e16d1cd1b19ef1c8a66b2ab"", ""paymentNotes"": {""userId"": ""3b7100d2-a809-4230-9ad3-b7ae923468db"", ""subscriptionType"": ""ONE_TIME"", ""subscriptionPlanId"": ""26a25589-5532-4f28-b820-1b6c7894c4fd""}, ""gstPercentage"": 18, ""membershipData"": {""amount"": 0, ""isMembershipFee"": true}, ""priceBreakdown"": {""basePrice"": 15588, ""gstAmount"": 2986, ""couponCode"": ""FLAT11KAK"", ""finalPrice"": 11000, ""couponPercent"": null, ""proRataCredit"": null, ""couponDiscount"": 8573, ""membershipFees"": 0, ""securityDeposit"": 0, ""damageWaiverFees"": 999}, ""isRecurringInit"": false, ""paymentProvider"": ""RAZOR_PAY"", ""userTrialApplied"": false, ""securityDepositData"": {""securityDepositApplied"": false}, ""isTrialPeriodExpired"": true, ""merchantTransactionId"": ""order_TeWgw8DVRCAMmQ"", ""userDamageWaiverFeesApplied"": true}",,,,,,{},[],"{""couponId"": ""39d4dac4-9537-4653-874b-36bd27b763a0"", ""couponAppliedStatus"": ""PENDING"", ""isCouponAppliedOnSubscriptionRenew"": false}"
0c7e4389-1bd1-49bf-a2d2-6957a03b6331,61310096-ad58-437e-a708-53c414dc07c6,,15588.0,2026-09-27T15:41:13Z,2027-09-27T15:41:13Z,0,order_TeYs3UFZbZN8gk,26a25589-5532-4f28-b820-1b6c7894c4fd,ACTIVE,,upi,,"{""discount"": ""25%"", ""isNewPlan"": false, ""trialDays"": 30, ""toyProgram"": ""-"", ""planSavings"": 3597, ""planVersion"": ""v2"", ""trialAmount"": 999, ""trialApplied"": false, ""memberShipFees"": 0, ""bonusDeliveries"": 0, ""deliveryCharges"": 100, ""sameDayDelivery"": true, ""damageWaiverFees"": 999, ""maxBigToyAllowed"": 1, ""refundableDeposit"": 0, ""moneyBackGuarantee"": 30, ""effectiveCostPerMonth"": 1299, ""membershipFeesApplied"": false, ""securityDepositApplied"": false, ""totalKeepCountPerMonth"": 3, ""damageWaiverFeesApplied"": true, ""isUnlimitedFreeDelivery"": true, ""maxToyHoldingValueAllowed"": 120000, ""totalFreeDeliveryPerMonth"": 0, ""actualChargesForMemberShipFees"": 0, ""actualChargesForSecurityDeposit"": 0, ""actualChargesForDamageWaiverFees"": 999}",ONE_TIME,2026-09-21T04:51:59.415Z,2026-09-27T15:41:13.539Z,01e44bd5-f585-4ce5-a6a7-a6dd40de2334,"{""deviceType"": ""MOBILE"", ""gstApplied"": true, ""promoCodeId"": ""payment_provider_ff77eacfd6873255307a24ce752aacdb"", ""paymentNotes"": {""userId"": ""61310096-ad58-437e-a708-53c414dc07c6"", ""subscriptionType"": ""ONE_TIME"", ""subscriptionPlanId"": ""26a25589-5532-4f28-b820-1b6c7894c4fd""}, ""gstPercentage"": 18, ""membershipData"": {""amount"": 0, ""isMembershipFee"": true}, ""priceBreakdown"": {""basePrice"": 15588, ""gstAmount"": 2986, ""couponCode"": ""FLAT12K"", ""finalPrice"": 12000, ""couponPercent"": null, ""proRataCredit"": null, ""couponDiscount"": 7573, ""membershipFees"": 0, ""securityDeposit"": 0, ""damageWaiverFees"": 999}, ""isRecurringInit"": false, ""paymentProvider"": ""RAZOR_PAY"", ""userTrialApplied"": false, ""securityDepositData"": {""securityDepositApplied"": false}, ""isTrialPeriodExpired"": true, ""merchantTransactionId"": ""order_TeYs3UFZbZN8gk"", ""userDamageWaiverFeesApplied"": true}",,,,,,{},[],"{""couponId"": ""01e44bd5-f585-4ce5-a6a7-a6dd40de2334"", ""couponAppliedStatus"": ""PENDING"", ""isCouponAppliedOnSubscriptionRenew"": false}"
7ea097b9-f1bb-42ba-b5f0-fa30ee2751ca,5eaa7f78-ec4b-40a5-87af-a79587c1fd26,,15588.0,2026-09-25T14:32:30Z,2027-09-25T14:32:30Z,0,order_TeaewzEFdwH4qq,26a25589-5532-4f28-b820-1b6c7894c4fd,ACTIVE,,emi,,"{""discount"": ""25%"", ""isNewPlan"": false, ""trialDays"": 30, ""toyProgram"": ""-"", ""planSavings"": 3597, ""planVersion"": ""v2"", ""trialAmount"": 999, ""trialApplied"": false, ""memberShipFees"": 0, ""bonusDeliveries"": 0, ""deliveryCharges"": 100, ""sameDayDelivery"": true, ""damageWaiverFees"": 999, ""maxBigToyAllowed"": 1, ""refundableDeposit"": 0, ""moneyBackGuarantee"": 30, ""effectiveCostPerMonth"": 1299, ""membershipFeesApplied"": false, ""securityDepositApplied"": false, ""totalKeepCountPerMonth"": 3, ""damageWaiverFeesApplied"": true, ""isUnlimitedFreeDelivery"": true, ""maxToyHoldingValueAllowed"": 120000, ""totalFreeDeliveryPerMonth"": 0, ""actualChargesForMemberShipFees"": 0, ""actualChargesForSecurityDeposit"": 0, ""actualChargesForDamageWaiverFees"": 999}",ONE_TIME,2026-09-21T06:36:58.286Z,2026-09-25T14:32:30.359Z,39d4dac4-9537-4653-874b-36bd27b763a0,"{""deviceType"": ""MOBILE"", ""gstApplied"": true, ""promoCodeId"": ""payment_provider_444be18c9e16d1cd1b19ef1c8a66b2ab"", ""paymentNotes"": {""userId"": ""5eaa7f78-ec4b-40a5-87af-a79587c1fd26"", ""subscriptionType"": ""ONE_TIME"", ""subscriptionPlanId"": ""26a25589-5532-4f28-b820-1b6c7894c4fd""}, ""gstPercentage"": 18, ""membershipData"": {""amount"": 0, ""isMembershipFee"": true}, ""priceBreakdown"": {""basePrice"": 15588, ""gstAmount"": 2986, ""couponCode"": ""FLAT11KAK"", ""finalPrice"": 11000, ""couponPercent"": null, ""proRataCredit"": null, ""couponDiscount"": 8573, ""membershipFees"": 0, ""securityDeposit"": 0, ""damageWaiverFees"": 999}, ""isRecurringInit"": false, ""paymentProvider"": ""RAZOR_PAY"", ""userTrialApplied"": false, ""securityDepositData"": {""securityDepositApplied"": false}, ""isTrialPeriodExpired"": true, ""merchantTransactionId"": ""order_TeaewzEFdwH4qq"", ""userDamageWaiverFeesApplied"": true}",,,,,,{},[],"{""couponId"": ""39d4dac4-9537-4653-874b-36bd27b763a0"", ""couponAppliedStatus"": ""PENDING"", ""isCouponAppliedOnSubscriptionRenew"": false}"
24bcbaa4-3248-483b-91b8-7431c1588c94,3b2a547c-8106-4445-9a6f-c47245c73835,,11988.0,2026-09-21T06:48:13Z,2027-09-21T06:48:13Z,0,order_TeaoPrQlde7HWQ,018ecc0a-9846-4cb6-a008-9da2d9d699fd,ACTIVE,,card,,"{""discount"": ""25%"", ""isNewPlan"": false, ""trialDays"": 30, ""toyProgram"": ""-"", ""planSavings"": 3597, ""planVersion"": ""v2"", ""trialAmount"": 99, ""trialApplied"": false, ""memberShipFees"": 0, ""bonusDeliveries"": 0, ""deliveryCharges"": 100, ""sameDayDelivery"": true, ""damageWaiverFees"": 999, ""maxBigToyAllowed"": 0, ""refundableDeposit"": 0, ""moneyBackGuarantee"": 30, ""effectiveCostPerMonth"": 999, ""membershipFeesApplied"": false, ""securityDepositApplied"": false, ""totalKeepCountPerMonth"": 3, ""damageWaiverFeesApplied"": true, ""isUnlimitedFreeDelivery"": false, ""maxToyHoldingValueAllowed"": 60000, ""totalFreeDeliveryPerMonth"": 40, ""actualChargesForMemberShipFees"": 0, ""actualChargesForSecurityDeposit"": 0, ""actualChargesForDamageWaiverFees"": 999}",ONE_TIME,2026-09-21T06:45:55.935Z,2026-09-21T06:48:13.455Z,c6399045-ae57-4a97-b6d4-69dd768bd1d1,"{""deviceType"": ""MOBILE"", ""gstApplied"": true, ""promoCodeId"": ""payment_provider_05af293eb83f6034ab6f3fcf8a2d0816"", ""paymentNotes"": {""userId"": ""3b2a547c-8106-4445-9a6f-c47245c73835"", ""subscriptionType"": ""ONE_TIME"", ""subscriptionPlanId"": ""018ecc0a-9846-4cb6-a008-9da2d9d699fd""}, ""gstPercentage"": 18, ""membershipData"": {""amount"": 0, ""isMembershipFee"": true}, ""priceBreakdown"": {""basePrice"": 11988, ""gstAmount"": 2158, ""couponCode"": ""GANESHA"", ""finalPrice"": 8146, ""couponPercent"": null, ""proRataCredit"": null, ""couponDiscount"": 6000, ""membershipFees"": 0, ""securityDeposit"": 0, ""damageWaiverFees"": 0}, ""isRecurringInit"": false, ""paymentProvider"": ""RAZOR_PAY"", ""userTrialApplied"": false, ""securityDepositData"": {""securityDepositApplied"": false}, ""isTrialPeriodExpired"": true, ""merchantTransactionId"": ""order_TeaoPrQlde7HWQ"", ""userDamageWaiverFeesApplied"": false}",,,,,,{},[],"{""couponId"": ""c6399045-ae57-4a97-b6d4-69dd768bd1d1"", ""couponAppliedStatus"": ""PENDING"", ""isCouponAppliedOnSubscriptionRenew"": false}"
45390877-79d7-4489-9777-8ed529e25f8a,88706411-9651-4892-a91e-e22c64e05dad,,15588.0,2026-09-25T10:45:20Z,2027-09-25T10:45:20Z,0,order_Teb84dHOm551OY,26a25589-5532-4f28-b820-1b6c7894c4fd,ACTIVE,,cardless_emi,,"{""discount"": ""25%"", ""isNewPlan"": false, ""trialDays"": 30, ""toyProgram"": ""-"", ""planSavings"": 3597, ""planVersion"": ""v2"", ""trialAmount"": 999, ""trialApplied"": false, ""memberShipFees"": 0, ""bonusDeliveries"": 0, ""deliveryCharges"": 100, ""sameDayDelivery"": true, ""damageWaiverFees"": 999, ""maxBigToyAllowed"": 1, ""refundableDeposit"": 0, ""moneyBackGuarantee"": 30, ""effectiveCostPerMonth"": 1299, ""membershipFeesApplied"": false, ""securityDepositApplied"": false, ""totalKeepCountPerMonth"": 3, ""damageWaiverFeesApplied"": true, ""isUnlimitedFreeDelivery"": true, ""maxToyHoldingValueAllowed"": 120000, ""totalFreeDeliveryPerMonth"": 0, ""actualChargesForMemberShipFees"": 0, ""actualChargesForSecurityDeposit"": 0, ""actualChargesForDamageWaiverFees"": 999}",ONE_TIME,2026-09-21T07:04:32.5Z,2026-09-25T10:45:20.783Z,39d4dac4-9537-4653-874b-36bd27b763a0,"{""deviceType"": ""MOBILE"", ""gstApplied"": true, ""promoCodeId"": ""payment_provider_444be18c9e16d1cd1b19ef1c8a66b2ab"", ""paymentNotes"": {""userId"": ""88706411-9651-4892-a91e-e22c64e05dad"", ""subscriptionType"": ""ONE_TIME"", ""subscriptionPlanId"": ""26a25589-5532-4f28-b820-1b6c7894c4fd""}, ""gstPercentage"": 18, ""membershipData"": {""amount"": 0, ""isMembershipFee"": true}, ""priceBreakdown"": {""basePrice"": 15588, ""gstAmount"": 2986, ""couponCode"": ""FLAT11KAK"", ""finalPrice"": 11000, ""couponPercent"": null, ""proRataCredit"": null, ""couponDiscount"": 8573, ""membershipFees"": 0, ""securityDeposit"": 0, ""damageWaiverFees"": 999}, ""isRecurringInit"": false, ""paymentProvider"": ""RAZOR_PAY"", ""userTrialApplied"": false, ""securityDepositData"": {""securityDepositApplied"": false}, ""isTrialPeriodExpired"": true, ""merchantTransactionId"": ""order_Teb84dHOm551OY"", ""userDamageWaiverFeesApplied"": true}",,,,,,{},[],"{""couponId"": ""39d4dac4-9537-4653-874b-36bd27b763a0"", ""couponAppliedStatus"": ""PENDING"", ""isCouponAppliedOnSubscriptionRenew"": false}"
9ca4d8f6-5564-45f3-858b-9f38733acb6d,4281fa37-e41b-429e-87c2-c963c1acb7b1,pay_TebGHrH0yFtoMh,15588.0,2026-09-22T16:16:47Z,2027-09-22T16:16:47Z,0,assigned_e6b2d9c5521c909c269388aea4d279d0,26a25589-5532-4f28-b820-1b6c7894c4fd,ACTIVE,,card,,"{""discount"": ""25%"", ""isNewPlan"": false, ""pricePaid"": 10500, ""trialDays"": 30, ""toyProgram"": ""-"", ""planSavings"": 3597, ""planVersion"": ""v2"", ""trialAmount"": 999, ""trialApplied"": false, ""memberShipFees"": 0, ""bonusDeliveries"": 0, ""deliveryCharges"": 100, ""sameDayDelivery"": true, ""damageWaiverFees"": 999, ""maxBigToyAllowed"": 1, ""refundableDeposit"": 0, ""memberShipFeesPaid"": 0, ""moneyBackGuarantee"": 30, ""effectiveCostPerMonth"": 1299, ""membershipFeesApplied"": false, ""refundableDepositPaid"": 0, ""planPriceDiscountAdmin"": 0, ""securityDepositApplied"": false, ""totalKeepCountPerMonth"": 3, ""damageWaiverFeesApplied"": true, ""isUnlimitedFreeDelivery"": true, ""membershipDiscountAdmin"": 0, ""maxToyHoldingValueAllowed"": 120000, ""totalFreeDeliveryPerMonth"": 0, ""actualChargesForMemberShipFees"": 0, ""refundableDepositDiscountAdmin"": 0, ""actualChargesForSecurityDeposit"": 0, ""actualChargesForDamageWaiverFees"": 999}",ASSIGNED,2026-09-21T08:10:15.003Z,2026-09-22T16:16:47.399Z,,"{""note"": ""Assigned from Google Sheet"", ""amount"": 0, ""gstApplied"": true, ""paymentDate"": ""2026-09-21T13:40:14+05:30"", ""gstPercentage"": 18, ""membershipData"": {""amount"": 0, ""isMembershipFee"": true}, ""priceBreakdown"": {""basePrice"": 15588, ""gstAmount"": 2986, ""couponCode"": null, ""finalPrice"": 19573, ""couponPercent"": null, ""proRataCredit"": 0, ""couponDiscount"": 0, ""membershipFees"": 0, ""securityDeposit"": 0, ""damageWaiverFees"": 999}, ""userTrialApplied"": false, ""isTrialPeriodExpired"": true, ""userDamageWaiverFeesApplied"": true}",,,,,,{},[],{}
a7fd4c3e-027e-4abf-9999-551d996f859f,a7b2a85e-2bd3-4e40-9534-34d5427fd8b7,,15588.0,2026-09-23T08:29:08Z,2027-09-23T08:29:08Z,0,order_Tecsqw4kS5zLgB,26a25589-5532-4f28-b820-1b6c7894c4fd,ACTIVE,,cardless_emi,,"{""discount"": ""25%"", ""isNewPlan"": false, ""trialDays"": 30, ""toyProgram"": ""-"", ""planSavings"": 3597, ""planVersion"": ""v2"", ""trialAmount"": 999, ""trialApplied"": false, ""memberShipFees"": 0, ""bonusDeliveries"": 0, ""deliveryCharges"": 100, ""sameDayDelivery"": true, ""damageWaiverFees"": 999, ""maxBigToyAllowed"": 1, ""refundableDeposit"": 0, ""moneyBackGuarantee"": 30, ""effectiveCostPerMonth"": 1299, ""membershipFeesApplied"": false, ""securityDepositApplied"": false, ""totalKeepCountPerMonth"": 3, ""damageWaiverFeesApplied"": true, ""isUnlimitedFreeDelivery"": true, ""maxToyHoldingValueAllowed"": 120000, ""totalFreeDeliveryPerMonth"": 0, ""actualChargesForMemberShipFees"": 0, ""actualChargesForSecurityDeposit"": 0, ""actualChargesForDamageWaiverFees"": 999}",ONE_TIME,2026-09-21T08:47:31.177Z,2026-09-23T08:29:08.65Z,39d4dac4-9537-4653-874b-36bd27b763a0,"{""deviceType"": ""MOBILE"", ""gstApplied"": true, ""promoCodeId"": ""payment_provider_444be18c9e16d1cd1b19ef1c8a66b2ab"", ""paymentNotes"": {""userId"": ""a7b2a85e-2bd3-4e40-9534-34d5427fd8b7"", ""subscriptionType"": ""ONE_TIME"", ""subscriptionPlanId"": ""26a25589-5532-4f28-b820-1b6c7894c4fd""}, ""gstPercentage"": 18, ""membershipData"": {""amount"": 0, ""isMembershipFee"": true}, ""priceBreakdown"": {""basePrice"": 15588, ""gstAmount"": 2986, ""couponCode"": ""FLAT11KAK"", ""finalPrice"": 11000, ""couponPercent"": null, ""proRataCredit"": null, ""couponDiscount"": 8573, ""membershipFees"": 0, ""securityDeposit"": 0, ""damageWaiverFees"": 999}, ""isRecurringInit"": false, ""paymentProvider"": ""RAZOR_PAY"", ""userTrialApplied"": false, ""securityDepositData"": {""securityDepositApplied"": false}, ""isTrialPeriodExpired"": true, ""merchantTransactionId"": ""order_Tecsqw4kS5zLgB"", ""userDamageWaiverFeesApplied"": true}",,,,,,{},[],"{""couponId"": ""39d4dac4-9537-4653-874b-36bd27b763a0"", ""couponAppliedStatus"": ""PENDING"", ""isCouponAppliedOnSubscriptionRenew"": false}"
5b1284b2-0de1-4d23-9eac-e6d9f6feaf27,c79645d9-f062-4a80-aff7-5a6bb4500f6e,,15588.0,2026-09-21T09:05:56Z,2027-09-21T09:05:56Z,0,order_Ted417nQjzy0wg,26a25589-5532-4f28-b820-1b6c7894c4fd,ACTIVE,,emi,,"{""discount"": ""25%"", ""isNewPlan"": false, ""trialDays"": 30, ""toyProgram"": ""-"", ""planSavings"": 3597, ""planVersion"": ""v2"", ""trialAmount"": 999, ""trialApplied"": false, ""memberShipFees"": 0, ""bonusDeliveries"": 0, ""deliveryCharges"": 100, ""sameDayDelivery"": true, ""damageWaiverFees"": 999, ""maxBigToyAllowed"": 1, ""refundableDeposit"": 0, ""moneyBackGuarantee"": 30, ""effectiveCostPerMonth"": 1299, ""membershipFeesApplied"": false, ""securityDepositApplied"": false, ""totalKeepCountPerMonth"": 3, ""damageWaiverFeesApplied"": true, ""isUnlimitedFreeDelivery"": true, ""maxToyHoldingValueAllowed"": 120000, ""totalFreeDeliveryPerMonth"": 0, ""actualChargesForMemberShipFees"": 0, ""actualChargesForSecurityDeposit"": 0, ""actualChargesForDamageWaiverFees"": 999}",ONE_TIME,2026-09-21T08:58:05.305Z,2026-09-21T09:05:56.827Z,39d4dac4-9537-4653-874b-36bd27b763a0,"{""deviceType"": ""MOBILE"", ""gstApplied"": true, ""promoCodeId"": ""payment_provider_444be18c9e16d1cd1b19ef1c8a66b2ab"", ""paymentNotes"": {""userId"": ""c79645d9-f062-4a80-aff7-5a6bb4500f6e"", ""subscriptionType"": ""ONE_TIME"", ""subscriptionPlanId"": ""26a25589-5532-4f28-b820-1b6c7894c4fd""}, ""gstPercentage"": 18, ""membershipData"": {""amount"": 0, ""isMembershipFee"": true}, ""priceBreakdown"": {""basePrice"": 15588, ""gstAmount"": 2986, ""couponCode"": ""FLAT11KAK"", ""finalPrice"": 11000, ""couponPercent"": null, ""proRataCredit"": null, ""couponDiscount"": 8573, ""membershipFees"": 0, ""securityDeposit"": 0, ""damageWaiverFees"": 999}, ""isRecurringInit"": false, ""paymentProvider"": ""RAZOR_PAY"", ""userTrialApplied"": false, ""securityDepositData"": {""securityDepositApplied"": false}, ""isTrialPeriodExpired"": true, ""merchantTransactionId"": ""order_Ted417nQjzy0wg"", ""userDamageWaiverFeesApplied"": true}",,,,,,{},[],"{""couponId"": ""39d4dac4-9537-4653-874b-36bd27b763a0"", ""couponAppliedStatus"": ""PENDING"", ""isCouponAppliedOnSubscriptionRenew"": false}"
b6445d11-afee-4900-b3d0-186f7c5bffd6,f4de5c87-2741-4e0c-87b3-f722e7c09998,,15588.0,2026-09-24T15:14:54Z,2027-09-24T15:14:54Z,0,order_TeeUQE1WyvdSTx,26a25589-5532-4f28-b820-1b6c7894c4fd,ACTIVE,,card,,"{""discount"": ""25%"", ""isNewPlan"": false, ""trialDays"": 30, ""toyProgram"": ""-"", ""planSavings"": 3597, ""planVersion"": ""v2"", ""trialAmount"": 999, ""trialApplied"": false, ""memberShipFees"": 0, ""bonusDeliveries"": 0, ""deliveryCharges"": 100, ""sameDayDelivery"": true, ""damageWaiverFees"": 999, ""maxBigToyAllowed"": 1, ""refundableDeposit"": 0, ""moneyBackGuarantee"": 30, ""effectiveCostPerMonth"": 1299, ""membershipFeesApplied"": false, ""securityDepositApplied"": false, ""totalKeepCountPerMonth"": 3, ""damageWaiverFeesApplied"": true, ""isUnlimitedFreeDelivery"": true, ""maxToyHoldingValueAllowed"": 120000, ""totalFreeDeliveryPerMonth"": 0, ""actualChargesForMemberShipFees"": 0, ""actualChargesForSecurityDeposit"": 0, ""actualChargesForDamageWaiverFees"": 999}",ONE_TIME,2026-09-21T10:21:46.727Z,2026-09-24T15:14:54.097Z,4f267a61-b236-4cae-9056-84c7761efeb6,"{""deviceType"": ""MOBILE"", ""gstApplied"": true, ""promoCodeId"": ""payment_provider_03519e3c3491068f82b440bd564c6d42"", ""paymentNotes"": {""userId"": ""f4de5c87-2741-4e0c-87b3-f722e7c09998"", ""subscriptionType"": ""ONE_TIME"", ""subscriptionPlanId"": ""26a25589-5532-4f28-b820-1b6c7894c4fd""}, ""gstPercentage"": 18, ""membershipData"": {""amount"": 0, ""isMembershipFee"": true}, ""priceBreakdown"": {""basePrice"": 15588, ""gstAmount"": 2986, ""couponCode"": ""TOYJOY"", ""finalPrice"": 13573, ""couponPercent"": null, ""proRataCredit"": null, ""couponDiscount"": 6000, ""membershipFees"": 0, ""securityDeposit"": 0, ""damageWaiverFees"": 999}, ""isRecurringInit"": false, ""paymentProvider"": ""RAZOR_PAY"", ""userTrialApplied"": false, ""securityDepositData"": {""securityDepositApplied"": false}, ""isTrialPeriodExpired"": true, ""merchantTransactionId"": ""order_TeeUQE1WyvdSTx"", ""userDamageWaiverFeesApplied"": true}",,,,,,{},[],"{""couponId"": ""4f267a61-b236-4cae-9056-84c7761efeb6"", ""couponAppliedStatus"": ""PENDING"", ""isCouponAppliedOnSubscriptionRenew"": false}"
bdeebbe7-d7a5-4af7-9e6a-6b388de82d15,9e334644-8aaf-46d6-8757-cc0bcac0da5c,,15588.0,2026-09-26T07:12:24Z,2027-09-26T07:12:24Z,0,order_TegbajwwiS4P6N,26a25589-5532-4f28-b820-1b6c7894c4fd,ACTIVE,,upi,,"{""discount"": ""25%"", ""isNewPlan"": false, ""trialDays"": 30, ""toyProgram"": ""-"", ""planSavings"": 3597, ""planVersion"": ""v2"", ""trialAmount"": 999, ""trialApplied"": false, ""memberShipFees"": 0, ""bonusDeliveries"": 0, ""deliveryCharges"": 100, ""sameDayDelivery"": true, ""damageWaiverFees"": 999, ""maxBigToyAllowed"": 1, ""refundableDeposit"": 0, ""moneyBackGuarantee"": 30, ""effectiveCostPerMonth"": 1299, ""membershipFeesApplied"": false, ""securityDepositApplied"": false, ""totalKeepCountPerMonth"": 3, ""damageWaiverFeesApplied"": true, ""isUnlimitedFreeDelivery"": true, ""maxToyHoldingValueAllowed"": 120000, ""totalFreeDeliveryPerMonth"": 0, ""actualChargesForMemberShipFees"": 0, ""actualChargesForSecurityDeposit"": 0, ""actualChargesForDamageWaiverFees"": 999}",ONE_TIME,2026-09-21T12:25:57.211Z,2026-09-26T07:12:24.317Z,39d4dac4-9537-4653-874b-36bd27b763a0,"{""deviceType"": ""MOBILE"", ""gstApplied"": true, ""promoCodeId"": ""payment_provider_444be18c9e16d1cd1b19ef1c8a66b2ab"", ""paymentNotes"": {""userId"": ""9e334644-8aaf-46d6-8757-cc0bcac0da5c"", ""subscriptionType"": ""ONE_TIME"", ""subscriptionPlanId"": ""26a25589-5532-4f28-b820-1b6c7894c4fd""}, ""gstPercentage"": 18, ""membershipData"": {""amount"": 0, ""isMembershipFee"": true}, ""priceBreakdown"": {""basePrice"": 15588, ""gstAmount"": 2986, ""couponCode"": ""FLAT11KAK"", ""finalPrice"": 11000, ""couponPercent"": null, ""proRataCredit"": null, ""couponDiscount"": 8573, ""membershipFees"": 0, ""securityDeposit"": 0, ""damageWaiverFees"": 999}, ""isRecurringInit"": false, ""paymentProvider"": ""RAZOR_PAY"", ""userTrialApplied"": false, ""securityDepositData"": {""securityDepositApplied"": false}, ""isTrialPeriodExpired"": true, ""merchantTransactionId"": ""order_TegbajwwiS4P6N"", ""userDamageWaiverFeesApplied"": true}",,,,,,{},[],"{""couponId"": ""39d4dac4-9537-4653-874b-36bd27b763a0"", ""couponAppliedStatus"": ""PENDING"", ""isCouponAppliedOnSubscriptionRenew"": false}"
d9ee161f-3092-4975-9555-7b49712c8971,55ef9ff7-f678-4161-8e22-46b50aef28f0,,15588.0,2026-09-25T09:02:58Z,2027-09-25T09:02:58Z,0,order_TehL0bBoI6IrXc,26a25589-5532-4f28-b820-1b6c7894c4fd,ACTIVE,,upi,,"{""discount"": ""25%"", ""isNewPlan"": false, ""trialDays"": 30, ""toyProgram"": ""-"", ""planSavings"": 3597, ""planVersion"": ""v2"", ""trialAmount"": 999, ""trialApplied"": false, ""memberShipFees"": 0, ""bonusDeliveries"": 0, ""deliveryCharges"": 100, ""sameDayDelivery"": true, ""damageWaiverFees"": 999, ""maxBigToyAllowed"": 1, ""refundableDeposit"": 0, ""moneyBackGuarantee"": 30, ""effectiveCostPerMonth"": 1299, ""membershipFeesApplied"": false, ""securityDepositApplied"": false, ""totalKeepCountPerMonth"": 3, ""damageWaiverFeesApplied"": true, ""isUnlimitedFreeDelivery"": true, ""maxToyHoldingValueAllowed"": 120000, ""totalFreeDeliveryPerMonth"": 0, ""actualChargesForMemberShipFees"": 0, ""actualChargesForSecurityDeposit"": 0, ""actualChargesForDamageWaiverFees"": 999}",ONE_TIME,2026-09-21T13:08:56.887Z,2026-09-25T09:02:58.232Z,39d4dac4-9537-4653-874b-36bd27b763a0,"{""deviceType"": ""MOBILE"", ""gstApplied"": true, ""promoCodeId"": ""payment_provider_444be18c9e16d1cd1b19ef1c8a66b2ab"", ""paymentNotes"": {""userId"": ""55ef9ff7-f678-4161-8e22-46b50aef28f0"", ""subscriptionType"": ""ONE_TIME"", ""subscriptionPlanId"": ""26a25589-5532-4f28-b820-1b6c7894c4fd""}, ""gstPercentage"": 18, ""membershipData"": {""amount"": 0, ""isMembershipFee"": true}, ""priceBreakdown"": {""basePrice"": 15588, ""gstAmount"": 2986, ""couponCode"": ""FLAT11KAK"", ""finalPrice"": 11000, ""couponPercent"": null, ""proRataCredit"": null, ""couponDiscount"": 8573, ""membershipFees"": 0, ""securityDeposit"": 0, ""damageWaiverFees"": 999}, ""isRecurringInit"": false, ""paymentProvider"": ""RAZOR_PAY"", ""userTrialApplied"": false, ""securityDepositData"": {""securityDepositApplied"": false}, ""isTrialPeriodExpired"": true, ""merchantTransactionId"": ""order_TehL0bBoI6IrXc"", ""userDamageWaiverFeesApplied"": true}",,,,,,{},[],"{""couponId"": ""39d4dac4-9537-4653-874b-36bd27b763a0"", ""couponAppliedStatus"": ""PENDING"", ""isCouponAppliedOnSubscriptionRenew"": false}"
82b8674d-751b-4676-9ce5-c09c4b03275a,0c5c3005-b1b9-4c2b-ac27-b744698cb329,,15588.0,2026-09-25T06:05:28Z,2027-09-25T06:05:28Z,0,order_Tei0J1FPG4WihD,26a25589-5532-4f28-b820-1b6c7894c4fd,ACTIVE,,cardless_emi,,"{""discount"": ""25%"", ""isNewPlan"": false, ""trialDays"": 30, ""toyProgram"": ""-"", ""planSavings"": 3597, ""planVersion"": ""v2"", ""trialAmount"": 999, ""trialApplied"": false, ""memberShipFees"": 0, ""bonusDeliveries"": 0, ""deliveryCharges"": 100, ""sameDayDelivery"": true, ""damageWaiverFees"": 999, ""maxBigToyAllowed"": 1, ""refundableDeposit"": 0, ""moneyBackGuarantee"": 30, ""effectiveCostPerMonth"": 1299, ""membershipFeesApplied"": false, ""securityDepositApplied"": false, ""totalKeepCountPerMonth"": 3, ""damageWaiverFeesApplied"": true, ""isUnlimitedFreeDelivery"": true, ""maxToyHoldingValueAllowed"": 120000, ""totalFreeDeliveryPerMonth"": 0, ""actualChargesForMemberShipFees"": 0, ""actualChargesForSecurityDeposit"": 0, ""actualChargesForDamageWaiverFees"": 999}",ONE_TIME,2026-09-21T13:48:02.563Z,2026-09-25T06:05:28.466Z,39d4dac4-9537-4653-874b-36bd27b763a0,"{""deviceType"": ""MOBILE"", ""gstApplied"": true, ""promoCodeId"": ""payment_provider_444be18c9e16d1cd1b19ef1c8a66b2ab"", ""paymentNotes"": {""userId"": ""0c5c3005-b1b9-4c2b-ac27-b744698cb329"", ""subscriptionType"": ""ONE_TIME"", ""subscriptionPlanId"": ""26a25589-5532-4f28-b820-1b6c7894c4fd""}, ""gstPercentage"": 18, ""membershipData"": {""amount"": 0, ""isMembershipFee"": true}, ""priceBreakdown"": {""basePrice"": 15588, ""gstAmount"": 2986, ""couponCode"": ""FLAT11KAK"", ""finalPrice"": 11000, ""couponPercent"": null, ""proRataCredit"": null, ""couponDiscount"": 8573, ""membershipFees"": 0, ""securityDeposit"": 0, ""damageWaiverFees"": 999}, ""isRecurringInit"": false, ""paymentProvider"": ""RAZOR_PAY"", ""userTrialApplied"": false, ""securityDepositData"": {""securityDepositApplied"": false}, ""isTrialPeriodExpired"": true, ""merchantTransactionId"": ""order_Tei0J1FPG4WihD"", ""userDamageWaiverFeesApplied"": true}",,,,,,{},[],"{""couponId"": ""39d4dac4-9537-4653-874b-36bd27b763a0"", ""couponAppliedStatus"": ""PENDING"", ""isCouponAppliedOnSubscriptionRenew"": false}"
828d52c1-2f56-4551-a493-9953bf11317b,f1989e19-0a43-46a5-bccb-7921eefa6066,949305110511,15588.0,2026-09-25T06:31:46Z,2027-09-25T06:31:46Z,0,assigned_8027468a1fcecbcb5eb29112b6916c90,26a25589-5532-4f28-b820-1b6c7894c4fd,ACTIVE,,razorpay,,"{""discount"": ""25%"", ""isNewPlan"": false, ""pricePaid"": 3000, ""trialDays"": 30, ""toyProgram"": ""-"", ""planSavings"": 3597, ""planVersion"": ""v2"", ""trialAmount"": 999, ""trialApplied"": false, ""memberShipFees"": 0, ""bonusDeliveries"": 0, ""deliveryCharges"": 100, ""sameDayDelivery"": true, ""damageWaiverFees"": 999, ""maxBigToyAllowed"": 1, ""refundableDeposit"": 0, ""memberShipFeesPaid"": 0, ""moneyBackGuarantee"": 30, ""effectiveCostPerMonth"": 1299, ""membershipFeesApplied"": false, ""refundableDepositPaid"": 0, ""planPriceDiscountAdmin"": 12588, ""securityDepositApplied"": false, ""totalKeepCountPerMonth"": 3, ""damageWaiverFeesApplied"": true, ""isUnlimitedFreeDelivery"": true, ""membershipDiscountAdmin"": 0, ""maxToyHoldingValueAllowed"": 120000, ""totalFreeDeliveryPerMonth"": 0, ""actualChargesForMemberShipFees"": 0, ""refundableDepositDiscountAdmin"": 0, ""actualChargesForSecurityDeposit"": 0, ""actualChargesForDamageWaiverFees"": 999}",ASSIGNED,2026-09-21T13:51:15.992Z,2026-09-25T06:31:46.739Z,,"{""amount"": 3000, ""gstApplied"": true, ""paymentDate"": ""2026-09-21T13:51:13.881Z"", ""gstPercentage"": 18, ""membershipData"": {""amount"": 0, ""isMembershipFee"": true}, ""priceBreakdown"": {""basePrice"": 15588, ""gstAmount"": 2806, ""couponCode"": null, ""finalPrice"": 13944, ""couponPercent"": null, ""proRataCredit"": 4450, ""couponDiscount"": 0, ""membershipFees"": 0, ""securityDeposit"": 0, ""damageWaiverFees"": 0}, ""userTrialApplied"": false, ""isTrialPeriodExpired"": true, ""userDamageWaiverFeesApplied"": false}",,,,,,{},[],{}
1c781f0f-0680-480b-bfbb-197b37fb49dc,c9ed9a30-ed11-4d8f-a97c-2d2b1decaca7,,15588.0,2026-09-22T14:15:16Z,2027-09-22T14:15:16Z,0,order_Tel7sVK4kSwquE,26a25589-5532-4f28-b820-1b6c7894c4fd,ACTIVE,,upi,,"{""discount"": ""25%"", ""isNewPlan"": false, ""trialDays"": 30, ""toyProgram"": ""-"", ""planSavings"": 3597, ""planVersion"": ""v2"", ""trialAmount"": 999, ""trialApplied"": false, ""memberShipFees"": 0, ""bonusDeliveries"": 0, ""deliveryCharges"": 100, ""sameDayDelivery"": true, ""damageWaiverFees"": 999, ""maxBigToyAllowed"": 1, ""refundableDeposit"": 0, ""moneyBackGuarantee"": 30, ""effectiveCostPerMonth"": 1299, ""membershipFeesApplied"": false, ""securityDepositApplied"": false, ""totalKeepCountPerMonth"": 3, ""damageWaiverFeesApplied"": true, ""isUnlimitedFreeDelivery"": true, ""maxToyHoldingValueAllowed"": 120000, ""totalFreeDeliveryPerMonth"": 0, ""actualChargesForMemberShipFees"": 0, ""actualChargesForSecurityDeposit"": 0, ""actualChargesForDamageWaiverFees"": 999}",ONE_TIME,2026-09-21T16:51:17.533Z,2026-09-22T14:15:16.957Z,8a90f7f6-7489-4f41-991d-7c2bfd7faa87,"{""deviceType"": ""MOBILE"", ""gstApplied"": true, ""promoCodeId"": ""payment_provider_e108074727d4740524046612dbdbbd3a"", ""paymentNotes"": {""userId"": ""c9ed9a30-ed11-4d8f-a97c-2d2b1decaca7"", ""subscriptionType"": ""ONE_TIME"", ""subscriptionPlanId"": ""26a25589-5532-4f28-b820-1b6c7894c4fd""}, ""gstPercentage"": 18, ""membershipData"": {""amount"": 0, ""isMembershipFee"": true}, ""priceBreakdown"": {""basePrice"": 15588, ""gstAmount"": 1583, ""couponCode"": ""VP502026"", ""finalPrice"": 10376, ""couponPercent"": 50, ""proRataCredit"": null, ""couponDiscount"": 7794, ""membershipFees"": 0, ""securityDeposit"": 0, ""damageWaiverFees"": 999}, ""isRecurringInit"": false, ""paymentProvider"": ""RAZOR_PAY"", ""userTrialApplied"": false, ""securityDepositData"": {""securityDepositApplied"": false}, ""isTrialPeriodExpired"": true, ""merchantTransactionId"": ""order_Tel7sVK4kSwquE"", ""userDamageWaiverFeesApplied"": true}",,,,,,{},[],"{""couponId"": ""8a90f7f6-7489-4f41-991d-7c2bfd7faa87"", ""couponAppliedStatus"": ""PENDING"", ""isCouponAppliedOnSubscriptionRenew"": false}"
2df3c176-6f04-43eb-b195-8ee367cbfc13,a0058570-dd14-48cc-97f8-df827ddadfed,,5997.0,2026-09-21T17:21:10Z,2026-12-21T17:21:10Z,0,order_TelcdmU7ZYZHS7,03e58770-76d5-4434-9934-ea1d64e4096f,ACTIVE,,upi,,"{""discount"": ""25%"", ""isNewPlan"": false, ""trialDays"": 30, ""toyProgram"": ""-"", ""planSavings"": 3597, ""planVersion"": ""v2"", ""trialAmount"": 99, ""trialApplied"": false, ""memberShipFees"": 0, ""bonusDeliveries"": 0, ""deliveryCharges"": 100, ""sameDayDelivery"": true, ""damageWaiverFees"": 999, ""maxBigToyAllowed"": 1, ""refundableDeposit"": 0, ""moneyBackGuarantee"": 30, ""effectiveCostPerMonth"": 1999, ""membershipFeesApplied"": false, ""securityDepositApplied"": false, ""totalKeepCountPerMonth"": 3, ""damageWaiverFeesApplied"": true, ""isUnlimitedFreeDelivery"": false, ""maxToyHoldingValueAllowed"": 35000, ""totalFreeDeliveryPerMonth"": 12, ""actualChargesForMemberShipFees"": 0, ""actualChargesForSecurityDeposit"": 0, ""actualChargesForDamageWaiverFees"": 999}",ONE_TIME,2026-09-21T17:20:24.841Z,2026-09-21T17:21:10.155Z,d9f45968-fdf9-45cb-a143-9bda0499e70b,"{""deviceType"": ""MOBILE"", ""gstApplied"": true, ""promoCodeId"": ""payment_provider_222024ad0be6b711af19f169bcb51d44"", ""paymentNotes"": {""userId"": ""a0058570-dd14-48cc-97f8-df827ddadfed"", ""subscriptionType"": ""ONE_TIME"", ""subscriptionPlanId"": ""03e58770-76d5-4434-9934-ea1d64e4096f""}, ""gstPercentage"": 18, ""membershipData"": {""amount"": 0, ""isMembershipFee"": true}, ""priceBreakdown"": {""basePrice"": 5997, ""gstAmount"": 1260, ""couponCode"": ""FUNDEAL"", ""finalPrice"": 5756, ""couponPercent"": null, ""proRataCredit"": null, ""couponDiscount"": 2500, ""membershipFees"": 0, ""securityDeposit"": 0, ""damageWaiverFees"": 999}, ""isRecurringInit"": false, ""paymentProvider"": ""RAZOR_PAY"", ""userTrialApplied"": false, ""securityDepositData"": {""securityDepositApplied"": false}, ""isTrialPeriodExpired"": true, ""merchantTransactionId"": ""order_TelcdmU7ZYZHS7"", ""userDamageWaiverFeesApplied"": true}",,,,,,{},[],"{""couponId"": ""d9f45968-fdf9-45cb-a143-9bda0499e70b"", ""couponAppliedStatus"": ""PENDING"", ""isCouponAppliedOnSubscriptionRenew"": false}"
fa87338a-d7e8-4c3b-887c-424493f682b6,643b79a1-ec28-4f64-a878-bd8df2c74312,,5997.0,2026-09-24T09:30:27Z,2026-12-24T09:30:27Z,0,order_TemPLondOYrQvP,03e58770-76d5-4434-9934-ea1d64e4096f,ACTIVE,,upi,,"{""discount"": ""25%"", ""isNewPlan"": false, ""trialDays"": 30, ""toyProgram"": ""-"", ""planSavings"": 3597, ""planVersion"": ""v2"", ""trialAmount"": 99, ""trialApplied"": false, ""memberShipFees"": 0, ""bonusDeliveries"": 0, ""deliveryCharges"": 100, ""sameDayDelivery"": true, ""damageWaiverFees"": 999, ""maxBigToyAllowed"": 1, ""refundableDeposit"": 0, ""moneyBackGuarantee"": 30, ""effectiveCostPerMonth"": 1999, ""membershipFeesApplied"": false, ""securityDepositApplied"": false, ""totalKeepCountPerMonth"": 3, ""damageWaiverFeesApplied"": true, ""isUnlimitedFreeDelivery"": false, ""maxToyHoldingValueAllowed"": 35000, ""totalFreeDeliveryPerMonth"": 12, ""actualChargesForMemberShipFees"": 0, ""actualChargesForSecurityDeposit"": 0, ""actualChargesForDamageWaiverFees"": 999}",ONE_TIME,2026-09-21T18:06:31.596Z,2026-09-24T09:30:28.023Z,d9f45968-fdf9-45cb-a143-9bda0499e70b,"{""deviceType"": ""MOBILE"", ""gstApplied"": true, ""promoCodeId"": ""payment_provider_222024ad0be6b711af19f169bcb51d44"", ""paymentNotes"": {""userId"": ""643b79a1-ec28-4f64-a878-bd8df2c74312"", ""subscriptionType"": ""ONE_TIME"", ""subscriptionPlanId"": ""03e58770-76d5-4434-9934-ea1d64e4096f""}, ""gstPercentage"": 18, ""membershipData"": {""amount"": 0, ""isMembershipFee"": true}, ""priceBreakdown"": {""basePrice"": 5997, ""gstAmount"": 1260, ""couponCode"": ""FUNDEAL"", ""finalPrice"": 5756, ""couponPercent"": null, ""proRataCredit"": null, ""couponDiscount"": 2500, ""membershipFees"": 0, ""securityDeposit"": 0, ""damageWaiverFees"": 999}, ""isRecurringInit"": false, ""paymentProvider"": ""RAZOR_PAY"", ""userTrialApplied"": false, ""securityDepositData"": {""securityDepositApplied"": false}, ""isTrialPeriodExpired"": true, ""merchantTransactionId"": ""order_TemPLondOYrQvP"", ""userDamageWaiverFeesApplied"": true}",,,,,,{},[],"{""couponId"": ""d9f45968-fdf9-45cb-a143-9bda0499e70b"", ""couponAppliedStatus"": ""PENDING"", ""isCouponAppliedOnSubscriptionRenew"": false}"
b4c794fd-b299-443d-ad8c-6ea9c4c510fe,0e30944c-f1dc-4856-b3f6-f11888a6fd24,,15588.0,2026-09-23T18:45:09Z,2027-09-23T18:45:09Z,0,order_TemmwanEtdwmtm,26a25589-5532-4f28-b820-1b6c7894c4fd,ACTIVE,,card,,"{""discount"": ""25%"", ""isNewPlan"": false, ""trialDays"": 30, ""toyProgram"": ""-"", ""planSavings"": 3597, ""planVersion"": ""v2"", ""trialAmount"": 999, ""trialApplied"": false, ""memberShipFees"": 0, ""bonusDeliveries"": 0, ""deliveryCharges"": 100, ""sameDayDelivery"": true, ""damageWaiverFees"": 999, ""maxBigToyAllowed"": 1, ""refundableDeposit"": 0, ""moneyBackGuarantee"": 30, ""effectiveCostPerMonth"": 1299, ""membershipFeesApplied"": false, ""planPriceDiscountAdmin"": -1099001, ""securityDepositApplied"": false, ""totalKeepCountPerMonth"": 3, ""damageWaiverFeesApplied"": true, ""isUnlimitedFreeDelivery"": true, ""maxToyHoldingValueAllowed"": 120000, ""totalFreeDeliveryPerMonth"": 0, ""actualChargesForMemberShipFees"": 0, ""actualChargesForSecurityDeposit"": 0, ""actualChargesForDamageWaiverFees"": 999}",ONE_TIME,2026-09-21T18:30:58.459Z,2026-09-23T18:45:09.104Z,,"{""amount"": 1100000, ""deviceType"": ""MOBILE"", ""gstApplied"": true, ""paymentNotes"": {""userId"": ""0e30944c-f1dc-4856-b3f6-f11888a6fd24"", ""paymentLinkId"": ""43b7f1e9-249c-4b2d-a4e0-ec848fb9c3c8"", ""subscriptionPlanId"": ""26a25589-5532-4f28-b820-1b6c7894c4fd""}, ""gstPercentage"": 18, ""paymentLinkId"": ""43b7f1e9-249c-4b2d-a4e0-ec848fb9c3c8"", ""membershipData"": {""amount"": 0, ""isMembershipFee"": false}, ""isRecurringInit"": false, ""paymentProvider"": ""RAZOR_PAY"", ""userTrialApplied"": false, ""securityDepositData"": {""amount"": 0, ""securityDepositApplied"": false}, ""isTrialPeriodExpired"": true, ""merchantTransactionId"": ""order_TemmwanEtdwmtm"", ""userDamageWaiverFeesApplied"": true}",,,,,,{},[],{}
6c8f3fbf-cfe8-47c2-a740-0e979f348d58,603ef476-84b4-499d-a3d6-c29baef6b74e,,5997.0,2026-09-22T05:13:10Z,2026-12-22T05:13:10Z,0,order_TexlEo6ba6feUR,03e58770-76d5-4434-9934-ea1d64e4096f,ACTIVE,,upi,,"{""discount"": ""25%"", ""isNewPlan"": false, ""trialDays"": 30, ""toyProgram"": ""-"", ""planSavings"": 3597, ""planVersion"": ""v2"", ""trialAmount"": 99, ""trialApplied"": false, ""memberShipFees"": 0, ""bonusDeliveries"": 0, ""deliveryCharges"": 100, ""sameDayDelivery"": true, ""damageWaiverFees"": 999, ""maxBigToyAllowed"": 1, ""refundableDeposit"": 0, ""moneyBackGuarantee"": 30, ""effectiveCostPerMonth"": 1999, ""membershipFeesApplied"": false, ""securityDepositApplied"": false, ""totalKeepCountPerMonth"": 3, ""damageWaiverFeesApplied"": true, ""isUnlimitedFreeDelivery"": false, ""maxToyHoldingValueAllowed"": 35000, ""totalFreeDeliveryPerMonth"": 12, ""actualChargesForMemberShipFees"": 0, ""actualChargesForSecurityDeposit"": 0, ""actualChargesForDamageWaiverFees"": 999}",ONE_TIME,2026-09-22T05:12:52.554Z,2026-09-22T05:13:11.087Z,eea9fa0e-0ba1-4a66-bd4e-3c9ab018620e,"{""deviceType"": ""MOBILE"", ""gstApplied"": true, ""promoCodeId"": ""payment_provider_461c1537ddd8d4fb2123c7b1c0e6835f"", ""paymentNotes"": {""userId"": ""603ef476-84b4-499d-a3d6-c29baef6b74e"", ""subscriptionType"": ""ONE_TIME"", ""subscriptionPlanId"": ""03e58770-76d5-4434-9934-ea1d64e4096f""}, ""gstPercentage"": 18, ""membershipData"": {""amount"": 0, ""isMembershipFee"": true}, ""priceBreakdown"": {""basePrice"": 5997, ""gstAmount"": 1260, ""couponCode"": ""FLAT5K"", ""finalPrice"": 5000, ""couponPercent"": null, ""proRataCredit"": null, ""couponDiscount"": 3256, ""membershipFees"": 0, ""securityDeposit"": 0, ""damageWaiverFees"": 999}, ""isRecurringInit"": false, ""paymentProvider"": ""RAZOR_PAY"", ""userTrialApplied"": false, ""securityDepositData"": {""securityDepositApplied"": false}, ""isTrialPeriodExpired"": true, ""merchantTransactionId"": ""order_TexlEo6ba6feUR"", ""userDamageWaiverFeesApplied"": true}",,,,,,{},[],"{""couponId"": ""eea9fa0e-0ba1-4a66-bd4e-3c9ab018620e"", ""couponAppliedStatus"": ""PENDING"", ""isCouponAppliedOnSubscriptionRenew"": false}"
cdeda163-d2eb-48a3-abf0-630dab1dc594,d8b8b1fa-36fa-4e88-94a9-b221e61d794a,,15588.0,2026-09-23T13:04:02Z,2027-09-23T13:04:02Z,0,order_TeuyLkUBd7GoX7,26a25589-5532-4f28-b820-1b6c7894c4fd,ACTIVE,,upi,,"{""discount"": ""25%"", ""isNewPlan"": false, ""trialDays"": 30, ""toyProgram"": ""-"", ""planSavings"": 3597, ""planVersion"": ""v2"", ""trialAmount"": 999, ""trialApplied"": false, ""memberShipFees"": 0, ""bonusDeliveries"": 0, ""deliveryCharges"": 100, ""sameDayDelivery"": true, ""damageWaiverFees"": 999, ""maxBigToyAllowed"": 1, ""refundableDeposit"": 0, ""moneyBackGuarantee"": 30, ""effectiveCostPerMonth"": 1299, ""membershipFeesApplied"": false, ""securityDepositApplied"": false, ""totalKeepCountPerMonth"": 3, ""damageWaiverFeesApplied"": true, ""isUnlimitedFreeDelivery"": true, ""maxToyHoldingValueAllowed"": 120000, ""totalFreeDeliveryPerMonth"": 0, ""actualChargesForMemberShipFees"": 0, ""actualChargesForSecurityDeposit"": 0, ""actualChargesForDamageWaiverFees"": 999}",ONE_TIME,2026-09-22T02:29:12.468Z,2026-09-23T13:04:02.725Z,d9f45968-fdf9-45cb-a143-9bda0499e70b,"{""deviceType"": ""MOBILE"", ""gstApplied"": true, ""promoCodeId"": ""payment_provider_222024ad0be6b711af19f169bcb51d44"", ""paymentNotes"": {""userId"": ""d8b8b1fa-36fa-4e88-94a9-b221e61d794a"", ""subscriptionType"": ""ONE_TIME"", ""subscriptionPlanId"": ""26a25589-5532-4f28-b820-1b6c7894c4fd""}, ""gstPercentage"": 18, ""membershipData"": {""amount"": 0, ""isMembershipFee"": true}, ""priceBreakdown"": {""basePrice"": 15588, ""gstAmount"": 2986, ""couponCode"": ""FUNDEAL"", ""finalPrice"": 17073, ""couponPercent"": null, ""proRataCredit"": null, ""couponDiscount"": 2500, ""membershipFees"": 0, ""securityDeposit"": 0, ""damageWaiverFees"": 999}, ""isRecurringInit"": false, ""paymentProvider"": ""RAZOR_PAY"", ""userTrialApplied"": false, ""securityDepositData"": {""securityDepositApplied"": false}, ""isTrialPeriodExpired"": true, ""merchantTransactionId"": ""order_TeuyLkUBd7GoX7"", ""userDamageWaiverFeesApplied"": true}",,,,,,{},[],"{""couponId"": ""d9f45968-fdf9-45cb-a143-9bda0499e70b"", ""couponAppliedStatus"": ""PENDING"", ""isCouponAppliedOnSubscriptionRenew"": false}"
de71bec8-4ec4-4f3c-86b4-0ff6984ef5a4,f471d651-3e3d-4b77-9fd1-5409f580d446,Giftcard,15588.0,2026-09-26T06:02:47Z,2027-09-26T06:02:47Z,0,assigned_12b5c8b9f4585dbb26639c4332f8cdc8,26a25589-5532-4f28-b820-1b6c7894c4fd,ACTIVE,,razorpay,,"{""discount"": ""25%"", ""isNewPlan"": false, ""pricePaid"": 11000, ""trialDays"": 30, ""toyProgram"": ""-"", ""planSavings"": 3597, ""planVersion"": ""v2"", ""trialAmount"": 999, ""trialApplied"": false, ""memberShipFees"": 0, ""bonusDeliveries"": 0, ""deliveryCharges"": 100, ""sameDayDelivery"": true, ""damageWaiverFees"": 999, ""maxBigToyAllowed"": 1, ""refundableDeposit"": 0, ""memberShipFeesPaid"": 0, ""moneyBackGuarantee"": 30, ""effectiveCostPerMonth"": 1299, ""membershipFeesApplied"": false, ""refundableDepositPaid"": 0, ""planPriceDiscountAdmin"": 4588, ""securityDepositApplied"": false, ""totalKeepCountPerMonth"": 3, ""damageWaiverFeesApplied"": true, ""isUnlimitedFreeDelivery"": true, ""membershipDiscountAdmin"": 0, ""maxToyHoldingValueAllowed"": 120000, ""totalFreeDeliveryPerMonth"": 0, ""actualChargesForMemberShipFees"": 0, ""refundableDepositDiscountAdmin"": 0, ""actualChargesForSecurityDeposit"": 0, ""actualChargesForDamageWaiverFees"": 999}",ASSIGNED,2026-09-22T06:02:36.607Z,2026-09-26T06:02:47.836Z,,"{""amount"": 11000, ""gstApplied"": true, ""paymentDate"": ""2026-09-22T06:02:28.776Z"", ""gstPercentage"": 18, ""membershipData"": {""amount"": 0, ""isMembershipFee"": true}, ""priceBreakdown"": {""basePrice"": 15588, ""gstAmount"": 2986, ""couponCode"": null, ""finalPrice"": 19573, ""couponPercent"": null, ""proRataCredit"": 0, ""couponDiscount"": 0, ""membershipFees"": 0, ""securityDeposit"": 0, ""damageWaiverFees"": 999}, ""userTrialApplied"": false, ""isTrialPeriodExpired"": true, ""userDamageWaiverFeesApplied"": true}",,,,,,{},[],{}
802b6de4-ff99-4413-854b-41b7fc271a05,4f11ea4d-ea47-47b6-ab2b-72d41226cb5a,9315473486,5997.0,2026-09-22T06:03:56Z,2026-12-22T06:03:56Z,0,assigned_3c05d692ca8fce61b8b7f41de4e52c15,03e58770-76d5-4434-9934-ea1d64e4096f,ACTIVE,,razorpay,,"{""discount"": ""25%"", ""isNewPlan"": false, ""pricePaid"": 5000, ""trialDays"": 30, ""toyProgram"": ""-"", ""planSavings"": 3597, ""planVersion"": ""v2"", ""trialAmount"": 99, ""trialApplied"": false, ""memberShipFees"": 0, ""bonusDeliveries"": 0, ""deliveryCharges"": 100, ""sameDayDelivery"": true, ""damageWaiverFees"": 999, ""maxBigToyAllowed"": 1, ""refundableDeposit"": 0, ""memberShipFeesPaid"": 0, ""moneyBackGuarantee"": 30, ""effectiveCostPerMonth"": 1999, ""membershipFeesApplied"": false, ""refundableDepositPaid"": 0, ""planPriceDiscountAdmin"": 997, ""securityDepositApplied"": false, ""totalKeepCountPerMonth"": 3, ""damageWaiverFeesApplied"": true, ""isUnlimitedFreeDelivery"": false, ""membershipDiscountAdmin"": 0, ""maxToyHoldingValueAllowed"": 35000, ""totalFreeDeliveryPerMonth"": 12, ""actualChargesForMemberShipFees"": 0, ""refundableDepositDiscountAdmin"": 0, ""actualChargesForSecurityDeposit"": 0, ""actualChargesForDamageWaiverFees"": 999}",ASSIGNED,2026-09-22T06:03:56.316Z,2026-09-22T06:03:56.316Z,,"{""amount"": 5000, ""gstApplied"": true, ""paymentDate"": ""2026-09-22T06:03:50.851Z"", ""gstPercentage"": 18, ""membershipData"": {""amount"": 0, ""isMembershipFee"": true}, ""priceBreakdown"": {""basePrice"": 5997, ""gstAmount"": 1260, ""couponCode"": null, ""finalPrice"": 8256, ""couponPercent"": null, ""proRataCredit"": 0, ""couponDiscount"": 0, ""membershipFees"": 0, ""securityDeposit"": 0, ""damageWaiverFees"": 999}, ""userTrialApplied"": false, ""isTrialPeriodExpired"": true, ""userDamageWaiverFeesApplied"": true}",,,,,,{},[],{}
15e2d69b-62c2-45c5-a394-bddd0817f213,72453a7e-cf39-4607-a052-db74bd6b3a38,,15588.0,2026-09-27T12:57:40Z,2027-09-27T12:57:40Z,0,order_Tf27hT4T7efaWc,26a25589-5532-4f28-b820-1b6c7894c4fd,ACTIVE,,card,,"{""discount"": ""25%"", ""isNewPlan"": false, ""trialDays"": 30, ""toyProgram"": ""-"", ""planSavings"": 3597, ""planVersion"": ""v2"", ""trialAmount"": 999, ""trialApplied"": false, ""memberShipFees"": 0, ""bonusDeliveries"": 0, ""deliveryCharges"": 100, ""sameDayDelivery"": true, ""damageWaiverFees"": 999, ""maxBigToyAllowed"": 1, ""refundableDeposit"": 0, ""moneyBackGuarantee"": 30, ""effectiveCostPerMonth"": 1299, ""membershipFeesApplied"": false, ""securityDepositApplied"": false, ""totalKeepCountPerMonth"": 3, ""damageWaiverFeesApplied"": true, ""isUnlimitedFreeDelivery"": true, ""maxToyHoldingValueAllowed"": 120000, ""totalFreeDeliveryPerMonth"": 0, ""actualChargesForMemberShipFees"": 0, ""actualChargesForSecurityDeposit"": 0, ""actualChargesForDamageWaiverFees"": 999}",ONE_TIME,2026-09-22T09:28:54.87Z,2026-09-27T12:57:40.353Z,39d4dac4-9537-4653-874b-36bd27b763a0,"{""deviceType"": ""MOBILE"", ""gstApplied"": true, ""promoCodeId"": ""payment_provider_444be18c9e16d1cd1b19ef1c8a66b2ab"", ""paymentNotes"": {""userId"": ""72453a7e-cf39-4607-a052-db74bd6b3a38"", ""subscriptionType"": ""ONE_TIME"", ""subscriptionPlanId"": ""26a25589-5532-4f28-b820-1b6c7894c4fd""}, ""gstPercentage"": 18, ""membershipData"": {""amount"": 0, ""isMembershipFee"": true}, ""priceBreakdown"": {""basePrice"": 15588, ""gstAmount"": 2986, ""couponCode"": ""FLAT11KAK"", ""finalPrice"": 11000, ""couponPercent"": null, ""proRataCredit"": null, ""couponDiscount"": 8573, ""membershipFees"": 0, ""securityDeposit"": 0, ""damageWaiverFees"": 999}, ""isRecurringInit"": false, ""paymentProvider"": ""RAZOR_PAY"", ""userTrialApplied"": false, ""securityDepositData"": {""securityDepositApplied"": false}, ""isTrialPeriodExpired"": true, ""merchantTransactionId"": ""order_Tf27hT4T7efaWc"", ""userDamageWaiverFeesApplied"": true}",,,,,,{},[],"{""couponId"": ""39d4dac4-9537-4653-874b-36bd27b763a0"", ""couponAppliedStatus"": ""PENDING"", ""isCouponAppliedOnSubscriptionRenew"": false}"
07a55fde-8219-47a7-9d16-25ec78f7efe4,e428c163-9685-45c8-9249-8e9807a48a3c,,15588.0,2026-09-27T07:26:00Z,2027-09-27T07:26:00Z,0,order_Tf31TIAnKUGa2D,26a25589-5532-4f28-b820-1b6c7894c4fd,ACTIVE,,upi,,"{""discount"": ""25%"", ""isNewPlan"": false, ""trialDays"": 30, ""toyProgram"": ""-"", ""planSavings"": 3597, ""planVersion"": ""v2"", ""trialAmount"": 999, ""trialApplied"": false, ""memberShipFees"": 0, ""bonusDeliveries"": 0, ""deliveryCharges"": 100, ""sameDayDelivery"": true, ""damageWaiverFees"": 999, ""maxBigToyAllowed"": 1, ""refundableDeposit"": 0, ""moneyBackGuarantee"": 30, ""effectiveCostPerMonth"": 1299, ""membershipFeesApplied"": false, ""securityDepositApplied"": false, ""totalKeepCountPerMonth"": 3, ""damageWaiverFeesApplied"": true, ""isUnlimitedFreeDelivery"": true, ""maxToyHoldingValueAllowed"": 120000, ""totalFreeDeliveryPerMonth"": 0, ""actualChargesForMemberShipFees"": 0, ""actualChargesForSecurityDeposit"": 0, ""actualChargesForDamageWaiverFees"": 999}",ONE_TIME,2026-09-22T10:21:42.702Z,2026-09-27T07:26:00.177Z,c6399045-ae57-4a97-b6d4-69dd768bd1d1,"{""deviceType"": ""MOBILE"", ""gstApplied"": true, ""promoCodeId"": ""payment_provider_05af293eb83f6034ab6f3fcf8a2d0816"", ""paymentNotes"": {""userId"": ""e428c163-9685-45c8-9249-8e9807a48a3c"", ""subscriptionType"": ""ONE_TIME"", ""subscriptionPlanId"": ""26a25589-5532-4f28-b820-1b6c7894c4fd""}, ""gstPercentage"": 18, ""membershipData"": {""amount"": 0, ""isMembershipFee"": true}, ""priceBreakdown"": {""basePrice"": 15588, ""gstAmount"": 2986, ""couponCode"": ""GANESHA"", ""finalPrice"": 13573, ""couponPercent"": null, ""proRataCredit"": null, ""couponDiscount"": 6000, ""membershipFees"": 0, ""securityDeposit"": 0, ""damageWaiverFees"": 999}, ""isRecurringInit"": false, ""paymentProvider"": ""RAZOR_PAY"", ""userTrialApplied"": false, ""securityDepositData"": {""securityDepositApplied"": false}, ""isTrialPeriodExpired"": true, ""merchantTransactionId"": ""order_Tf31TIAnKUGa2D"", ""userDamageWaiverFeesApplied"": true}",,,,,,{},[],"{""couponId"": ""c6399045-ae57-4a97-b6d4-69dd768bd1d1"", ""couponAppliedStatus"": ""PENDING"", ""isCouponAppliedOnSubscriptionRenew"": false}"
f51f5ec4-41d2-494e-975d-7a725477d407,365ccf50-7475-4d28-a197-9ea24474b8d9,pay_TezAq9KD6jfVgx,15588.0,2026-09-22T10:47:35Z,2027-09-22T10:47:35Z,0,assigned_a6bb1a3e4d96a45fabe98d16268c4b94,26a25589-5532-4f28-b820-1b6c7894c4fd,ACTIVE,,card,,"{""discount"": ""25%"", ""isNewPlan"": false, ""pricePaid"": 10474, ""trialDays"": 30, ""toyProgram"": ""-"", ""planSavings"": 3597, ""planVersion"": ""v2"", ""trialAmount"": 999, ""trialApplied"": false, ""memberShipFees"": 0, ""bonusDeliveries"": 0, ""deliveryCharges"": 100, ""sameDayDelivery"": true, ""damageWaiverFees"": 999, ""maxBigToyAllowed"": 1, ""refundableDeposit"": 0, ""memberShipFeesPaid"": 0, ""moneyBackGuarantee"": 30, ""effectiveCostPerMonth"": 1299, ""membershipFeesApplied"": false, ""refundableDepositPaid"": 0, ""planPriceDiscountAdmin"": 0, ""securityDepositApplied"": false, ""totalKeepCountPerMonth"": 3, ""damageWaiverFeesApplied"": true, ""isUnlimitedFreeDelivery"": true, ""membershipDiscountAdmin"": 0, ""maxToyHoldingValueAllowed"": 120000, ""totalFreeDeliveryPerMonth"": 0, ""actualChargesForMemberShipFees"": 0, ""refundableDepositDiscountAdmin"": 0, ""actualChargesForSecurityDeposit"": 0, ""actualChargesForDamageWaiverFees"": 999}",ASSIGNED,2026-09-22T10:47:35.747Z,2026-09-22T10:47:35.747Z,,"{""note"": ""Upgraded from Google Sheet"", ""amount"": 0, ""gstApplied"": true, ""paymentDate"": ""2026-09-22T16:17:35+05:30"", ""gstPercentage"": 18, ""membershipData"": {""amount"": 0, ""isMembershipFee"": true}, ""priceBreakdown"": {""basePrice"": 15588, ""gstAmount"": 2806, ""couponCode"": null, ""finalPrice"": 6552, ""couponPercent"": null, ""proRataCredit"": 11842, ""couponDiscount"": 0, ""membershipFees"": 0, ""securityDeposit"": 0, ""damageWaiverFees"": 0}, ""userTrialApplied"": false, ""isTrialPeriodExpired"": true, ""userDamageWaiverFeesApplied"": false}",,,,,,{},[],{}
5d3a3610-12a8-4782-99fd-821dfa5998a8,3bf0863e-6cff-40cb-b47c-1b9590ba8bf7,14202474198,5997.0,2026-09-23T11:45:15Z,2026-12-23T11:45:15Z,0,assigned_765e8bec330545361205c3f20c0b2672,03e58770-76d5-4434-9934-ea1d64e4096f,ACTIVE,,card,,"{""discount"": ""25%"", ""isNewPlan"": false, ""pricePaid"": 4500, ""trialDays"": 30, ""toyProgram"": ""-"", ""planSavings"": 3597, ""planVersion"": ""v2"", ""trialAmount"": 99, ""trialApplied"": false, ""memberShipFees"": 0, ""bonusDeliveries"": 0, ""deliveryCharges"": 100, ""sameDayDelivery"": true, ""damageWaiverFees"": 999, ""maxBigToyAllowed"": 1, ""refundableDeposit"": 0, ""memberShipFeesPaid"": 0, ""moneyBackGuarantee"": 30, ""effectiveCostPerMonth"": 1999, ""membershipFeesApplied"": false, ""refundableDepositPaid"": 0, ""planPriceDiscountAdmin"": 0, ""securityDepositApplied"": false, ""totalKeepCountPerMonth"": 3, ""damageWaiverFeesApplied"": true, ""isUnlimitedFreeDelivery"": false, ""membershipDiscountAdmin"": 0, ""maxToyHoldingValueAllowed"": 35000, ""totalFreeDeliveryPerMonth"": 12, ""actualChargesForMemberShipFees"": 0, ""refundableDepositDiscountAdmin"": 0, ""actualChargesForSecurityDeposit"": 0, ""actualChargesForDamageWaiverFees"": 999}",ASSIGNED,2026-09-22T10:38:31.62Z,2026-09-23T11:45:15.758Z,,"{""note"": ""Assigned from Google Sheet"", ""amount"": 0, ""gstApplied"": true, ""paymentDate"": ""2026-09-22T16:08:31+05:30"", ""gstPercentage"": 18, ""membershipData"": {""amount"": 0, ""isMembershipFee"": true}, ""priceBreakdown"": {""basePrice"": 5997, ""gstAmount"": 1260, ""couponCode"": null, ""finalPrice"": 8256, ""couponPercent"": null, ""proRataCredit"": 0, ""couponDiscount"": 0, ""membershipFees"": 0, ""securityDeposit"": 0, ""damageWaiverFees"": 999}, ""userTrialApplied"": false, ""isTrialPeriodExpired"": true, ""userDamageWaiverFeesApplied"": true}",,,,,,{},[],{}
54444dfb-17ac-4d84-bd2d-fab2425e05c4,d5d264ee-11d2-406e-b919-66a50c07da83,85539072881,15588.0,2026-09-21T06:08:17Z,2027-10-21T18:29:59.999Z,0,assigned_88b552ce7b082473d163713bda8ad5d7,26a25589-5532-4f28-b820-1b6c7894c4fd,ACTIVE,,razorpay,,"{""discount"": ""25%"", ""isNewPlan"": false, ""pricePaid"": 14000, ""trialDays"": 30, ""toyProgram"": ""-"", ""planSavings"": 3597, ""planVersion"": ""v2"", ""trialAmount"": 999, ""trialApplied"": false, ""memberShipFees"": 0, ""bonusDeliveries"": 0, ""deliveryCharges"": 100, ""sameDayDelivery"": true, ""damageWaiverFees"": 999, ""maxBigToyAllowed"": 2, ""refundableDeposit"": 0, ""memberShipFeesPaid"": 0, ""moneyBackGuarantee"": 30, ""effectiveCostPerMonth"": 1299, ""membershipFeesApplied"": false, ""refundableDepositPaid"": 0, ""planPriceDiscountAdmin"": 1588, ""securityDepositApplied"": false, ""totalKeepCountPerMonth"": 2, ""damageWaiverFeesApplied"": true, ""isUnlimitedFreeDelivery"": true, ""membershipDiscountAdmin"": 0, ""maxToyHoldingValueAllowed"": 120000, ""totalFreeDeliveryPerMonth"": 0, ""actualChargesForMemberShipFees"": 0, ""refundableDepositDiscountAdmin"": 0, ""actualChargesForSecurityDeposit"": 0, ""actualChargesForDamageWaiverFees"": 999}",ASSIGNED,2026-09-21T06:08:17.389Z,2026-09-24T15:44:42.663Z,,"{""amount"": 14000, ""gstApplied"": true, ""paymentDate"": ""2026-09-21T06:08:02.244Z"", ""gstPercentage"": 18, ""membershipData"": {""amount"": 0, ""isMembershipFee"": true}, ""priceBreakdown"": {""basePrice"": 15588, ""gstAmount"": 2986, ""couponCode"": null, ""finalPrice"": 19573, ""couponPercent"": null, ""proRataCredit"": 0, ""couponDiscount"": 0, ""membershipFees"": 0, ""securityDeposit"": 0, ""damageWaiverFees"": 999}, ""userTrialApplied"": false, ""isTrialPeriodExpired"": true, ""userDamageWaiverFeesApplied"": true}",,,,,,{},[],{}
e22c7afe-b6d1-4213-9aa2-b5e7f77bce7f,2d0a2225-c5c4-4f86-a4aa-8175e425cbe2,99535269991,15588.0,2026-09-22T12:51:40Z,2027-11-22T18:29:59.999Z,0,assigned_f5fec68507e47ee426fe028459fb6a54,26a25589-5532-4f28-b820-1b6c7894c4fd,ACTIVE,,razorpay,,"{""discount"": ""25%"", ""isNewPlan"": false, ""pricePaid"": 10376, ""trialDays"": 30, ""toyProgram"": ""-"", ""planSavings"": 3597, ""planVersion"": ""v2"", ""trialAmount"": 999, ""trialApplied"": false, ""memberShipFees"": 0, ""bonusDeliveries"": 0, ""deliveryCharges"": 100, ""sameDayDelivery"": true, ""damageWaiverFees"": 999, ""maxBigToyAllowed"": 1, ""refundableDeposit"": 0, ""memberShipFeesPaid"": 0, ""moneyBackGuarantee"": 30, ""effectiveCostPerMonth"": 1299, ""membershipFeesApplied"": false, ""refundableDepositPaid"": 0, ""planPriceDiscountAdmin"": 5212, ""securityDepositApplied"": false, ""totalKeepCountPerMonth"": 3, ""damageWaiverFeesApplied"": true, ""isUnlimitedFreeDelivery"": true, ""membershipDiscountAdmin"": 0, ""maxToyHoldingValueAllowed"": 120000, ""totalFreeDeliveryPerMonth"": 0, ""actualChargesForMemberShipFees"": 0, ""refundableDepositDiscountAdmin"": 0, ""actualChargesForSecurityDeposit"": 0, ""actualChargesForDamageWaiverFees"": 999}",ASSIGNED,2026-09-22T12:51:40.166Z,2026-09-22T12:51:57.351Z,,"{""amount"": 10376, ""gstApplied"": true, ""paymentDate"": ""2026-09-22T12:51:37.203Z"", ""gstPercentage"": 18, ""membershipData"": {""amount"": 0, ""isMembershipFee"": true}, ""priceBreakdown"": {""basePrice"": 15588, ""gstAmount"": 2986, ""couponCode"": null, ""finalPrice"": 19573, ""couponPercent"": null, ""proRataCredit"": 0, ""couponDiscount"": 0, ""membershipFees"": 0, ""securityDeposit"": 0, ""damageWaiverFees"": 999}, ""userTrialApplied"": false, ""isTrialPeriodExpired"": true, ""userDamageWaiverFeesApplied"": true}",,,,,,{},[],{}
9d9aabc7-33fc-4c81-9ff5-f71517f2fc20,954bd2d7-7b23-4904-a9d0-b60fb3986ef0,,15588.0,2026-09-24T08:11:06Z,2027-09-24T08:11:06Z,0,order_Tf8lANbbKrlrIG,26a25589-5532-4f28-b820-1b6c7894c4fd,ACTIVE,,card,,"{""discount"": ""25%"", ""isNewPlan"": false, ""trialDays"": 30, ""toyProgram"": ""-"", ""planSavings"": 3597, ""planVersion"": ""v2"", ""trialAmount"": 999, ""trialApplied"": false, ""memberShipFees"": 0, ""bonusDeliveries"": 0, ""deliveryCharges"": 100, ""sameDayDelivery"": true, ""damageWaiverFees"": 999, ""maxBigToyAllowed"": 1, ""refundableDeposit"": 0, ""moneyBackGuarantee"": 30, ""effectiveCostPerMonth"": 1299, ""membershipFeesApplied"": false, ""securityDepositApplied"": false, ""totalKeepCountPerMonth"": 3, ""damageWaiverFeesApplied"": true, ""isUnlimitedFreeDelivery"": true, ""maxToyHoldingValueAllowed"": 120000, ""totalFreeDeliveryPerMonth"": 0, ""actualChargesForMemberShipFees"": 0, ""actualChargesForSecurityDeposit"": 0, ""actualChargesForDamageWaiverFees"": 999}",ONE_TIME,2026-09-22T15:58:26.255Z,2026-09-24T08:11:06.779Z,ceb8e263-b939-45c4-91e5-429e57c0c65f,"{""deviceType"": ""MOBILE"", ""gstApplied"": true, ""promoCodeId"": ""payment_provider_0205f5e0cc86d5ccc0a6b301e471fb26"", ""paymentNotes"": {""userId"": ""954bd2d7-7b23-4904-a9d0-b60fb3986ef0"", ""subscriptionType"": ""ONE_TIME"", ""subscriptionPlanId"": ""26a25589-5532-4f28-b820-1b6c7894c4fd""}, ""gstPercentage"": 18, ""membershipData"": {""amount"": 0, ""isMembershipFee"": true}, ""priceBreakdown"": {""basePrice"": 15588, ""gstAmount"": 1583, ""couponCode"": ""AL502026"", ""finalPrice"": 10376, ""couponPercent"": 50, ""proRataCredit"": null, ""couponDiscount"": 7794, ""membershipFees"": 0, ""securityDeposit"": 0, ""damageWaiverFees"": 999}, ""isRecurringInit"": false, ""paymentProvider"": ""RAZOR_PAY"", ""userTrialApplied"": false, ""securityDepositData"": {""securityDepositApplied"": false}, ""isTrialPeriodExpired"": true, ""merchantTransactionId"": ""order_Tf8lANbbKrlrIG"", ""userDamageWaiverFeesApplied"": true}",,,,,,{},[],"{""couponId"": ""ceb8e263-b939-45c4-91e5-429e57c0c65f"", ""couponAppliedStatus"": ""PENDING"", ""isCouponAppliedOnSubscriptionRenew"": false}"
db24aa37-e5b2-4b5e-902b-57631313d1ab,ffe26002-962b-4dbc-932b-17cff5b89a44,,5997.0,2026-09-28T06:17:33Z,2026-12-28T06:17:33Z,0,order_Tf8zScJc3eBJmC,03e58770-76d5-4434-9934-ea1d64e4096f,ACTIVE,,wallet,,"{""discount"": ""25%"", ""isNewPlan"": false, ""trialDays"": 30, ""toyProgram"": ""-"", ""planSavings"": 3597, ""planVersion"": ""v2"", ""trialAmount"": 99, ""trialApplied"": false, ""memberShipFees"": 0, ""bonusDeliveries"": 0, ""deliveryCharges"": 100, ""sameDayDelivery"": true, ""damageWaiverFees"": 999, ""maxBigToyAllowed"": 1, ""refundableDeposit"": 0, ""moneyBackGuarantee"": 30, ""effectiveCostPerMonth"": 1999, ""membershipFeesApplied"": false, ""securityDepositApplied"": false, ""totalKeepCountPerMonth"": 3, ""damageWaiverFeesApplied"": true, ""isUnlimitedFreeDelivery"": false, ""maxToyHoldingValueAllowed"": 35000, ""totalFreeDeliveryPerMonth"": 12, ""actualChargesForMemberShipFees"": 0, ""actualChargesForSecurityDeposit"": 0, ""actualChargesForDamageWaiverFees"": 999}",ONE_TIME,2026-09-22T16:11:58.163Z,2026-09-28T06:17:34.115Z,d9f45968-fdf9-45cb-a143-9bda0499e70b,"{""deviceType"": ""MOBILE"", ""gstApplied"": true, ""promoCodeId"": ""payment_provider_222024ad0be6b711af19f169bcb51d44"", ""paymentNotes"": {""userId"": ""ffe26002-962b-4dbc-932b-17cff5b89a44"", ""subscriptionType"": ""ONE_TIME"", ""subscriptionPlanId"": ""03e58770-76d5-4434-9934-ea1d64e4096f""}, ""gstPercentage"": 18, ""membershipData"": {""amount"": 0, ""isMembershipFee"": true}, ""priceBreakdown"": {""basePrice"": 5997, ""gstAmount"": 1260, ""couponCode"": ""FUNDEAL"", ""finalPrice"": 5756, ""couponPercent"": null, ""proRataCredit"": null, ""couponDiscount"": 2500, ""membershipFees"": 0, ""securityDeposit"": 0, ""damageWaiverFees"": 999}, ""isRecurringInit"": false, ""paymentProvider"": ""RAZOR_PAY"", ""userTrialApplied"": false, ""securityDepositData"": {""securityDepositApplied"": false}, ""isTrialPeriodExpired"": true, ""merchantTransactionId"": ""order_Tf8zScJc3eBJmC"", ""userDamageWaiverFeesApplied"": true}",,,,,,{},[],"{""couponId"": ""d9f45968-fdf9-45cb-a143-9bda0499e70b"", ""couponAppliedStatus"": ""PENDING"", ""isCouponAppliedOnSubscriptionRenew"": false}"
1f3d59c9-1b99-4844-b55d-cb2f32e41b5b,2382888c-aca0-4ddd-bbb0-a5d7b5cddd75,,15588.0,2026-09-24T08:19:51Z,2027-09-24T08:19:51Z,0,order_Tf9kPG584uiVnj,26a25589-5532-4f28-b820-1b6c7894c4fd,ACTIVE,,card,,"{""discount"": ""25%"", ""isNewPlan"": false, ""trialDays"": 30, ""toyProgram"": ""-"", ""planSavings"": 3597, ""planVersion"": ""v2"", ""trialAmount"": 999, ""trialApplied"": false, ""memberShipFees"": 0, ""bonusDeliveries"": 0, ""deliveryCharges"": 100, ""sameDayDelivery"": true, ""damageWaiverFees"": 999, ""maxBigToyAllowed"": 1, ""refundableDeposit"": 0, ""moneyBackGuarantee"": 30, ""effectiveCostPerMonth"": 1299, ""membershipFeesApplied"": false, ""securityDepositApplied"": false, ""totalKeepCountPerMonth"": 3, ""damageWaiverFeesApplied"": true, ""isUnlimitedFreeDelivery"": true, ""maxToyHoldingValueAllowed"": 120000, ""totalFreeDeliveryPerMonth"": 0, ""actualChargesForMemberShipFees"": 0, ""actualChargesForSecurityDeposit"": 0, ""actualChargesForDamageWaiverFees"": 999}",ONE_TIME,2026-09-22T16:56:24.698Z,2026-09-24T08:19:51.742Z,ceb8e263-b939-45c4-91e5-429e57c0c65f,"{""deviceType"": ""MOBILE"", ""gstApplied"": true, ""promoCodeId"": ""payment_provider_0205f5e0cc86d5ccc0a6b301e471fb26"", ""paymentNotes"": {""userId"": ""2382888c-aca0-4ddd-bbb0-a5d7b5cddd75"", ""subscriptionType"": ""ONE_TIME"", ""subscriptionPlanId"": ""26a25589-5532-4f28-b820-1b6c7894c4fd""}, ""gstPercentage"": 18, ""membershipData"": {""amount"": 0, ""isMembershipFee"": true}, ""priceBreakdown"": {""basePrice"": 15588, ""gstAmount"": 1583, ""couponCode"": ""AL502026"", ""finalPrice"": 10376, ""couponPercent"": 50, ""proRataCredit"": null, ""couponDiscount"": 7794, ""membershipFees"": 0, ""securityDeposit"": 0, ""damageWaiverFees"": 999}, ""isRecurringInit"": false, ""paymentProvider"": ""RAZOR_PAY"", ""userTrialApplied"": false, ""securityDepositData"": {""securityDepositApplied"": false}, ""isTrialPeriodExpired"": true, ""merchantTransactionId"": ""order_Tf9kPG584uiVnj"", ""userDamageWaiverFeesApplied"": true}",,,,,,{},[],"{""couponId"": ""ceb8e263-b939-45c4-91e5-429e57c0c65f"", ""couponAppliedStatus"": ""PENDING"", ""isCouponAppliedOnSubscriptionRenew"": false}"
99dc3d99-8d65-42de-8cd5-0a546bf4db83,5c864df8-483a-4e8b-b4c3-024b51289065,,15588.0,2026-09-23T02:33:37Z,2027-09-23T02:33:37Z,0,order_TfJZUhmd5LmLLf,26a25589-5532-4f28-b820-1b6c7894c4fd,ACTIVE,,upi,,"{""discount"": ""25%"", ""isNewPlan"": false, ""trialDays"": 30, ""toyProgram"": ""-"", ""planSavings"": 3597, ""planVersion"": ""v2"", ""trialAmount"": 999, ""trialApplied"": false, ""memberShipFees"": 0, ""bonusDeliveries"": 0, ""deliveryCharges"": 100, ""sameDayDelivery"": true, ""damageWaiverFees"": 999, ""maxBigToyAllowed"": 1, ""refundableDeposit"": 0, ""moneyBackGuarantee"": 30, ""effectiveCostPerMonth"": 1299, ""membershipFeesApplied"": false, ""securityDepositApplied"": false, ""totalKeepCountPerMonth"": 3, ""damageWaiverFeesApplied"": true, ""isUnlimitedFreeDelivery"": true, ""maxToyHoldingValueAllowed"": 120000, ""totalFreeDeliveryPerMonth"": 0, ""actualChargesForMemberShipFees"": 0, ""actualChargesForSecurityDeposit"": 0, ""actualChargesForDamageWaiverFees"": 999}",ONE_TIME,2026-09-23T02:33:01.032Z,2026-09-23T02:33:37.222Z,d9f45968-fdf9-45cb-a143-9bda0499e70b,"{""deviceType"": ""MOBILE"", ""gstApplied"": true, ""promoCodeId"": ""payment_provider_222024ad0be6b711af19f169bcb51d44"", ""paymentNotes"": {""userId"": ""5c864df8-483a-4e8b-b4c3-024b51289065"", ""subscriptionType"": ""ONE_TIME"", ""subscriptionPlanId"": ""26a25589-5532-4f28-b820-1b6c7894c4fd""}, ""gstPercentage"": 18, ""membershipData"": {""amount"": 0, ""isMembershipFee"": true}, ""priceBreakdown"": {""basePrice"": 15588, ""gstAmount"": 2986, ""couponCode"": ""FUNDEAL"", ""finalPrice"": 17073, ""couponPercent"": null, ""proRataCredit"": null, ""couponDiscount"": 2500, ""membershipFees"": 0, ""securityDeposit"": 0, ""damageWaiverFees"": 999}, ""isRecurringInit"": false, ""paymentProvider"": ""RAZOR_PAY"", ""userTrialApplied"": false, ""securityDepositData"": {""securityDepositApplied"": false}, ""isTrialPeriodExpired"": true, ""merchantTransactionId"": ""order_TfJZUhmd5LmLLf"", ""userDamageWaiverFeesApplied"": true}",,,,,,{},[],"{""couponId"": ""d9f45968-fdf9-45cb-a143-9bda0499e70b"", ""couponAppliedStatus"": ""PENDING"", ""isCouponAppliedOnSubscriptionRenew"": false}"
dda2547f-2979-454a-bffc-7ada92e2f647,f4e6644e-e8c3-470b-82ea-d56ea7cce9f6,,4497.0,2026-09-26T12:15:29Z,2026-12-26T12:15:29Z,0,order_TfK9AlC18WOMIM,864b3e20-b4b5-4be5-8b5c-bcd69573b6dd,ACTIVE,,upi,,"{""discount"": ""25%"", ""isNewPlan"": false, ""trialDays"": 30, ""toyProgram"": ""-"", ""planSavings"": 3597, ""planVersion"": ""v2"", ""trialAmount"": 99, ""trialApplied"": false, ""memberShipFees"": 0, ""bonusDeliveries"": 0, ""deliveryCharges"": 100, ""sameDayDelivery"": false, ""damageWaiverFees"": 299, ""maxBigToyAllowed"": 0, ""refundableDeposit"": 0, ""moneyBackGuarantee"": 30, ""effectiveCostPerMonth"": 1499, ""membershipFeesApplied"": false, ""securityDepositApplied"": false, ""totalKeepCountPerMonth"": 3, ""damageWaiverFeesApplied"": true, ""isUnlimitedFreeDelivery"": false, ""maxToyHoldingValueAllowed"": 20000, ""totalFreeDeliveryPerMonth"": 9, ""actualChargesForMemberShipFees"": 0, ""actualChargesForSecurityDeposit"": 0, ""actualChargesForDamageWaiverFees"": 299}",ONE_TIME,2026-09-23T03:06:47.564Z,2026-09-26T12:15:29.335Z,d9f45968-fdf9-45cb-a143-9bda0499e70b,"{""deviceType"": ""MOBILE"", ""gstApplied"": true, ""promoCodeId"": ""payment_provider_222024ad0be6b711af19f169bcb51d44"", ""paymentNotes"": {""userId"": ""f4e6644e-e8c3-470b-82ea-d56ea7cce9f6"", ""subscriptionType"": ""ONE_TIME"", ""subscriptionPlanId"": ""864b3e20-b4b5-4be5-8b5c-bcd69573b6dd""}, ""gstPercentage"": 18, ""membershipData"": {""amount"": 0, ""isMembershipFee"": true}, ""priceBreakdown"": {""basePrice"": 4497, ""gstAmount"": 864, ""couponCode"": ""FUNDEAL"", ""finalPrice"": 3160, ""couponPercent"": null, ""proRataCredit"": null, ""couponDiscount"": 2500, ""membershipFees"": 0, ""securityDeposit"": 0, ""damageWaiverFees"": 299}, ""isRecurringInit"": false, ""paymentProvider"": ""RAZOR_PAY"", ""userTrialApplied"": false, ""securityDepositData"": {""securityDepositApplied"": false}, ""isTrialPeriodExpired"": true, ""merchantTransactionId"": ""order_TfK9AlC18WOMIM"", ""userDamageWaiverFeesApplied"": true}",,,,,,{},[],"{""couponId"": ""d9f45968-fdf9-45cb-a143-9bda0499e70b"", ""couponAppliedStatus"": ""PENDING"", ""isCouponAppliedOnSubscriptionRenew"": false}"
68b689cc-f179-4097-a4eb-b3a20ddb52a6,d700380f-336f-4130-a501-ce268ee33a3c,,8000.0,2026-09-23T05:44:04Z,2026-12-16T05:44:04Z,0,order_TeyWB5bu8Ll0aP,e05c6af3-2f9d-465e-9fa4-336adcd62f1d,ACTIVE,,card,,"{""discount"": ""25%"", ""isNewPlan"": true, ""isPlayMax"": false, ""trialDays"": 0, ""isPlayMini"": false, ""isPlayPlus"": false, ""toyProgram"": ""-"", ""planSavings"": 0, ""planVersion"": ""v2"", ""trialAmount"": 0, ""isWeeklyPlan"": true, ""trialApplied"": false, ""isDefaultView"": true, ""memberShipFees"": 0, ""bonusDeliveries"": 0, ""deliveryCharges"": 100, ""sameDayDelivery"": false, ""damageWaiverFees"": 299, ""maxBigToyAllowed"": 1, ""planDurationWeeks"": 12, ""refundableDeposit"": 0, ""moneyBackGuarantee"": 0, ""effectiveCostPerMonth"": 999, ""membershipFeesApplied"": false, ""deliveryFrequencyWeeks"": 1, ""planPriceDiscountAdmin"": -699701, ""securityDepositApplied"": false, ""totalKeepCountPerMonth"": 3, ""damageWaiverFeesApplied"": true, ""isUnlimitedFreeDelivery"": false, ""autoScheduledToyDelivery"": true, ""maxToyHoldingValueAllowed"": 90000, ""totalFreeDeliveryPerMonth"": 12, ""actualChargesForMemberShipFees"": 0, ""actualChargesForSecurityDeposit"": 0, ""actualChargesForDamageWaiverFees"": 299}",ONE_TIME,2026-09-23T05:44:04.563Z,2026-09-23T05:44:04.563Z,,"{""amount"": 700000, ""deviceType"": ""MOBILE"", ""gstApplied"": true, ""paymentNotes"": {""userId"": ""d700380f-336f-4130-a501-ce268ee33a3c"", ""paymentLinkId"": ""5be4feb4-8fa9-45f5-9f4a-21f500e7371b"", ""subscriptionPlanId"": ""e05c6af3-2f9d-465e-9fa4-336adcd62f1d""}, ""gstPercentage"": 18, ""paymentLinkId"": ""5be4feb4-8fa9-45f5-9f4a-21f500e7371b"", ""membershipData"": {""amount"": 0, ""isMembershipFee"": false}, ""isRecurringInit"": false, ""paymentProvider"": ""RAZOR_PAY"", ""userTrialApplied"": false, ""securityDepositData"": {""amount"": 0, ""securityDepositApplied"": false}, ""isTrialPeriodExpired"": true, ""merchantTransactionId"": ""order_TeyWB5bu8Ll0aP"", ""userDamageWaiverFeesApplied"": true}",,,,,,{},[],{}
3e6143a2-f0e4-489b-af0d-a1b83dd688c2,cdbc2c45-75ba-4e5d-9221-098da72d5396,,15588.0,2026-09-26T05:35:31Z,2027-09-26T05:35:31Z,0,order_TfN1mugYLLiY23,26a25589-5532-4f28-b820-1b6c7894c4fd,ACTIVE,,emi,,"{""discount"": ""25%"", ""isNewPlan"": false, ""trialDays"": 30, ""toyProgram"": ""-"", ""planSavings"": 3597, ""planVersion"": ""v2"", ""trialAmount"": 999, ""trialApplied"": false, ""memberShipFees"": 0, ""bonusDeliveries"": 0, ""deliveryCharges"": 100, ""sameDayDelivery"": true, ""damageWaiverFees"": 999, ""maxBigToyAllowed"": 1, ""refundableDeposit"": 0, ""moneyBackGuarantee"": 30, ""effectiveCostPerMonth"": 1299, ""membershipFeesApplied"": false, ""securityDepositApplied"": false, ""totalKeepCountPerMonth"": 3, ""damageWaiverFeesApplied"": true, ""isUnlimitedFreeDelivery"": true, ""maxToyHoldingValueAllowed"": 120000, ""totalFreeDeliveryPerMonth"": 0, ""actualChargesForMemberShipFees"": 0, ""actualChargesForSecurityDeposit"": 0, ""actualChargesForDamageWaiverFees"": 999}",ONE_TIME,2026-09-23T05:55:52.964Z,2026-09-26T05:35:31.056Z,c6399045-ae57-4a97-b6d4-69dd768bd1d1,"{""deviceType"": ""MOBILE"", ""gstApplied"": true, ""promoCodeId"": ""payment_provider_05af293eb83f6034ab6f3fcf8a2d0816"", ""paymentNotes"": {""userId"": ""cdbc2c45-75ba-4e5d-9221-098da72d5396"", ""subscriptionType"": ""ONE_TIME"", ""subscriptionPlanId"": ""26a25589-5532-4f28-b820-1b6c7894c4fd""}, ""gstPercentage"": 18, ""membershipData"": {""amount"": 0, ""isMembershipFee"": true}, ""priceBreakdown"": {""basePrice"": 15588, ""gstAmount"": 2986, ""couponCode"": ""GANESHA"", ""finalPrice"": 13573, ""couponPercent"": null, ""proRataCredit"": null, ""couponDiscount"": 6000, ""membershipFees"": 0, ""securityDeposit"": 0, ""damageWaiverFees"": 999}, ""isRecurringInit"": false, ""paymentProvider"": ""RAZOR_PAY"", ""userTrialApplied"": false, ""securityDepositData"": {""securityDepositApplied"": false}, ""isTrialPeriodExpired"": true, ""merchantTransactionId"": ""order_TfN1mugYLLiY23"", ""userDamageWaiverFeesApplied"": true}",,,,,,{},[],"{""couponId"": ""c6399045-ae57-4a97-b6d4-69dd768bd1d1"", ""couponAppliedStatus"": ""PENDING"", ""isCouponAppliedOnSubscriptionRenew"": false}"
9a2c3bdc-3484-4b44-9ed9-66adde03ed97,07fb06c5-d4c5-4586-8b8d-7bf554554bbf,,15588.0,2026-09-27T15:15:51Z,2027-09-27T15:15:51Z,0,order_TfS8ablUWFz1Uq,26a25589-5532-4f28-b820-1b6c7894c4fd,ACTIVE,,card,,"{""discount"": ""25%"", ""isNewPlan"": false, ""trialDays"": 30, ""toyProgram"": ""-"", ""planSavings"": 3597, ""planVersion"": ""v2"", ""trialAmount"": 999, ""trialApplied"": false, ""memberShipFees"": 0, ""bonusDeliveries"": 0, ""deliveryCharges"": 100, ""sameDayDelivery"": true, ""damageWaiverFees"": 999, ""maxBigToyAllowed"": 1, ""refundableDeposit"": 0, ""moneyBackGuarantee"": 30, ""effectiveCostPerMonth"": 1299, ""membershipFeesApplied"": false, ""securityDepositApplied"": false, ""totalKeepCountPerMonth"": 3, ""damageWaiverFeesApplied"": true, ""isUnlimitedFreeDelivery"": true, ""maxToyHoldingValueAllowed"": 120000, ""totalFreeDeliveryPerMonth"": 0, ""actualChargesForMemberShipFees"": 0, ""actualChargesForSecurityDeposit"": 0, ""actualChargesForDamageWaiverFees"": 999}",ONE_TIME,2026-09-23T10:55:47.369Z,2026-09-27T15:15:51.788Z,39d4dac4-9537-4653-874b-36bd27b763a0,"{""deviceType"": ""MOBILE"", ""gstApplied"": true, ""promoCodeId"": ""payment_provider_444be18c9e16d1cd1b19ef1c8a66b2ab"", ""paymentNotes"": {""userId"": ""07fb06c5-d4c5-4586-8b8d-7bf554554bbf"", ""subscriptionType"": ""ONE_TIME"", ""subscriptionPlanId"": ""26a25589-5532-4f28-b820-1b6c7894c4fd""}, ""gstPercentage"": 18, ""membershipData"": {""amount"": 0, ""isMembershipFee"": true}, ""priceBreakdown"": {""basePrice"": 15588, ""gstAmount"": 2986, ""couponCode"": ""FLAT11KAK"", ""finalPrice"": 11000, ""couponPercent"": null, ""proRataCredit"": null, ""couponDiscount"": 8573, ""membershipFees"": 0, ""securityDeposit"": 0, ""damageWaiverFees"": 999}, ""isRecurringInit"": false, ""paymentProvider"": ""RAZOR_PAY"", ""userTrialApplied"": false, ""securityDepositData"": {""securityDepositApplied"": false}, ""isTrialPeriodExpired"": true, ""merchantTransactionId"": ""order_TfS8ablUWFz1Uq"", ""userDamageWaiverFeesApplied"": true}",,,,,,{},[],"{""couponId"": ""39d4dac4-9537-4653-874b-36bd27b763a0"", ""couponAppliedStatus"": ""PENDING"", ""isCouponAppliedOnSubscriptionRenew"": false}"
80793b7f-7353-4765-b6a8-76d3e29ca137,442e0f0a-37c9-435a-8385-2209826011fb,,15588.0,2026-09-23T07:18:58Z,2027-09-23T07:18:58Z,0,order_Teik21EZJARvaQ,26a25589-5532-4f28-b820-1b6c7894c4fd,ACTIVE,,upi,,"{""discount"": ""25%"", ""isNewPlan"": false, ""trialDays"": 30, ""toyProgram"": ""-"", ""planSavings"": 3597, ""planVersion"": ""v2"", ""trialAmount"": 999, ""trialApplied"": false, ""memberShipFees"": 0, ""bonusDeliveries"": 0, ""deliveryCharges"": 100, ""sameDayDelivery"": true, ""damageWaiverFees"": 999, ""maxBigToyAllowed"": 1, ""refundableDeposit"": 0, ""moneyBackGuarantee"": 30, ""effectiveCostPerMonth"": 1299, ""membershipFeesApplied"": false, ""securityDepositApplied"": false, ""totalKeepCountPerMonth"": 3, ""damageWaiverFeesApplied"": true, ""isUnlimitedFreeDelivery"": true, ""maxToyHoldingValueAllowed"": 120000, ""totalFreeDeliveryPerMonth"": 0, ""actualChargesForMemberShipFees"": 0, ""actualChargesForSecurityDeposit"": 0, ""actualChargesForDamageWaiverFees"": 999}",ONE_TIME,2026-09-21T14:31:19.819Z,2026-09-23T07:18:58.985Z,39d4dac4-9537-4653-874b-36bd27b763a0,"{""deviceType"": ""MOBILE"", ""gstApplied"": true, ""promoCodeId"": ""payment_provider_444be18c9e16d1cd1b19ef1c8a66b2ab"", ""paymentNotes"": {""userId"": ""442e0f0a-37c9-435a-8385-2209826011fb"", ""subscriptionType"": ""ONE_TIME"", ""subscriptionPlanId"": ""26a25589-5532-4f28-b820-1b6c7894c4fd""}, ""gstPercentage"": 18, ""membershipData"": {""amount"": 0, ""isMembershipFee"": true}, ""priceBreakdown"": {""basePrice"": 15588, ""gstAmount"": 2986, ""couponCode"": ""FLAT11KAK"", ""finalPrice"": 11000, ""couponPercent"": null, ""proRataCredit"": null, ""couponDiscount"": 8573, ""membershipFees"": 0, ""securityDeposit"": 0, ""damageWaiverFees"": 999}, ""isRecurringInit"": false, ""paymentProvider"": ""RAZOR_PAY"", ""userTrialApplied"": false, ""securityDepositData"": {""securityDepositApplied"": false}, ""isTrialPeriodExpired"": true, ""merchantTransactionId"": ""order_Teik21EZJARvaQ"", ""userDamageWaiverFeesApplied"": true}",,,,,,{},[],"{""couponId"": ""39d4dac4-9537-4653-874b-36bd27b763a0"", ""couponAppliedStatus"": ""PENDING"", ""isCouponAppliedOnSubscriptionRenew"": false}"
c05118fe-74d6-480d-80d0-e895a0fcad6f,fed90e62-28cf-48bc-bc34-8424f2a63868,,15588.0,2026-09-23T08:43:08Z,2027-09-23T08:43:08Z,0,order_TeyQjDukctWOms,26a25589-5532-4f28-b820-1b6c7894c4fd,ACTIVE,,emi,,"{""discount"": ""25%"", ""isNewPlan"": false, ""trialDays"": 30, ""toyProgram"": ""-"", ""planSavings"": 3597, ""planVersion"": ""v2"", ""trialAmount"": 999, ""trialApplied"": false, ""memberShipFees"": 0, ""bonusDeliveries"": 0, ""deliveryCharges"": 100, ""sameDayDelivery"": true, ""damageWaiverFees"": 999, ""maxBigToyAllowed"": 1, ""refundableDeposit"": 0, ""moneyBackGuarantee"": 30, ""effectiveCostPerMonth"": 1299, ""membershipFeesApplied"": false, ""securityDepositApplied"": false, ""totalKeepCountPerMonth"": 3, ""damageWaiverFeesApplied"": true, ""isUnlimitedFreeDelivery"": true, ""maxToyHoldingValueAllowed"": 120000, ""totalFreeDeliveryPerMonth"": 0, ""actualChargesForMemberShipFees"": 0, ""actualChargesForSecurityDeposit"": 0, ""actualChargesForDamageWaiverFees"": 999}",ONE_TIME,2026-09-22T05:52:09.238Z,2026-09-23T08:43:08.5Z,39d4dac4-9537-4653-874b-36bd27b763a0,"{""deviceType"": ""MOBILE"", ""gstApplied"": true, ""promoCodeId"": ""payment_provider_444be18c9e16d1cd1b19ef1c8a66b2ab"", ""paymentNotes"": {""userId"": ""fed90e62-28cf-48bc-bc34-8424f2a63868"", ""subscriptionType"": ""ONE_TIME"", ""subscriptionPlanId"": ""26a25589-5532-4f28-b820-1b6c7894c4fd""}, ""gstPercentage"": 18, ""membershipData"": {""amount"": 0, ""isMembershipFee"": true}, ""priceBreakdown"": {""basePrice"": 15588, ""gstAmount"": 2986, ""couponCode"": ""FLAT11KAK"", ""finalPrice"": 11000, ""couponPercent"": null, ""proRataCredit"": null, ""couponDiscount"": 8573, ""membershipFees"": 0, ""securityDeposit"": 0, ""damageWaiverFees"": 999}, ""isRecurringInit"": false, ""paymentProvider"": ""RAZOR_PAY"", ""userTrialApplied"": false, ""securityDepositData"": {""securityDepositApplied"": false}, ""isTrialPeriodExpired"": true, ""merchantTransactionId"": ""order_TeyQjDukctWOms"", ""userDamageWaiverFeesApplied"": true}",,,,,,{},[],"{""couponId"": ""39d4dac4-9537-4653-874b-36bd27b763a0"", ""couponAppliedStatus"": ""PENDING"", ""isCouponAppliedOnSubscriptionRenew"": false}"
a7875822-eabe-4d8e-ad71-f633bb284bb0,d91b1745-627e-442e-bbf4-bfdb786b3c79,9166705999,5997.0,2026-09-25T10:10:20Z,2026-12-25T10:10:20Z,0,assigned_0da3342a39e889d5ccf76ddc5b5158c7,03e58770-76d5-4434-9934-ea1d64e4096f,ACTIVE,,razorpay,,"{""discount"": ""25%"", ""isNewPlan"": false, ""pricePaid"": 5000, ""trialDays"": 30, ""toyProgram"": ""-"", ""planSavings"": 3597, ""planVersion"": ""v2"", ""trialAmount"": 99, ""trialApplied"": false, ""memberShipFees"": 0, ""bonusDeliveries"": 0, ""deliveryCharges"": 100, ""sameDayDelivery"": true, ""damageWaiverFees"": 999, ""maxBigToyAllowed"": 1, ""refundableDeposit"": 0, ""memberShipFeesPaid"": 0, ""moneyBackGuarantee"": 30, ""effectiveCostPerMonth"": 1999, ""membershipFeesApplied"": false, ""refundableDepositPaid"": 0, ""planPriceDiscountAdmin"": 997, ""securityDepositApplied"": false, ""totalKeepCountPerMonth"": 3, ""damageWaiverFeesApplied"": true, ""isUnlimitedFreeDelivery"": false, ""membershipDiscountAdmin"": 0, ""maxToyHoldingValueAllowed"": 35000, ""totalFreeDeliveryPerMonth"": 12, ""actualChargesForMemberShipFees"": 0, ""refundableDepositDiscountAdmin"": 0, ""actualChargesForSecurityDeposit"": 0, ""actualChargesForDamageWaiverFees"": 999}",ASSIGNED,2026-09-23T08:11:20.979Z,2026-09-25T10:10:20.228Z,,"{""amount"": 5000, ""gstApplied"": true, ""paymentDate"": ""2026-09-23T08:11:18.784Z"", ""gstPercentage"": 18, ""membershipData"": {""amount"": 0, ""isMembershipFee"": true}, ""priceBreakdown"": {""basePrice"": 5997, ""gstAmount"": 1260, ""couponCode"": null, ""finalPrice"": 8256, ""couponPercent"": null, ""proRataCredit"": 0, ""couponDiscount"": 0, ""membershipFees"": 0, ""securityDeposit"": 0, ""damageWaiverFees"": 999}, ""userTrialApplied"": false, ""isTrialPeriodExpired"": true, ""userDamageWaiverFeesApplied"": true}",,,,,,{},[],{}
771b7133-ec9a-4b31-99ad-c1f170130284,80734619-906c-4591-a90a-4bc73cb40df2,,15588.0,2026-09-24T08:26:54Z,2027-09-24T08:26:54Z,0,order_TfPzU1V4DHem6m,26a25589-5532-4f28-b820-1b6c7894c4fd,ACTIVE,,upi,,"{""discount"": ""25%"", ""isNewPlan"": false, ""trialDays"": 30, ""toyProgram"": ""-"", ""planSavings"": 3597, ""planVersion"": ""v2"", ""trialAmount"": 999, ""trialApplied"": false, ""memberShipFees"": 0, ""bonusDeliveries"": 0, ""deliveryCharges"": 100, ""sameDayDelivery"": true, ""damageWaiverFees"": 999, ""maxBigToyAllowed"": 1, ""refundableDeposit"": 0, ""moneyBackGuarantee"": 30, ""effectiveCostPerMonth"": 1299, ""membershipFeesApplied"": false, ""securityDepositApplied"": false, ""totalKeepCountPerMonth"": 3, ""damageWaiverFeesApplied"": true, ""isUnlimitedFreeDelivery"": true, ""maxToyHoldingValueAllowed"": 120000, ""totalFreeDeliveryPerMonth"": 0, ""actualChargesForMemberShipFees"": 0, ""actualChargesForSecurityDeposit"": 0, ""actualChargesForDamageWaiverFees"": 999}",ONE_TIME,2026-09-23T08:49:46.915Z,2026-09-24T08:26:54.183Z,ceb8e263-b939-45c4-91e5-429e57c0c65f,"{""deviceType"": ""MOBILE"", ""gstApplied"": true, ""promoCodeId"": ""payment_provider_0205f5e0cc86d5ccc0a6b301e471fb26"", ""paymentNotes"": {""userId"": ""80734619-906c-4591-a90a-4bc73cb40df2"", ""subscriptionType"": ""ONE_TIME"", ""subscriptionPlanId"": ""26a25589-5532-4f28-b820-1b6c7894c4fd""}, ""gstPercentage"": 18, ""membershipData"": {""amount"": 0, ""isMembershipFee"": true}, ""priceBreakdown"": {""basePrice"": 15588, ""gstAmount"": 1583, ""couponCode"": ""AL502026"", ""finalPrice"": 10376, ""couponPercent"": 50, ""proRataCredit"": null, ""couponDiscount"": 7794, ""membershipFees"": 0, ""securityDeposit"": 0, ""damageWaiverFees"": 999}, ""isRecurringInit"": false, ""paymentProvider"": ""RAZOR_PAY"", ""userTrialApplied"": false, ""securityDepositData"": {""securityDepositApplied"": false}, ""isTrialPeriodExpired"": true, ""merchantTransactionId"": ""order_TfPzU1V4DHem6m"", ""userDamageWaiverFeesApplied"": true}",,,,,,{},[],"{""couponId"": ""ceb8e263-b939-45c4-91e5-429e57c0c65f"", ""couponAppliedStatus"": ""PENDING"", ""isCouponAppliedOnSubscriptionRenew"": false}"
30fbb37d-5829-440b-b150-a3246ae91952,ac79098e-e1bd-4ec3-baf6-be4375005dac,,15588.0,2026-09-23T09:10:53Z,2027-09-23T09:10:53Z,0,order_Tf7DpoSs2keHEQ,26a25589-5532-4f28-b820-1b6c7894c4fd,ACTIVE,,cardless_emi,,"{""discount"": ""25%"", ""isNewPlan"": false, ""trialDays"": 30, ""toyProgram"": ""-"", ""planSavings"": 3597, ""planVersion"": ""v2"", ""trialAmount"": 999, ""trialApplied"": false, ""memberShipFees"": 0, ""bonusDeliveries"": 0, ""deliveryCharges"": 100, ""sameDayDelivery"": true, ""damageWaiverFees"": 999, ""maxBigToyAllowed"": 1, ""refundableDeposit"": 0, ""moneyBackGuarantee"": 30, ""effectiveCostPerMonth"": 1299, ""membershipFeesApplied"": false, ""securityDepositApplied"": false, ""totalKeepCountPerMonth"": 3, ""damageWaiverFeesApplied"": true, ""isUnlimitedFreeDelivery"": true, ""maxToyHoldingValueAllowed"": 120000, ""totalFreeDeliveryPerMonth"": 0, ""actualChargesForMemberShipFees"": 0, ""actualChargesForSecurityDeposit"": 0, ""actualChargesForDamageWaiverFees"": 999}",ONE_TIME,2026-09-22T14:28:11.385Z,2026-09-23T09:10:53.307Z,01e44bd5-f585-4ce5-a6a7-a6dd40de2334,"{""deviceType"": ""MOBILE"", ""gstApplied"": true, ""promoCodeId"": ""payment_provider_ff77eacfd6873255307a24ce752aacdb"", ""paymentNotes"": {""userId"": ""ac79098e-e1bd-4ec3-baf6-be4375005dac"", ""subscriptionType"": ""ONE_TIME"", ""subscriptionPlanId"": ""26a25589-5532-4f28-b820-1b6c7894c4fd""}, ""gstPercentage"": 18, ""membershipData"": {""amount"": 0, ""isMembershipFee"": true}, ""priceBreakdown"": {""basePrice"": 15588, ""gstAmount"": 2986, ""couponCode"": ""FLAT12K"", ""finalPrice"": 12000, ""couponPercent"": null, ""proRataCredit"": null, ""couponDiscount"": 7573, ""membershipFees"": 0, ""securityDeposit"": 0, ""damageWaiverFees"": 999}, ""isRecurringInit"": false, ""paymentProvider"": ""RAZOR_PAY"", ""userTrialApplied"": false, ""securityDepositData"": {""securityDepositApplied"": false}, ""isTrialPeriodExpired"": true, ""merchantTransactionId"": ""order_Tf7DpoSs2keHEQ"", ""userDamageWaiverFeesApplied"": true}",,,,,,{},[],"{""couponId"": ""01e44bd5-f585-4ce5-a6a7-a6dd40de2334"", ""couponAppliedStatus"": ""PENDING"", ""isCouponAppliedOnSubscriptionRenew"": false}"
8705c0bc-4c8f-4d62-819f-b74218c8bafc,f62796eb-eae4-45b2-920f-58a4fe0a7e94,,5997.0,2026-09-26T09:42:54Z,2026-12-26T09:42:54Z,0,order_TfR2mwIO2Xcmb2,03e58770-76d5-4434-9934-ea1d64e4096f,ACTIVE,,upi,,"{""discount"": ""25%"", ""isNewPlan"": false, ""trialDays"": 30, ""toyProgram"": ""-"", ""planSavings"": 3597, ""planVersion"": ""v2"", ""trialAmount"": 99, ""trialApplied"": false, ""memberShipFees"": 0, ""bonusDeliveries"": 0, ""deliveryCharges"": 100, ""sameDayDelivery"": true, ""damageWaiverFees"": 999, ""maxBigToyAllowed"": 1, ""refundableDeposit"": 0, ""moneyBackGuarantee"": 30, ""effectiveCostPerMonth"": 1999, ""membershipFeesApplied"": false, ""securityDepositApplied"": false, ""totalKeepCountPerMonth"": 3, ""damageWaiverFeesApplied"": true, ""isUnlimitedFreeDelivery"": false, ""maxToyHoldingValueAllowed"": 35000, ""totalFreeDeliveryPerMonth"": 12, ""actualChargesForMemberShipFees"": 0, ""actualChargesForSecurityDeposit"": 0, ""actualChargesForDamageWaiverFees"": 999}",ONE_TIME,2026-09-23T09:51:36.247Z,2026-09-26T09:42:54.179Z,eea9fa0e-0ba1-4a66-bd4e-3c9ab018620e,"{""deviceType"": ""MOBILE"", ""gstApplied"": true, ""promoCodeId"": ""payment_provider_461c1537ddd8d4fb2123c7b1c0e6835f"", ""paymentNotes"": {""userId"": ""f62796eb-eae4-45b2-920f-58a4fe0a7e94"", ""subscriptionType"": ""ONE_TIME"", ""subscriptionPlanId"": ""03e58770-76d5-4434-9934-ea1d64e4096f""}, ""gstPercentage"": 18, ""membershipData"": {""amount"": 0, ""isMembershipFee"": true}, ""priceBreakdown"": {""basePrice"": 5997, ""gstAmount"": 1260, ""couponCode"": ""FLAT5K"", ""finalPrice"": 5000, ""couponPercent"": null, ""proRataCredit"": null, ""couponDiscount"": 3256, ""membershipFees"": 0, ""securityDeposit"": 0, ""damageWaiverFees"": 999}, ""isRecurringInit"": false, ""paymentProvider"": ""RAZOR_PAY"", ""userTrialApplied"": false, ""securityDepositData"": {""securityDepositApplied"": false}, ""isTrialPeriodExpired"": true, ""merchantTransactionId"": ""order_TfR2mwIO2Xcmb2"", ""userDamageWaiverFeesApplied"": true}",,,,,,{},[],"{""couponId"": ""eea9fa0e-0ba1-4a66-bd4e-3c9ab018620e"", ""couponAppliedStatus"": ""PENDING"", ""isCouponAppliedOnSubscriptionRenew"": false}"
d715149e-5188-412d-8944-bcf1ff460f7d,daaad9a4-9d1c-484b-8b04-581fb5ae9b33,,5997.0,2026-09-25T06:45:17Z,2026-12-25T06:45:17Z,0,order_TfRhc2mmUemRcF,03e58770-76d5-4434-9934-ea1d64e4096f,ACTIVE,,upi,,"{""discount"": ""25%"", ""isNewPlan"": false, ""trialDays"": 30, ""toyProgram"": ""-"", ""planSavings"": 3597, ""planVersion"": ""v2"", ""trialAmount"": 99, ""trialApplied"": false, ""memberShipFees"": 0, ""bonusDeliveries"": 0, ""deliveryCharges"": 100, ""sameDayDelivery"": true, ""damageWaiverFees"": 999, ""maxBigToyAllowed"": 1, ""refundableDeposit"": 0, ""moneyBackGuarantee"": 30, ""effectiveCostPerMonth"": 1999, ""membershipFeesApplied"": false, ""securityDepositApplied"": false, ""totalKeepCountPerMonth"": 3, ""damageWaiverFeesApplied"": true, ""isUnlimitedFreeDelivery"": false, ""maxToyHoldingValueAllowed"": 35000, ""totalFreeDeliveryPerMonth"": 12, ""actualChargesForMemberShipFees"": 0, ""actualChargesForSecurityDeposit"": 0, ""actualChargesForDamageWaiverFees"": 999}",ONE_TIME,2026-09-23T10:30:15.079Z,2026-09-25T06:45:17.138Z,d9f45968-fdf9-45cb-a143-9bda0499e70b,"{""deviceType"": ""MOBILE"", ""gstApplied"": true, ""promoCodeId"": ""payment_provider_222024ad0be6b711af19f169bcb51d44"", ""paymentNotes"": {""userId"": ""daaad9a4-9d1c-484b-8b04-581fb5ae9b33"", ""subscriptionType"": ""ONE_TIME"", ""subscriptionPlanId"": ""03e58770-76d5-4434-9934-ea1d64e4096f""}, ""gstPercentage"": 18, ""membershipData"": {""amount"": 0, ""isMembershipFee"": true}, ""priceBreakdown"": {""basePrice"": 5997, ""gstAmount"": 1260, ""couponCode"": ""FUNDEAL"", ""finalPrice"": 5756, ""couponPercent"": null, ""proRataCredit"": null, ""couponDiscount"": 2500, ""membershipFees"": 0, ""securityDeposit"": 0, ""damageWaiverFees"": 999}, ""isRecurringInit"": false, ""paymentProvider"": ""RAZOR_PAY"", ""userTrialApplied"": false, ""securityDepositData"": {""securityDepositApplied"": false}, ""isTrialPeriodExpired"": true, ""merchantTransactionId"": ""order_TfRhc2mmUemRcF"", ""userDamageWaiverFeesApplied"": true}",,,,,,{},[],"{""couponId"": ""d9f45968-fdf9-45cb-a143-9bda0499e70b"", ""couponAppliedStatus"": ""PENDING"", ""isCouponAppliedOnSubscriptionRenew"": false}"
40a31f1e-deff-4530-8a07-c45d3b8fd8ce,4a95030c-bdf6-4a95-9e9a-d248f4278a62,,5997.0,2026-09-23T11:06:52Z,2026-12-23T11:06:52Z,0,order_TfS8PtY4EYyAp7,03e58770-76d5-4434-9934-ea1d64e4096f,ACTIVE,,card,,"{""discount"": ""25%"", ""isNewPlan"": false, ""trialDays"": 30, ""toyProgram"": ""-"", ""planSavings"": 3597, ""planVersion"": ""v2"", ""trialAmount"": 99, ""trialApplied"": false, ""memberShipFees"": 0, ""bonusDeliveries"": 0, ""deliveryCharges"": 100, ""sameDayDelivery"": true, ""damageWaiverFees"": 999, ""maxBigToyAllowed"": 1, ""refundableDeposit"": 0, ""moneyBackGuarantee"": 30, ""effectiveCostPerMonth"": 1999, ""membershipFeesApplied"": false, ""securityDepositApplied"": false, ""totalKeepCountPerMonth"": 3, ""damageWaiverFeesApplied"": true, ""isUnlimitedFreeDelivery"": false, ""maxToyHoldingValueAllowed"": 35000, ""totalFreeDeliveryPerMonth"": 12, ""actualChargesForMemberShipFees"": 0, ""actualChargesForSecurityDeposit"": 0, ""actualChargesForDamageWaiverFees"": 999}",ONE_TIME,2026-09-23T10:55:37.542Z,2026-09-23T11:06:53.855Z,d9f45968-fdf9-45cb-a143-9bda0499e70b,"{""deviceType"": ""MOBILE"", ""gstApplied"": true, ""promoCodeId"": ""payment_provider_222024ad0be6b711af19f169bcb51d44"", ""paymentNotes"": {""userId"": ""4a95030c-bdf6-4a95-9e9a-d248f4278a62"", ""subscriptionType"": ""ONE_TIME"", ""subscriptionPlanId"": ""03e58770-76d5-4434-9934-ea1d64e4096f""}, ""gstPercentage"": 18, ""membershipData"": {""amount"": 0, ""isMembershipFee"": true}, ""priceBreakdown"": {""basePrice"": 5997, ""gstAmount"": 1260, ""couponCode"": ""FUNDEAL"", ""finalPrice"": 5756, ""couponPercent"": null, ""proRataCredit"": null, ""couponDiscount"": 2500, ""membershipFees"": 0, ""securityDeposit"": 0, ""damageWaiverFees"": 999}, ""isRecurringInit"": false, ""paymentProvider"": ""RAZOR_PAY"", ""userTrialApplied"": false, ""securityDepositData"": {""securityDepositApplied"": false}, ""isTrialPeriodExpired"": true, ""merchantTransactionId"": ""order_TfS8PtY4EYyAp7"", ""userDamageWaiverFeesApplied"": true}",,,,,,{},[],"{""couponId"": ""d9f45968-fdf9-45cb-a143-9bda0499e70b"", ""couponAppliedStatus"": ""PENDING"", ""isCouponAppliedOnSubscriptionRenew"": false}"
8b79cd17-6c48-4e53-95a1-7c33d6f7c3e3,af89b664-73a7-4b54-b270-0c6fa2f56727,,15588.0,2026-09-23T13:17:01Z,2027-09-23T13:17:01Z,0,order_Tf0yhVsq5yLLxl,26a25589-5532-4f28-b820-1b6c7894c4fd,ACTIVE,,upi,,"{""discount"": ""25%"", ""isNewPlan"": false, ""trialDays"": 30, ""toyProgram"": ""-"", ""planSavings"": 3597, ""planVersion"": ""v2"", ""trialAmount"": 999, ""trialApplied"": false, ""memberShipFees"": 0, ""bonusDeliveries"": 0, ""deliveryCharges"": 100, ""sameDayDelivery"": true, ""damageWaiverFees"": 999, ""maxBigToyAllowed"": 1, ""refundableDeposit"": 0, ""moneyBackGuarantee"": 30, ""effectiveCostPerMonth"": 1299, ""membershipFeesApplied"": false, ""securityDepositApplied"": false, ""totalKeepCountPerMonth"": 3, ""damageWaiverFeesApplied"": true, ""isUnlimitedFreeDelivery"": true, ""maxToyHoldingValueAllowed"": 120000, ""totalFreeDeliveryPerMonth"": 0, ""actualChargesForMemberShipFees"": 0, ""actualChargesForSecurityDeposit"": 0, ""actualChargesForDamageWaiverFees"": 999}",ONE_TIME,2026-09-22T08:21:42.096Z,2026-09-23T13:17:01.699Z,c6399045-ae57-4a97-b6d4-69dd768bd1d1,"{""deviceType"": ""MOBILE"", ""gstApplied"": true, ""promoCodeId"": ""payment_provider_05af293eb83f6034ab6f3fcf8a2d0816"", ""paymentNotes"": {""userId"": ""af89b664-73a7-4b54-b270-0c6fa2f56727"", ""subscriptionType"": ""ONE_TIME"", ""subscriptionPlanId"": ""26a25589-5532-4f28-b820-1b6c7894c4fd""}, ""gstPercentage"": 18, ""membershipData"": {""amount"": 0, ""isMembershipFee"": true}, ""priceBreakdown"": {""basePrice"": 15588, ""gstAmount"": 2986, ""couponCode"": ""GANESHA"", ""finalPrice"": 13573, ""couponPercent"": null, ""proRataCredit"": null, ""couponDiscount"": 6000, ""membershipFees"": 0, ""securityDeposit"": 0, ""damageWaiverFees"": 999}, ""isRecurringInit"": false, ""paymentProvider"": ""RAZOR_PAY"", ""userTrialApplied"": false, ""securityDepositData"": {""securityDepositApplied"": false}, ""isTrialPeriodExpired"": true, ""merchantTransactionId"": ""order_Tf0yhVsq5yLLxl"", ""userDamageWaiverFeesApplied"": true}",,,,,,{},[],"{""couponId"": ""c6399045-ae57-4a97-b6d4-69dd768bd1d1"", ""couponAppliedStatus"": ""PENDING"", ""isCouponAppliedOnSubscriptionRenew"": false}"
02c47d71-1c5a-4774-b62f-a3f14ccf8a1c,10170ff4-6eca-47cb-8d51-e7bdbd4d29da,,15588.0,2026-09-23T13:52:02Z,2027-09-23T13:52:02Z,0,order_TfV2ejPGrbUkqP,26a25589-5532-4f28-b820-1b6c7894c4fd,ACTIVE,,wallet,,"{""discount"": ""25%"", ""isNewPlan"": false, ""trialDays"": 30, ""toyProgram"": ""-"", ""planSavings"": 3597, ""planVersion"": ""v2"", ""trialAmount"": 999, ""trialApplied"": false, ""memberShipFees"": 0, ""bonusDeliveries"": 0, ""deliveryCharges"": 100, ""sameDayDelivery"": true, ""damageWaiverFees"": 999, ""maxBigToyAllowed"": 1, ""refundableDeposit"": 0, ""moneyBackGuarantee"": 30, ""effectiveCostPerMonth"": 1299, ""membershipFeesApplied"": false, ""securityDepositApplied"": false, ""totalKeepCountPerMonth"": 3, ""damageWaiverFeesApplied"": true, ""isUnlimitedFreeDelivery"": true, ""maxToyHoldingValueAllowed"": 120000, ""totalFreeDeliveryPerMonth"": 0, ""actualChargesForMemberShipFees"": 0, ""actualChargesForSecurityDeposit"": 0, ""actualChargesForDamageWaiverFees"": 999}",ONE_TIME,2026-09-23T13:46:15.19Z,2026-09-23T13:52:02.31Z,f335fef3-f295-4b3f-b69e-1b49402d782b,"{""deviceType"": ""MOBILE"", ""gstApplied"": true, ""promoCodeId"": ""payment_provider_fec0543b41a5f1e288f52e645b078249"", ""paymentNotes"": {""userId"": ""10170ff4-6eca-47cb-8d51-e7bdbd4d29da"", ""subscriptionType"": ""ONE_TIME"", ""subscriptionPlanId"": ""26a25589-5532-4f28-b820-1b6c7894c4fd""}, ""gstPercentage"": 18, ""membershipData"": {""amount"": 0, ""isMembershipFee"": true}, ""priceBreakdown"": {""basePrice"": 15588, ""gstAmount"": 2986, ""couponCode"": ""FLAT10AK"", ""finalPrice"": 10000, ""couponPercent"": null, ""proRataCredit"": null, ""couponDiscount"": 9573, ""membershipFees"": 0, ""securityDeposit"": 0, ""damageWaiverFees"": 999}, ""isRecurringInit"": false, ""paymentProvider"": ""RAZOR_PAY"", ""userTrialApplied"": false, ""securityDepositData"": {""securityDepositApplied"": false}, ""isTrialPeriodExpired"": true, ""merchantTransactionId"": ""order_TfV2ejPGrbUkqP"", ""userDamageWaiverFeesApplied"": true}",,,,,,{},[],"{""couponId"": ""f335fef3-f295-4b3f-b69e-1b49402d782b"", ""couponAppliedStatus"": ""PENDING"", ""isCouponAppliedOnSubscriptionRenew"": false}"
e4f6d993-eef1-446d-ae41-b61eb8426397,9c9592cb-d69b-4ac1-8d8f-ae2b1cb4f491,,15588.0,2026-09-23T14:27:48Z,2027-09-23T14:27:48Z,0,order_TfVk0Jjy581rNl,26a25589-5532-4f28-b820-1b6c7894c4fd,ACTIVE,,upi,,"{""discount"": ""25%"", ""isNewPlan"": false, ""trialDays"": 30, ""toyProgram"": ""-"", ""planSavings"": 3597, ""planVersion"": ""v2"", ""trialAmount"": 999, ""trialApplied"": false, ""memberShipFees"": 0, ""bonusDeliveries"": 0, ""deliveryCharges"": 100, ""sameDayDelivery"": true, ""damageWaiverFees"": 999, ""maxBigToyAllowed"": 1, ""refundableDeposit"": 0, ""moneyBackGuarantee"": 30, ""effectiveCostPerMonth"": 1299, ""membershipFeesApplied"": false, ""securityDepositApplied"": false, ""totalKeepCountPerMonth"": 3, ""damageWaiverFeesApplied"": true, ""isUnlimitedFreeDelivery"": true, ""maxToyHoldingValueAllowed"": 120000, ""totalFreeDeliveryPerMonth"": 0, ""actualChargesForMemberShipFees"": 0, ""actualChargesForSecurityDeposit"": 0, ""actualChargesForDamageWaiverFees"": 999}",ONE_TIME,2026-09-23T14:27:17.371Z,2026-09-23T14:27:48.643Z,39d4dac4-9537-4653-874b-36bd27b763a0,"{""deviceType"": ""MOBILE"", ""gstApplied"": true, ""promoCodeId"": ""payment_provider_444be18c9e16d1cd1b19ef1c8a66b2ab"", ""paymentNotes"": {""userId"": ""9c9592cb-d69b-4ac1-8d8f-ae2b1cb4f491"", ""subscriptionType"": ""ONE_TIME"", ""subscriptionPlanId"": ""26a25589-5532-4f28-b820-1b6c7894c4fd""}, ""gstPercentage"": 18, ""membershipData"": {""amount"": 0, ""isMembershipFee"": true}, ""priceBreakdown"": {""basePrice"": 15588, ""gstAmount"": 2986, ""couponCode"": ""FLAT11KAK"", ""finalPrice"": 11000, ""couponPercent"": null, ""proRataCredit"": null, ""couponDiscount"": 8573, ""membershipFees"": 0, ""securityDeposit"": 0, ""damageWaiverFees"": 999}, ""isRecurringInit"": false, ""paymentProvider"": ""RAZOR_PAY"", ""userTrialApplied"": false, ""securityDepositData"": {""securityDepositApplied"": false}, ""isTrialPeriodExpired"": true, ""merchantTransactionId"": ""order_TfVk0Jjy581rNl"", ""userDamageWaiverFeesApplied"": true}",,,,,,{},[],"{""couponId"": ""39d4dac4-9537-4653-874b-36bd27b763a0"", ""couponAppliedStatus"": ""PENDING"", ""isCouponAppliedOnSubscriptionRenew"": false}"
561c61fd-5e6c-471e-9759-31cbb49b62b3,32e92b1e-b558-4407-a67b-0f23211f3ebe,,15588.0,2026-09-25T08:55:02Z,2027-09-25T08:55:02Z,0,order_TfWIPPO3lOEvMs,26a25589-5532-4f28-b820-1b6c7894c4fd,ACTIVE,,upi,,"{""discount"": ""25%"", ""isNewPlan"": false, ""trialDays"": 30, ""toyProgram"": ""-"", ""planSavings"": 3597, ""planVersion"": ""v2"", ""trialAmount"": 999, ""trialApplied"": false, ""memberShipFees"": 0, ""bonusDeliveries"": 0, ""deliveryCharges"": 100, ""sameDayDelivery"": true, ""damageWaiverFees"": 999, ""maxBigToyAllowed"": 1, ""refundableDeposit"": 0, ""moneyBackGuarantee"": 30, ""effectiveCostPerMonth"": 1299, ""membershipFeesApplied"": false, ""securityDepositApplied"": false, ""totalKeepCountPerMonth"": 3, ""damageWaiverFeesApplied"": true, ""isUnlimitedFreeDelivery"": true, ""maxToyHoldingValueAllowed"": 120000, ""totalFreeDeliveryPerMonth"": 0, ""actualChargesForMemberShipFees"": 0, ""actualChargesForSecurityDeposit"": 0, ""actualChargesForDamageWaiverFees"": 999}",ONE_TIME,2026-09-23T14:59:51.57Z,2026-09-25T08:55:02.347Z,c6399045-ae57-4a97-b6d4-69dd768bd1d1,"{""deviceType"": ""MOBILE"", ""gstApplied"": true, ""promoCodeId"": ""payment_provider_05af293eb83f6034ab6f3fcf8a2d0816"", ""paymentNotes"": {""userId"": ""32e92b1e-b558-4407-a67b-0f23211f3ebe"", ""subscriptionType"": ""ONE_TIME"", ""subscriptionPlanId"": ""26a25589-5532-4f28-b820-1b6c7894c4fd""}, ""gstPercentage"": 18, ""membershipData"": {""amount"": 0, ""isMembershipFee"": true}, ""priceBreakdown"": {""basePrice"": 15588, ""gstAmount"": 2986, ""couponCode"": ""GANESHA"", ""finalPrice"": 13573, ""couponPercent"": null, ""proRataCredit"": null, ""couponDiscount"": 6000, ""membershipFees"": 0, ""securityDeposit"": 0, ""damageWaiverFees"": 999}, ""isRecurringInit"": false, ""paymentProvider"": ""RAZOR_PAY"", ""userTrialApplied"": false, ""securityDepositData"": {""securityDepositApplied"": false}, ""isTrialPeriodExpired"": true, ""merchantTransactionId"": ""order_TfWIPPO3lOEvMs"", ""userDamageWaiverFeesApplied"": true}",,,,,,{},[],"{""couponId"": ""c6399045-ae57-4a97-b6d4-69dd768bd1d1"", ""couponAppliedStatus"": ""PENDING"", ""isCouponAppliedOnSubscriptionRenew"": false}"
8fc0c958-2159-4f27-b3e6-7c0f9b037fdc,b4bebe20-8de7-4879-9237-65bffab493c2,,15588.0,2026-09-24T06:41:44Z,2027-09-24T06:41:44Z,0,order_TfWsQT6pat9Mr0,26a25589-5532-4f28-b820-1b6c7894c4fd,ACTIVE,,card,,"{""discount"": ""25%"", ""isNewPlan"": false, ""trialDays"": 30, ""toyProgram"": ""-"", ""planSavings"": 3597, ""planVersion"": ""v2"", ""trialAmount"": 999, ""trialApplied"": false, ""memberShipFees"": 0, ""bonusDeliveries"": 0, ""deliveryCharges"": 100, ""sameDayDelivery"": true, ""damageWaiverFees"": 999, ""maxBigToyAllowed"": 1, ""refundableDeposit"": 0, ""moneyBackGuarantee"": 30, ""effectiveCostPerMonth"": 1299, ""membershipFeesApplied"": false, ""securityDepositApplied"": false, ""totalKeepCountPerMonth"": 3, ""damageWaiverFeesApplied"": true, ""isUnlimitedFreeDelivery"": true, ""maxToyHoldingValueAllowed"": 120000, ""totalFreeDeliveryPerMonth"": 0, ""actualChargesForMemberShipFees"": 0, ""actualChargesForSecurityDeposit"": 0, ""actualChargesForDamageWaiverFees"": 999}",ONE_TIME,2026-09-23T15:33:57.341Z,2026-09-24T06:41:44.801Z,39d4dac4-9537-4653-874b-36bd27b763a0,"{""deviceType"": ""MOBILE"", ""gstApplied"": true, ""promoCodeId"": ""payment_provider_444be18c9e16d1cd1b19ef1c8a66b2ab"", ""paymentNotes"": {""userId"": ""b4bebe20-8de7-4879-9237-65bffab493c2"", ""subscriptionType"": ""ONE_TIME"", ""subscriptionPlanId"": ""26a25589-5532-4f28-b820-1b6c7894c4fd""}, ""gstPercentage"": 18, ""membershipData"": {""amount"": 0, ""isMembershipFee"": true}, ""priceBreakdown"": {""basePrice"": 15588, ""gstAmount"": 2986, ""couponCode"": ""FLAT11KAK"", ""finalPrice"": 11000, ""couponPercent"": null, ""proRataCredit"": null, ""couponDiscount"": 8573, ""membershipFees"": 0, ""securityDeposit"": 0, ""damageWaiverFees"": 999}, ""isRecurringInit"": false, ""paymentProvider"": ""RAZOR_PAY"", ""userTrialApplied"": false, ""securityDepositData"": {""securityDepositApplied"": false}, ""isTrialPeriodExpired"": true, ""merchantTransactionId"": ""order_TfWsQT6pat9Mr0"", ""userDamageWaiverFeesApplied"": true}",,,,,,{},[],"{""couponId"": ""39d4dac4-9537-4653-874b-36bd27b763a0"", ""couponAppliedStatus"": ""PENDING"", ""isCouponAppliedOnSubscriptionRenew"": false}"
8e918551-1ce5-44df-b663-b5e56e4a6383,e3ba1bc4-ca0b-49d2-a559-53a3da24f864,,5997.0,2026-09-25T05:45:29Z,2026-12-25T05:45:29Z,0,order_TfXXVJYiP1294u,03e58770-76d5-4434-9934-ea1d64e4096f,ACTIVE,,upi,,"{""discount"": ""25%"", ""isNewPlan"": false, ""trialDays"": 30, ""toyProgram"": ""-"", ""planSavings"": 3597, ""planVersion"": ""v2"", ""trialAmount"": 99, ""trialApplied"": false, ""memberShipFees"": 0, ""bonusDeliveries"": 0, ""deliveryCharges"": 100, ""sameDayDelivery"": true, ""damageWaiverFees"": 999, ""maxBigToyAllowed"": 1, ""refundableDeposit"": 0, ""moneyBackGuarantee"": 30, ""effectiveCostPerMonth"": 1999, ""membershipFeesApplied"": false, ""securityDepositApplied"": false, ""totalKeepCountPerMonth"": 3, ""damageWaiverFeesApplied"": true, ""isUnlimitedFreeDelivery"": false, ""maxToyHoldingValueAllowed"": 35000, ""totalFreeDeliveryPerMonth"": 12, ""actualChargesForMemberShipFees"": 0, ""actualChargesForSecurityDeposit"": 0, ""actualChargesForDamageWaiverFees"": 999}",ONE_TIME,2026-09-23T16:12:50.589Z,2026-09-25T05:45:29.24Z,d9f45968-fdf9-45cb-a143-9bda0499e70b,"{""deviceType"": ""MOBILE"", ""gstApplied"": true, ""promoCodeId"": ""payment_provider_222024ad0be6b711af19f169bcb51d44"", ""paymentNotes"": {""userId"": ""e3ba1bc4-ca0b-49d2-a559-53a3da24f864"", ""subscriptionType"": ""ONE_TIME"", ""subscriptionPlanId"": ""03e58770-76d5-4434-9934-ea1d64e4096f""}, ""gstPercentage"": 18, ""membershipData"": {""amount"": 0, ""isMembershipFee"": true}, ""priceBreakdown"": {""basePrice"": 5997, ""gstAmount"": 1260, ""couponCode"": ""FUNDEAL"", ""finalPrice"": 5756, ""couponPercent"": null, ""proRataCredit"": null, ""couponDiscount"": 2500, ""membershipFees"": 0, ""securityDeposit"": 0, ""damageWaiverFees"": 999}, ""isRecurringInit"": false, ""paymentProvider"": ""RAZOR_PAY"", ""userTrialApplied"": false, ""securityDepositData"": {""securityDepositApplied"": false}, ""isTrialPeriodExpired"": true, ""merchantTransactionId"": ""order_TfXXVJYiP1294u"", ""userDamageWaiverFeesApplied"": true}",,,,,,{},[],"{""couponId"": ""d9f45968-fdf9-45cb-a143-9bda0499e70b"", ""couponAppliedStatus"": ""PENDING"", ""isCouponAppliedOnSubscriptionRenew"": false}"
e52680a1-ebc0-498e-83af-109971d756d3,fdd965a4-eef7-4461-b2da-0e5b4f56496a,,15588.0,2026-09-23T17:16:22Z,2027-09-23T17:16:22Z,0,order_TfYZXjTG6uQrxU,26a25589-5532-4f28-b820-1b6c7894c4fd,ACTIVE,,cardless_emi,,"{""discount"": ""25%"", ""isNewPlan"": false, ""trialDays"": 30, ""toyProgram"": ""-"", ""planSavings"": 3597, ""planVersion"": ""v2"", ""trialAmount"": 999, ""trialApplied"": false, ""memberShipFees"": 0, ""bonusDeliveries"": 0, ""deliveryCharges"": 100, ""sameDayDelivery"": true, ""damageWaiverFees"": 999, ""maxBigToyAllowed"": 1, ""refundableDeposit"": 0, ""moneyBackGuarantee"": 30, ""effectiveCostPerMonth"": 1299, ""membershipFeesApplied"": false, ""securityDepositApplied"": false, ""totalKeepCountPerMonth"": 3, ""damageWaiverFeesApplied"": true, ""isUnlimitedFreeDelivery"": true, ""maxToyHoldingValueAllowed"": 120000, ""totalFreeDeliveryPerMonth"": 0, ""actualChargesForMemberShipFees"": 0, ""actualChargesForSecurityDeposit"": 0, ""actualChargesForDamageWaiverFees"": 999}",ONE_TIME,2026-09-23T17:13:28.021Z,2026-09-23T17:16:22.235Z,39d4dac4-9537-4653-874b-36bd27b763a0,"{""deviceType"": ""MOBILE"", ""gstApplied"": true, ""promoCodeId"": ""payment_provider_444be18c9e16d1cd1b19ef1c8a66b2ab"", ""paymentNotes"": {""userId"": ""fdd965a4-eef7-4461-b2da-0e5b4f56496a"", ""subscriptionType"": ""ONE_TIME"", ""subscriptionPlanId"": ""26a25589-5532-4f28-b820-1b6c7894c4fd""}, ""gstPercentage"": 18, ""membershipData"": {""amount"": 0, ""isMembershipFee"": true}, ""priceBreakdown"": {""basePrice"": 15588, ""gstAmount"": 2986, ""couponCode"": ""FLAT11KAK"", ""finalPrice"": 11000, ""couponPercent"": null, ""proRataCredit"": null, ""couponDiscount"": 8573, ""membershipFees"": 0, ""securityDeposit"": 0, ""damageWaiverFees"": 999}, ""isRecurringInit"": false, ""paymentProvider"": ""RAZOR_PAY"", ""userTrialApplied"": false, ""securityDepositData"": {""securityDepositApplied"": false}, ""isTrialPeriodExpired"": true, ""merchantTransactionId"": ""order_TfYZXjTG6uQrxU"", ""userDamageWaiverFeesApplied"": true}",,,,,,{},[],"{""couponId"": ""39d4dac4-9537-4653-874b-36bd27b763a0"", ""couponAppliedStatus"": ""PENDING"", ""isCouponAppliedOnSubscriptionRenew"": false}"
7897299a-b111-4194-928a-c4d4b04102e5,0d7dd1db-5f6d-49a0-9996-3c3579f7b8ae,,5997.0,2026-09-24T04:15:32Z,2026-12-24T04:15:32Z,0,order_TfjqOHz1pON65o,03e58770-76d5-4434-9934-ea1d64e4096f,ACTIVE,,upi,,"{""discount"": ""25%"", ""isNewPlan"": false, ""trialDays"": 30, ""toyProgram"": ""-"", ""planSavings"": 3597, ""planVersion"": ""v2"", ""trialAmount"": 99, ""trialApplied"": false, ""memberShipFees"": 0, ""bonusDeliveries"": 0, ""deliveryCharges"": 100, ""sameDayDelivery"": true, ""damageWaiverFees"": 999, ""maxBigToyAllowed"": 1, ""refundableDeposit"": 0, ""moneyBackGuarantee"": 30, ""effectiveCostPerMonth"": 1999, ""membershipFeesApplied"": false, ""securityDepositApplied"": false, ""totalKeepCountPerMonth"": 3, ""damageWaiverFeesApplied"": true, ""isUnlimitedFreeDelivery"": false, ""maxToyHoldingValueAllowed"": 35000, ""totalFreeDeliveryPerMonth"": 12, ""actualChargesForMemberShipFees"": 0, ""actualChargesForSecurityDeposit"": 0, ""actualChargesForDamageWaiverFees"": 999}",ONE_TIME,2026-09-24T04:15:02.748Z,2026-09-24T04:15:32.583Z,c28b3b76-4294-4afa-b5d8-290e17cb5c1e,"{""deviceType"": ""MOBILE"", ""gstApplied"": true, ""promoCodeId"": ""payment_provider_4e8e8a3c3b9353b77a614ad70ffc2bae"", ""paymentNotes"": {""userId"": ""0d7dd1db-5f6d-49a0-9996-3c3579f7b8ae"", ""subscriptionType"": ""ONE_TIME"", ""subscriptionPlanId"": ""03e58770-76d5-4434-9934-ea1d64e4096f""}, ""gstPercentage"": 18, ""membershipData"": {""amount"": 0, ""isMembershipFee"": true}, ""priceBreakdown"": {""basePrice"": 5997, ""gstAmount"": 1260, ""couponCode"": ""FLAT4500KAK"", ""finalPrice"": 4500, ""couponPercent"": null, ""proRataCredit"": null, ""couponDiscount"": 3756, ""membershipFees"": 0, ""securityDeposit"": 0, ""damageWaiverFees"": 999}, ""isRecurringInit"": false, ""paymentProvider"": ""RAZOR_PAY"", ""userTrialApplied"": false, ""securityDepositData"": {""securityDepositApplied"": false}, ""isTrialPeriodExpired"": true, ""merchantTransactionId"": ""order_TfjqOHz1pON65o"", ""userDamageWaiverFeesApplied"": true}",,,,,,{},[],"{""couponId"": ""c28b3b76-4294-4afa-b5d8-290e17cb5c1e"", ""couponAppliedStatus"": ""PENDING"", ""isCouponAppliedOnSubscriptionRenew"": false}"
526ea52d-b2d4-4dba-aa97-298e042da0dd,9a105b74-e977-4e00-8a4a-530ece3a5e48,,15588.0,2026-09-27T10:01:37Z,2027-09-27T10:01:37Z,0,order_Tfjxe99n0z9cod,26a25589-5532-4f28-b820-1b6c7894c4fd,ACTIVE,,upi,,"{""discount"": ""25%"", ""isNewPlan"": false, ""trialDays"": 30, ""toyProgram"": ""-"", ""planSavings"": 3597, ""planVersion"": ""v2"", ""trialAmount"": 999, ""trialApplied"": false, ""memberShipFees"": 0, ""bonusDeliveries"": 0, ""deliveryCharges"": 100, ""sameDayDelivery"": true, ""damageWaiverFees"": 999, ""maxBigToyAllowed"": 1, ""refundableDeposit"": 0, ""moneyBackGuarantee"": 30, ""effectiveCostPerMonth"": 1299, ""membershipFeesApplied"": false, ""securityDepositApplied"": false, ""totalKeepCountPerMonth"": 3, ""damageWaiverFeesApplied"": true, ""isUnlimitedFreeDelivery"": true, ""maxToyHoldingValueAllowed"": 120000, ""totalFreeDeliveryPerMonth"": 0, ""actualChargesForMemberShipFees"": 0, ""actualChargesForSecurityDeposit"": 0, ""actualChargesForDamageWaiverFees"": 999}",ONE_TIME,2026-09-24T04:21:54.863Z,2026-09-27T10:01:37.408Z,39d4dac4-9537-4653-874b-36bd27b763a0,"{""deviceType"": ""MOBILE"", ""gstApplied"": true, ""promoCodeId"": ""payment_provider_444be18c9e16d1cd1b19ef1c8a66b2ab"", ""paymentNotes"": {""userId"": ""9a105b74-e977-4e00-8a4a-530ece3a5e48"", ""subscriptionType"": ""ONE_TIME"", ""subscriptionPlanId"": ""26a25589-5532-4f28-b820-1b6c7894c4fd""}, ""gstPercentage"": 18, ""membershipData"": {""amount"": 0, ""isMembershipFee"": true}, ""priceBreakdown"": {""basePrice"": 15588, ""gstAmount"": 2986, ""couponCode"": ""FLAT11KAK"", ""finalPrice"": 11000, ""couponPercent"": null, ""proRataCredit"": null, ""couponDiscount"": 8573, ""membershipFees"": 0, ""securityDeposit"": 0, ""damageWaiverFees"": 999}, ""isRecurringInit"": false, ""paymentProvider"": ""RAZOR_PAY"", ""userTrialApplied"": false, ""securityDepositData"": {""securityDepositApplied"": false}, ""isTrialPeriodExpired"": true, ""merchantTransactionId"": ""order_Tfjxe99n0z9cod"", ""userDamageWaiverFeesApplied"": true}",,,,,,{},[],"{""couponId"": ""39d4dac4-9537-4653-874b-36bd27b763a0"", ""couponAppliedStatus"": ""PENDING"", ""isCouponAppliedOnSubscriptionRenew"": false}"
f284b317-9e9a-42e2-9510-438acd659d09,42ae647e-1b0d-4bcf-9c06-aa3946f318e9,,15588.0,2026-09-24T08:18:53Z,2027-09-24T08:18:53Z,0,order_TfnvcvAbJx5lNv,26a25589-5532-4f28-b820-1b6c7894c4fd,ACTIVE,,upi,,"{""discount"": ""25%"", ""isNewPlan"": false, ""trialDays"": 30, ""toyProgram"": ""-"", ""planSavings"": 3597, ""planVersion"": ""v2"", ""trialAmount"": 999, ""trialApplied"": false, ""memberShipFees"": 0, ""bonusDeliveries"": 0, ""deliveryCharges"": 100, ""sameDayDelivery"": true, ""damageWaiverFees"": 999, ""maxBigToyAllowed"": 1, ""refundableDeposit"": 0, ""moneyBackGuarantee"": 30, ""effectiveCostPerMonth"": 1299, ""membershipFeesApplied"": false, ""securityDepositApplied"": false, ""totalKeepCountPerMonth"": 3, ""damageWaiverFeesApplied"": true, ""isUnlimitedFreeDelivery"": true, ""maxToyHoldingValueAllowed"": 120000, ""totalFreeDeliveryPerMonth"": 0, ""actualChargesForMemberShipFees"": 0, ""actualChargesForSecurityDeposit"": 0, ""actualChargesForDamageWaiverFees"": 999}",ONE_TIME,2026-09-24T08:14:46.603Z,2026-09-24T08:18:54.598Z,ceb8e263-b939-45c4-91e5-429e57c0c65f,"{""deviceType"": ""MOBILE"", ""gstApplied"": true, ""promoCodeId"": ""payment_provider_0205f5e0cc86d5ccc0a6b301e471fb26"", ""paymentNotes"": {""userId"": ""42ae647e-1b0d-4bcf-9c06-aa3946f318e9"", ""subscriptionType"": ""ONE_TIME"", ""subscriptionPlanId"": ""26a25589-5532-4f28-b820-1b6c7894c4fd""}, ""gstPercentage"": 18, ""membershipData"": {""amount"": 0, ""isMembershipFee"": true}, ""priceBreakdown"": {""basePrice"": 15588, ""gstAmount"": 1583, ""couponCode"": ""AL502026"", ""finalPrice"": 10376, ""couponPercent"": 50, ""proRataCredit"": null, ""couponDiscount"": 7794, ""membershipFees"": 0, ""securityDeposit"": 0, ""damageWaiverFees"": 999}, ""isRecurringInit"": false, ""paymentProvider"": ""RAZOR_PAY"", ""userTrialApplied"": false, ""securityDepositData"": {""securityDepositApplied"": false}, ""isTrialPeriodExpired"": true, ""merchantTransactionId"": ""order_TfnvcvAbJx5lNv"", ""userDamageWaiverFeesApplied"": true}",,,,,,{},[],"{""couponId"": ""ceb8e263-b939-45c4-91e5-429e57c0c65f"", ""couponAppliedStatus"": ""PENDING"", ""isCouponAppliedOnSubscriptionRenew"": false}"
c14667a4-da91-4385-acd4-c79a45375e05,31ae9691-4cfb-4166-9bd9-c30fb652e14c,,15588.0,2026-09-26T09:05:57Z,2027-09-26T09:05:57Z,0,order_TfkYxLkZYkPTZx,26a25589-5532-4f28-b820-1b6c7894c4fd,ACTIVE,,upi,,"{""discount"": ""25%"", ""isNewPlan"": false, ""trialDays"": 30, ""toyProgram"": ""-"", ""planSavings"": 3597, ""planVersion"": ""v2"", ""trialAmount"": 999, ""trialApplied"": false, ""memberShipFees"": 0, ""bonusDeliveries"": 0, ""deliveryCharges"": 100, ""sameDayDelivery"": true, ""damageWaiverFees"": 999, ""maxBigToyAllowed"": 1, ""refundableDeposit"": 0, ""moneyBackGuarantee"": 30, ""effectiveCostPerMonth"": 1299, ""membershipFeesApplied"": false, ""securityDepositApplied"": false, ""totalKeepCountPerMonth"": 3, ""damageWaiverFeesApplied"": true, ""isUnlimitedFreeDelivery"": true, ""maxToyHoldingValueAllowed"": 120000, ""totalFreeDeliveryPerMonth"": 0, ""actualChargesForMemberShipFees"": 0, ""actualChargesForSecurityDeposit"": 0, ""actualChargesForDamageWaiverFees"": 999}",ONE_TIME,2026-09-24T04:57:14.068Z,2026-09-26T09:05:57.527Z,39d4dac4-9537-4653-874b-36bd27b763a0,"{""deviceType"": ""MOBILE"", ""gstApplied"": true, ""promoCodeId"": ""payment_provider_444be18c9e16d1cd1b19ef1c8a66b2ab"", ""paymentNotes"": {""userId"": ""31ae9691-4cfb-4166-9bd9-c30fb652e14c"", ""subscriptionType"": ""ONE_TIME"", ""subscriptionPlanId"": ""26a25589-5532-4f28-b820-1b6c7894c4fd""}, ""gstPercentage"": 18, ""membershipData"": {""amount"": 0, ""isMembershipFee"": true}, ""priceBreakdown"": {""basePrice"": 15588, ""gstAmount"": 2986, ""couponCode"": ""FLAT11KAK"", ""finalPrice"": 11000, ""couponPercent"": null, ""proRataCredit"": null, ""couponDiscount"": 8573, ""membershipFees"": 0, ""securityDeposit"": 0, ""damageWaiverFees"": 999}, ""isRecurringInit"": false, ""paymentProvider"": ""RAZOR_PAY"", ""userTrialApplied"": false, ""securityDepositData"": {""securityDepositApplied"": false}, ""isTrialPeriodExpired"": true, ""merchantTransactionId"": ""order_TfkYxLkZYkPTZx"", ""userDamageWaiverFeesApplied"": true}",,,,,,{},[],"{""couponId"": ""39d4dac4-9537-4653-874b-36bd27b763a0"", ""couponAppliedStatus"": ""PENDING"", ""isCouponAppliedOnSubscriptionRenew"": false}"
01b2e081-54d1-4072-bb86-c38e276fc350,9503144a-9a45-490a-ace8-fb536165eb57,,15588.0,2026-09-24T06:47:17Z,2027-09-24T06:47:17Z,0,order_TeYopInisWcpIf,26a25589-5532-4f28-b820-1b6c7894c4fd,ACTIVE,,cardless_emi,,"{""discount"": ""25%"", ""isNewPlan"": false, ""trialDays"": 30, ""toyProgram"": ""-"", ""planSavings"": 3597, ""planVersion"": ""v2"", ""trialAmount"": 999, ""trialApplied"": false, ""memberShipFees"": 0, ""bonusDeliveries"": 0, ""deliveryCharges"": 100, ""sameDayDelivery"": true, ""damageWaiverFees"": 999, ""maxBigToyAllowed"": 1, ""refundableDeposit"": 0, ""moneyBackGuarantee"": 30, ""effectiveCostPerMonth"": 1299, ""membershipFeesApplied"": false, ""securityDepositApplied"": false, ""totalKeepCountPerMonth"": 3, ""damageWaiverFeesApplied"": true, ""isUnlimitedFreeDelivery"": true, ""maxToyHoldingValueAllowed"": 120000, ""totalFreeDeliveryPerMonth"": 0, ""actualChargesForMemberShipFees"": 0, ""actualChargesForSecurityDeposit"": 0, ""actualChargesForDamageWaiverFees"": 999}",ONE_TIME,2026-09-21T04:48:56.023Z,2026-09-24T06:47:17.594Z,39d4dac4-9537-4653-874b-36bd27b763a0,"{""deviceType"": ""MOBILE"", ""gstApplied"": true, ""promoCodeId"": ""payment_provider_444be18c9e16d1cd1b19ef1c8a66b2ab"", ""paymentNotes"": {""userId"": ""9503144a-9a45-490a-ace8-fb536165eb57"", ""subscriptionType"": ""ONE_TIME"", ""subscriptionPlanId"": ""26a25589-5532-4f28-b820-1b6c7894c4fd""}, ""gstPercentage"": 18, ""membershipData"": {""amount"": 0, ""isMembershipFee"": true}, ""priceBreakdown"": {""basePrice"": 15588, ""gstAmount"": 2986, ""couponCode"": ""FLAT11KAK"", ""finalPrice"": 11000, ""couponPercent"": null, ""proRataCredit"": null, ""couponDiscount"": 8573, ""membershipFees"": 0, ""securityDeposit"": 0, ""damageWaiverFees"": 999}, ""isRecurringInit"": false, ""paymentProvider"": ""RAZOR_PAY"", ""userTrialApplied"": false, ""securityDepositData"": {""securityDepositApplied"": false}, ""isTrialPeriodExpired"": true, ""merchantTransactionId"": ""order_TeYopInisWcpIf"", ""userDamageWaiverFeesApplied"": true}",,,,,,{},[],"{""couponId"": ""39d4dac4-9537-4653-874b-36bd27b763a0"", ""couponAppliedStatus"": ""PENDING"", ""isCouponAppliedOnSubscriptionRenew"": false}"
ea40423a-f0cb-45e8-aad3-ed905b710ae1,1cfb4d7c-aca6-42e1-9cb3-a5b8e30b7f93,,5997.0,2026-09-27T10:17:42Z,2026-12-27T10:17:42Z,0,order_Tfmm4Rw1rYSCMd,03e58770-76d5-4434-9934-ea1d64e4096f,ACTIVE,,wallet,,"{""discount"": ""25%"", ""isNewPlan"": false, ""trialDays"": 30, ""toyProgram"": ""-"", ""planSavings"": 3597, ""planVersion"": ""v2"", ""trialAmount"": 99, ""trialApplied"": false, ""memberShipFees"": 0, ""bonusDeliveries"": 0, ""deliveryCharges"": 100, ""sameDayDelivery"": true, ""damageWaiverFees"": 999, ""maxBigToyAllowed"": 1, ""refundableDeposit"": 0, ""moneyBackGuarantee"": 30, ""effectiveCostPerMonth"": 1999, ""membershipFeesApplied"": false, ""securityDepositApplied"": false, ""totalKeepCountPerMonth"": 3, ""damageWaiverFeesApplied"": true, ""isUnlimitedFreeDelivery"": false, ""maxToyHoldingValueAllowed"": 35000, ""totalFreeDeliveryPerMonth"": 12, ""actualChargesForMemberShipFees"": 0, ""actualChargesForSecurityDeposit"": 0, ""actualChargesForDamageWaiverFees"": 999}",ONE_TIME,2026-09-24T07:07:02.215Z,2026-09-27T10:17:42.465Z,eea9fa0e-0ba1-4a66-bd4e-3c9ab018620e,"{""deviceType"": ""MOBILE"", ""gstApplied"": true, ""promoCodeId"": ""payment_provider_461c1537ddd8d4fb2123c7b1c0e6835f"", ""paymentNotes"": {""userId"": ""1cfb4d7c-aca6-42e1-9cb3-a5b8e30b7f93"", ""subscriptionType"": ""ONE_TIME"", ""subscriptionPlanId"": ""03e58770-76d5-4434-9934-ea1d64e4096f""}, ""gstPercentage"": 18, ""membershipData"": {""amount"": 0, ""isMembershipFee"": true}, ""priceBreakdown"": {""basePrice"": 5997, ""gstAmount"": 1260, ""couponCode"": ""FLAT5K"", ""finalPrice"": 5000, ""couponPercent"": null, ""proRataCredit"": null, ""couponDiscount"": 3256, ""membershipFees"": 0, ""securityDeposit"": 0, ""damageWaiverFees"": 999}, ""isRecurringInit"": false, ""paymentProvider"": ""RAZOR_PAY"", ""userTrialApplied"": false, ""securityDepositData"": {""securityDepositApplied"": false}, ""isTrialPeriodExpired"": true, ""merchantTransactionId"": ""order_Tfmm4Rw1rYSCMd"", ""userDamageWaiverFeesApplied"": true}",,,,,,{},[],"{""couponId"": ""eea9fa0e-0ba1-4a66-bd4e-3c9ab018620e"", ""couponAppliedStatus"": ""PENDING"", ""isCouponAppliedOnSubscriptionRenew"": false}"
bc12710a-2369-44b5-b448-c064c9ef4abf,a9677e7b-94fd-4234-974f-bff65839f31b,,5997.0,2026-09-24T07:24:08Z,2026-12-24T07:24:08Z,0,order_Tfn3VCFxJrhadU,03e58770-76d5-4434-9934-ea1d64e4096f,ACTIVE,,upi,,"{""discount"": ""25%"", ""isNewPlan"": false, ""trialDays"": 30, ""toyProgram"": ""-"", ""planSavings"": 3597, ""planVersion"": ""v2"", ""trialAmount"": 99, ""trialApplied"": false, ""memberShipFees"": 0, ""bonusDeliveries"": 0, ""deliveryCharges"": 100, ""sameDayDelivery"": true, ""damageWaiverFees"": 999, ""maxBigToyAllowed"": 1, ""refundableDeposit"": 0, ""moneyBackGuarantee"": 30, ""effectiveCostPerMonth"": 1999, ""membershipFeesApplied"": false, ""securityDepositApplied"": false, ""totalKeepCountPerMonth"": 3, ""damageWaiverFeesApplied"": true, ""isUnlimitedFreeDelivery"": false, ""maxToyHoldingValueAllowed"": 35000, ""totalFreeDeliveryPerMonth"": 12, ""actualChargesForMemberShipFees"": 0, ""actualChargesForSecurityDeposit"": 0, ""actualChargesForDamageWaiverFees"": 999}",ONE_TIME,2026-09-24T07:23:32.303Z,2026-09-24T07:24:08.794Z,c28b3b76-4294-4afa-b5d8-290e17cb5c1e,"{""deviceType"": ""MOBILE"", ""gstApplied"": true, ""promoCodeId"": ""payment_provider_4e8e8a3c3b9353b77a614ad70ffc2bae"", ""paymentNotes"": {""userId"": ""a9677e7b-94fd-4234-974f-bff65839f31b"", ""subscriptionType"": ""ONE_TIME"", ""subscriptionPlanId"": ""03e58770-76d5-4434-9934-ea1d64e4096f""}, ""gstPercentage"": 18, ""membershipData"": {""amount"": 0, ""isMembershipFee"": true}, ""priceBreakdown"": {""basePrice"": 5997, ""gstAmount"": 1260, ""couponCode"": ""FLAT4500KAK"", ""finalPrice"": 4500, ""couponPercent"": null, ""proRataCredit"": null, ""couponDiscount"": 3756, ""membershipFees"": 0, ""securityDeposit"": 0, ""damageWaiverFees"": 999}, ""isRecurringInit"": false, ""paymentProvider"": ""RAZOR_PAY"", ""userTrialApplied"": false, ""securityDepositData"": {""securityDepositApplied"": false}, ""isTrialPeriodExpired"": true, ""merchantTransactionId"": ""order_Tfn3VCFxJrhadU"", ""userDamageWaiverFeesApplied"": true}",,,,,,{},[],"{""couponId"": ""c28b3b76-4294-4afa-b5d8-290e17cb5c1e"", ""couponAppliedStatus"": ""PENDING"", ""isCouponAppliedOnSubscriptionRenew"": false}"
fb697025-1a11-4744-a601-816a40ba344f,6807f711-b2a6-4abb-b836-dce7b960cc63,,15588.0,2026-09-24T07:57:39Z,2027-09-24T07:57:39Z,0,order_Tf9fzFHHJ5Du6n,26a25589-5532-4f28-b820-1b6c7894c4fd,ACTIVE,,card,,"{""discount"": ""25%"", ""isNewPlan"": false, ""trialDays"": 30, ""toyProgram"": ""-"", ""planSavings"": 3597, ""planVersion"": ""v2"", ""trialAmount"": 999, ""trialApplied"": false, ""memberShipFees"": 0, ""bonusDeliveries"": 0, ""deliveryCharges"": 100, ""sameDayDelivery"": true, ""damageWaiverFees"": 999, ""maxBigToyAllowed"": 1, ""refundableDeposit"": 0, ""moneyBackGuarantee"": 30, ""effectiveCostPerMonth"": 1299, ""membershipFeesApplied"": false, ""securityDepositApplied"": false, ""totalKeepCountPerMonth"": 3, ""damageWaiverFeesApplied"": true, ""isUnlimitedFreeDelivery"": true, ""maxToyHoldingValueAllowed"": 120000, ""totalFreeDeliveryPerMonth"": 0, ""actualChargesForMemberShipFees"": 0, ""actualChargesForSecurityDeposit"": 0, ""actualChargesForDamageWaiverFees"": 999}",ONE_TIME,2026-09-22T16:52:13.663Z,2026-09-24T07:57:39.946Z,39d4dac4-9537-4653-874b-36bd27b763a0,"{""deviceType"": ""MOBILE"", ""gstApplied"": true, ""promoCodeId"": ""payment_provider_444be18c9e16d1cd1b19ef1c8a66b2ab"", ""paymentNotes"": {""userId"": ""6807f711-b2a6-4abb-b836-dce7b960cc63"", ""subscriptionType"": ""ONE_TIME"", ""subscriptionPlanId"": ""26a25589-5532-4f28-b820-1b6c7894c4fd""}, ""gstPercentage"": 18, ""membershipData"": {""amount"": 0, ""isMembershipFee"": true}, ""priceBreakdown"": {""basePrice"": 15588, ""gstAmount"": 2986, ""couponCode"": ""FLAT11KAK"", ""finalPrice"": 11000, ""couponPercent"": null, ""proRataCredit"": null, ""couponDiscount"": 8573, ""membershipFees"": 0, ""securityDeposit"": 0, ""damageWaiverFees"": 999}, ""isRecurringInit"": false, ""paymentProvider"": ""RAZOR_PAY"", ""userTrialApplied"": false, ""securityDepositData"": {""securityDepositApplied"": false}, ""isTrialPeriodExpired"": true, ""merchantTransactionId"": ""order_Tf9fzFHHJ5Du6n"", ""userDamageWaiverFeesApplied"": true}",,,,,,{},[],"{""couponId"": ""39d4dac4-9537-4653-874b-36bd27b763a0"", ""couponAppliedStatus"": ""PENDING"", ""isCouponAppliedOnSubscriptionRenew"": false}"
158f29e4-1c8e-458b-9f58-77075cc8a2ca,6e3e5174-142d-472c-8b23-aa261943fab3,,15588.0,2026-09-24T08:40:16Z,2027-09-24T08:40:16Z,0,order_TfPa1nPuDEsh4B,26a25589-5532-4f28-b820-1b6c7894c4fd,ACTIVE,,card,,"{""discount"": ""25%"", ""isNewPlan"": false, ""trialDays"": 30, ""toyProgram"": ""-"", ""planSavings"": 3597, ""planVersion"": ""v2"", ""trialAmount"": 999, ""trialApplied"": false, ""memberShipFees"": 0, ""bonusDeliveries"": 0, ""deliveryCharges"": 100, ""sameDayDelivery"": true, ""damageWaiverFees"": 999, ""maxBigToyAllowed"": 1, ""refundableDeposit"": 0, ""moneyBackGuarantee"": 30, ""effectiveCostPerMonth"": 1299, ""membershipFeesApplied"": false, ""securityDepositApplied"": false, ""totalKeepCountPerMonth"": 3, ""damageWaiverFeesApplied"": true, ""isUnlimitedFreeDelivery"": true, ""maxToyHoldingValueAllowed"": 120000, ""totalFreeDeliveryPerMonth"": 0, ""actualChargesForMemberShipFees"": 0, ""actualChargesForSecurityDeposit"": 0, ""actualChargesForDamageWaiverFees"": 999}",ONE_TIME,2026-09-23T08:25:41.03Z,2026-09-24T08:40:16.521Z,ceb8e263-b939-45c4-91e5-429e57c0c65f,"{""deviceType"": ""MOBILE"", ""gstApplied"": true, ""promoCodeId"": ""payment_provider_0205f5e0cc86d5ccc0a6b301e471fb26"", ""paymentNotes"": {""userId"": ""6e3e5174-142d-472c-8b23-aa261943fab3"", ""subscriptionType"": ""ONE_TIME"", ""subscriptionPlanId"": ""26a25589-5532-4f28-b820-1b6c7894c4fd""}, ""gstPercentage"": 18, ""membershipData"": {""amount"": 0, ""isMembershipFee"": true}, ""priceBreakdown"": {""basePrice"": 15588, ""gstAmount"": 1583, ""couponCode"": ""AL502026"", ""finalPrice"": 10376, ""couponPercent"": 50, ""proRataCredit"": null, ""couponDiscount"": 7794, ""membershipFees"": 0, ""securityDeposit"": 0, ""damageWaiverFees"": 999}, ""isRecurringInit"": false, ""paymentProvider"": ""RAZOR_PAY"", ""userTrialApplied"": false, ""securityDepositData"": {""securityDepositApplied"": false}, ""isTrialPeriodExpired"": true, ""merchantTransactionId"": ""order_TfPa1nPuDEsh4B"", ""userDamageWaiverFeesApplied"": true}",,,,,,{},[],"{""couponId"": ""ceb8e263-b939-45c4-91e5-429e57c0c65f"", ""couponAppliedStatus"": ""PENDING"", ""isCouponAppliedOnSubscriptionRenew"": false}"
dd7529b9-852a-4118-9881-b51e2df3c99e,d0afa980-86b4-48d1-9d6d-879a937252ee,,5997.0,2026-09-24T09:44:47Z,2026-12-24T09:44:47Z,0,order_TfpSODMMsj40lT,03e58770-76d5-4434-9934-ea1d64e4096f,ACTIVE,,upi,,"{""discount"": ""25%"", ""isNewPlan"": false, ""trialDays"": 30, ""toyProgram"": ""-"", ""planSavings"": 3597, ""planVersion"": ""v2"", ""trialAmount"": 99, ""trialApplied"": false, ""memberShipFees"": 0, ""bonusDeliveries"": 0, ""deliveryCharges"": 100, ""sameDayDelivery"": true, ""damageWaiverFees"": 999, ""maxBigToyAllowed"": 1, ""refundableDeposit"": 0, ""moneyBackGuarantee"": 30, ""effectiveCostPerMonth"": 1999, ""membershipFeesApplied"": false, ""securityDepositApplied"": false, ""totalKeepCountPerMonth"": 3, ""damageWaiverFeesApplied"": true, ""isUnlimitedFreeDelivery"": false, ""maxToyHoldingValueAllowed"": 35000, ""totalFreeDeliveryPerMonth"": 12, ""actualChargesForMemberShipFees"": 0, ""actualChargesForSecurityDeposit"": 0, ""actualChargesForDamageWaiverFees"": 999}",ONE_TIME,2026-09-24T09:44:29.148Z,2026-09-24T09:44:51.86Z,eea9fa0e-0ba1-4a66-bd4e-3c9ab018620e,"{""deviceType"": ""MOBILE"", ""gstApplied"": true, ""promoCodeId"": ""payment_provider_461c1537ddd8d4fb2123c7b1c0e6835f"", ""paymentNotes"": {""userId"": ""d0afa980-86b4-48d1-9d6d-879a937252ee"", ""subscriptionType"": ""ONE_TIME"", ""subscriptionPlanId"": ""03e58770-76d5-4434-9934-ea1d64e4096f""}, ""gstPercentage"": 18, ""membershipData"": {""amount"": 0, ""isMembershipFee"": true}, ""priceBreakdown"": {""basePrice"": 5997, ""gstAmount"": 1260, ""couponCode"": ""FLAT5K"", ""finalPrice"": 5000, ""couponPercent"": null, ""proRataCredit"": null, ""couponDiscount"": 3256, ""membershipFees"": 0, ""securityDeposit"": 0, ""damageWaiverFees"": 999}, ""isRecurringInit"": false, ""paymentProvider"": ""RAZOR_PAY"", ""userTrialApplied"": false, ""securityDepositData"": {""securityDepositApplied"": false}, ""isTrialPeriodExpired"": true, ""merchantTransactionId"": ""order_TfpSODMMsj40lT"", ""userDamageWaiverFeesApplied"": true}",,,,,,{},[],"{""couponId"": ""eea9fa0e-0ba1-4a66-bd4e-3c9ab018620e"", ""couponAppliedStatus"": ""PENDING"", ""isCouponAppliedOnSubscriptionRenew"": false}"
efbe5a80-ddd0-4feb-a5d1-05797db793e6,688efe3b-082b-4b9f-a0a2-4be5f5fb04c8,9619053506,5997.0,2026-09-24T11:25:25Z,2026-12-24T11:25:25Z,0,assigned_55cf8fb216c74ce81145c1f918b6cc5a,03e58770-76d5-4434-9934-ea1d64e4096f,ACTIVE,,card,,"{""discount"": ""25%"", ""isNewPlan"": false, ""pricePaid"": 5786, ""trialDays"": 30, ""toyProgram"": ""-"", ""planSavings"": 3597, ""planVersion"": ""v2"", ""trialAmount"": 99, ""trialApplied"": false, ""memberShipFees"": 0, ""bonusDeliveries"": 0, ""deliveryCharges"": 100, ""sameDayDelivery"": true, ""damageWaiverFees"": 999, ""maxBigToyAllowed"": 1, ""refundableDeposit"": 0, ""memberShipFeesPaid"": 0, ""moneyBackGuarantee"": 30, ""effectiveCostPerMonth"": 1999, ""membershipFeesApplied"": false, ""refundableDepositPaid"": 0, ""planPriceDiscountAdmin"": 0, ""securityDepositApplied"": false, ""totalKeepCountPerMonth"": 3, ""damageWaiverFeesApplied"": true, ""isUnlimitedFreeDelivery"": false, ""membershipDiscountAdmin"": 0, ""maxToyHoldingValueAllowed"": 35000, ""totalFreeDeliveryPerMonth"": 12, ""actualChargesForMemberShipFees"": 0, ""refundableDepositDiscountAdmin"": 0, ""actualChargesForSecurityDeposit"": 0, ""actualChargesForDamageWaiverFees"": 999}",ASSIGNED,2026-09-24T11:25:25.191Z,2026-09-24T11:25:25.191Z,,"{""note"": ""Renewed from Google Sheet"", ""amount"": 0, ""isRenewal"": true, ""gstApplied"": true, ""paymentDate"": ""2026-09-24T16:55:25+05:30"", ""gstPercentage"": 18, ""membershipData"": {""amount"": 0, ""isMembershipFee"": true}, ""priceBreakdown"": {""basePrice"": 5997, ""gstAmount"": 1260, ""couponCode"": null, ""finalPrice"": 8256, ""couponPercent"": null, ""proRataCredit"": 0, ""couponDiscount"": 0, ""membershipFees"": 0, ""securityDeposit"": 0, ""damageWaiverFees"": 999}, ""userTrialApplied"": false, ""isGoogleSheetRenewal"": true, ""isTrialPeriodExpired"": true, ""userDamageWaiverFeesApplied"": true}",,,,,,{},[],{}
983ed6e8-765a-4dfb-9833-4b256c49e548,ddc6802f-dd54-45f4-8ac0-eff965971535,,15588.0,2026-09-26T10:52:10Z,2027-09-26T10:52:10Z,0,order_TfrKk6wAuveL3E,26a25589-5532-4f28-b820-1b6c7894c4fd,ACTIVE,,cardless_emi,,"{""discount"": ""25%"", ""isNewPlan"": false, ""trialDays"": 30, ""toyProgram"": ""-"", ""planSavings"": 3597, ""planVersion"": ""v2"", ""trialAmount"": 999, ""trialApplied"": false, ""memberShipFees"": 0, ""bonusDeliveries"": 0, ""deliveryCharges"": 100, ""sameDayDelivery"": true, ""damageWaiverFees"": 999, ""maxBigToyAllowed"": 1, ""refundableDeposit"": 0, ""moneyBackGuarantee"": 30, ""effectiveCostPerMonth"": 1299, ""membershipFeesApplied"": false, ""securityDepositApplied"": false, ""totalKeepCountPerMonth"": 3, ""damageWaiverFeesApplied"": true, ""isUnlimitedFreeDelivery"": true, ""maxToyHoldingValueAllowed"": 120000, ""totalFreeDeliveryPerMonth"": 0, ""actualChargesForMemberShipFees"": 0, ""actualChargesForSecurityDeposit"": 0, ""actualChargesForDamageWaiverFees"": 999}",ONE_TIME,2026-09-24T11:34:38.034Z,2026-09-26T10:52:10.499Z,39d4dac4-9537-4653-874b-36bd27b763a0,"{""deviceType"": ""MOBILE"", ""gstApplied"": true, ""promoCodeId"": ""payment_provider_444be18c9e16d1cd1b19ef1c8a66b2ab"", ""paymentNotes"": {""userId"": ""ddc6802f-dd54-45f4-8ac0-eff965971535"", ""subscriptionType"": ""ONE_TIME"", ""subscriptionPlanId"": ""26a25589-5532-4f28-b820-1b6c7894c4fd""}, ""gstPercentage"": 18, ""membershipData"": {""amount"": 0, ""isMembershipFee"": true}, ""priceBreakdown"": {""basePrice"": 15588, ""gstAmount"": 2986, ""couponCode"": ""FLAT11KAK"", ""finalPrice"": 11000, ""couponPercent"": null, ""proRataCredit"": null, ""couponDiscount"": 8573, ""membershipFees"": 0, ""securityDeposit"": 0, ""damageWaiverFees"": 999}, ""isRecurringInit"": false, ""paymentProvider"": ""RAZOR_PAY"", ""userTrialApplied"": false, ""securityDepositData"": {""securityDepositApplied"": false}, ""isTrialPeriodExpired"": true, ""merchantTransactionId"": ""order_TfrKk6wAuveL3E"", ""userDamageWaiverFeesApplied"": true}",,,,,,{},[],"{""couponId"": ""39d4dac4-9537-4653-874b-36bd27b763a0"", ""couponAppliedStatus"": ""PENDING"", ""isCouponAppliedOnSubscriptionRenew"": false}"
e50573a4-cb50-4e70-b279-e79b1a7683e1,5104bc92-2421-4711-b0eb-1f397585c06f,,5997.0,2026-09-24T11:48:47Z,2026-12-24T11:48:47Z,0,order_TfrYnmVp1bFRUJ,03e58770-76d5-4434-9934-ea1d64e4096f,ACTIVE,,card,,"{""discount"": ""25%"", ""isNewPlan"": false, ""trialDays"": 30, ""toyProgram"": ""-"", ""planSavings"": 3597, ""planVersion"": ""v2"", ""trialAmount"": 99, ""trialApplied"": false, ""memberShipFees"": 0, ""bonusDeliveries"": 0, ""deliveryCharges"": 100, ""sameDayDelivery"": true, ""damageWaiverFees"": 999, ""maxBigToyAllowed"": 1, ""refundableDeposit"": 0, ""moneyBackGuarantee"": 30, ""effectiveCostPerMonth"": 1999, ""membershipFeesApplied"": false, ""securityDepositApplied"": false, ""totalKeepCountPerMonth"": 3, ""damageWaiverFeesApplied"": true, ""isUnlimitedFreeDelivery"": false, ""maxToyHoldingValueAllowed"": 35000, ""totalFreeDeliveryPerMonth"": 12, ""actualChargesForMemberShipFees"": 0, ""actualChargesForSecurityDeposit"": 0, ""actualChargesForDamageWaiverFees"": 999}",ONE_TIME,2026-09-24T11:47:56.598Z,2026-09-24T11:48:47.291Z,1c6f4787-a568-4168-8eda-394ba82e54ba,"{""deviceType"": ""MOBILE"", ""gstApplied"": true, ""promoCodeId"": ""payment_provider_fb96ded54318d12cf44f7822cd2b3824"", ""paymentNotes"": {""userId"": ""5104bc92-2421-4711-b0eb-1f397585c06f"", ""subscriptionType"": ""ONE_TIME"", ""subscriptionPlanId"": ""03e58770-76d5-4434-9934-ea1d64e4096f""}, ""gstPercentage"": 18, ""membershipData"": {""amount"": 0, ""isMembershipFee"": true}, ""priceBreakdown"": {""basePrice"": 5997, ""gstAmount"": 1260, ""couponCode"": ""FLAT4KMAXAK"", ""finalPrice"": 4000, ""couponPercent"": null, ""proRataCredit"": null, ""couponDiscount"": 4256, ""membershipFees"": 0, ""securityDeposit"": 0, ""damageWaiverFees"": 999}, ""isRecurringInit"": false, ""paymentProvider"": ""RAZOR_PAY"", ""userTrialApplied"": false, ""securityDepositData"": {""securityDepositApplied"": false}, ""isTrialPeriodExpired"": true, ""merchantTransactionId"": ""order_TfrYnmVp1bFRUJ"", ""userDamageWaiverFeesApplied"": true}",,,,,,{},[],"{""couponId"": ""1c6f4787-a568-4168-8eda-394ba82e54ba"", ""couponAppliedStatus"": ""PENDING"", ""isCouponAppliedOnSubscriptionRenew"": false}"
08dac52e-2280-410f-8467-484b8dcd2034,ff1d97a6-48be-4819-9047-979087e7c199,,15588.0,2026-09-24T16:00:52Z,2027-09-24T16:00:52Z,0,order_TfvicQNL5Y4BDA,26a25589-5532-4f28-b820-1b6c7894c4fd,ACTIVE,,card,,"{""discount"": ""25%"", ""isNewPlan"": false, ""trialDays"": 30, ""toyProgram"": ""-"", ""planSavings"": 3597, ""planVersion"": ""v2"", ""trialAmount"": 999, ""trialApplied"": false, ""memberShipFees"": 0, ""bonusDeliveries"": 0, ""deliveryCharges"": 100, ""sameDayDelivery"": true, ""damageWaiverFees"": 999, ""maxBigToyAllowed"": 1, ""refundableDeposit"": 0, ""moneyBackGuarantee"": 30, ""effectiveCostPerMonth"": 1299, ""membershipFeesApplied"": false, ""securityDepositApplied"": false, ""totalKeepCountPerMonth"": 3, ""damageWaiverFeesApplied"": true, ""isUnlimitedFreeDelivery"": true, ""maxToyHoldingValueAllowed"": 120000, ""totalFreeDeliveryPerMonth"": 0, ""actualChargesForMemberShipFees"": 0, ""actualChargesForSecurityDeposit"": 0, ""actualChargesForDamageWaiverFees"": 999}",ONE_TIME,2026-09-24T15:52:00.658Z,2026-09-24T16:00:52.753Z,39d4dac4-9537-4653-874b-36bd27b763a0,"{""deviceType"": ""MOBILE"", ""gstApplied"": true, ""promoCodeId"": ""payment_provider_444be18c9e16d1cd1b19ef1c8a66b2ab"", ""paymentNotes"": {""userId"": ""ff1d97a6-48be-4819-9047-979087e7c199"", ""subscriptionType"": ""ONE_TIME"", ""subscriptionPlanId"": ""26a25589-5532-4f28-b820-1b6c7894c4fd""}, ""gstPercentage"": 18, ""membershipData"": {""amount"": 0, ""isMembershipFee"": true}, ""priceBreakdown"": {""basePrice"": 15588, ""gstAmount"": 2986, ""couponCode"": ""FLAT11KAK"", ""finalPrice"": 11000, ""couponPercent"": null, ""proRataCredit"": null, ""couponDiscount"": 8573, ""membershipFees"": 0, ""securityDeposit"": 0, ""damageWaiverFees"": 999}, ""isRecurringInit"": false, ""paymentProvider"": ""RAZOR_PAY"", ""userTrialApplied"": false, ""securityDepositData"": {""securityDepositApplied"": false}, ""isTrialPeriodExpired"": true, ""merchantTransactionId"": ""order_TfvicQNL5Y4BDA"", ""userDamageWaiverFeesApplied"": true}",,,,,,{},[],"{""couponId"": ""39d4dac4-9537-4653-874b-36bd27b763a0"", ""couponAppliedStatus"": ""PENDING"", ""isCouponAppliedOnSubscriptionRenew"": false}"
81a8f6d5-b887-4788-8fa8-1b2dcc2d7c0a,8de88c92-f3d0-49c6-b1bb-75cdf76858ec,,15588.0,2026-09-24T12:21:04Z,2027-09-24T12:21:04Z,0,order_Tfs5UHpu2kU4s8,26a25589-5532-4f28-b820-1b6c7894c4fd,ACTIVE,,cardless_emi,,"{""discount"": ""25%"", ""isNewPlan"": false, ""trialDays"": 30, ""toyProgram"": ""-"", ""planSavings"": 3597, ""planVersion"": ""v2"", ""trialAmount"": 999, ""trialApplied"": false, ""memberShipFees"": 0, ""bonusDeliveries"": 0, ""deliveryCharges"": 100, ""sameDayDelivery"": true, ""damageWaiverFees"": 999, ""maxBigToyAllowed"": 1, ""refundableDeposit"": 0, ""moneyBackGuarantee"": 30, ""effectiveCostPerMonth"": 1299, ""membershipFeesApplied"": false, ""securityDepositApplied"": false, ""totalKeepCountPerMonth"": 3, ""damageWaiverFeesApplied"": true, ""isUnlimitedFreeDelivery"": true, ""maxToyHoldingValueAllowed"": 120000, ""totalFreeDeliveryPerMonth"": 0, ""actualChargesForMemberShipFees"": 0, ""actualChargesForSecurityDeposit"": 0, ""actualChargesForDamageWaiverFees"": 999}",ONE_TIME,2026-09-24T12:18:53.147Z,2026-09-24T12:21:07.932Z,39d4dac4-9537-4653-874b-36bd27b763a0,"{""deviceType"": ""MOBILE"", ""gstApplied"": true, ""promoCodeId"": ""payment_provider_444be18c9e16d1cd1b19ef1c8a66b2ab"", ""paymentNotes"": {""userId"": ""8de88c92-f3d0-49c6-b1bb-75cdf76858ec"", ""subscriptionType"": ""ONE_TIME"", ""subscriptionPlanId"": ""26a25589-5532-4f28-b820-1b6c7894c4fd""}, ""gstPercentage"": 18, ""membershipData"": {""amount"": 0, ""isMembershipFee"": true}, ""priceBreakdown"": {""basePrice"": 15588, ""gstAmount"": 2986, ""couponCode"": ""FLAT11KAK"", ""finalPrice"": 11000, ""couponPercent"": null, ""proRataCredit"": null, ""couponDiscount"": 8573, ""membershipFees"": 0, ""securityDeposit"": 0, ""damageWaiverFees"": 999}, ""isRecurringInit"": false, ""paymentProvider"": ""RAZOR_PAY"", ""userTrialApplied"": false, ""securityDepositData"": {""securityDepositApplied"": false}, ""isTrialPeriodExpired"": true, ""merchantTransactionId"": ""order_Tfs5UHpu2kU4s8"", ""userDamageWaiverFeesApplied"": true}",,,,,,{},[],"{""couponId"": ""39d4dac4-9537-4653-874b-36bd27b763a0"", ""couponAppliedStatus"": ""PENDING"", ""isCouponAppliedOnSubscriptionRenew"": false}"
cbf1cfda-1ab7-4023-adb6-97e74c1000c9,626f4d8e-659e-4cf7-947e-8fc97a3c9262,,5997.0,2026-09-25T10:32:29Z,2026-12-25T10:32:29Z,0,order_Tft4SI6nP4B63R,03e58770-76d5-4434-9934-ea1d64e4096f,ACTIVE,,upi,,"{""discount"": ""25%"", ""isNewPlan"": false, ""trialDays"": 30, ""toyProgram"": ""-"", ""planSavings"": 3597, ""planVersion"": ""v2"", ""trialAmount"": 99, ""trialApplied"": false, ""memberShipFees"": 0, ""bonusDeliveries"": 0, ""deliveryCharges"": 100, ""sameDayDelivery"": true, ""damageWaiverFees"": 999, ""maxBigToyAllowed"": 1, ""refundableDeposit"": 0, ""moneyBackGuarantee"": 30, ""effectiveCostPerMonth"": 1999, ""membershipFeesApplied"": false, ""planPriceDiscountAdmin"": -499001, ""securityDepositApplied"": false, ""totalKeepCountPerMonth"": 3, ""damageWaiverFeesApplied"": true, ""isUnlimitedFreeDelivery"": false, ""maxToyHoldingValueAllowed"": 35000, ""totalFreeDeliveryPerMonth"": 12, ""actualChargesForMemberShipFees"": 0, ""actualChargesForSecurityDeposit"": 0, ""actualChargesForDamageWaiverFees"": 999}",ONE_TIME,2026-09-24T13:17:22.335Z,2026-09-25T10:32:29.888Z,,"{""amount"": 500000, ""deviceType"": ""MOBILE"", ""gstApplied"": true, ""paymentNotes"": {""userId"": ""626f4d8e-659e-4cf7-947e-8fc97a3c9262"", ""paymentLinkId"": ""402ecaec-4de6-4cf9-b4ca-3d526187144e"", ""subscriptionPlanId"": ""03e58770-76d5-4434-9934-ea1d64e4096f""}, ""gstPercentage"": 18, ""paymentLinkId"": ""402ecaec-4de6-4cf9-b4ca-3d526187144e"", ""membershipData"": {""amount"": 0, ""isMembershipFee"": false}, ""isRecurringInit"": false, ""paymentProvider"": ""RAZOR_PAY"", ""userTrialApplied"": false, ""securityDepositData"": {""amount"": 0, ""securityDepositApplied"": false}, ""isTrialPeriodExpired"": true, ""merchantTransactionId"": ""order_Tft4SI6nP4B63R"", ""userDamageWaiverFeesApplied"": true}",,,,,,{},[],{}
080d28b1-2f8d-4763-be13-bd5ca33e9949,50f25a97-3622-4de0-9b42-ac13ffe758d9,,15588.0,2026-09-27T07:54:49Z,2027-09-27T07:54:49Z,0,order_Tft2GHS7klc7KG,26a25589-5532-4f28-b820-1b6c7894c4fd,ACTIVE,,cardless_emi,,"{""discount"": ""25%"", ""isNewPlan"": false, ""trialDays"": 30, ""toyProgram"": ""-"", ""planSavings"": 3597, ""planVersion"": ""v2"", ""trialAmount"": 999, ""trialApplied"": false, ""memberShipFees"": 0, ""bonusDeliveries"": 0, ""deliveryCharges"": 100, ""sameDayDelivery"": true, ""damageWaiverFees"": 999, ""maxBigToyAllowed"": 1, ""refundableDeposit"": 0, ""moneyBackGuarantee"": 30, ""effectiveCostPerMonth"": 1299, ""membershipFeesApplied"": false, ""securityDepositApplied"": false, ""totalKeepCountPerMonth"": 3, ""damageWaiverFeesApplied"": true, ""isUnlimitedFreeDelivery"": true, ""maxToyHoldingValueAllowed"": 120000, ""totalFreeDeliveryPerMonth"": 0, ""actualChargesForMemberShipFees"": 0, ""actualChargesForSecurityDeposit"": 0, ""actualChargesForDamageWaiverFees"": 999}",ONE_TIME,2026-09-24T13:14:31.534Z,2026-09-27T07:54:49.02Z,39d4dac4-9537-4653-874b-36bd27b763a0,"{""deviceType"": ""MOBILE"", ""gstApplied"": true, ""promoCodeId"": ""payment_provider_444be18c9e16d1cd1b19ef1c8a66b2ab"", ""paymentNotes"": {""userId"": ""50f25a97-3622-4de0-9b42-ac13ffe758d9"", ""subscriptionType"": ""ONE_TIME"", ""subscriptionPlanId"": ""26a25589-5532-4f28-b820-1b6c7894c4fd""}, ""gstPercentage"": 18, ""membershipData"": {""amount"": 0, ""isMembershipFee"": true}, ""priceBreakdown"": {""basePrice"": 15588, ""gstAmount"": 2986, ""couponCode"": ""FLAT11KAK"", ""finalPrice"": 11000, ""couponPercent"": null, ""proRataCredit"": null, ""couponDiscount"": 8573, ""membershipFees"": 0, ""securityDeposit"": 0, ""damageWaiverFees"": 999}, ""isRecurringInit"": false, ""paymentProvider"": ""RAZOR_PAY"", ""userTrialApplied"": false, ""securityDepositData"": {""securityDepositApplied"": false}, ""isTrialPeriodExpired"": true, ""merchantTransactionId"": ""order_Tft2GHS7klc7KG"", ""userDamageWaiverFeesApplied"": true}",,,,,,{},[],"{""couponId"": ""39d4dac4-9537-4653-874b-36bd27b763a0"", ""couponAppliedStatus"": ""PENDING"", ""isCouponAppliedOnSubscriptionRenew"": false}"
e31d5a2c-3225-4d83-898c-b458b00a1157,456ddecb-3742-4956-89aa-86834450b284,,15588.0,2026-09-26T07:54:40Z,2027-09-26T07:54:40Z,0,order_TfuG3uA7FvLPNx,26a25589-5532-4f28-b820-1b6c7894c4fd,ACTIVE,,emi,,"{""discount"": ""25%"", ""isNewPlan"": false, ""trialDays"": 30, ""toyProgram"": ""-"", ""planSavings"": 3597, ""planVersion"": ""v2"", ""trialAmount"": 999, ""trialApplied"": false, ""memberShipFees"": 0, ""bonusDeliveries"": 0, ""deliveryCharges"": 100, ""sameDayDelivery"": true, ""damageWaiverFees"": 999, ""maxBigToyAllowed"": 1, ""refundableDeposit"": 0, ""moneyBackGuarantee"": 30, ""effectiveCostPerMonth"": 1299, ""membershipFeesApplied"": false, ""securityDepositApplied"": false, ""totalKeepCountPerMonth"": 3, ""damageWaiverFeesApplied"": true, ""isUnlimitedFreeDelivery"": true, ""maxToyHoldingValueAllowed"": 120000, ""totalFreeDeliveryPerMonth"": 0, ""actualChargesForMemberShipFees"": 0, ""actualChargesForSecurityDeposit"": 0, ""actualChargesForDamageWaiverFees"": 999}",ONE_TIME,2026-09-24T14:26:17.041Z,2026-09-26T07:54:40.283Z,39d4dac4-9537-4653-874b-36bd27b763a0,"{""deviceType"": ""MOBILE"", ""gstApplied"": true, ""promoCodeId"": ""payment_provider_444be18c9e16d1cd1b19ef1c8a66b2ab"", ""paymentNotes"": {""userId"": ""456ddecb-3742-4956-89aa-86834450b284"", ""subscriptionType"": ""ONE_TIME"", ""subscriptionPlanId"": ""26a25589-5532-4f28-b820-1b6c7894c4fd""}, ""gstPercentage"": 18, ""membershipData"": {""amount"": 0, ""isMembershipFee"": true}, ""priceBreakdown"": {""basePrice"": 15588, ""gstAmount"": 2986, ""couponCode"": ""FLAT11KAK"", ""finalPrice"": 11000, ""couponPercent"": null, ""proRataCredit"": null, ""couponDiscount"": 8573, ""membershipFees"": 0, ""securityDeposit"": 0, ""damageWaiverFees"": 999}, ""isRecurringInit"": false, ""paymentProvider"": ""RAZOR_PAY"", ""userTrialApplied"": false, ""securityDepositData"": {""securityDepositApplied"": false}, ""isTrialPeriodExpired"": true, ""merchantTransactionId"": ""order_TfuG3uA7FvLPNx"", ""userDamageWaiverFeesApplied"": true}",,,,,,{},[],"{""couponId"": ""39d4dac4-9537-4653-874b-36bd27b763a0"", ""couponAppliedStatus"": ""PENDING"", ""isCouponAppliedOnSubscriptionRenew"": false}"
eb94f898-b516-4e34-8308-6a3f96e206a0,7653f5c8-fd03-4427-b270-ec5eafeae3a3,,5997.0,2026-09-26T10:08:49Z,2026-12-26T10:08:49Z,0,order_Tfup282poR8Zxo,03e58770-76d5-4434-9934-ea1d64e4096f,ACTIVE,,upi,,"{""discount"": ""25%"", ""isNewPlan"": false, ""trialDays"": 30, ""toyProgram"": ""-"", ""planSavings"": 3597, ""planVersion"": ""v2"", ""trialAmount"": 99, ""trialApplied"": false, ""memberShipFees"": 0, ""bonusDeliveries"": 0, ""deliveryCharges"": 100, ""sameDayDelivery"": true, ""damageWaiverFees"": 999, ""maxBigToyAllowed"": 1, ""refundableDeposit"": 0, ""moneyBackGuarantee"": 30, ""effectiveCostPerMonth"": 1999, ""membershipFeesApplied"": false, ""securityDepositApplied"": false, ""totalKeepCountPerMonth"": 3, ""damageWaiverFeesApplied"": true, ""isUnlimitedFreeDelivery"": false, ""maxToyHoldingValueAllowed"": 35000, ""totalFreeDeliveryPerMonth"": 12, ""actualChargesForMemberShipFees"": 0, ""actualChargesForSecurityDeposit"": 0, ""actualChargesForDamageWaiverFees"": 999}",ONE_TIME,2026-09-24T14:59:23.387Z,2026-09-26T10:08:49.702Z,eea9fa0e-0ba1-4a66-bd4e-3c9ab018620e,"{""deviceType"": ""MOBILE"", ""gstApplied"": true, ""promoCodeId"": ""payment_provider_461c1537ddd8d4fb2123c7b1c0e6835f"", ""paymentNotes"": {""userId"": ""7653f5c8-fd03-4427-b270-ec5eafeae3a3"", ""subscriptionType"": ""ONE_TIME"", ""subscriptionPlanId"": ""03e58770-76d5-4434-9934-ea1d64e4096f""}, ""gstPercentage"": 18, ""membershipData"": {""amount"": 0, ""isMembershipFee"": true}, ""priceBreakdown"": {""basePrice"": 5997, ""gstAmount"": 1260, ""couponCode"": ""FLAT5K"", ""finalPrice"": 5000, ""couponPercent"": null, ""proRataCredit"": null, ""couponDiscount"": 3256, ""membershipFees"": 0, ""securityDeposit"": 0, ""damageWaiverFees"": 999}, ""isRecurringInit"": false, ""paymentProvider"": ""RAZOR_PAY"", ""userTrialApplied"": false, ""securityDepositData"": {""securityDepositApplied"": false}, ""isTrialPeriodExpired"": true, ""merchantTransactionId"": ""order_Tfup282poR8Zxo"", ""userDamageWaiverFeesApplied"": true}",,,,,,{},[],"{""couponId"": ""eea9fa0e-0ba1-4a66-bd4e-3c9ab018620e"", ""couponAppliedStatus"": ""PENDING"", ""isCouponAppliedOnSubscriptionRenew"": false}"
ba5d89a0-3dc6-4d21-82f9-259576121eae,7949aad5-c985-4613-ac88-ecdbb5949860,,15588.0,2026-09-24T15:38:30Z,2027-09-24T15:38:30Z,0,order_TfvQsslsioJJgY,26a25589-5532-4f28-b820-1b6c7894c4fd,ACTIVE,,card,,"{""discount"": ""25%"", ""isNewPlan"": false, ""trialDays"": 30, ""toyProgram"": ""-"", ""planSavings"": 3597, ""planVersion"": ""v2"", ""trialAmount"": 999, ""trialApplied"": false, ""memberShipFees"": 0, ""bonusDeliveries"": 0, ""deliveryCharges"": 100, ""sameDayDelivery"": true, ""damageWaiverFees"": 999, ""maxBigToyAllowed"": 1, ""refundableDeposit"": 0, ""moneyBackGuarantee"": 30, ""effectiveCostPerMonth"": 1299, ""membershipFeesApplied"": false, ""securityDepositApplied"": false, ""totalKeepCountPerMonth"": 3, ""damageWaiverFeesApplied"": true, ""isUnlimitedFreeDelivery"": true, ""maxToyHoldingValueAllowed"": 120000, ""totalFreeDeliveryPerMonth"": 0, ""actualChargesForMemberShipFees"": 0, ""actualChargesForSecurityDeposit"": 0, ""actualChargesForDamageWaiverFees"": 999}",ONE_TIME,2026-09-24T15:35:13.349Z,2026-09-24T15:38:30.236Z,01e44bd5-f585-4ce5-a6a7-a6dd40de2334,"{""deviceType"": ""MOBILE"", ""gstApplied"": true, ""promoCodeId"": ""payment_provider_ff77eacfd6873255307a24ce752aacdb"", ""paymentNotes"": {""userId"": ""7949aad5-c985-4613-ac88-ecdbb5949860"", ""subscriptionType"": ""ONE_TIME"", ""subscriptionPlanId"": ""26a25589-5532-4f28-b820-1b6c7894c4fd""}, ""gstPercentage"": 18, ""membershipData"": {""amount"": 0, ""isMembershipFee"": true}, ""priceBreakdown"": {""basePrice"": 15588, ""gstAmount"": 2986, ""couponCode"": ""FLAT12K"", ""finalPrice"": 12000, ""couponPercent"": null, ""proRataCredit"": null, ""couponDiscount"": 7573, ""membershipFees"": 0, ""securityDeposit"": 0, ""damageWaiverFees"": 999}, ""isRecurringInit"": false, ""paymentProvider"": ""RAZOR_PAY"", ""userTrialApplied"": false, ""securityDepositData"": {""securityDepositApplied"": false}, ""isTrialPeriodExpired"": true, ""merchantTransactionId"": ""order_TfvQsslsioJJgY"", ""userDamageWaiverFeesApplied"": true}",,,,,,{},[],"{""couponId"": ""01e44bd5-f585-4ce5-a6a7-a6dd40de2334"", ""couponAppliedStatus"": ""PENDING"", ""isCouponAppliedOnSubscriptionRenew"": false}"
8ef40ac2-c264-4827-96cc-17705a5d102d,07d47118-4a1a-44de-996d-369b4ccff635,9603766388,15588.0,2026-09-28T06:05:46Z,2027-09-28T06:05:46Z,0,assigned_0d449205ca1f983d4bee064ef41642d2,26a25589-5532-4f28-b820-1b6c7894c4fd,ACTIVE,,razorpay,,"{""discount"": ""25%"", ""isNewPlan"": false, ""pricePaid"": 10376, ""trialDays"": 30, ""toyProgram"": ""-"", ""planSavings"": 3597, ""planVersion"": ""v2"", ""trialAmount"": 999, ""trialApplied"": false, ""memberShipFees"": 0, ""bonusDeliveries"": 0, ""deliveryCharges"": 100, ""sameDayDelivery"": true, ""damageWaiverFees"": 999, ""maxBigToyAllowed"": 1, ""refundableDeposit"": 0, ""memberShipFeesPaid"": 0, ""moneyBackGuarantee"": 30, ""effectiveCostPerMonth"": 1299, ""membershipFeesApplied"": false, ""refundableDepositPaid"": 0, ""planPriceDiscountAdmin"": 5212, ""securityDepositApplied"": false, ""totalKeepCountPerMonth"": 3, ""damageWaiverFeesApplied"": true, ""isUnlimitedFreeDelivery"": true, ""membershipDiscountAdmin"": 0, ""maxToyHoldingValueAllowed"": 120000, ""totalFreeDeliveryPerMonth"": 0, ""actualChargesForMemberShipFees"": 0, ""refundableDepositDiscountAdmin"": 0, ""actualChargesForSecurityDeposit"": 0, ""actualChargesForDamageWaiverFees"": 999}",ASSIGNED,2026-09-24T15:44:09.245Z,2026-09-28T06:05:47.043Z,,"{""amount"": 10376, ""gstApplied"": true, ""paymentDate"": ""2026-09-24T15:44:07.214Z"", ""gstPercentage"": 18, ""membershipData"": {""amount"": 0, ""isMembershipFee"": true}, ""priceBreakdown"": {""basePrice"": 15588, ""gstAmount"": 2986, ""couponCode"": null, ""finalPrice"": 19573, ""couponPercent"": null, ""proRataCredit"": 0, ""couponDiscount"": 0, ""membershipFees"": 0, ""securityDeposit"": 0, ""damageWaiverFees"": 999}, ""userTrialApplied"": false, ""isTrialPeriodExpired"": true, ""userDamageWaiverFeesApplied"": true}",,,,,,{},[],{}
