id,user_number,first_name,last_name,email,password,profile_image,gender,roles,is_verified,is_active,is_archived,address,landmark,city,state,pincode_id,contact_no,created_by,agency_name,vehicle_number,payment_provider_id,payment_provider,timezone,refresh_token,created_at,updated_at,deleted_at,state_id,lat_long,meta_data,referral_code,applied_referral_code,referred_by,available_balance,preferences,referred_by_type,onboarding_status,web_engaged_ids,source,additional_address_details,offer_shown_at,onboarding_answers,address2,locality,id,user_id,transaction_id,price,started_at,expire_at,used_free_delivery_count,subscription_id,plan_id,status,payment_id,method,payment_status,subscription_features,type,created_at,updated_at,coupon_id,meta_data,applied_referral_code,referred_by,cancelled_by,cancelled_at,cancelled_type,cancellation_data,payment_token_status_history,coupon_details,expire_at_ist
f2d94fed-8d2f-4390-aed7-6f3c5b09f146,UR363425,Kaksha,Solanki,kaksharahevar8646@gmail.com,,,,"[""USER""]",true,true,false,"B-87 , Taksh Divine, behind L &T knowledge city","waghodiya road, Vadodara, 390019",Vadodara,Gujarat,872b13de-e68f-41a1-8b0e-18dc04735a20,7046455608,,,,,STRIPE,IST,gL5FBeYiFCyvh3fZcYRxUf/A9Pa+LC++04v3aZXIyyBZJ1I/tqiAMHLbrqScgyWkXCai2V+giMY7Cdah1IfMKcIGwZNSGhveKwmZRRaUrW9WvzAGk/830CxZ/ohYBEQd5+qtxhwPwoMECmVBe002bVgVQ3hIYnanUYNfgvfzQY3IlWcOPRORKuGgtklifk8z78jjN/ZV8/FpoyZpVizQp+GCEdorBtEUdOPV9ePhluU=,2026-06-26T08:22:46.823Z,2026-07-08T06:56:15.985Z,,,0101000000EE10B5238B505240D9BBF550914F3640,"{""intercomId"": ""6a3e36dc8ba09b692a7806a0"", ""isElefantUser"": true}",38B2067A,,,0.0,{},,"{""profile"": ""COMPLETED"", ""childProfile"": ""COMPLETED"", ""onboardingScreen"": ""COMPLETED""}",[],,"{""sublocality"": ""Knowledge city"", ""formattedAddress"": ""Lily-2, L&T KC Residency, Knowledge city, Vadodara, Gujarat 390019, India""}",,"{""Q1"": ""0_2"", ""Q3"": ""0_5"", ""Q6"": ""Divyveer""}",,,e65e00b8-171c-4134-b22f-57e50d5e184b,f2d94fed-8d2f-4390-aed7-6f3c5b09f146,7046455608,4497.0,2026-07-11T13:33:52Z,2026-10-11T13:33:52Z,0,assigned_2debe26635601d3964dc5fc3c602683d,864b3e20-b4b5-4be5-8b5c-bcd69573b6dd,ACTIVE,,razorpay,,"{""discount"": ""25%"", ""isNewPlan"": false, ""pricePaid"": 2800, ""trialDays"": 30, ""toyProgram"": ""-"", ""planSavings"": 3597, ""planVersion"": ""v2"", ""trialAmount"": 99, ""trialApplied"": false, ""memberShipFees"": 0, ""bonusDeliveries"": 0, ""deliveryCharges"": 100, ""sameDayDelivery"": false, ""damageWaiverFees"": 299, ""maxBigToyAllowed"": 0, ""refundableDeposit"": 0, ""memberShipFeesPaid"": 0, ""moneyBackGuarantee"": 30, ""effectiveCostPerMonth"": 1499, ""membershipFeesApplied"": false, ""refundableDepositPaid"": 0, ""planPriceDiscountAdmin"": 1697, ""securityDepositApplied"": false, ""totalKeepCountPerMonth"": 3, ""damageWaiverFeesApplied"": true, ""isUnlimitedFreeDelivery"": false, ""membershipDiscountAdmin"": 0, ""maxToyHoldingValueAllowed"": 20000, ""totalFreeDeliveryPerMonth"": 9, ""actualChargesForMemberShipFees"": 0, ""refundableDepositDiscountAdmin"": 0, ""actualChargesForSecurityDeposit"": 0, ""actualChargesForDamageWaiverFees"": 299}",ASSIGNED,2026-07-08T06:31:03.947Z,2026-07-11T13:33:52.413Z,,"{""note"": ""Quarter plus 2800"", ""amount"": 2800, ""gstApplied"": true, ""gstPercentage"": 18, ""membershipData"": {""amount"": 0, ""isMembershipFee"": true}, ""userTrialApplied"": false, ""isTrialPeriodExpired"": true, ""userDamageWaiverFeesApplied"": true}",,,,,,{},[],{},2026-10-11T19:03:52
c3c4c4ee-ea37-4f93-8485-0edb482a4237,UR170932,Tesxt,test,maulik.vaghasiya+t1@logicwind.com,,,,"[""USER""]",true,true,false,,,,,,70467076962,,,,,STRIPE,Asia/Calcutta,gL5FBeYiFCyvh3fZcYRxUf/A9Pa+LC++04v3aZXIyyBZJ1I/tqiAMHLbrqScgyWk+mQKx/crf/ZU9YnOibsyAZeAj2wQ0qbhtVqtyO1czkGjZpjIVJlKtYr1pY8yPro73hEPI9Otu6TpS3XRcg87wigkjC/G/9m3iKZFuJPAOliBidDkc6TmrE6XVruAsOfqC6gEvhwnNo9Y2vEbkQuSN6I9+D1QXC6uoNBeEdVqA0g=,2025-09-16T12:06:15.926Z,2025-09-19T06:30:40.971Z,,,,"{""intercomId"": ""68c952bfbee46855b715c481"", ""leadSquaredData"": {""Id"": ""3c10c182-3012-479f-a423-68870b787090"", ""IsCreated"": false, ""RelatedId"": ""1669b2f6-5328-41cb-8ccf-c4ca02ae8ea3""}}",0C4DECA0,,,0.0,{},,"{""onboardingScreen"": ""COMPLETED""}",[],,{},,{},,,24cec872-d503-47a9-978d-53475dc95344,c3c4c4ee-ea37-4f93-8485-0edb482a4237,NA,4799.0,2026-04-13T05:43:41.03Z,2026-10-13T05:43:41Z,0,assigned_304a0e3ee1ab7fe01ca571cda92e9f72,3938101b-acf0-4858-b867-1a14db35cee9,CANCELLED,,other,,"{""discount"": ""11%"", ""isNewPlan"": false, ""pricePaid"": 0, ""trialDays"": 15, ""toyProgram"": ""-"", ""planSavings"": 599, ""planVersion"": ""v1"", ""trialAmount"": 1, ""trialApplied"": false, ""memberShipFees"": 1000, ""bonusDeliveries"": 2, ""deliveryCharges"": 100, ""damageWaiverFees"": 799, ""refundableDeposit"": 0, ""memberShipFeesPaid"": 0, ""effectiveCostPerMonth"": 800, ""membershipFeesApplied"": false, ""refundableDepositPaid"": 0, ""planPriceDiscountAdmin"": 4799, ""securityDepositApplied"": false, ""totalKeepCountPerMonth"": 2, ""damageWaiverFeesApplied"": true, ""isUnlimitedFreeDelivery"": false, ""membershipDiscountAdmin"": 1000, ""totalFreeDeliveryPerMonth"": 3, ""refundableDepositDiscountAdmin"": 0, ""actualChargesForSecurityDeposit"": 0, ""actualChargesForDamageWaiverFees"": 1}",ASSIGNED,2026-04-13T05:43:44.926Z,2026-04-13T05:44:16.784Z,,"{""amount"": 0, ""membershipData"": {""amount"": 1000, ""isMembershipFee"": true}}",,,,,,{},[],{},2026-10-13T11:13:41
81c29755-f8a3-4e1d-946b-7fcf579ab0c7,UR39476,druvaraj,raj,venkataramana.reddy1983@gmail.com,,,,"[""USER""]",true,true,false,650/7 Sri Vinayaka Residency jayalakshmi school road,,Bengaluru,Karnataka,1489dc4a-f50f-4631-8b18-1983fc747467,7259857499,,,,,STRIPE,IST,gL5FBeYiFCyvh3fZcYRxUf/A9Pa+LC++04v3aZXIyyBZJ1I/tqiAMHLbrqScgyWk8TIJRgk1j0g1jSp6juaSNurH34IXsNOJSxGOUJG0rz8JVq1DawsBeEtxDJzO29SsSpr4BDlaKiJMyAE/q9H4/bO9FPet5Ybse5vtjqdQDK0W29xuxaJvBM27OWYGlwKWv5Lf/A78Jv0Ra0JCXutxfWh8vWFXYM2/R5bOOIEGdbM=,2024-12-04T16:17:47.037Z,2026-08-25T04:01:22.896Z,,,010100000045888620E268534055078A69F0042A40,"{""intercomId"": ""675080b026afa81219367566"", ""isElefantUser"": true, ""leadSquaredData"": {""Id"": ""7bc6172a-b568-4b09-b52a-5164c21a96fc"", ""IsCreated"": true, ""RelatedId"": ""ef55adeb-d088-4767-82b9-9dcd79770fe4""}}",0D35D921,,,0.0,"{""toy"": {""ageGroupIds"": [""d2f48edd-d348-473d-ab43-2818e60f5b24""], ""facilitateIds"": [""09a5daf1-597a-42f9-b1fb-67820662a5fd""]}}",,"{""profile"": ""COMPLETED"", ""childProfile"": ""COMPLETED"", ""onboardingScreen"": ""COMPLETED""}",[],mobile_app,"{""sublocality"": ""Banaswadi"", ""formattedAddress"": ""83, K Veerbhadrappa Rd, Subbannaiah Palya, Banaswadi, Bengaluru, Karnataka 560033, India""}",,{},Banaswadi,"83, K Veerbhadrappa Rd, Subbannaiah Palya, Banaswadi, Bengaluru, Karnataka 560033, India",55841e99-e11f-4921-92c7-d7a907e99fec,81c29755-f8a3-4e1d-946b-7fcf579ab0c7,72598574991,2999.0,2025-10-11T05:12:35.827Z,2026-10-11T05:12:35Z,0,assigned_0a47ac3a1c245af495fee5c5a65bcdfc,eab965a9-9117-4d7e-aa07-d7ded0903ca5,ACTIVE,,upi,,"{""discount"": ""58.34%"", ""isNewPlan"": false, ""pricePaid"": 2999, ""trialDays"": 30, ""toyProgram"": ""-"", ""planSavings"": 4200, ""planVersion"": ""v2"", ""trialAmount"": 499, ""trialApplied"": false, ""memberShipFees"": 0, ""bonusDeliveries"": 14, ""deliveryCharges"": 100, ""damageWaiverFees"": 999, ""refundableDeposit"": 0, ""memberShipFeesPaid"": 0, ""effectiveCostPerMonth"": 250, ""membershipFeesApplied"": false, ""refundableDepositPaid"": 0, ""planPriceDiscountAdmin"": 0, ""securityDepositApplied"": false, ""totalKeepCountPerMonth"": 3, ""damageWaiverFeesApplied"": true, ""isUnlimitedFreeDelivery"": false, ""membershipDiscountAdmin"": 0, ""totalFreeDeliveryPerMonth"": 0, ""actualChargesForMemberShipFees"": 0, ""refundableDepositDiscountAdmin"": 0, ""actualChargesForSecurityDeposit"": 0, ""actualChargesForDamageWaiverFees"": 999}",ASSIGNED,2025-10-11T05:13:12.373Z,2025-10-11T05:13:12.373Z,,"{""amount"": 2999, ""gstApplied"": true, ""gstPercentage"": 18, ""membershipData"": {""amount"": 0, ""isMembershipFee"": true}, ""userTrialApplied"": false, ""isTrialPeriodExpired"": true, ""userDamageWaiverFeesApplied"": true}",,,,,,{},[],{},2026-10-11T10:42:35
1f932495-2e49-4ad6-ac86-38c70097f41e,UR138675,Pooja,Carpenter,pcarpenter.kta@gmail.com,,,FEMALE,"[""USER""]",true,true,false,"B2-306, Ganga Legend County, Bavdhan, 411021",Opp. Pebbles 1,Pune,Maharashtra,935ab5d8-badb-4f78-9850-96ee69b73d61,7470690860,,,,,STRIPE,IST,gL5FBeYiFCyvh3fZcYRxUf/A9Pa+LC++04v3aZXIyyBZJ1I/tqiAMHLbrqScgyWkFYvtjOp3+Xto3a5N5/Uox9W2p4IZpAlQXKI5ZI9LE3o3B3fTgNIy/adyW9DPsuu9o+TyCWj8Eo9PuFD7Th3bdkemJuvEjvQAo2dZhZ0pqV9ct+BV3CoqeH7NxGyhJ7CNjGj2shIDlO3LEc/MUIUrFAYw05b8JSy4I+Rk9ghjlzc=,2025-07-16T13:49:13.345Z,2026-08-19T05:28:09.508Z,,,01010000006B302EB499715240DAE0C89638853240,"{""intercomId"": ""6877adde5bad2a06887f680c"", ""leadSquaredData"": {""Id"": ""ab0a40ef-0a26-448e-8e20-719b05961144"", ""IsCreated"": true, ""RelatedId"": ""7d1e0770-a661-4456-9370-cbfcd0af8043""}}",18B14342,,,0.0,{},,"{""profile"": ""COMPLETED"", ""childProfile"": ""COMPLETED"", ""onboardingScreen"": ""COMPLETED""}","[""fmP4z0wNHEmSgYM8ersv0u:APA91bFsgDAvY5zO2EtYqe_wO_F8SOXPAwtSC3EfLjM0-ynaya0AM4y4F3ZW21sLLs28wPzPumg1bL9Cd0ee7-sY2dzlHkwPRBcDh2lFQG9upAd3OJF06AA""]",mobile_app,"{""sublocality"": ""Bavdhan"", ""formattedAddress"": ""GQCF+5W4 Pebbles 1, Patil Nagar, Bavdhan, Pune, Sunarwadi, Maharashtra 411021, India""}",,{},Opp. Pebbles 1 Society,"GQCF+5W4 Pebbles 1, Patil Nagar, Bavdhan, Pune, Sunarwadi, Maharashtra 411021, India",ffe7ef29-4a43-4684-a5cb-f31144336c2e,1f932495-2e49-4ad6-ac86-38c70097f41e,NA,2999.0,2025-09-07T10:13:44.779Z,2026-10-10T18:29:59.999Z,0,assigned_6f32eea7159df9fd156c3d5c02061ed7,eab965a9-9117-4d7e-aa07-d7ded0903ca5,ACTIVE,,razorpay,,"{""discount"": ""58.34%"", ""isNewPlan"": false, ""pricePaid"": 2999, ""trialDays"": 30, ""toyProgram"": ""-"", ""planSavings"": 4200, ""planVersion"": ""v2"", ""trialAmount"": 499, ""trialApplied"": false, ""memberShipFees"": 0, ""bonusDeliveries"": 14, ""deliveryCharges"": 100, ""damageWaiverFees"": 999, ""refundableDeposit"": 0, ""memberShipFeesPaid"": 0, ""effectiveCostPerMonth"": 250, ""membershipFeesApplied"": false, ""refundableDepositPaid"": 0, ""planPriceDiscountAdmin"": 0, ""securityDepositApplied"": false, ""totalKeepCountPerMonth"": 3, ""damageWaiverFeesApplied"": true, ""isUnlimitedFreeDelivery"": false, ""membershipDiscountAdmin"": 0, ""totalFreeDeliveryPerMonth"": 3, ""actualChargesForMemberShipFees"": 0, ""refundableDepositDiscountAdmin"": 0, ""actualChargesForSecurityDeposit"": 0, ""actualChargesForDamageWaiverFees"": 999}",ASSIGNED,2025-09-07T10:13:51.55Z,2026-09-01T05:41:41.628Z,,"{""note"": ""3500 paid, 16 swaps"", ""amount"": 2999, ""gstApplied"": true, ""gstPercentage"": 18, ""membershipData"": {""amount"": 0, ""isMembershipFee"": true}, ""userTrialApplied"": false, ""isTrialPeriodExpired"": true, ""userDamageWaiverFeesApplied"": true}",,,,,,{},[],{},2026-10-10T23:59:59.999
8a089a7c-32a8-4730-b589-0705ccd820d3,UR392481,Gaurav,Jain,gauravjaip@gmail.com,,,,"[""USER""]",true,true,false,38/300,Mansarovar,Jaipur,Rajasthan,46ed221a-0880-422b-8cc3-7fc17152876e,7623850113,,,,,STRIPE,IST,gL5FBeYiFCyvh3fZcYRxUf/A9Pa+LC++04v3aZXIyyBZJ1I/tqiAMHLbrqScgyWki0J5yizgmVuSogK31Xc0eI+nq0zLtPiSV8QaVkLLVeg8a84DEtRi4lI2xX/apZXKXDdrVI9f1TP5avZ0VRUetOoZZiLW8+PegLu3CFQHqF3ducRZEbHG1gLDmybEvVqvG2K6rNXqM4j+hQCstBetHQcKQ63qU6K6kYASH9ooNS0=,2026-07-13T03:36:58.735Z,2026-09-05T17:27:32.639Z,,,0101000020E610000048BB760E8AF05240A91B83A9C1DD3A40,"{""isElefantUser"": true, ""hasToyHoldingMismatch"": true}",E0751E56,3DA30834,673807e4-1618-48e6-a94e-4cc5f883b98a,0.0,{},USER,"{""profile"": ""COMPLETED"", ""childProfile"": ""COMPLETED"", ""onboardingScreen"": ""COMPLETED""}",[],,"{""sublocality"": ""Mansarovar"", ""formattedAddress"": ""38/298, Kiran Path, Mansarovar Sector 3, Mansarovar, Jaipur, Rajasthan 302020, India""}",,{},Kiran Path,Mansarovar,9505c3dc-37f9-4262-8934-82b90b679b35,8a089a7c-32a8-4730-b589-0705ccd820d3,,4497.0,2026-07-13T07:08:57Z,2026-10-13T07:08:57Z,0,order_TCqHeUvvjuCFuR,864b3e20-b4b5-4be5-8b5c-bcd69573b6dd,ACTIVE,,upi,,"{""discount"": ""25%"", ""isNewPlan"": false, ""trialDays"": 30, ""toyProgram"": ""-"", ""planSavings"": 3597, ""planVersion"": ""v2"", ""trialAmount"": 99, ""trialApplied"": false, ""memberShipFees"": 0, ""bonusDeliveries"": 0, ""deliveryCharges"": 100, ""sameDayDelivery"": false, ""damageWaiverFees"": 299, ""maxBigToyAllowed"": 0, ""refundableDeposit"": 0, ""moneyBackGuarantee"": 30, ""effectiveCostPerMonth"": 1499, ""membershipFeesApplied"": false, ""securityDepositApplied"": false, ""totalKeepCountPerMonth"": 3, ""damageWaiverFeesApplied"": true, ""isUnlimitedFreeDelivery"": false, ""maxToyHoldingValueAllowed"": 20000, ""totalFreeDeliveryPerMonth"": 9, ""actualChargesForMemberShipFees"": 0, ""actualChargesForSecurityDeposit"": 0, ""actualChargesForDamageWaiverFees"": 299}",ONE_TIME,2026-07-13T03:41:57.812Z,2026-07-13T07:08:57.483Z,d9f45968-fdf9-45cb-a143-9bda0499e70b,"{""deviceType"": ""MOBILE"", ""gstApplied"": true, ""promoCodeId"": ""payment_provider_222024ad0be6b711af19f169bcb51d44"", ""paymentNotes"": {""userId"": ""8a089a7c-32a8-4730-b589-0705ccd820d3"", ""subscriptionType"": ""ONE_TIME"", ""subscriptionPlanId"": ""864b3e20-b4b5-4be5-8b5c-bcd69573b6dd""}, ""gstPercentage"": 18, ""membershipData"": {""amount"": 0, ""isMembershipFee"": true}, ""isRecurringInit"": false, ""paymentProvider"": ""RAZOR_PAY"", ""userTrialApplied"": false, ""securityDepositData"": {""securityDepositApplied"": false}, ""isTrialPeriodExpired"": true, ""merchantTransactionId"": ""order_TCqHeUvvjuCFuR"", ""userDamageWaiverFeesApplied"": true}",,,,,,{},[],"{""couponId"": ""d9f45968-fdf9-45cb-a143-9bda0499e70b"", ""couponAppliedStatus"": ""PENDING"", ""isCouponAppliedOnSubscriptionRenew"": false}",2026-10-13T12:38:57
4e0eb33b-5ece-4575-a54c-86d719629049,UR142860,Renu,Vadhvani,renuvadhvani@gmail.con,,,FEMALE,"[""USER""]",true,true,false,"6X8F+3V4, Oswal Park, Thane West, Thane, Maharashtra 400601, India",Thane West,Thane,Maharashtra,9dbd4567-4185-45ff-bd6f-3af2f2c5d240,7718851963,,,,,STRIPE,Asia/Calcutta,gL5FBeYiFCyvh3fZcYRxUf/A9Pa+LC++04v3aZXIyyBZJ1I/tqiAMHLbrqScgyWk/yz8JYxW0DEh3l/u3QTW34jb10N6AcClzrgi4codH197rs0BTVa9nnYk960BnYB9LSnMdSPKUrHuO0WDW+gXm+wnwlncYY8CFJhFdvU427h6v6pcVZrWTr53vfzHXydWdPQJvFAOkVx1l14HJNlwjgBcNbtvDsjfsbiECOIrW/k=,2025-07-27T13:10:04.994Z,2026-10-09T23:16:04.022Z,,,0101000020E6100000895BAA775D3E52407E82D5A24F373340,"{""intercomId"": ""68862532c66c8468ae7f437b"", ""leadSquaredData"": {""Id"": ""3880991a-4780-421b-bdf2-28b219c60fb3"", ""IsCreated"": true, ""RelatedId"": ""59c6f60e-49c4-4598-9aca-ea8542ad2dd0""}}",C290D632,,,0.0,{},,"{""profile"": ""COMPLETED"", ""childProfile"": ""COMPLETED"", ""onboardingScreen"": ""COMPLETED""}","[""cTFbIFlKVEtQiYocZS5XTm:APA91bH2ObUVRjbu-Q-3w99J-00Vbtshoy-BucdIJVey043n-YLcEfxDOdEU9B1jag95J4dkleejo4JfGgdKBOm_xtMguLqq6y2Qoi-x5H1oc7N43GkPF-I""]",,"{""sublocality"": ""Thane West"", ""formattedAddress"": ""6X8F+CQG, Pokharan Rd No. 2, Subhash Nagar, Thane West, Thane, Maharashtra 400601, India""}",,"{""Q1"": ""2_5"", ""Q2"": ""3plus_hrs"", ""Q6"": ""Bccvbcbvbvffs Bxff""}","704A, Tulip, Maitri Garden","Pokharan Road Number 2, Subhash Nagar, Thane West, Thane, Maharashtra, India",ef3704dd-e230-4a57-b3cd-c138feb1d840,4e0eb33b-5ece-4575-a54c-86d719629049,NA,2999.0,2025-09-05T13:05:38.769Z,2026-10-15T13:05:00Z,0,assigned_16b84eead4a9f8000f2c358a84e4e5de,eab965a9-9117-4d7e-aa07-d7ded0903ca5,ACTIVE,,razorpay,,"{""discount"": ""58.34%"", ""isNewPlan"": false, ""pricePaid"": 2999, ""trialDays"": 30, ""toyProgram"": ""-"", ""planSavings"": 4200, ""planVersion"": ""v2"", ""trialAmount"": 499, ""trialApplied"": false, ""memberShipFees"": 0, ""bonusDeliveries"": 14, ""deliveryCharges"": 100, ""damageWaiverFees"": 999, ""refundableDeposit"": 0, ""memberShipFeesPaid"": 0, ""effectiveCostPerMonth"": 250, ""membershipFeesApplied"": false, ""refundableDepositPaid"": 0, ""planPriceDiscountAdmin"": 0, ""securityDepositApplied"": false, ""totalKeepCountPerMonth"": 3, ""damageWaiverFeesApplied"": true, ""isUnlimitedFreeDelivery"": false, ""membershipDiscountAdmin"": 0, ""totalFreeDeliveryPerMonth"": 6, ""actualChargesForMemberShipFees"": 0, ""refundableDepositDiscountAdmin"": 0, ""actualChargesForSecurityDeposit"": 0, ""actualChargesForDamageWaiverFees"": 999}",ASSIGNED,2025-09-05T13:05:48.222Z,2026-09-06T00:00:00.103Z,,"{""note"": ""4000 paid 20 swaps"", ""amount"": 2999, ""gstApplied"": true, ""gstPercentage"": 18, ""membershipData"": {""amount"": 0, ""isMembershipFee"": true}, ""userTrialApplied"": false, ""isTrialPeriodExpired"": true, ""userDamageWaiverFeesApplied"": true}",,,,,,{},[],{},2026-10-15T18:35:00
4b41a219-8b78-49e2-aa31-315252a88028,UR185142,Ramya,,ramyahvinu@gmail.com,,,,"[""USER""]",true,true,false,"72/6, k.veerabhafrappa road, kammanahalli main road, Ramaswamy palya, Bangalore",opposite ECI church,Bengaluru Urban,Karnataka,1489dc4a-f50f-4631-8b18-1983fc747467,7760773841,,,,,STRIPE,IST,gL5FBeYiFCyvh3fZcYRxUf/A9Pa+LC++04v3aZXIyyBZJ1I/tqiAMHLbrqScgyWkLPxLR55180NZfWiV8F+NMFiD2rJ0DzEA4HSsuyzGpzD8Sca6dOs4ZvwJo1d7wNRUdWgJbdxOtjq80f34s9pLi4jVnDr1tWqFv3/MZ0hIpNDTdGtWd+FtdSkfSkQp9cdfHfo3A1tuJXWW0zcpiMfYnoCWg5fs2BPH+MSHH9IXrU8=,2025-10-12T15:03:57.684Z,2026-08-27T09:59:30.565Z,,,0101000000F360E696B1685340BD546CCCEB042A40,"{""intercomId"": ""68ebc363d6cf4fe6358bbe28"", ""isElefantUser"": true, ""leadSquaredData"": {""Id"": ""c8bfbdf9-9eae-4f9f-bfd2-fa4b75d311ea"", ""IsCreated"": true, ""RelatedId"": ""2b535fbf-06ae-4a54-91bb-79206a4fb8b7""}, ""holdingFullBannerClosedAt"": ""2026-07-19T04:12:47.551Z""}",D77F2921,,,0.0,{},,"{""profile"": ""COMPLETED"", ""childProfile"": ""COMPLETED"", ""onboardingScreen"": ""COMPLETED""}",[],mobile_app,"{""sublocality"": ""Banaswadi"", ""formattedAddress"": ""517, K Veerbhadrappa Rd, Kammanahalli Main Rd, Ramaswamipalya, Banaswadi, Bengaluru, Karnataka 560033, India""}",,{},"72/6, k.veerabhafrappa road, kammanahalli main road, Ramaswamy palya, Bangalore","517, K Veerbhadrappa Rd, Kammanahalli Main Rd, Ramaswamipalya, Banaswadi, Bengaluru, Karnataka 560033, India",77c9bb9f-1335-405d-87ea-fb041453a8e8,4b41a219-8b78-49e2-aa31-315252a88028,7760773841,2999.0,2025-10-12T16:49:01.825Z,2026-10-12T16:49:01Z,0,assigned_2ea8bb7daecb5f90597f28529b992bdc,eab965a9-9117-4d7e-aa07-d7ded0903ca5,ACTIVE,,upi,,"{""discount"": ""58.34%"", ""isNewPlan"": false, ""pricePaid"": 2999, ""trialDays"": 30, ""toyProgram"": ""-"", ""planSavings"": 4200, ""planVersion"": ""v2"", ""trialAmount"": 499, ""trialApplied"": false, ""memberShipFees"": 0, ""bonusDeliveries"": 14, ""deliveryCharges"": 100, ""damageWaiverFees"": 999, ""refundableDeposit"": 0, ""memberShipFeesPaid"": 0, ""effectiveCostPerMonth"": 250, ""membershipFeesApplied"": false, ""refundableDepositPaid"": 0, ""planPriceDiscountAdmin"": 0, ""securityDepositApplied"": false, ""totalKeepCountPerMonth"": 3, ""damageWaiverFeesApplied"": true, ""isUnlimitedFreeDelivery"": false, ""membershipDiscountAdmin"": 0, ""totalFreeDeliveryPerMonth"": 0, ""actualChargesForMemberShipFees"": 0, ""refundableDepositDiscountAdmin"": 0, ""actualChargesForSecurityDeposit"": 0, ""actualChargesForDamageWaiverFees"": 999}",ASSIGNED,2025-10-12T16:49:04.648Z,2025-10-12T16:49:04.648Z,,"{""amount"": 2999, ""gstApplied"": true, ""gstPercentage"": 18, ""membershipData"": {""amount"": 0, ""isMembershipFee"": true}, ""userTrialApplied"": false, ""isTrialPeriodExpired"": true, ""userDamageWaiverFeesApplied"": true}",,,,,,{},[],{},2026-10-12T22:19:01
8690bb7e-aade-4728-98ca-1f38d17d3fbf,UR352888,Ashwini,Rohan Patole,ashwinichaskar@hotmail.com,,,FEMALE,"[""USER""]",true,true,false,Ahad Euphoria Wing1-704 Sarjapur - Marathahalli Rd,Chikkakannalli,Bengaluru Urban,Karnataka,472a3203-1377-4857-be5c-e30fd77b7956,7776847398,,,,,STRIPE,IST,gL5FBeYiFCyvh3fZcYRxUf/A9Pa+LC++04v3aZXIyyBZJ1I/tqiAMHLbrqScgyWkbFErmvJf369jZfZGC5svX2uedXUbwEg6Z+ykWUS1A4ePyC2vvcXmrGp66eHTtOkuw7iUPB74f5vjJF/QwdIR4VNneFR3zBsaZnRbVhmEE2vrWgyYIlmn8NPD5ap2rTJi7TAeiJ4mgpu5LBsCU6za1kpX1Sr9+P9T0p035/zK+Mo=,2026-06-17T08:46:53.795Z,2026-08-30T10:58:38.298Z,,,010100000088DDE7734F6D534019C35E5088CA2940,"{""intercomId"": ""6a325f039e4ba328c52f69e7"", ""isElefantUser"": true, ""isQuestionAnswereOnBoardCompleted"": true}",F721F3CA,,,0.0,{},,"{""profile"": ""COMPLETED"", ""onboardingScreen"": ""COMPLETED""}","[""cDHDzyFpgkkXrl7HnhP_U6:APA91bEHmZPw5uo0bUdxQSrZ_jAc5IoX2YbTwNaGpL4U8c4pEufkelOI7rjSLUSoNuPTbVuh-4Mtt6f2WHShUNnj6dbCkUlmXfnws3_ibCb9lHqmgNyMsK8"" ""c3sFlCZJPkyvua_7GoRTKb:APA91bG_SGLjplVz3eC9-8mKjs51lUYvimiD7tmqghgclUcrErv6QByhih4MIcGTr7Et-9sDMEs-eKw7kviAEPz0ExiyOmGjvQbrdVxKWUz3PPoRhup7Aeg""]",,"{""sublocality"": ""Chikkakannalli"", ""formattedAddress"": ""Ahad Euphoria, Sarjapur - Marathahalli Rd, Carmelaram, Hadosiddapura, Chikkakannalli, Kodathi JHC, Karnataka 560035, India""}",2026-07-03T06:44:53.776Z,"{""Q1"": ""2_5"", ""Q2"": ""3plus_hrs"", ""Q3"": ""10_20"", ""Q4"": ""energetic"", ""Q6"": ""Veer""}",Carmelaram Hadosiddapura Chikkakannalli,"Ahad Euphoria, Sarjapur - Marathahalli Rd, Carmelaram, Hadosiddapura, Chikkakannalli, Kodathi JHC, Karnataka 560035, India",ed095020-6fd4-4532-8754-582b32dd3fc3,8690bb7e-aade-4728-98ca-1f38d17d3fbf,,5997.0,2026-07-13T11:32:59Z,2026-10-13T11:32:59Z,0,order_TAvgvojcCD5QQf,03e58770-76d5-4434-9934-ea1d64e4096f,ACTIVE,,upi,,"{""discount"": ""25%"", ""isNewPlan"": false, ""trialDays"": 30, ""toyProgram"": ""-"", ""planSavings"": 3597, ""planVersion"": ""v2"", ""trialAmount"": 99, ""trialApplied"": false, ""memberShipFees"": 0, ""bonusDeliveries"": 0, ""deliveryCharges"": 100, ""sameDayDelivery"": true, ""damageWaiverFees"": 999, ""maxBigToyAllowed"": 1, ""refundableDeposit"": 0, ""moneyBackGuarantee"": 30, ""effectiveCostPerMonth"": 1999, ""membershipFeesApplied"": false, ""securityDepositApplied"": false, ""totalKeepCountPerMonth"": 3, ""damageWaiverFeesApplied"": true, ""isUnlimitedFreeDelivery"": false, ""maxToyHoldingValueAllowed"": 35000, ""totalFreeDeliveryPerMonth"": 12, ""actualChargesForMemberShipFees"": 0, ""actualChargesForSecurityDeposit"": 0, ""actualChargesForDamageWaiverFees"": 999}",ONE_TIME,2026-07-08T07:41:21.541Z,2026-07-13T11:32:59.629Z,eea9fa0e-0ba1-4a66-bd4e-3c9ab018620e,"{""deviceType"": ""MOBILE"", ""gstApplied"": true, ""promoCodeId"": ""payment_provider_461c1537ddd8d4fb2123c7b1c0e6835f"", ""paymentNotes"": {""userId"": ""8690bb7e-aade-4728-98ca-1f38d17d3fbf"", ""subscriptionType"": ""ONE_TIME"", ""subscriptionPlanId"": ""03e58770-76d5-4434-9934-ea1d64e4096f""}, ""gstPercentage"": 18, ""membershipData"": {""amount"": 0, ""isMembershipFee"": true}, ""isRecurringInit"": false, ""paymentProvider"": ""RAZOR_PAY"", ""userTrialApplied"": false, ""securityDepositData"": {""securityDepositApplied"": false}, ""isTrialPeriodExpired"": true, ""merchantTransactionId"": ""order_TAvgvojcCD5QQf"", ""userDamageWaiverFeesApplied"": true}",,,,,,{},[],"{""couponId"": ""eea9fa0e-0ba1-4a66-bd4e-3c9ab018620e"", ""couponAppliedStatus"": ""PENDING"", ""isCouponAppliedOnSubscriptionRenew"": false}",2026-10-13T17:02:59
a3e8a828-6a51-4185-b5da-55d63855b4b3,UR132889,nirja,shah,nirjashah@gmail.com,,,,"[""USER""]",true,true,false,2G5C+6JX 6 Vastrapur Station Rd Atesh society Meldinagar Vejalpur,Vejalpur,Ahmedabad,Gujarat,983f60eb-5e96-426c-8cf6-101f0fe523c9,7990456299,,,,,STRIPE,IST,gL5FBeYiFCyvh3fZcYRxUf/A9Pa+LC++04v3aZXIyyBZJ1I/tqiAMHLbrqScgyWkTwpYBUpJ0trTqUNs31QdjxVoTI+ln3AE3MXyeyzvX49S0qkY/w4U+8jvGD+jPus84oZF9HXNIgkN07wdJyVz2iXHbkK2BndIOCiL+dX5ZQ/KiXuy1xTf76aEu4caGkUG1Oh5lALeEQY6obUUqxI33XB9aOnyWTf5obrrWlK8hEo=,2025-07-03T10:38:10.57Z,2026-08-13T13:00:16.314Z,,,0101000000F77475C7622152401360FD440A023740,"{""intercomId"": ""68665d98b037a945a42acf07"", ""isElefantUser"": true, ""leadSquaredData"": {""Id"": ""7e643052-ea91-4c3c-83dc-fd02db320e50"", ""IsCreated"": true, ""RelatedId"": ""03cd043c-dca1-49ef-abf4-572fb53984b7""}, ""hasToyHoldingMismatch"": false, ""isQuestionAnswereOnBoardCompleted"": true}",00963BCA,,,0.0,{},,"{""profile"": ""COMPLETED"", ""childProfile"": ""COMPLETED"", ""onboardingScreen"": ""COMPLETED""}","[""dacYus36yUgEm-mgMQWy8x:APA91bHyacEvxTa9ann8lVL88FfRbhEVAoZmsAcSZK89yDp5Hi-cSKs0YHyOgnjGDmxCm5Qj-EKBcdb7bSAX5xSZ9u2s9CxGQCPj-to7_SWlMYvtOqVwXY4""]",mobile_app,"{""sublocality"": ""Vejalpur"", ""formattedAddress"": ""2G5C+6JX, 6, Vastrapur Station Rd, Atesh society, Meldinagar, Vejalpur, Ahmedabad, Gujarat 380051, India""}",,"{""Q1"": ""0_2"", ""Q2"": ""less_1hr"", ""Q3"": ""0_5"", ""Q4"": ""energetic"", ""Q6"": ""Hetu""}",6,"2G5C+6JX, 6, Vastrapur Station Rd, Atesh society, Meldinagar, Vejalpur, Ahmedabad, Gujarat 380051, India",1adc23e8-f428-47cb-9735-0dff027fea0a,a3e8a828-6a51-4185-b5da-55d63855b4b3,,5997.0,2026-06-01T11:07:26Z,2026-10-14T18:29:59.999Z,0,order_SwLNbrLDMvEB5Y,03e58770-76d5-4434-9934-ea1d64e4096f,ACTIVE,,card,,"{""discount"": ""25%"", ""isNewPlan"": false, ""trialDays"": 30, ""toyProgram"": ""-"", ""planSavings"": 3597, ""planVersion"": ""v2"", ""trialAmount"": 99, ""trialApplied"": false, ""memberShipFees"": 0, ""bonusDeliveries"": 0, ""deliveryCharges"": 100, ""sameDayDelivery"": true, ""damageWaiverFees"": 999, ""maxBigToyAllowed"": 1, ""refundableDeposit"": 0, ""moneyBackGuarantee"": 30, ""effectiveCostPerMonth"": 1999, ""membershipFeesApplied"": false, ""planPriceDiscountAdmin"": -449001, ""securityDepositApplied"": false, ""totalKeepCountPerMonth"": 3, ""damageWaiverFeesApplied"": true, ""isUnlimitedFreeDelivery"": false, ""maxToyHoldingValueAllowed"": 35000, ""totalFreeDeliveryPerMonth"": 18, ""actualChargesForMemberShipFees"": 0, ""actualChargesForSecurityDeposit"": 0, ""actualChargesForDamageWaiverFees"": 999}",ONE_TIME,2026-06-01T11:07:26.172Z,2026-09-09T07:36:22.693Z,,"{""amount"": 450000, ""deviceType"": ""MOBILE"", ""gstApplied"": true, ""paymentNotes"": {""userId"": ""a3e8a828-6a51-4185-b5da-55d63855b4b3"", ""paymentLinkId"": ""b60d18c2-b3ae-4604-b25b-28504e76f07b"", ""subscriptionPlanId"": ""03e58770-76d5-4434-9934-ea1d64e4096f""}, ""gstPercentage"": 18, ""paymentLinkId"": ""b60d18c2-b3ae-4604-b25b-28504e76f07b"", ""membershipData"": {""amount"": 0, ""isMembershipFee"": false}, ""isRecurringInit"": false, ""paymentProvider"": ""RAZOR_PAY"", ""userTrialApplied"": false, ""securityDepositData"": {""amount"": 0, ""securityDepositApplied"": false}, ""isTrialPeriodExpired"": true, ""merchantTransactionId"": ""order_SwLNbrLDMvEB5Y"", ""userDamageWaiverFeesApplied"": true}",,,,,,{},[],{},2026-10-14T23:59:59.999
feaa092c-a69a-4ed6-874c-4ce736c6916f,UR185050,likhita,reddy,likhitareddy7475@gmail.com,,,,"[""USER""]",true,true,false,"no 244, 5th cross, rmv 2nd stage",milano ice cream,Bengaluru,Karnataka,a74beb9e-e020-4083-b982-050ad3af826f,8050019916,,,,,STRIPE,IST,gL5FBeYiFCyvh3fZcYRxUf/A9Pa+LC++04v3aZXIyyBZJ1I/tqiAMHLbrqScgyWkkJT+Ghi4LUQAFl8m86DEGUHbZcC2YGIanZOX6lnkDYKY67tuRqaS1PEvGQJ+WLd7MpLPDBod027AR9hXhfXaKVaJbim79Wy9/NzhqbEPRkNDyE7aYIUrT1s39Va1imlPlm7Sdv07zfQaQnjAmeAbar45bDhTS6sRznZtmLKBfGs=,2025-10-12T10:54:11.074Z,2026-10-06T23:15:47.283Z,,,0101000020E61000003D38B18DD26453406B82049CC70E2A40,"{""intercomId"": ""68eb88d81611bce1959cc86a"", ""leadSquaredData"": {""Id"": ""eb2d6161-1d87-4dae-8945-33f7ec5687df"", ""IsCreated"": true, ""RelatedId"": ""7c0deac7-ab53-43fc-a47e-5f179a231441""}}",609142EE,,,0.0,{},,"{""profile"": ""COMPLETED"", ""childProfile"": ""COMPLETED"", ""onboardingScreen"": ""COMPLETED""}","[""eyXX9y3tCUW5g3KmnWJP7H:APA91bFielLpNwyZidHJq-RlOmnzd8pa1fBSg7N2OH6PMTepPb8Qyb06jCjCKtQ26hLENdCDyItcEqXKmosMD8_VQ1HOQ7vvxX9V5vavTljFgmu1R4bSB64""]",mobile_app,"{""sublocality"": ""Armane Nagar"", ""formattedAddress"": ""244, 5th Cross Rd, RMV 2nd Stage, RMV Extension, Ashwath Nagar, Armane Nagar, Bengaluru, Karnataka 560094, India""}",,{},2nd block,"244, 5th Cross Rd, RMV 2nd Stage, RMV Extension, Ashwath Nagar, Armane Nagar, Bengaluru, Karnataka 560094, India",a26dfe72-b248-412b-8812-98244ff4bbd6,feaa092c-a69a-4ed6-874c-4ce736c6916f,8050019916,2999.0,2025-10-12T11:06:29.06Z,2026-10-12T11:06:29Z,0,assigned_09091bcc701585a41256f7494d5c0a85,eab965a9-9117-4d7e-aa07-d7ded0903ca5,CANCELLED,,razorpay,,"{""discount"": ""58.34%"", ""isNewPlan"": false, ""pricePaid"": 2999, ""trialDays"": 30, ""toyProgram"": ""-"", ""planSavings"": 4200, ""planVersion"": ""v2"", ""trialAmount"": 499, ""trialApplied"": false, ""memberShipFees"": 0, ""bonusDeliveries"": 14, ""deliveryCharges"": 100, ""damageWaiverFees"": 999, ""refundableDeposit"": 0, ""memberShipFeesPaid"": 0, ""effectiveCostPerMonth"": 250, ""membershipFeesApplied"": false, ""refundableDepositPaid"": 0, ""planPriceDiscountAdmin"": 0, ""securityDepositApplied"": false, ""totalKeepCountPerMonth"": 3, ""damageWaiverFeesApplied"": true, ""isUnlimitedFreeDelivery"": false, ""membershipDiscountAdmin"": 0, ""totalFreeDeliveryPerMonth"": 1, ""actualChargesForMemberShipFees"": 0, ""refundableDepositDiscountAdmin"": 0, ""actualChargesForSecurityDeposit"": 0, ""actualChargesForDamageWaiverFees"": 999}",ASSIGNED,2025-10-12T11:06:34.921Z,2026-01-28T06:14:56.93Z,,"{""note"": ""Paid 3999"", ""amount"": 2999, ""gstApplied"": true, ""gstPercentage"": 18, ""membershipData"": {""amount"": 0, ""isMembershipFee"": true}, ""userTrialApplied"": false, ""isTrialPeriodExpired"": true, ""userDamageWaiverFeesApplied"": true}",,,feaa092c-a69a-4ed6-874c-4ce736c6916f,2026-01-28T06:14:56Z,INSTANT,{},[],{},2026-10-12T16:36:29
f684ae7f-0910-41d3-8248-7b64f42b9806,UR185047,Divya,Jain,divyajainjadhav@gmail.com,,,,"[""USER""]",true,true,false,Flat no 502 Vama Paradise Plot 3A sector 13 Khanda colony New Panvel west navi mumbai,opp CKT law collage,Raigad,Maharashtra,42962188-7bfa-4598-8c31-186d39a98871,8082644509,,,,,STRIPE,IST,gL5FBeYiFCyvh3fZcYRxUf/A9Pa+LC++04v3aZXIyyBZJ1I/tqiAMHLbrqScgyWkxoQeBGAmG2MQdCyT+sx53i4rRtSWWETF+kHukbLUdXFYi4D9SPv+2b8eOCF8+zjuWiB8w1x5cRzORNRxeMiAw4hvpX7w2YyxZOkksJfNxW3RXxMdi86wGb+nKqggKmsMPURLjvRS5U8R0OUE1ROHHWTHq8DxFblyGCbT27whex4=,2025-10-12T10:46:11.168Z,2026-01-29T10:05:27.478Z,,,0101000000C6EE4CB21F47524094F2FF4F6A003340,"{""intercomId"": ""68eb86f885b2446e1ae9922b"", ""leadSquaredData"": {""Id"": ""7e83d8b6-b6b7-4512-bb99-b955313a3e1b"", ""IsCreated"": true, ""RelatedId"": ""e69d38da-7206-4f14-90db-f32e6666e5a7""}}",D549062C,,,0.0,{},,"{""profile"": ""COMPLETED"", ""childProfile"": ""COMPLETED"", ""onboardingScreen"": ""COMPLETED""}","[""dab0lhozoErZkxY-UPEYd9:APA91bG-C7FmFsBCbPuNK-Hx5tNyoixYop3r4uYaqr5PTCzOzztmQVEKpsOhZhoNnn2eNMrl2biZagTPagLfiM0jHRZMTG-fHs2d7-H1y_H9-glrhnlu79Q""]",mobile_app,"{""sublocality"": ""Panvel"", ""formattedAddress"": ""Vama Paradise 1, Vama Paradise 1, Sector - 13, Khanda Colony, Panvel, Navi Mumbai, Maharashtra 410206, India""}",,{},,,1203261e-4438-4729-b029-8cf3e801adc8,f684ae7f-0910-41d3-8248-7b64f42b9806,8082644509,9999.0,2025-10-12T10:55:46.695Z,2026-10-12T10:55:46Z,0,assigned_fbf2dc9cf1643798bdd60b42104dd09f,1d0e4dd6-644c-4e58-9553-294c46814ae8,ACTIVE,,razorpay,,"{""discount"": ""25%"", ""isNewPlan"": false, ""pricePaid"": 7500, ""trialDays"": 30, ""toyProgram"": ""-"", ""planSavings"": 3597, ""planVersion"": ""v2"", ""trialAmount"": 99, ""trialApplied"": false, ""memberShipFees"": 0, ""bonusDeliveries"": 0, ""deliveryCharges"": 100, ""damageWaiverFees"": 999, ""refundableDeposit"": 0, ""memberShipFeesPaid"": 0, ""effectiveCostPerMonth"": 833, ""membershipFeesApplied"": false, ""refundableDepositPaid"": 0, ""planPriceDiscountAdmin"": 2499, ""securityDepositApplied"": false, ""totalKeepCountPerMonth"": 3, ""damageWaiverFeesApplied"": true, ""isUnlimitedFreeDelivery"": true, ""membershipDiscountAdmin"": 0, ""totalFreeDeliveryPerMonth"": 3, ""actualChargesForMemberShipFees"": 0, ""refundableDepositDiscountAdmin"": 0, ""actualChargesForSecurityDeposit"": 0, ""actualChargesForDamageWaiverFees"": 999}",ASSIGNED,2025-10-12T10:55:51.848Z,2025-10-12T10:55:51.848Z,,"{""amount"": 7500, ""gstApplied"": true, ""gstPercentage"": 18, ""membershipData"": {""amount"": 0, ""isMembershipFee"": true}, ""userTrialApplied"": false, ""isTrialPeriodExpired"": true, ""userDamageWaiverFeesApplied"": true}",,,,,,{},[],{},2026-10-12T16:25:46
852c9628-bc46-4642-a6e7-bf7231bef77d,UR185110,,,,,,,"[""USER""]",true,true,false,"5183, Prestige Gulmohar, Kalkere Main Road, Horamavu",Near bbmp office,Bengaluru Urban,Karnataka,97b3e14b-059a-47a4-84e0-2b7a4e7cdd5f,8105213553,,,,,STRIPE,IST,gL5FBeYiFCyvh3fZcYRxUf/A9Pa+LC++04v3aZXIyyBZJ1I/tqiAMHLbrqScgyWk46pQx07nJoLajPamjjOxukZX86MhSXqWemzkuopgulbKQXPGQuEiLiFYmx/qSTuktOFgxxj46GZ3gyWRXhIEIFXCkOE0pQb3KLKgRUQamBxOy++SG+XgmQD1XzvVEAn/5PJ5LeRC6mW5cU8cRTwaBFr12eLHNBH30wfvED4hTxw=,2025-10-12T13:23:07.452Z,2025-11-05T10:43:07.769Z,,,0101000020E6100000863364E1906A5340CBAE6AFFB90E2A40,"{""intercomId"": ""68ebabc18c1c05c096ad993b"", ""leadSquaredData"": {""Id"": ""a81d9a31-4b84-4881-8830-59f75fa0902a"", ""IsCreated"": true, ""RelatedId"": ""ca09b583-4e15-4f54-8262-5001ceb7b7d2""}}",A17178B6,,,0.0,{},,"{""profile"": ""COMPLETED"", ""childProfile"": ""COMPLETED"", ""onboardingScreen"": ""COMPLETED""}","[""d3k3zYTtHkCEqYXund1-Rr:APA91bH4DAOSk0njyemB_i228RZw7W5Nlz1ksrG6XO7jly9aTspDriZwmDB0KNev2PTyWNly8M0K0KN7QoplmikC03AI0jb8AkZ2W0jf8z0Dm61COpJaGvM""]",mobile_app,"{""sublocality"": ""Horamavu"", ""formattedAddress"": ""5124, Jayanti Nagar - Thambuchettypalya Main Rd, Jayanti Nagar, Horamavu, Bengaluru, Karnataka 560113, India""}",,{},,,2ba5724a-dce2-4224-b643-fabc31fa3fcd,852c9628-bc46-4642-a6e7-bf7231bef77d,8105213553,2999.0,2025-10-12T13:43:41.858Z,2026-10-12T13:43:41Z,0,assigned_49855eb76218b14b011762cddf3502da,eab965a9-9117-4d7e-aa07-d7ded0903ca5,ACTIVE,,upi,,"{""discount"": ""58.34%"", ""isNewPlan"": false, ""pricePaid"": 2999, ""trialDays"": 30, ""toyProgram"": ""-"", ""planSavings"": 4200, ""planVersion"": ""v2"", ""trialAmount"": 499, ""trialApplied"": false, ""memberShipFees"": 0, ""bonusDeliveries"": 14, ""deliveryCharges"": 100, ""damageWaiverFees"": 999, ""refundableDeposit"": 0, ""memberShipFeesPaid"": 0, ""effectiveCostPerMonth"": 250, ""membershipFeesApplied"": false, ""refundableDepositPaid"": 0, ""planPriceDiscountAdmin"": 0, ""securityDepositApplied"": false, ""totalKeepCountPerMonth"": 3, ""damageWaiverFeesApplied"": true, ""isUnlimitedFreeDelivery"": false, ""membershipDiscountAdmin"": 0, ""totalFreeDeliveryPerMonth"": 0, ""actualChargesForMemberShipFees"": 0, ""refundableDepositDiscountAdmin"": 0, ""actualChargesForSecurityDeposit"": 0, ""actualChargesForDamageWaiverFees"": 999}",ASSIGNED,2025-10-12T13:43:53.339Z,2025-10-12T13:43:53.339Z,,"{""note"": ""Paid 3999"", ""amount"": 2999, ""gstApplied"": true, ""gstPercentage"": 18, ""membershipData"": {""amount"": 0, ""isMembershipFee"": true}, ""userTrialApplied"": false, ""isTrialPeriodExpired"": true, ""userDamageWaiverFeesApplied"": true}",,,,,,{},[],{},2026-10-12T19:13:41
5c200914-5070-401a-8934-f6900380f974,UR21920,Tapash,Nath,tapash.nath@gmail.com,,,MALE,"[""USER""]",true,true,false,"M 1002, Purva Highland Apartment",Near kumaran school,Bengaluru Urban,Karnataka,fd57e6c8-f3f4-492e-b8d0-c0dcc78a40af,8105316708,,,,,STRIPE,IST,gL5FBeYiFCyvh3fZcYRxUf/A9Pa+LC++04v3aZXIyyBZJ1I/tqiAMHLbrqScgyWkSwsjrDC8wx7tjX6xFTcHHJ3HgCG2TgY2CBcTHoHA250AwTr9Xq3Dm++hHg9LRYRKUWjhcEqylpRcLCYNv5Ptp/zR/5/uYKj1PsIMAQWNtVwsOU8tRCmgur76tpw90J5n65TuWwPeoamTydfmgLOd17+Rgr62lR4k1WnvrElIdJ8=,2024-08-25T07:39:04.397Z,2026-09-27T04:11:27.82Z,,,0101000020E6100000BFD364C6DB6253409F758D9603B52940,"{""intercomId"": ""676aa87405fa615d86aa85c2"", ""isElefantUser"": true, ""leadSquaredData"": {""Id"": """", ""IsCreated"": true, ""RelatedId"": ""8dcf96ee-3a3b-4ff6-afe0-218986a6f5a8""}, ""hasToyHoldingMismatch"": false}",4B6E477E,,,0.0,"{""toy"": {""ageGroupIds"": [""e1f855a6-aab7-453b-b31c-3b6e7b780df8""], ""facilitateIds"": []}}",,"{""profile"": ""COMPLETED"", ""childProfile"": ""COMPLETED"", ""onboardingScreen"": ""COMPLETED""}","[""c2UVDtK7G0aYielLw4fY0w:APA91bEzV0tkHwf1Ge5L4fNqGRRC5_fKrihQvhmxiqbQHGdZNfrd5pL1uIWVYkoEWjPy-doMPzIMaL8t4HESRiTjhBQeRPIwRlUvPyfyrG-IeFWsZl3VpGuUd3Q-myGbmaZiw1bPdsD6"" ""eJfxZlW_WU1PrN_PChSHVw:APA91bGO7D3Zby5aYGARmVa-EMsd-gTYPezIIao49uZdyAWR85xEs_yZ_qieKB2ApsSV78anCkjUwHLdRzyFt3ThEVM_8p22N_KrW4VCBg3E4pmZdBwJG3o""]",,{},2025-09-12T04:36:13.374Z,{},"holiday billage road , vajrahalli,","off, Kanakapura Main Road, Mallasandra, Karnataka, India",b9ad6762-2558-42e7-a71f-fcfd4844189e,5c200914-5070-401a-8934-f6900380f974,NA,9999.0,2025-09-12T06:04:16.791Z,2026-10-12T18:29:59.999Z,0,assigned_1d145e127bd5483848fbad6f217e8ecc,1d0e4dd6-644c-4e58-9553-294c46814ae8,ACTIVE,,razorpay,,"{""discount"": ""25%"", ""isNewPlan"": false, ""pricePaid"": 8000, ""trialDays"": 30, ""toyProgram"": ""-"", ""planSavings"": 3597, ""planVersion"": ""v2"", ""trialAmount"": 99, ""trialApplied"": false, ""memberShipFees"": 0, ""bonusDeliveries"": 0, ""deliveryCharges"": 100, ""damageWaiverFees"": 999, ""refundableDeposit"": 0, ""memberShipFeesPaid"": 0, ""effectiveCostPerMonth"": 833, ""membershipFeesApplied"": false, ""refundableDepositPaid"": 0, ""planPriceDiscountAdmin"": 1999, ""securityDepositApplied"": false, ""totalKeepCountPerMonth"": 3, ""damageWaiverFeesApplied"": true, ""isUnlimitedFreeDelivery"": true, ""membershipDiscountAdmin"": 0, ""totalFreeDeliveryPerMonth"": 3, ""actualChargesForMemberShipFees"": 0, ""refundableDepositDiscountAdmin"": 0, ""actualChargesForSecurityDeposit"": 0, ""actualChargesForDamageWaiverFees"": 999}",ASSIGNED,2025-09-12T06:04:20.796Z,2025-09-12T06:04:28.093Z,,"{""amount"": 8000, ""gstApplied"": true, ""gstPercentage"": 18, ""membershipData"": {""amount"": 0, ""isMembershipFee"": true}, ""userTrialApplied"": false, ""isTrialPeriodExpired"": true, ""userDamageWaiverFeesApplied"": true}",,,,,,{},[],{},2026-10-12T23:59:59.999
e82db98f-4b9c-49d6-a844-a6db099aec05,UR75013,,,,,,,"[""USER""]",true,true,false,A-304 National Paradise,Takka Colony,Raigad,Maharashtra,42962188-7bfa-4598-8c31-186d39a98871,8169009068,,,,,STRIPE,IST,gL5FBeYiFCyvh3fZcYRxUf/A9Pa+LC++04v3aZXIyyBZJ1I/tqiAMHLbrqScgyWkYW6YKLJLysLY2dKxWXX05HLLUfgvr423MpFcNEoukQjQiDLGdyFPQUkFa0+xsgC9g4qgW+04NDTQcyfE3YMdiloI76wz0/zk8AwBWpxyQNeMnXnn2cWLiQk0xjJZNxno5iDJecdoZG0UjJTbURl8kkGgMZ5MaJtG3qAK5JvqByw=,2025-03-18T16:47:13.049Z,2026-03-14T19:02:43.663Z,,,01010000005AE729BC95475240383A9D1A1EFB3240,"{""intercomId"": ""67d9a396a3079a7ffa008604"", ""isElefantUser"": true, ""leadSquaredData"": {""Id"": ""f32b395b-c04b-47bf-863d-36f9c10b5ac0"", ""IsCreated"": true, ""RelatedId"": ""e0560df5-3dfb-47de-b2c7-36d4f300bf25""}}",4ABA320F,,,0.0,{},,"{""profile"": ""COMPLETED"", ""childProfile"": ""COMPLETED"", ""onboardingScreen"": ""COMPLETED""}",[],mobile_app,"{""sublocality"": ""Panvel"", ""formattedAddress"": ""National Plaza, Takka Colony, Panvel, Navi Mumbai, Maharashtra 410206, India""}",,{},,,2ce544e7-d612-45b6-bd31-626eb37861a2,e82db98f-4b9c-49d6-a844-a6db099aec05,NA,2999.0,2025-10-11T12:18:09.203Z,2026-10-11T12:18:09Z,0,assigned_397ef62dedd9a55f26b869bfd0042d94,eab965a9-9117-4d7e-aa07-d7ded0903ca5,ACTIVE,,upi,,"{""discount"": ""58.34%"", ""isNewPlan"": false, ""pricePaid"": 2999, ""trialDays"": 30, ""toyProgram"": ""-"", ""planSavings"": 4200, ""planVersion"": ""v2"", ""trialAmount"": 499, ""trialApplied"": false, ""memberShipFees"": 0, ""bonusDeliveries"": 14, ""deliveryCharges"": 100, ""damageWaiverFees"": 999, ""refundableDeposit"": 0, ""memberShipFeesPaid"": 0, ""effectiveCostPerMonth"": 250, ""membershipFeesApplied"": false, ""refundableDepositPaid"": 0, ""planPriceDiscountAdmin"": 0, ""securityDepositApplied"": false, ""totalKeepCountPerMonth"": 3, ""damageWaiverFeesApplied"": true, ""isUnlimitedFreeDelivery"": false, ""membershipDiscountAdmin"": 0, ""totalFreeDeliveryPerMonth"": 0, ""actualChargesForMemberShipFees"": 0, ""refundableDepositDiscountAdmin"": 0, ""actualChargesForSecurityDeposit"": 0, ""actualChargesForDamageWaiverFees"": 999}",ASSIGNED,2025-10-11T12:18:23.619Z,2025-10-11T12:18:23.619Z,,"{""note"": ""3500 paid qr"", ""amount"": 2999, ""gstApplied"": true, ""gstPercentage"": 18, ""membershipData"": {""amount"": 0, ""isMembershipFee"": true}, ""userTrialApplied"": false, ""isTrialPeriodExpired"": true, ""userDamageWaiverFeesApplied"": true}",,,,,,{},[],{},2026-10-11T17:48:09
10dfc945-23ed-4186-a859-a1030c988401,UR195059,Richa,mehul patel,richapatel3828@gmail.com,,users/10dfc945-23ed-4186-a859-a1030c988401/profile-image-1783572646974.jpg,FEMALE,"[""USER""]",true,true,false,"B 306 Gangasagar App Kubearnagar, Varachha",Varachha,Surat,Gujarat,dea0223e-d70c-411b-a52b-ad5887399d8e,8238620887,,,,,STRIPE,IST,gL5FBeYiFCyvh3fZcYRxUf/A9Pa+LC++04v3aZXIyyBZJ1I/tqiAMHLbrqScgyWkud2X4SZhvqf9F8Tq2LV6mbABTKASr8/kNr+NFhQuVQmHahUaDc4VDOZg7sK4zPlEn8vx97dUZO2YvZCdlfuU9zmR7bUruCpLJsyhJb3BcMP8h2Ix7/Vp5WJ+HGgR1CiCAvSLzC9I/QTqPSLGIj0bfhyT5n3hyfEP0YFCg8lL+BQ=,2025-11-11T09:22:34.872Z,2026-08-09T12:33:26.436Z,,,0101000020E610000018528F7EC5365240DD7BB8E4B8333540,"{""intercomId"": ""6913006167256b51172bb315"", ""isElefantUser"": true, ""leadSquaredData"": {""Id"": ""5745aa28-178d-4802-9086-568967f1fe34"", ""IsCreated"": true, ""RelatedId"": ""4efeac17-b96d-4255-a8d8-bad9f72fe7f0""}}",098CBE9B,,,0.0,"{""toy"": {""ageGroupIds"": [""654f486a-c1ba-4416-90ad-77086657f936""], ""facilitateIds"": [""71c80e25-7977-431b-b4c2-2690f4f2cb3b"", ""c1973eeb-659b-4437-937e-ee13da726409"", ""113918f6-5817-4d32-b08a-817d37632afe"", ""374dd494-43c5-42c4-a402-4e95d852c4f3"", ""1887eda2-b087-4b40-be12-81cef8de3fd4"", ""09a5daf1-597a-42f9-b1fb-67820662a5fd"", ""3001c6eb-2e0c-46f4-96de-dcd428357b8c"", ""8232ab6d-aaf3-447a-b6df-e3f7add2c1a0"", ""e59ac003-e56c-4fd4-b4a7-6d900b054c7f"", ""72d52938-cbf8-48d6-911e-95f7d9c00a22""]}}",,"{""profile"": ""COMPLETED"", ""childProfile"": ""COMPLETED"", ""onboardingScreen"": ""COMPLETED""}",[],mobile_app,"{""sublocality"": ""Varachha"", ""formattedAddress"": ""Shakti Dham Apartment, 124/121, Ishwarkrupa Rd, Society 2, Laxmi Kripa Society, Varachha, Surat, Gujarat 395010, India""}",,"{""Q1"": ""0_2"", ""Q3"": ""too_many"", ""Q6"": ""Moksharth""}","LH Road , Surat 395010",nearby wonderful School,e53f0360-2d4b-47c4-8047-498a43b19d4b,10dfc945-23ed-4186-a859-a1030c988401,8238620887,4497.0,2026-07-15T10:59:25Z,2026-10-15T10:59:25Z,0,assigned_8786409f4b8d378628d2f846b0ea026c,864b3e20-b4b5-4be5-8b5c-bcd69573b6dd,CANCELLED,,razorpay,,"{""discount"": ""25%"", ""isNewPlan"": false, ""pricePaid"": 2800, ""trialDays"": 30, ""toyProgram"": ""-"", ""planSavings"": 3597, ""planVersion"": ""v2"", ""trialAmount"": 99, ""trialApplied"": false, ""memberShipFees"": 0, ""bonusDeliveries"": 0, ""deliveryCharges"": 100, ""sameDayDelivery"": false, ""damageWaiverFees"": 299, ""maxBigToyAllowed"": 0, ""refundableDeposit"": 0, ""memberShipFeesPaid"": 0, ""moneyBackGuarantee"": 30, ""effectiveCostPerMonth"": 1499, ""membershipFeesApplied"": false, ""refundableDepositPaid"": 0, ""planPriceDiscountAdmin"": 1697, ""securityDepositApplied"": false, ""totalKeepCountPerMonth"": 3, ""damageWaiverFeesApplied"": true, ""isUnlimitedFreeDelivery"": false, ""membershipDiscountAdmin"": 0, ""maxToyHoldingValueAllowed"": 20000, ""totalFreeDeliveryPerMonth"": 9, ""actualChargesForMemberShipFees"": 0, ""refundableDepositDiscountAdmin"": 0, ""actualChargesForSecurityDeposit"": 0, ""actualChargesForDamageWaiverFees"": 299}",ASSIGNED,2026-07-09T05:21:16.175Z,2026-08-06T12:21:41.329Z,,"{""note"": ""Quarter max 2800"", ""amount"": 2800, ""gstApplied"": true, ""gstPercentage"": 18, ""membershipData"": {""amount"": 0, ""isMembershipFee"": true}, ""userTrialApplied"": false, ""isTrialPeriodExpired"": true, ""pendingUpgradeBreakdowns"": {""order_TLw9XymH4bMwyI"": {""basePrice"": 5997, ""gstAmount"": 941, ""couponCode"": ""DISCOUNT40"", ""finalPrice"": 1800, ""couponPercent"": 40, ""proRataCredit"": 4368, ""couponDiscount"": 1769, ""membershipFees"": 0, ""securityDeposit"": 0, ""damageWaiverFees"": 999}, ""order_TMTmIiqbDFAmxq"": {""basePrice"": 5997, ""gstAmount"": 932, ""couponCode"": ""DISCOUNT40"", ""finalPrice"": 1800, ""couponPercent"": 40, ""proRataCredit"": 4306, ""couponDiscount"": 1821, ""membershipFees"": 0, ""securityDeposit"": 0, ""damageWaiverFees"": 999}, ""order_TMTsN1x9iRG1Yv"": {""basePrice"": 5997, ""gstAmount"": 932, ""couponCode"": ""DISCOUNT40"", ""finalPrice"": 1800, ""couponPercent"": 40, ""proRataCredit"": 4306, ""couponDiscount"": 1821, ""membershipFees"": 0, ""securityDeposit"": 0, ""damageWaiverFees"": 999}}, ""userDamageWaiverFeesApplied"": true}",,,10dfc945-23ed-4186-a859-a1030c988401,2026-08-06T12:21:41Z,INSTANT,{},[],{},2026-10-15T16:29:25
d5dbae1b-1c4e-4372-8ecc-9f2a6cefc251,UR243243,purvi,shailesh motisariya,itslimda4u@gmail.com,,,,"[""USER""]",true,true,false,A-803 Shikshapatri Hights,Amroli,Surat,Gujarat,70165e94-6eac-49d3-9392-102f6eb5bade,8320184029,,,,,STRIPE,IST,gL5FBeYiFCyvh3fZcYRxUf/A9Pa+LC++04v3aZXIyyBZJ1I/tqiAMHLbrqScgyWkS8iNC9tgeqcJXONmGl+per3QBIQI7dcxMUFrTSzEfYDXs/4ExlDDyCjR729r05z7LGSLHvk4Fm41n19LgkO0QqmQc31CZYGgSmsmEZWn5IWzV6tDjZkux4qMVcJOubAir7K3UWfb4+L2AtOuh9JHGvELGFATGIPuyxNuLWhRRME=,2026-04-28T16:06:56.456Z,2026-07-10T07:46:14.66Z,,,0101000020E6100000F7AE415F7A3652401A80B2CE9D3D3540,"{""intercomId"": ""69f0db268422180606bc8c6e"", ""isElefantUser"": true, ""hasToyHoldingMismatch"": false, ""isQuestionAnswereOnBoardCompleted"": true}",F6FB63F2,,,0.0,{},,"{""profile"": ""COMPLETED"", ""onboardingScreen"": ""COMPLETED""}","[""etYfaByqkETbpdKaEe4Dve:APA91bES5nDHSn03E3fgHg8lR9wJciXCdHqe-aRY38spfSla_Ml_omaGsDyE1V5kEoJBldrYKkbDEP3lM2V7dVZyzsqdrRONFluc27NNsWzeXHweJry57GA""]",,"{""sublocality"": ""Amroli"", ""formattedAddress"": ""7V72+MGX, Shikshapatri Rd, Neel Kanth Apartment, Amroli, Surat, Gujarat 394107, India""}",2026-04-28T16:10:14.76Z,"{""Q1"": ""2_5"", ""Q2"": ""less_1hr"", ""Q3"": ""0_5"", ""Q4"": ""energetic"", ""Q6"": ""ved""}",BH/ shrushti row house,"Kosad, Surat, Gujarat, India",36128e8f-bbb4-4556-bef2-eea668e6a89d,d5dbae1b-1c4e-4372-8ecc-9f2a6cefc251,,5997.0,2026-07-14T08:43:04Z,2026-10-14T08:43:04Z,0,order_TBiqLRSlwGuBmk,03e58770-76d5-4434-9934-ea1d64e4096f,ACTIVE,,upi,,"{""discount"": ""25%"", ""isNewPlan"": false, ""trialDays"": 30, ""toyProgram"": ""-"", ""planSavings"": 3597, ""planVersion"": ""v2"", ""trialAmount"": 99, ""trialApplied"": false, ""memberShipFees"": 0, ""bonusDeliveries"": 0, ""deliveryCharges"": 100, ""sameDayDelivery"": true, ""damageWaiverFees"": 999, ""maxBigToyAllowed"": 1, ""refundableDeposit"": 0, ""moneyBackGuarantee"": 30, ""effectiveCostPerMonth"": 1999, ""membershipFeesApplied"": false, ""securityDepositApplied"": false, ""totalKeepCountPerMonth"": 3, ""damageWaiverFeesApplied"": true, ""isUnlimitedFreeDelivery"": false, ""maxToyHoldingValueAllowed"": 35000, ""totalFreeDeliveryPerMonth"": 12, ""actualChargesForMemberShipFees"": 0, ""actualChargesForSecurityDeposit"": 0, ""actualChargesForDamageWaiverFees"": 999}",ONE_TIME,2026-07-10T07:46:15.339Z,2026-07-14T08:43:05.003Z,c28b3b76-4294-4afa-b5d8-290e17cb5c1e,"{""deviceType"": ""MOBILE"", ""gstApplied"": true, ""promoCodeId"": ""payment_provider_4e8e8a3c3b9353b77a614ad70ffc2bae"", ""paymentNotes"": {""userId"": ""d5dbae1b-1c4e-4372-8ecc-9f2a6cefc251"", ""subscriptionType"": ""ONE_TIME"", ""subscriptionPlanId"": ""03e58770-76d5-4434-9934-ea1d64e4096f""}, ""gstPercentage"": 18, ""membershipData"": {""amount"": 0, ""isMembershipFee"": true}, ""isRecurringInit"": false, ""paymentProvider"": ""RAZOR_PAY"", ""userTrialApplied"": false, ""securityDepositData"": {""securityDepositApplied"": false}, ""isTrialPeriodExpired"": true, ""merchantTransactionId"": ""order_TBiqLRSlwGuBmk"", ""userDamageWaiverFeesApplied"": true}",,,,,,{},[],"{""couponId"": ""c28b3b76-4294-4afa-b5d8-290e17cb5c1e"", ""couponAppliedStatus"": ""PENDING"", ""isCouponAppliedOnSubscriptionRenew"": false}",2026-10-14T14:13:04
d468ee01-fbef-4dc0-adc2-fa2ac2c34360,UR142281,Sikta,Patnaik,p11siktasp@iima.ac.in,,,,"[""USER""]",true,true,false,"Flat 601, Ambrosia, Hiranandani",China Valley,Mumbai,Maharashtra,29b2c7b1-0784-405a-aaf9-4d135876e8c5,8335811131,,,,,STRIPE,IST,gL5FBeYiFCyvh3fZcYRxUf/A9Pa+LC++04v3aZXIyyBZJ1I/tqiAMHLbrqScgyWkxlK+8dVhSSzcl3cOmFL96X9j9qt1E9JitlTn6FfqRvygtoWvt8NbxC5jpyL1OEIqSkkbI5Yx3f2/LcKyhzOiSLsryD7xLpP4UTI5aPu8TDUH31tljOr0e+sjJQslxxsAGBGMZvouq1HWsRn0cegb+Tyf9xsh2dbgZTyJbiMYGXU=,2025-07-26T13:37:01.228Z,2026-08-08T17:37:21.635Z,,,0101000020E610000038E04E7DFB3952405188DBFC1A1E3340,"{""intercomId"": ""6884da031cbae527a55ed402"", ""leadSquaredData"": {""Id"": ""8f8afdf4-77a2-4360-9b20-b45cae3b01a6"", ""IsCreated"": true, ""RelatedId"": ""3ebc06ea-9b39-442e-addb-d38fa2a183a2""}, ""hasToyHoldingMismatch"": false}",5031750D,,,200.0,"{""toy"": {""ageGroupIds"": [""3ec41945-5b70-49aa-880d-e37bda8befbb""], ""facilitateIds"": [""71c80e25-7977-431b-b4c2-2690f4f2cb3b"", ""c1973eeb-659b-4437-937e-ee13da726409"", ""113918f6-5817-4d32-b08a-817d37632afe"", ""3001c6eb-2e0c-46f4-96de-dcd428357b8c""]}}",,"{""profile"": ""COMPLETED"", ""childProfile"": ""COMPLETED"", ""onboardingScreen"": ""COMPLETED""}","[""dR1uoSQG00AamMdwYMbNCx:APA91bFcNMW7xxggFDYIhDvLAmx7lrOSs-VusC3ELHWR4b3ekhK7Ozxc-luZpmLaQsLmWiAsuQiH6B6CE5gO0autPItrdpAN_qiEW-mkD6YEMcbE8L8vis0"" ""d3IYAXWblEMhqapOJKegdS:APA91bFffvPXLcQPcC-TCoYDPMvm50GxGhRAa_AeAFVJaHMVO1kIEHsDdBXdzHIKJvbVG79YlWUoFd-TSVt-dum0faK3kAEMkBixyDWzEj0v7GaBraRplo0""]",mobile_app,"{""sublocality"": ""Powai"", ""formattedAddress"": ""4W94+29Q, Sector V2, Jalvayu Vihar, Powai, Mumbai, Maharashtra 400076, India""}",2025-09-06T05:47:37.578Z,{},Next to China Valley Restaurant,"Powai, IIT Area, Powai, Mumbai, Maharashtra 400076, India",793eba51-b913-4047-8e1c-4c87d1058807,d468ee01-fbef-4dc0-adc2-fa2ac2c34360,,2999.0,2025-10-12T09:16:57Z,2026-10-12T09:16:57Z,0,order_RSVblqv5HUNbC7,eab965a9-9117-4d7e-aa07-d7ded0903ca5,CANCELLED,,upi,,"{""discount"": ""58.34%"", ""isNewPlan"": false, ""trialDays"": 30, ""toyProgram"": ""-"", ""planSavings"": 4200, ""planVersion"": ""v2"", ""trialAmount"": 499, ""trialApplied"": false, ""memberShipFees"": 0, ""bonusDeliveries"": 14, ""deliveryCharges"": 100, ""damageWaiverFees"": 999, ""refundableDeposit"": 0, ""effectiveCostPerMonth"": 250, ""membershipFeesApplied"": false, ""securityDepositApplied"": false, ""totalKeepCountPerMonth"": 3, ""damageWaiverFeesApplied"": true, ""isUnlimitedFreeDelivery"": false, ""totalFreeDeliveryPerMonth"": 0, ""actualChargesForMemberShipFees"": 0, ""actualChargesForSecurityDeposit"": 0, ""actualChargesForDamageWaiverFees"": 999}",PURCHASE,2025-10-12T09:16:15.829Z,2026-08-08T17:39:27.561Z,,"{""tokenId"": ""token_RSVbzjwyWjixKF"", ""deviceType"": ""MOBILE"", ""gstApplied"": true, ""paymentNotes"": {""userId"": ""d468ee01-fbef-4dc0-adc2-fa2ac2c34360"", ""isRecurringPayment"": ""true"", ""subscriptionPlanId"": ""eab965a9-9117-4d7e-aa07-d7ded0903ca5""}, ""gstPercentage"": 18, ""membershipData"": {""amount"": 0, ""isMembershipFee"": true}, ""isRecurringInit"": false, ""paymentProvider"": ""RAZOR_PAY"", ""userTrialApplied"": false, ""securityDepositData"": {""securityDepositApplied"": false}, ""isTrialPeriodExpired"": true, ""merchantTransactionId"": ""order_RSVblqv5HUNbC7"", ""pendingUpgradeBreakdowns"": {}, ""userDamageWaiverFeesApplied"": false}",,,d468ee01-fbef-4dc0-adc2-fa2ac2c34360,2026-08-08T17:39:27Z,INSTANT,{},[],"{""couponAppliedStatus"": ""PENDING"", ""isCouponAppliedOnSubscriptionRenew"": false}",2026-10-12T14:46:57
0986b869-a29d-4b5c-a9a0-911591524d91,UR181039,Neema,Kanjani,neemakanjani@gmail.com,,,FEMALE,"[""USER""]",true,true,false,"Flat -2444, Block 24, Prestige Kew Gardens,","Yemlur, Bangalore-560037",Bengaluru Urban,Karnataka,4d3205ca-1038-4187-8374-f6ee83546bc9,8341144113,,,,,STRIPE,IST,gL5FBeYiFCyvh3fZcYRxUf/A9Pa+LC++04v3aZXIyyBZJ1I/tqiAMHLbrqScgyWkfRkqppFvszEAzpCCBjc0g40NkbjUbyj1guS5GAJPIAPveasoUhUOOw7PO1hCJZuLrIo3dGg9haOL1j/AvKPlayWIHWTtjO3MqB+G+vMC1LsFux1XUoLkHpmVkWoiL24haXPcKtx/y0My1F+djO1HrAvVzfVOPBKJC586iYLaxp8=,2025-10-03T17:11:42.799Z,2026-09-02T06:41:39.458Z,,,01010000000421F906716B534043575F1858E42940,"{""intercomId"": ""68e003d4dad5e67e421accaf"", ""leadSquaredData"": {""Id"": ""5a71210b-acb4-4ff8-8a28-31d557bc7206"", ""IsCreated"": true, ""RelatedId"": ""2fb62de3-755e-4dbc-9664-77426a63dc4a""}}",F46F0723,,,0.0,{},,"{""profile"": ""COMPLETED"", ""childProfile"": ""COMPLETED"", ""onboardingScreen"": ""COMPLETED""}","[""dIBt1XsSLUoZq1UpdbQhjY:APA91bEDn-ViSa33H-D_C8hliYJCLmn-K-27nWqjNdzKWXJjRn6s7snTY2f2tjbM6vKx9Fxs-P1oDyZ-8cZHoT1J_krAp23iNnUJhQgkkomGyr2pHMligqc""]",mobile_app,"{""sublocality"": ""Bellandur"", ""formattedAddress"": ""Prestige Kew Gardens Block-24, PRESTIGE KEW GARDENS, Kariyammana Agrahara Rd, Shan Boga Colony, Yemalur, Bellandur, Bengaluru, Karnataka 560037, India""}",,{},Yemlur,"Prestige Kew Gardens Block-24, PRESTIGE KEW GARDENS, Kariyammana Agrahara Rd, Shan Boga Colony, Yemalur, Bellandur, Bengaluru, Karnataka 560037, India",27e9981c-4193-4710-be7f-c426ea90c797,0986b869-a29d-4b5c-a9a0-911591524d91,,2999.0,2025-10-12T08:39:05Z,2026-10-12T08:39:05Z,0,order_RSUy69dSRHnv6D,eab965a9-9117-4d7e-aa07-d7ded0903ca5,ACTIVE,,upi,,"{""discount"": ""58.34%"", ""isNewPlan"": false, ""trialDays"": 30, ""toyProgram"": ""-"", ""planSavings"": 4200, ""planVersion"": ""v2"", ""trialAmount"": 499, ""trialApplied"": false, ""memberShipFees"": 0, ""bonusDeliveries"": 14, ""deliveryCharges"": 100, ""damageWaiverFees"": 999, ""refundableDeposit"": 0, ""effectiveCostPerMonth"": 250, ""membershipFeesApplied"": false, ""securityDepositApplied"": false, ""totalKeepCountPerMonth"": 3, ""damageWaiverFeesApplied"": true, ""isUnlimitedFreeDelivery"": false, ""totalFreeDeliveryPerMonth"": 1, ""actualChargesForMemberShipFees"": 0, ""actualChargesForSecurityDeposit"": 0, ""actualChargesForDamageWaiverFees"": 999}",ONE_TIME,2025-10-12T08:38:42.137Z,2025-12-18T06:18:56.338Z,,"{""deviceType"": ""MOBILE"", ""gstApplied"": true, ""paymentNotes"": {""userId"": ""0986b869-a29d-4b5c-a9a0-911591524d91"", ""subscriptionType"": ""ONE_TIME"", ""subscriptionPlanId"": ""eab965a9-9117-4d7e-aa07-d7ded0903ca5""}, ""gstPercentage"": 18, ""membershipData"": {""amount"": 0, ""isMembershipFee"": true}, ""isRecurringInit"": false, ""paymentProvider"": ""RAZOR_PAY"", ""userTrialApplied"": false, ""securityDepositData"": {""securityDepositApplied"": false}, ""isTrialPeriodExpired"": true, ""merchantTransactionId"": ""order_RSUy69dSRHnv6D"", ""userDamageWaiverFeesApplied"": true}",,,,,,{},[],"{""couponAppliedStatus"": ""PENDING"", ""isCouponAppliedOnSubscriptionRenew"": false}",2026-10-12T14:09:05
eadd332c-5bce-4942-9753-baa06e82f425,UR185415,Jatin,Dhingra,jdmanu2006@gmail.com,,,,"[""USER""]",true,true,false,"Flat no 499, E 2 Vasant Kunj",near Mahipalpur CNG station,New Delhi,Delhi,0654cc4f-eebc-4e46-9cf1-6c5f8728db94,8587861633,,,,,STRIPE,Asia/Calcutta,gL5FBeYiFCyvh3fZcYRxUf/A9Pa+LC++04v3aZXIyyBZJ1I/tqiAMHLbrqScgyWkoSsederlkxihmbrYRMx2cMLV9uBOtaK2tkrmqmXojxNUW5B3wqacMA1MJyiE0101qsfzX7N7zz687OTscghMlVj6tEr0e4eq4yJIGJOuxTUHesrIaSZx+ct62gbOIGkHl4PFBn0hXPGCTPKWxf8+BgLk5/wB7WiK1nHYM+la9zg=,2025-10-13T08:42:28.298Z,2025-10-15T15:40:00.344Z,,,0101000000ADA415DF504853404DE8E4FB98893C40,"{""intercomId"": ""68ecbb7b665b6032feac9e23"", ""leadSquaredData"": {""Id"": ""d7e817eb-bdef-4846-a511-0d277b06a07a"", ""IsCreated"": true, ""RelatedId"": ""2af7e61f-0aa6-4c76-96f9-e6668781399f""}}",F6155FEE,,,0.0,{},,"{""profile"": ""COMPLETED"", ""childProfile"": ""COMPLETED"", ""onboardingScreen"": ""COMPLETED""}",[],,"{""sublocality"": ""Vasant Kunj"", ""formattedAddress"": ""G4QH+2X7, E 2 Vasant Kunj, Sector E, Mahipalpur Village, Vasant Kunj, New Delhi, Delhi 110037, India""}",,{},,,e96129df-21e7-4310-a8cb-ed4b121fc334,eadd332c-5bce-4942-9753-baa06e82f425,,2999.0,2025-10-14T06:35:06Z,2026-10-14T06:35:06Z,0,order_RTFumWc7kVTSTw,eab965a9-9117-4d7e-aa07-d7ded0903ca5,ACTIVE,,wallet,,"{""discount"": ""58.34%"", ""isNewPlan"": false, ""trialDays"": 30, ""toyProgram"": ""-"", ""planSavings"": 4200, ""planVersion"": ""v2"", ""trialAmount"": 499, ""trialApplied"": false, ""memberShipFees"": 0, ""bonusDeliveries"": 14, ""deliveryCharges"": 100, ""damageWaiverFees"": 999, ""refundableDeposit"": 0, ""effectiveCostPerMonth"": 250, ""membershipFeesApplied"": false, ""securityDepositApplied"": false, ""totalKeepCountPerMonth"": 3, ""damageWaiverFeesApplied"": true, ""isUnlimitedFreeDelivery"": false, ""totalFreeDeliveryPerMonth"": 0, ""actualChargesForMemberShipFees"": 0, ""actualChargesForSecurityDeposit"": 0, ""actualChargesForDamageWaiverFees"": 999}",ONE_TIME,2025-10-14T06:34:09.633Z,2025-10-14T06:35:06.412Z,,"{""deviceType"": ""MOBILE"", ""gstApplied"": true, ""paymentNotes"": {""userId"": ""eadd332c-5bce-4942-9753-baa06e82f425"", ""subscriptionType"": ""ONE_TIME"", ""subscriptionPlanId"": ""eab965a9-9117-4d7e-aa07-d7ded0903ca5""}, ""gstPercentage"": 18, ""membershipData"": {""amount"": 0, ""isMembershipFee"": true}, ""isRecurringInit"": false, ""paymentProvider"": ""RAZOR_PAY"", ""userTrialApplied"": false, ""securityDepositData"": {""securityDepositApplied"": false}, ""isTrialPeriodExpired"": true, ""merchantTransactionId"": ""order_RTFumWc7kVTSTw"", ""userDamageWaiverFeesApplied"": true}",,,,,,{},[],"{""couponAppliedStatus"": ""PENDING"", ""isCouponAppliedOnSubscriptionRenew"": false}",2026-10-14T12:05:06
6db2bdd0-bf8d-4a0e-a8d1-eed9a03b4296,UR185003,krishvi varma,varma,vickramvarma09@gmail.com,,,FEMALE,"[""USER""]",true,true,false,"A wing 203 ,New nityanand chs",opposite anvi salon,Raigad,Maharashtra,42962188-7bfa-4598-8c31-186d39a98871,8767944492,,,,,STRIPE,IST,gL5FBeYiFCyvh3fZcYRxUf/A9Pa+LC++04v3aZXIyyBZJ1I/tqiAMHLbrqScgyWkKnWahR+5WUL0Rsw6Q+GyOmCQXI0sM407hQPoo/TBAtJw43B/Mp+ELesXyXNKhKXG1G8TfBzD1gWaZyMGJ4MvJRx+HioAaHeTlBPzOqP3Wg8Jixi6M6RnSW5xa4rgoEPpJll6Qq0bw6qCZJGIupmuuh69VjdQLS03ZRxyjcvQXdw=,2025-10-12T08:41:36.064Z,2026-01-13T13:53:41.647Z,,,0101000020E6100000BBB4E1B0B447524054F2FB485B003340,"{""intercomId"": ""68eb69c7efa741f57c823abd"", ""leadSquaredData"": {""Id"": ""1d23c9a2-d08b-4929-ac5c-7ad6e0bbb047"", ""IsCreated"": true, ""RelatedId"": ""76d1efe2-f103-469c-a681-b438cba0f9a3""}, ""declineSubscriptionReason"": ""Others""}",8BC77DE1,,,0.0,"{""toy"": {""ageGroupIds"": [""d2f48edd-d348-473d-ab43-2818e60f5b24""], ""facilitateIds"": [""71c80e25-7977-431b-b4c2-2690f4f2cb3b"", ""374dd494-43c5-42c4-a402-4e95d852c4f3"", ""1887eda2-b087-4b40-be12-81cef8de3fd4"", ""8232ab6d-aaf3-447a-b6df-e3f7add2c1a0"", ""e59ac003-e56c-4fd4-b4a7-6d900b054c7f"", ""72d52938-cbf8-48d6-911e-95f7d9c00a22""]}}",,"{""profile"": ""COMPLETED"", ""childProfile"": ""COMPLETED"", ""onboardingScreen"": ""COMPLETED""}",[],mobile_app,"{""sublocality"": ""Panvel"", ""formattedAddress"": ""242C+G6G, 28, Sector 3, New Panvel East, Panvel, Navi Mumbai, Maharashtra 410206, India""}",,{},,,06622e1f-36bb-48b8-8327-b3268a2fc109,6db2bdd0-bf8d-4a0e-a8d1-eed9a03b4296,8767944492,2999.0,2025-10-12T10:09:16.148Z,2026-10-12T10:09:16Z,0,assigned_93cc5dbadafe807dbad30bfcc798da41,eab965a9-9117-4d7e-aa07-d7ded0903ca5,ACTIVE,,upi,,"{""discount"": ""58.34%"", ""isNewPlan"": false, ""pricePaid"": 2999, ""trialDays"": 30, ""toyProgram"": ""-"", ""planSavings"": 4200, ""planVersion"": ""v2"", ""trialAmount"": 499, ""trialApplied"": false, ""memberShipFees"": 0, ""bonusDeliveries"": 14, ""deliveryCharges"": 100, ""damageWaiverFees"": 999, ""refundableDeposit"": 0, ""memberShipFeesPaid"": 0, ""effectiveCostPerMonth"": 250, ""membershipFeesApplied"": false, ""refundableDepositPaid"": 0, ""planPriceDiscountAdmin"": 0, ""securityDepositApplied"": false, ""totalKeepCountPerMonth"": 3, ""damageWaiverFeesApplied"": true, ""isUnlimitedFreeDelivery"": false, ""membershipDiscountAdmin"": 0, ""totalFreeDeliveryPerMonth"": 0, ""actualChargesForMemberShipFees"": 0, ""refundableDepositDiscountAdmin"": 0, ""actualChargesForSecurityDeposit"": 0, ""actualChargesForDamageWaiverFees"": 999}",ASSIGNED,2025-10-12T10:09:27.974Z,2025-10-12T10:09:27.974Z,,"{""note"": ""Paid 3999"", ""amount"": 2999, ""gstApplied"": true, ""gstPercentage"": 18, ""membershipData"": {""amount"": 0, ""isMembershipFee"": true}, ""userTrialApplied"": false, ""isTrialPeriodExpired"": true, ""userDamageWaiverFeesApplied"": true}",,,,,,{},[],{},2026-10-12T15:39:16
eea5d954-8134-48af-86e1-85098ce20e36,UR145161,Paridhi,jain,paridhi21jain@gmail.com,,,,"[""USER""]",true,true,false,4 th floor,kakar marg,Gurugram,Haryana,0be3f6a0-1d5e-48bd-bfe4-5b2a76d3795b,8769877744,,,,,RAZOR_PAY,IST,gL5FBeYiFCyvh3fZcYRxUf/A9Pa+LC++04v3aZXIyyBZJ1I/tqiAMHLbrqScgyWkDiit+YcdAzjmk1t1lWThg4USWZtPhcv5TOIZB5pO0R9e6VzqyKDStDq4z2S/6WgSJl2IN4VBRU1OANW8JCYOvp+eFUFYe3gAqfSWhm4LnlCc3TGZyprKGdplfokGE+D99UNSdpSEYCiAO8b3/CCPqBTYQ1DT658FLzm5tOjeaow=,2025-08-01T01:48:49.655Z,2026-09-26T23:15:51.652Z,,,0101000020E6100000DAF74D06EC435340746E241AEE6F3C40,"{""leadSquaredData"": {""Id"": ""ac4eee29-6fcb-4920-b40d-271c0e739a46"", ""IsCreated"": false, ""RelatedId"": ""523932a0-a7dc-4250-851d-a129bb1a4c6d""}, ""hasToyHoldingMismatch"": false}",CEDCE28F,,,0.0,{},,"{""profile"": ""COMPLETED"", ""childProfile"": ""COMPLETED"", ""onboardingScreen"": ""COMPLETED""}","[""dsQBM07esEhHjRe03r2_X8:APA91bFt6ELhZL728qqprB_fUZz5umgvLSxshJEa7kv4ZWS_n5pz1FQk0ePlPaJw0ZSoe12Q9-nlD_pEdr5Jzn5nuLrwxScsWqBjUU2nKWpQHKK6avaVSpA""]",Remarketing with trail plan,"{""sublocality"": ""Sector 46"", ""formattedAddress"": ""2695, Sector 46, Gurugram, Haryana 122003, India""}",2025-08-01T16:28:07.594Z,{},2695,"2695, Sector 46, Gurugram, Haryana 122003, India",c663cee2-81e3-4718-b173-c026919f64db,eea5d954-8134-48af-86e1-85098ce20e36,8769877744,11988.0,2025-11-11T09:26:46.925Z,2026-10-11T18:29:59.999Z,0,assigned_00d6198e46f982bf7418da5417dfc550,af460c98-3849-4a31-a7a6-4204e5f8cd8e,ACTIVE,,upi,,"{""discount"": ""25%"", ""isNewPlan"": false, ""pricePaid"": 11500, ""trialDays"": 30, ""toyProgram"": ""-"", ""planSavings"": 3597, ""planVersion"": ""v2"", ""trialAmount"": 99, ""trialApplied"": false, ""memberShipFees"": 0, ""bonusDeliveries"": 0, ""deliveryCharges"": 100, ""sameDayDelivery"": true, ""damageWaiverFees"": 999, ""maxBigToyAllowed"": 1, ""refundableDeposit"": 0, ""memberShipFeesPaid"": 0, ""moneyBackGuarantee"": 30, ""effectiveCostPerMonth"": 999, ""membershipFeesApplied"": false, ""refundableDepositPaid"": 0, ""planPriceDiscountAdmin"": 488, ""securityDepositApplied"": false, ""totalKeepCountPerMonth"": 3, ""damageWaiverFeesApplied"": true, ""isUnlimitedFreeDelivery"": true, ""membershipDiscountAdmin"": 0, ""maxToyHoldingValueAllowed"": 120000, ""totalFreeDeliveryPerMonth"": 3, ""actualChargesForMemberShipFees"": 0, ""refundableDepositDiscountAdmin"": 0, ""actualChargesForSecurityDeposit"": 0, ""actualChargesForDamageWaiverFees"": 999}",ASSIGNED,2025-11-11T09:27:21.475Z,2025-11-11T09:27:38.293Z,,"{""note"": ""Paid 8000 earlier and 3500 now, add 2 months to OG expiry - 11/08/2026"", ""amount"": 11500, ""gstApplied"": true, ""gstPercentage"": 18, ""membershipData"": {""amount"": 0, ""isMembershipFee"": true}, ""userTrialApplied"": false, ""isTrialPeriodExpired"": true, ""userDamageWaiverFeesApplied"": false}",,,,,,{},[],{},2026-10-11T23:59:59.999
6b7276b3-2dcf-47dc-a5f1-a881fb9a0cbb,UR150472,Sreekanth, aupuri,aupurisreekanth@gmail.com,,,MALE,"[""USER""]",true,true,false,30-45/446/447 indus valley street no 4,libdom villas,Rangareddy,Telangana,56b385ae-741f-4057-9650-ce8d2a6b38c3,8801969979,,,,,RAZOR_PAY,IST,gL5FBeYiFCyvh3fZcYRxUf/A9Pa+LC++04v3aZXIyyBZJ1I/tqiAMHLbrqScgyWkw7ZftLknXA5MfpOchg/bxngxkoUOto3aWl9y4eLJxvbnaC6VQX49Ccn4g3h7+uPnCU/PkPs0AK4CgFk2K3a4Pnnv1cuDHCjCIj3ZGN/Rnxd6zJD/tVM16IkQWSQQW+HOY2RiZI92LhXM88GFIdlKFTQ4B8X/imLMB1JZQLQ5Uzw=,2025-08-15T10:51:54.255Z,2026-09-20T15:23:01.917Z,,,0101000020E6100000CBF68B1E66985340435E336FE25C3140,"{""leadSquaredData"": {""Id"": ""cac3dfec-6d82-4e24-b2d0-2174be7025cb"", ""IsCreated"": false, ""RelatedId"": ""1c8faf9d-69f3-4513-bee0-6f9f5d9b2e12""}}",98A66F06,,,0.0,"{""toy"": {""ageGroupIds"": [""654f486a-c1ba-4416-90ad-77086657f936"", ""3ec41945-5b70-49aa-880d-e37bda8befbb""], ""facilitateIds"": [""71c80e25-7977-431b-b4c2-2690f4f2cb3b"", ""113918f6-5817-4d32-b08a-817d37632afe"", ""3001c6eb-2e0c-46f4-96de-dcd428357b8c"", ""8232ab6d-aaf3-447a-b6df-e3f7add2c1a0"", ""72d52938-cbf8-48d6-911e-95f7d9c00a22""]}}",,"{""profile"": ""COMPLETED"", ""childProfile"": ""COMPLETED"", ""onboardingScreen"": ""COMPLETED""}","[""f4m8yf8vfUELrME4OMFm9K:APA91bGxUvJETPEpqPsGw9oinQ86OwkToBwmbBxE0ciCEop49QHOC45hb71NVTws6XhcB0I4cYGNzJ36JH5z_a_4LW0DSQCLNr8vz-xl_C8Es0WGCsKBvng""]",mobile_app,"{""formattedAddress"": ""997J+49G, Street No. 3, Sirimalle Urja Enclave, Hyderabad, Gandamguda, Telangana 500091, India""}",,{},,,a8a1ece5-9d7a-4466-8f91-d087ff60e58c,6b7276b3-2dcf-47dc-a5f1-a881fb9a0cbb,NA,9999.0,2025-09-10T14:39:44.138Z,2026-10-14T18:29:59.999Z,0,assigned_ed52f5f943ded33ed14f05c824ef5d1c,1d0e4dd6-644c-4e58-9553-294c46814ae8,ACTIVE,,razorpay,,"{""discount"": ""25%"", ""isNewPlan"": false, ""pricePaid"": 8000, ""trialDays"": 30, ""toyProgram"": ""-"", ""planSavings"": 3597, ""planVersion"": ""v2"", ""trialAmount"": 99, ""trialApplied"": false, ""memberShipFees"": 0, ""bonusDeliveries"": 0, ""deliveryCharges"": 100, ""damageWaiverFees"": 999, ""refundableDeposit"": 0, ""memberShipFeesPaid"": 0, ""effectiveCostPerMonth"": 833, ""membershipFeesApplied"": false, ""refundableDepositPaid"": 0, ""planPriceDiscountAdmin"": 1999, ""securityDepositApplied"": false, ""totalKeepCountPerMonth"": 3, ""damageWaiverFeesApplied"": true, ""isUnlimitedFreeDelivery"": true, ""membershipDiscountAdmin"": 0, ""totalFreeDeliveryPerMonth"": 3, ""actualChargesForMemberShipFees"": 0, ""refundableDepositDiscountAdmin"": 0, ""actualChargesForSecurityDeposit"": 0, ""actualChargesForDamageWaiverFees"": 999}",ASSIGNED,2025-09-10T14:39:58.769Z,2025-09-10T14:40:16.773Z,,"{""note"": ""8000 paid with damage waiver"", ""amount"": 8000, ""gstApplied"": true, ""gstPercentage"": 18, ""membershipData"": {""amount"": 0, ""isMembershipFee"": true}, ""userTrialApplied"": false, ""isTrialPeriodExpired"": true, ""userDamageWaiverFeesApplied"": false}",,,,,,{},[],{},2026-10-14T23:59:59.999
716baf02-40f3-4abf-ac54-e89174f42d30,UR24891,akshay,jain,akshayjrkp@gmail.com,,,MALE,"[""USER""]",true,true,false,flat 402,opposite empty plot,Hyderabad,Telangana,1ba7a7cd-1193-488c-a7eb-91773fd1428d,8802630877,,,,,STRIPE,IST,gL5FBeYiFCyvh3fZcYRxUf/A9Pa+LC++04v3aZXIyyBZJ1I/tqiAMHLbrqScgyWkAUgd823mcZ1KzD4TfoNg1zVb4fwDatBKndaZpvHLs4QY5W0JkeI+R+ldwWsp6VUw779O6YLafzHBwQuddOoqE+tSkjUooSRtpjlCXcsPlqjbcov5DC7Jl4mjwzO9VuxI2xS/n+OFzR7jrWYY9roWiwTWbAvooHiRk7YkkohU46I=,2024-09-10T13:12:14.345Z,2026-08-21T12:22:24.803Z,,,010100000024A58FAF73965340AF94658863773140,"{""intercomId"": ""6720c67838b630a6fee55569"", ""isElefantUser"": true, ""leadSquaredData"": {""Id"": """", ""IsCreated"": true, ""RelatedId"": ""c51203b8-cc90-4730-b005-3e6d5a293547""}}",445808AD,,,200.0,"{""toy"": {""ageGroupIds"": [""e1f855a6-aab7-453b-b31c-3b6e7b780df8"", ""3ec41945-5b70-49aa-880d-e37bda8befbb""], ""facilitateIds"": [""71c80e25-7977-431b-b4c2-2690f4f2cb3b"", ""c1973eeb-659b-4437-937e-ee13da726409"", ""09a5daf1-597a-42f9-b1fb-67820662a5fd"", ""3001c6eb-2e0c-46f4-96de-dcd428357b8c"", ""8232ab6d-aaf3-447a-b6df-e3f7add2c1a0"", ""374dd494-43c5-42c4-a402-4e95d852c4f3"", ""1887eda2-b087-4b40-be12-81cef8de3fd4"", ""e59ac003-e56c-4fd4-b4a7-6d900b054c7f"", ""72d52938-cbf8-48d6-911e-95f7d9c00a22"", ""113918f6-5817-4d32-b08a-817d37632afe""]}}",,"{""profile"": ""COMPLETED"", ""childProfile"": ""COMPLETED"", ""onboardingScreen"": ""COMPLETED""}",[],,"{""sublocality"": ""Gachibowli"", ""formattedAddress"": ""Gauthami emerald, no 55, Summer St, Kondapur, Gautami Enclave, Gachibowli, Hyderabad, Telangana 500084, India""}",,{},gautami emerald,"Gauthami emerald, no 55, Summer St, Kondapur, Gautami Enclave, Gachibowli, Hyderabad, Telangana 500084, India",0d9a2552-a728-4f7c-ba06-c61ec33a5a41,716baf02-40f3-4abf-ac54-e89174f42d30,NA,9999.0,2025-10-13T08:07:33.557Z,2026-10-13T08:07:33Z,0,assigned_738e8f7535b1825d1801811953d06f93,1d0e4dd6-644c-4e58-9553-294c46814ae8,ACTIVE,,razorpay,,"{""discount"": ""25%"", ""isNewPlan"": false, ""pricePaid"": 7500, ""trialDays"": 30, ""toyProgram"": ""-"", ""planSavings"": 3597, ""planVersion"": ""v2"", ""trialAmount"": 99, ""trialApplied"": false, ""memberShipFees"": 0, ""bonusDeliveries"": 0, ""deliveryCharges"": 100, ""damageWaiverFees"": 999, ""refundableDeposit"": 0, ""memberShipFeesPaid"": 0, ""effectiveCostPerMonth"": 833, ""membershipFeesApplied"": false, ""refundableDepositPaid"": 0, ""planPriceDiscountAdmin"": 2499, ""securityDepositApplied"": false, ""totalKeepCountPerMonth"": 3, ""damageWaiverFeesApplied"": true, ""isUnlimitedFreeDelivery"": true, ""membershipDiscountAdmin"": 0, ""totalFreeDeliveryPerMonth"": 3, ""actualChargesForMemberShipFees"": 0, ""refundableDepositDiscountAdmin"": 0, ""actualChargesForSecurityDeposit"": 0, ""actualChargesForDamageWaiverFees"": 999}",ASSIGNED,2025-10-13T08:07:55.934Z,2025-10-13T08:07:55.934Z,,"{""note"": ""7500 with damage waiver"", ""amount"": 7500, ""gstApplied"": true, ""gstPercentage"": 18, ""membershipData"": {""amount"": 0, ""isMembershipFee"": true}, ""userTrialApplied"": false, ""isTrialPeriodExpired"": true, ""userDamageWaiverFeesApplied"": true}",,,,,,{},[],{},2026-10-13T13:37:33
8796b9cc-72ee-4c31-ae47-df581c058745,UR185014,,,,,,,"[""USER""]",true,true,false,"3rd floor, ameya clinic and fertility centre,",opposite Telephone exchange office,Raigad,Maharashtra,42962188-7bfa-4598-8c31-186d39a98871,8830990581,,,,,STRIPE,IST,gL5FBeYiFCyvh3fZcYRxUf/A9Pa+LC++04v3aZXIyyBZJ1I/tqiAMHLbrqScgyWkH+VEpytXdZfk7Yhe69DNpBiyL164qjtMjJ6Qq/uIa0bLJvMaFnp7fshyuuSAT6lSkaKHi5LoCOiXKWDin/RLej9to+yJC/xIvQDdZJxV952nYGJwAso4FBivGl7n9WuuALVSUj65s5CJMktP69EktyMWmglyPKzp6Ip1K5jQLac=,2025-10-12T09:17:43.291Z,2025-11-05T15:07:18.117Z,,,0101000000DBDFD91E3D475240551DCDEC4EFC3240,"{""intercomId"": ""68eb723d74142067ed64007f"", ""leadSquaredData"": {""Id"": ""fbc1b75e-2ff6-439f-b301-5e93386c32ab"", ""IsCreated"": true, ""RelatedId"": ""82976a43-f6b6-4658-b6a1-2d998f5cc66e""}}",598A5C31,,,0.0,{},,"{""profile"": ""COMPLETED"", ""childProfile"": ""COMPLETED"", ""onboardingScreen"": ""COMPLETED""}",[],mobile_app,"{""sublocality"": ""Panvel"", ""formattedAddress"": ""115B, MCCH Society St, Old Panvel, Panvel, Navi Mumbai, Maharashtra 410206, India""}",,{},,,cc5d29c0-d7ea-4163-8f78-bb906dde1396,8796b9cc-72ee-4c31-ae47-df581c058745,,2999.0,2025-10-12T10:11:51.432Z,2026-10-12T10:11:51Z,0,assigned_5a6e01d9891d314dd32e6ddd3caab88b,eab965a9-9117-4d7e-aa07-d7ded0903ca5,ACTIVE,,cash,,"{""discount"": ""58.34%"", ""isNewPlan"": false, ""pricePaid"": 2999, ""trialDays"": 30, ""toyProgram"": ""-"", ""planSavings"": 4200, ""planVersion"": ""v2"", ""trialAmount"": 499, ""trialApplied"": false, ""memberShipFees"": 0, ""bonusDeliveries"": 14, ""deliveryCharges"": 100, ""damageWaiverFees"": 999, ""refundableDeposit"": 0, ""memberShipFeesPaid"": 0, ""effectiveCostPerMonth"": 250, ""membershipFeesApplied"": false, ""refundableDepositPaid"": 0, ""planPriceDiscountAdmin"": 0, ""securityDepositApplied"": false, ""totalKeepCountPerMonth"": 3, ""damageWaiverFeesApplied"": true, ""isUnlimitedFreeDelivery"": false, ""membershipDiscountAdmin"": 0, ""totalFreeDeliveryPerMonth"": 0, ""actualChargesForMemberShipFees"": 0, ""refundableDepositDiscountAdmin"": 0, ""actualChargesForSecurityDeposit"": 0, ""actualChargesForDamageWaiverFees"": 999}",ASSIGNED,2025-10-12T10:11:58.954Z,2025-10-12T10:11:58.954Z,,"{""note"": ""Paid 4000"", ""amount"": 2999, ""gstApplied"": true, ""gstPercentage"": 18, ""membershipData"": {""amount"": 0, ""isMembershipFee"": true}, ""userTrialApplied"": false, ""isTrialPeriodExpired"": true, ""userDamageWaiverFeesApplied"": true}",,,,,,{},[],{},2026-10-12T15:41:51
08e1bbfa-e68a-498a-b8d5-ea9c007583d2,UR185039,Pankaj,Ranjan,pr.iitkgp@gmail.com,,,,"[""USER""]",true,true,false,"1304, Yarrow",opposite Nahar international school,Mumbai Suburban,Maharashtra,3a782753-f5ba-440d-ae79-158c066092a9,8860009171,,,,,STRIPE,IST,gL5FBeYiFCyvh3fZcYRxUf/A9Pa+LC++04v3aZXIyyBZJ1I/tqiAMHLbrqScgyWkOxWJnAeVbKDvkS41oKihHiWt5MZvoKgHG2Kl7dPDEX9NvXUD4+vqBZSsm2FPUcmLC3UBd4EojoT0r2tqB8RtQ8PMF65hku2rNogXCwWT8+3MTs/HBosmst7e6Qr1kWypEQMTk9X3tUt/ZcI167EdHkPCKXkpQec7OCehup2y0fo=,2025-10-12T10:18:36.624Z,2026-09-27T16:05:09.953Z,,,0101000000BEFE7FF76939524078F1D995F11A3340,"{""intercomId"": ""68eb80839c08a7c2bbfcdb1d"", ""isElefantUser"": true, ""leadSquaredData"": {""Id"": ""d0841c72-f96e-44cb-bccd-ae3e33586a10"", ""IsCreated"": true, ""RelatedId"": ""ac626f99-6e86-40c6-8747-1870f579af66""}, ""holdingFullBannerClosedAt"": ""2026-09-27T16:05:09.953Z""}",C7A2BE84,,,0.0,{},,"{""profile"": ""COMPLETED"", ""childProfile"": ""COMPLETED"", ""onboardingScreen"": ""COMPLETED""}","[""cEV4CJIWmUyzpNp0YyKreD:APA91bF2IcDGg6IDg7-PVUHwnPv0Buw3GBHLPYrWOwl4zcYQW1F-JA5VZqcTY_rgjMW0jiz1eWY2VwvDUZIi1EJMpyZIW0WQZG2yP2Zx3__ZmcUwKbpanPs""]",mobile_app,"{""sublocality"": ""Powai"", ""formattedAddress"": ""4V4W+3RW, Nahar Amrit Shakti, Chandivali, Powai, Mumbai, Maharashtra 400072, India""}",,{},Nahar Amrit Shakti,"4V4W+3RW, Nahar Amrit Shakti, Chandivali, Powai, Mumbai, Maharashtra 400072, India",5c3ccbab-b028-4f13-adb8-58c43255cb41,08e1bbfa-e68a-498a-b8d5-ea9c007583d2,8860009171,2999.0,2025-10-12T11:05:15.975Z,2026-10-12T11:05:15Z,0,assigned_ffa756017c73bb048b4fc20246ce0642,eab965a9-9117-4d7e-aa07-d7ded0903ca5,ACTIVE,,upi,,"{""discount"": ""58.34%"", ""isNewPlan"": false, ""pricePaid"": 2999, ""trialDays"": 30, ""toyProgram"": ""-"", ""planSavings"": 4200, ""planVersion"": ""v2"", ""trialAmount"": 499, ""trialApplied"": false, ""memberShipFees"": 0, ""bonusDeliveries"": 14, ""deliveryCharges"": 100, ""damageWaiverFees"": 999, ""refundableDeposit"": 0, ""memberShipFeesPaid"": 0, ""effectiveCostPerMonth"": 250, ""membershipFeesApplied"": false, ""refundableDepositPaid"": 0, ""planPriceDiscountAdmin"": 0, ""securityDepositApplied"": false, ""totalKeepCountPerMonth"": 3, ""damageWaiverFeesApplied"": true, ""isUnlimitedFreeDelivery"": false, ""membershipDiscountAdmin"": 0, ""totalFreeDeliveryPerMonth"": 0, ""actualChargesForMemberShipFees"": 0, ""refundableDepositDiscountAdmin"": 0, ""actualChargesForSecurityDeposit"": 0, ""actualChargesForDamageWaiverFees"": 999}",ASSIGNED,2025-10-12T11:05:28.226Z,2025-10-12T11:05:28.226Z,,"{""note"": ""Paid 3500"", ""amount"": 2999, ""gstApplied"": true, ""gstPercentage"": 18, ""membershipData"": {""amount"": 0, ""isMembershipFee"": true}, ""userTrialApplied"": false, ""isTrialPeriodExpired"": true, ""userDamageWaiverFeesApplied"": true}",,,,,,{},[],{},2026-10-12T16:35:15
6473526b-0b2c-4a31-b671-d89fd677d6fa,UR144265,Kinjal,jagyasi,kin_1009@yahoo.co.in,,,,"[""USER""]",true,true,false,i 301 shilp Shaligram,Ahmedabad One mall,Ahmedabad,Gujarat,049c241f-269e-496e-bd5e-297be3e3eaeb,8860498223,,,,,STRIPE,Asia/Calcutta,gL5FBeYiFCyvh3fZcYRxUf/A9Pa+LC++04v3aZXIyyBZJ1I/tqiAMHLbrqScgyWk+9O9YCaHdS1TAVnLW7HJsUCBmhLOFXVRGnpkQ0ozdUQ0Zzi6Ixejrk69hFZaZuG1Dm/h1+IHD0eUJrcoQV+oJGZcKBQtcb/ApS2I/7Q4Zl8JJVZO7cg5ZEi/NmE80X2bUwv9HaubpYLFvifftd+5vDxeX76+Y7BJlbYtvzjWjkE=,2025-07-30T03:09:20.418Z,2026-08-17T16:33:29.967Z,,,0101000000C4A2D8C00C225240F8DEDFA0BD0A3740,"{""intercomId"": ""68898ce618d018f763fd5dbb"", ""isElefantUser"": true, ""leadSquaredData"": {""Id"": ""c4e3faeb-495e-4410-a325-6e2065dcdfce"", ""IsCreated"": true, ""RelatedId"": ""7ebe7bed-b927-4364-861a-30ee87943ff5""}, ""hasToyHoldingMismatch"": false, ""declineSubscriptionReason"": ""Others"", ""isQuestionAnswereOnBoardCompleted"": true}",8AF98C27,,,0.0,{},,"{""profile"": ""COMPLETED"", ""onboardingScreen"": ""COMPLETED""}",[],,"{""sublocality"": ""Vastrapur"", ""formattedAddress"": ""2GRJ+QRC, Sarkari Vasahat Road, Vastrapur, Ahmedabad, Gujarat 380052, India""}",2026-06-04T18:00:26.084Z,"{""Q1"": ""2_5"", ""Q2"": ""2_3hrs"", ""Q3"": ""10_20"", ""Q4"": ""energetic"", ""Q6"": ""Yaami""}",behind Ahmedabad One mall,"2GRJ+QRC, Sarkari Vasahat Road, Vastrapur, Ahmedabad, Gujarat 380052, India",b307078f-e24b-4ad1-a072-90c999913754,6473526b-0b2c-4a31-b671-d89fd677d6fa,,5997.0,2026-07-12T08:07:25Z,2026-10-12T08:07:25Z,0,order_TB1D4wR3luw5If,03e58770-76d5-4434-9934-ea1d64e4096f,ACTIVE,,upi,,"{""discount"": ""25%"", ""isNewPlan"": false, ""trialDays"": 30, ""toyProgram"": ""-"", ""planSavings"": 3597, ""planVersion"": ""v2"", ""trialAmount"": 99, ""trialApplied"": false, ""memberShipFees"": 0, ""bonusDeliveries"": 0, ""deliveryCharges"": 100, ""sameDayDelivery"": true, ""damageWaiverFees"": 999, ""maxBigToyAllowed"": 1, ""refundableDeposit"": 0, ""moneyBackGuarantee"": 30, ""effectiveCostPerMonth"": 1999, ""membershipFeesApplied"": false, ""securityDepositApplied"": false, ""totalKeepCountPerMonth"": 3, ""damageWaiverFeesApplied"": true, ""isUnlimitedFreeDelivery"": false, ""maxToyHoldingValueAllowed"": 35000, ""totalFreeDeliveryPerMonth"": 13, ""actualChargesForMemberShipFees"": 0, ""actualChargesForSecurityDeposit"": 0, ""actualChargesForDamageWaiverFees"": 999}",ONE_TIME,2026-07-08T13:05:15.607Z,2026-08-13T07:03:08.905Z,8bb6634a-1914-4703-97e6-702e8d509872,"{""deviceType"": ""MOBILE"", ""gstApplied"": true, ""promoCodeId"": ""payment_provider_11559e0a381b521ba5f6f14c278ab8d6"", ""paymentNotes"": {""userId"": ""6473526b-0b2c-4a31-b671-d89fd677d6fa"", ""subscriptionType"": ""ONE_TIME"", ""subscriptionPlanId"": ""03e58770-76d5-4434-9934-ea1d64e4096f""}, ""gstPercentage"": 18, ""membershipData"": {""amount"": 0, ""isMembershipFee"": true}, ""isRecurringInit"": false, ""paymentProvider"": ""RAZOR_PAY"", ""userTrialApplied"": false, ""securityDepositData"": {""securityDepositApplied"": false}, ""isTrialPeriodExpired"": true, ""merchantTransactionId"": ""order_TB1D4wR3luw5If"", ""userDamageWaiverFeesApplied"": true}",,,,,,{},[],"{""couponId"": ""8bb6634a-1914-4703-97e6-702e8d509872"", ""couponAppliedStatus"": ""PENDING"", ""isCouponAppliedOnSubscriptionRenew"": false}",2026-10-12T13:37:25
51a6b51f-b034-496c-a418-7693e22ba967,UR357848,Anmol,Paniya,anmolpaniya09@gmail.com,,,,"[""USER""]",true,true,false,flat no 202,,Mumbai,Maharashtra,4a9bb25b-3e3f-4e87-91c6-861069d9bbd3,8860825576,,,,,STRIPE,IST,gL5FBeYiFCyvh3fZcYRxUf/A9Pa+LC++04v3aZXIyyBZJ1I/tqiAMHLbrqScgyWkD4nZU7RfHfg6IHJHipGf+NjcuVLVcf/Ilke0EIlQOX2vLlpJcJGSjyn2IYYACo6+CrvXKBYfNtWeON5xcuU4+127/jx5shfJuc1bjglEKwBqw/Rgc0Zqzdq0Yhtjg3bjEG0xY35iYKacvMZeGXXULDkvjIRWdSx4EBY3M9vwyZE=,2026-06-22T11:11:30.174Z,2026-09-02T23:25:41.662Z,,,0101000020E6100000ED8D10D45F355240C134B1659E293340,"{""intercomId"": ""6a391867ec8229201538a38b"", ""isElefantUser"": true, ""holdingFullBannerClosedAt"": ""2026-08-03T14:37:27.119Z"", ""isQuestionAnswereOnBoardCompleted"": true}",62EA548A,,,0.0,{},,"{""profile"": ""COMPLETED"", ""onboardingScreen"": ""COMPLETED""}","[""fqhfgOG6CUMipEkTBfJ5kt:APA91bHfDq4qUfVFPTfooOszLEbvsY151lMvnEH9VYrcwkHOnlqSu6B7WSy5Rrgi95lHa2OuoeUwmoJbfhj186dwKdxQnLBDRXP85LqviqW8d13RsIREqTg""]",,"{""sublocality"": ""Goregaon West"", ""formattedAddress"": ""Vasant Galaxy, New Link Rd, Off Goregaon, Jai Taramani CHS, Bangur Nagar, Goregaon West, Mumbai, Maharashtra 400104, India""}",2026-06-22T11:13:39.429Z,"{""Q1"": ""2_5"", ""Q2"": ""less_1hr"", ""Q3"": ""0_5"", ""Q4"": ""energetic"", ""Q6"": ""Aadhya Vyas""}",Uranus C wing,Vasant Galaxy New Link Rd Off Goregaon Jai Taramani CHS Bangur Nagar Goregaon West,927b939c-2a44-4523-960c-a65b167bf075,51a6b51f-b034-496c-a418-7693e22ba967,,5997.0,2026-06-22T11:56:08Z,2026-10-12T18:29:59.999Z,0,order_T4fT3D7l9JTJgY,03e58770-76d5-4434-9934-ea1d64e4096f,ACTIVE,,upi,,"{""discount"": ""25%"", ""isNewPlan"": false, ""trialDays"": 30, ""toyProgram"": ""-"", ""planSavings"": 3597, ""planVersion"": ""v2"", ""trialAmount"": 99, ""trialApplied"": false, ""memberShipFees"": 0, ""bonusDeliveries"": 0, ""deliveryCharges"": 100, ""sameDayDelivery"": true, ""damageWaiverFees"": 999, ""maxBigToyAllowed"": 1, ""refundableDeposit"": 0, ""moneyBackGuarantee"": 30, ""effectiveCostPerMonth"": 1999, ""membershipFeesApplied"": false, ""securityDepositApplied"": false, ""totalKeepCountPerMonth"": 3, ""damageWaiverFeesApplied"": true, ""isUnlimitedFreeDelivery"": false, ""maxToyHoldingValueAllowed"": 35000, ""totalFreeDeliveryPerMonth"": 12, ""actualChargesForMemberShipFees"": 0, ""actualChargesForSecurityDeposit"": 0, ""actualChargesForDamageWaiverFees"": 999}",ONE_TIME,2026-06-22T11:55:06.701Z,2026-09-22T11:26:10.668Z,eea9fa0e-0ba1-4a66-bd4e-3c9ab018620e,"{""deviceType"": ""MOBILE"", ""gstApplied"": true, ""promoCodeId"": ""payment_provider_461c1537ddd8d4fb2123c7b1c0e6835f"", ""paymentNotes"": {""userId"": ""51a6b51f-b034-496c-a418-7693e22ba967"", ""subscriptionType"": ""ONE_TIME"", ""subscriptionPlanId"": ""03e58770-76d5-4434-9934-ea1d64e4096f""}, ""gstPercentage"": 18, ""membershipData"": {""amount"": 0, ""isMembershipFee"": true}, ""isRecurringInit"": false, ""paymentProvider"": ""RAZOR_PAY"", ""userTrialApplied"": false, ""securityDepositData"": {""securityDepositApplied"": false}, ""isTrialPeriodExpired"": true, ""merchantTransactionId"": ""order_T4fT3D7l9JTJgY"", ""userDamageWaiverFeesApplied"": true}",,,,,,{},[],"{""couponId"": ""eea9fa0e-0ba1-4a66-bd4e-3c9ab018620e"", ""couponAppliedStatus"": ""PENDING"", ""isCouponAppliedOnSubscriptionRenew"": false}",2026-10-12T23:59:59.999
96358ff1-7c3a-42f4-97d7-6ae47427367f,UR129505,Shreya,goyal,shreya.priya25@gmail.com,,,,"[""USER""]",true,true,false,Tulip Violet Society,Tulip Violet,Gurugram,Haryana,63c3133e-3509-496b-84dc-871f683293f1,8860979066,,,,,STRIPE,IST,gL5FBeYiFCyvh3fZcYRxUf/A9Pa+LC++04v3aZXIyyBZJ1I/tqiAMHLbrqScgyWkNl0u9cPiIeEK3b5Ql1rPuvVgclw6Mcb3NJYz31ZwQxgio4ITRBm4H44wlGDrrAu4gKWYm3U9huDuqP+UORXUcESuMjYxlRRNHtqn1Bs/YbLORUo+hefHBmpVNtQkr9zQUZBEwEvip1wZEObkpHbo/r8Vn0nwxtuek0C5ghfiwJg=,2025-06-29T05:57:57.586Z,2026-09-28T05:46:20.671Z,,,010100000057BE1D972742534038407AD4A9643C40,"{""intercomId"": ""6860d5ebd6305d22ba251472"", ""isElefantUser"": true, ""leadSquaredData"": {""Id"": ""26909508-f2cf-4f0a-8a14-8a816043d2d7"", ""IsCreated"": true, ""RelatedId"": ""58adc6cd-7899-4abc-8429-c9d2fbc2cb8d""}, ""declineSubscriptionReason"": ""I’d like to speak to someone before subscribing"", ""isQuestionAnswereOnBoardCompleted"": true}",98234482,,,0.0,{},,"{""profile"": ""COMPLETED"", ""childProfile"": ""COMPLETED"", ""onboardingScreen"": ""COMPLETED""}",[],mobile_app,"{""formattedAddress"": ""Tulip Violet Tower B-1, Tulip Violet Society, Gurugram, Haryana 122101, India""}",,"{""Q1"": ""2_5"", ""Q2"": ""less_1hr"", ""Q3"": ""10_20"", ""Q4"": ""energetic"", ""Q6"": ""AkSh""}",tower B1 701,"Tulip Violet Tower B-1, Tulip Violet Society, Gurugram, Haryana 122101, India",fb653975-5bc7-426d-9c0b-3db5b583465a,96358ff1-7c3a-42f4-97d7-6ae47427367f,8860979066,5997.0,2026-07-14T08:01:41Z,2026-10-14T08:01:41Z,0,assigned_cb0c48d3e2d3021caf19a407671a86b1,03e58770-76d5-4434-9934-ea1d64e4096f,ACTIVE,,razorpay,,"{""discount"": ""25%"", ""isNewPlan"": false, ""pricePaid"": 4000, ""trialDays"": 30, ""toyProgram"": ""-"", ""planSavings"": 3597, ""planVersion"": ""v2"", ""trialAmount"": 99, ""trialApplied"": false, ""memberShipFees"": 0, ""bonusDeliveries"": 0, ""deliveryCharges"": 100, ""sameDayDelivery"": true, ""damageWaiverFees"": 999, ""maxBigToyAllowed"": 1, ""refundableDeposit"": 0, ""memberShipFeesPaid"": 0, ""moneyBackGuarantee"": 30, ""effectiveCostPerMonth"": 1999, ""membershipFeesApplied"": false, ""refundableDepositPaid"": 0, ""planPriceDiscountAdmin"": 1997, ""securityDepositApplied"": false, ""totalKeepCountPerMonth"": 3, ""damageWaiverFeesApplied"": true, ""isUnlimitedFreeDelivery"": false, ""membershipDiscountAdmin"": 0, ""maxToyHoldingValueAllowed"": 35000, ""totalFreeDeliveryPerMonth"": 12, ""actualChargesForMemberShipFees"": 0, ""refundableDepositDiscountAdmin"": 0, ""actualChargesForSecurityDeposit"": 0, ""actualChargesForDamageWaiverFees"": 999}",ASSIGNED,2026-07-13T09:38:41.491Z,2026-07-14T08:01:41.711Z,,"{""note"": ""Quarter max 4000"", ""amount"": 4000, ""gstApplied"": true, ""gstPercentage"": 18, ""membershipData"": {""amount"": 0, ""isMembershipFee"": true}, ""userTrialApplied"": false, ""isTrialPeriodExpired"": true, ""userDamageWaiverFeesApplied"": true}",,,,,,{},[],{},2026-10-14T13:31:41
83e4e927-d3ec-4220-8689-6275f7a3f162,UR287594,Anish,Agarwal,anish1717@gmail.com,,,,"[""USER""]",true,true,false,"B-802, Shree Shyam Residency,",Behind Sai rudra,Surat,Gujarat,28e9d4d5-76a9-46a4-a9ab-da496a748876,8866202365,,,,,STRIPE,IST,gL5FBeYiFCyvh3fZcYRxUf/A9Pa+LC++04v3aZXIyyBZJ1I/tqiAMHLbrqScgyWklNJmSf+4qBBtz5JKsQjdRLOhSquX28AqQMyVu+SDHktGtOA2LzX94FIPp+5MrYemN9MyqKxI6KKqtvzXDNieuAsFm8phOZD6DTEIf7t7neCX7BVgrRBxoSferyWfCgRYgkvP3zBV1DLS4e7HsK8p2KulVzye1G5edEtS6saP/sE=,2026-05-15T10:01:33.094Z,2026-07-16T04:44:47.288Z,,,01010000001EA3E139803352402208461449243540,"{""intercomId"": ""6a06ef02b7d1ea8d72d6c0a1"", ""isElefantUser"": true, ""hasToyHoldingMismatch"": false, ""isQuestionAnswereOnBoardCompleted"": true}",B702140B,,,0.0,{},,"{""profile"": ""COMPLETED"", ""onboardingScreen"": ""COMPLETED""}","[""dzAlmBBIRkopgvDrJECBJM:APA91bHzl_ul8hJA0ZczsZnIgMqggnjsOckfGU0XaSv1QSNsthonaRy4Elslu3IZKth8eMAf25fe_RHCDqebnlzoRy1uF0jbHLMA9a0eGi8_qimxlghBxJY"" ""feYccCeJ50GnrwtsWSmiI4:APA91bHQkmqDXzS2ZP45P9QK0ybsxljTQ-kq8wxoe3aV08Zo2xyvUUz-RpOBBvYEfKnljxlmjJxk-b1zeBPQrPuLUgoMkPOBBqKO6q_sK-ljeopksrImEWw""]",,"{""formattedAddress"": ""4RR3+HF4, Apcha Nagar, Surat, Gujarat 395007, India""}",,"{""Q1"": ""0_2"", ""Q2"": ""less_1hr"", ""Q3"": ""10_20"", ""Q4"": ""energetic"", ""Q6"": ""Aariv""}","Althan Canal Road, Surat","4RR3+HF4, Apcha Nagar, Surat, Gujarat 395007, India",32430ba7-cce3-4604-ba4f-37bbf85cca41,83e4e927-d3ec-4220-8689-6275f7a3f162,8866202365,4497.0,2026-07-14T09:24:51Z,2026-10-14T09:24:51Z,0,assigned_801ab14cbed03bfc06fb51534f91fc76,864b3e20-b4b5-4be5-8b5c-bcd69573b6dd,CANCELLED,,razorpay,,"{""discount"": ""25%"", ""isNewPlan"": false, ""pricePaid"": 3160, ""trialDays"": 30, ""toyProgram"": ""-"", ""planSavings"": 3597, ""planVersion"": ""v2"", ""trialAmount"": 99, ""trialApplied"": false, ""memberShipFees"": 0, ""bonusDeliveries"": 0, ""deliveryCharges"": 100, ""sameDayDelivery"": false, ""damageWaiverFees"": 299, ""maxBigToyAllowed"": 0, ""refundableDeposit"": 0, ""memberShipFeesPaid"": 0, ""moneyBackGuarantee"": 30, ""effectiveCostPerMonth"": 1499, ""membershipFeesApplied"": false, ""refundableDepositPaid"": 0, ""planPriceDiscountAdmin"": 1337, ""securityDepositApplied"": false, ""totalKeepCountPerMonth"": 3, ""damageWaiverFeesApplied"": true, ""isUnlimitedFreeDelivery"": false, ""membershipDiscountAdmin"": 0, ""maxToyHoldingValueAllowed"": 20000, ""totalFreeDeliveryPerMonth"": 9, ""actualChargesForMemberShipFees"": 0, ""refundableDepositDiscountAdmin"": 0, ""actualChargesForSecurityDeposit"": 0, ""actualChargesForDamageWaiverFees"": 299}",ASSIGNED,2026-07-13T11:46:36.119Z,2026-07-31T10:17:58.305Z,,"{""note"": ""quarter plus 3160"", ""amount"": 3160, ""gstApplied"": true, ""gstPercentage"": 18, ""membershipData"": {""amount"": 0, ""isMembershipFee"": true}, ""userTrialApplied"": false, ""isTrialPeriodExpired"": true, ""userDamageWaiverFeesApplied"": true}",,,,,,{},[],{},2026-10-14T14:54:51
79747bd1-54c5-4b4a-a636-36f51fb355ea,UR391413,Naitik,Golakiya,naitikgolakiya@gmail.com,,,,"[""USER""]",true,true,false,"41, Sarita Society, Laxmikant Ashram Road",Katargam,Surat,Gujarat,6bb1ca37-4de7-4558-bcb3-752e5258f540,8866301464,,,,,STRIPE,IST,gL5FBeYiFCyvh3fZcYRxUf/A9Pa+LC++04v3aZXIyyBZJ1I/tqiAMHLbrqScgyWk83ra4ziNLfn8P3+aDc5i9stAVk6VsyO7Crtps7Cq2MHQQUgO8RB7CEpGw5CorBq3RNfJlIb5oTThJz5HCgFJ2qyHxihyQiq0z16YthCwgFLxGJgkywUJhK+9tZ/5xvd3yKXzKUtFmlw6ySbPonIet/sAUQnO5rvM/LykbHKOhlw=,2026-07-12T05:01:44.527Z,2026-08-15T04:38:04.056Z,,,0101000020E61000009F70EB5CEE3452407471013DC2383540,"{""isElefantUser"": true}",A7488CD1,,,0.0,{},,"{""profile"": ""COMPLETED"", ""onboardingScreen"": ""COMPLETED""}","[""dMSUC1KZBU7YhrE0y_4_p6:APA91bHZGGWVJYDwl6k8Acd6tpArjnHeq3jbpUHBMDGY_5qqfwebz1Ek0vST0_qbjCD_T_YU4_Hj9XM970ZArKN-7ybXmTZ3r1vCJHxbpINA18WgzymAO4I""]",,"{""sublocality"": ""Katargam"", ""formattedAddress"": ""A/26, Vishal Nagar, Chikuvadi, Narayan Nagar, Katargam, Surat, Gujarat 395004, India""}",,"{""Q1"": ""0_2"", ""Q3"": ""5_10"", ""Q6"": ""Krishnam""}",Katargam,"Katargam, Surat, Gujarat, India",a307bcb0-fe15-4640-843a-92a17daf08d0,79747bd1-54c5-4b4a-a636-36f51fb355ea,,4497.0,2026-07-12T05:18:39Z,2026-10-12T05:18:39Z,0,order_TCTNpJ6wHWv7x4,864b3e20-b4b5-4be5-8b5c-bcd69573b6dd,CANCELLED,,upi,,"{""discount"": ""25%"", ""isNewPlan"": false, ""trialDays"": 30, ""toyProgram"": ""-"", ""planSavings"": 3597, ""planVersion"": ""v2"", ""trialAmount"": 99, ""trialApplied"": false, ""memberShipFees"": 0, ""bonusDeliveries"": 0, ""deliveryCharges"": 100, ""sameDayDelivery"": false, ""damageWaiverFees"": 299, ""maxBigToyAllowed"": 0, ""refundableDeposit"": 0, ""moneyBackGuarantee"": 30, ""effectiveCostPerMonth"": 1499, ""membershipFeesApplied"": false, ""securityDepositApplied"": false, ""totalKeepCountPerMonth"": 3, ""damageWaiverFeesApplied"": true, ""isUnlimitedFreeDelivery"": false, ""maxToyHoldingValueAllowed"": 20000, ""totalFreeDeliveryPerMonth"": 9, ""actualChargesForMemberShipFees"": 0, ""actualChargesForSecurityDeposit"": 0, ""actualChargesForDamageWaiverFees"": 299}",ONE_TIME,2026-07-12T05:17:51.377Z,2026-07-14T07:00:16.687Z,d9f45968-fdf9-45cb-a143-9bda0499e70b,"{""deviceType"": ""MOBILE"", ""gstApplied"": true, ""promoCodeId"": ""payment_provider_222024ad0be6b711af19f169bcb51d44"", ""paymentNotes"": {""userId"": ""79747bd1-54c5-4b4a-a636-36f51fb355ea"", ""subscriptionType"": ""ONE_TIME"", ""subscriptionPlanId"": ""864b3e20-b4b5-4be5-8b5c-bcd69573b6dd""}, ""gstPercentage"": 18, ""membershipData"": {""amount"": 0, ""isMembershipFee"": true}, ""isRecurringInit"": false, ""paymentProvider"": ""RAZOR_PAY"", ""userTrialApplied"": false, ""securityDepositData"": {""securityDepositApplied"": false}, ""isTrialPeriodExpired"": true, ""merchantTransactionId"": ""order_TCTNpJ6wHWv7x4"", ""userDamageWaiverFeesApplied"": true}",,,,,,{},[],"{""couponId"": ""d9f45968-fdf9-45cb-a143-9bda0499e70b"", ""couponAppliedStatus"": ""PENDING"", ""isCouponAppliedOnSubscriptionRenew"": false}",2026-10-12T10:48:39
325784df-e669-4777-a086-3dfbd4bc8527,UR184754,,,,,,,"[""USER""]",true,true,false,"800/100, #304. parshva kiran apartment 3rd main road 4th block rajajinagar",parshva kiran apartment,Bengaluru Urban,Karnataka,4b88fef7-b785-4994-a68c-76e53a5c7787,8971808191,,,,,STRIPE,IST,gL5FBeYiFCyvh3fZcYRxUf/A9Pa+LC++04v3aZXIyyBZJ1I/tqiAMHLbrqScgyWkRhX3/bqy1UpZ/2WWElMEQVOilCheQhKXP7iC30Ds7Eeg27KA7Hdy5uX/vX6zE+p5LnFUAJntP02zUHViLTbkxL7mdAQQBGa57UAEfUou9d8u+t4mWZfSKJ4cKef6XNveZ/4vsCA0n0KzfUaNUrpI3LxQYQ6Ed+vI+2jdDw8+3CU=,2025-10-11T16:06:39.304Z,2026-07-26T11:32:10.615Z,,,01010000004B9EFC27C9635340952FC3DA73F82940,"{""intercomId"": ""68ea8095ce2cdbcb11b8601c"", ""leadSquaredData"": {""Id"": ""cf250aa6-e036-4519-9c56-ff3b6f3fa9fe"", ""IsCreated"": true, ""RelatedId"": ""6a69da94-3af3-4b99-b72e-cecd6994ab24""}, ""hasToyHoldingMismatch"": false, ""holdingFullBannerClosedAt"": ""2026-07-26T11:32:10.615Z""}",4E3A1FED,,,0.0,{},,"{""profile"": ""COMPLETED"", ""childProfile"": ""COMPLETED"", ""onboardingScreen"": ""COMPLETED""}","[""eazO2Khefk9qtOB7vlKC8E:APA91bFiVmJI-koVnm6mGHniO-ICH4DimsUN_YO-zMBpeYAyxrw4Tj-xQ3P7cQHC_-BbALsjBMU28Y9yFova4sMnP8MvTmHD0obTbtcwq1nf66xiRoCyW50""]",mobile_app,"{""sublocality"": ""Rajajinagar"", ""formattedAddress"": ""800/100, 3rd Main Rd, 4th Block, Rajajinagar, Bengaluru, Karnataka 560010, India""}",,{},,,514bb555-9e8a-4409-b916-03a4cf27415e,325784df-e669-4777-a086-3dfbd4bc8527,,2999.0,2025-10-11T16:08:42Z,2026-10-11T16:08:42Z,0,gift_card_76be24cb63a96511d2f7305f929397b1,eab965a9-9117-4d7e-aa07-d7ded0903ca5,ACTIVE,,,,"{""discount"": ""58.34%"", ""isNewPlan"": false, ""trialDays"": 30, ""toyProgram"": ""-"", ""planSavings"": 4200, ""planVersion"": ""v2"", ""trialAmount"": 499, ""trialApplied"": false, ""memberShipFees"": 0, ""bonusDeliveries"": 14, ""deliveryCharges"": 100, ""damageWaiverFees"": 999, ""refundableDeposit"": 0, ""effectiveCostPerMonth"": 250, ""membershipFeesApplied"": false, ""securityDepositApplied"": false, ""totalKeepCountPerMonth"": 3, ""damageWaiverFeesApplied"": true, ""isUnlimitedFreeDelivery"": false, ""totalFreeDeliveryPerMonth"": 0, ""actualChargesForMemberShipFees"": 0, ""actualChargesForSecurityDeposit"": 0, ""actualChargesForDamageWaiverFees"": 999}",GIFT_CARD,2025-10-11T16:08:42.603Z,2025-10-11T16:08:42.603Z,,"{""giftCardId"": ""2a413270-1a68-4643-8009-eb601be56646"", ""gstApplied"": false, ""gstPercentage"": 0, ""userTrialApplied"": false, ""isTrialPeriodExpired"": true, ""userDamageWaiverFeesApplied"": false}",,,,,,{},[],{},2026-10-11T21:38:42
98da2fc7-a3b7-4b44-8806-03a4524a2d6d,UR38656,bhagya,shetty,bhagyashetty007@gmail.com,,,FEMALE,"[""USER""]",true,true,false,50 Aralemara Rd Subbannaiah Palya Banaswadi,behind panchamukhi ganesha teme,Bengaluru Urban,Karnataka,1489dc4a-f50f-4631-8b18-1983fc747467,9008473747,,,,,STRIPE,IST,gL5FBeYiFCyvh3fZcYRxUf/A9Pa+LC++04v3aZXIyyBZJ1I/tqiAMHLbrqScgyWkTknruqCcOMbnnlhnH+gzLHiSBeo7Pq4JMjpzZxuZ5Xq1uGuRiOZf9BAdYd9zNd80LW1kNRYqICNnZpZ/ibTYRDe7qv46NmIbYTrBYYXwt5tSrcTNKvsWF/DXeabncQmT7tfZw+P6YXFntYlitEwJIe+oYhXjx/cAptXHB4Pby2k=,2024-11-28T01:56:02.806Z,2025-10-11T05:24:16.305Z,,,0101000020E61000004EDD4BD0156953406E162F1686042A40,"{""intercomId"": ""6747cdb898870e1eda1c52da"", ""leadSquaredData"": {""Id"": ""cd8d7533-e083-47a3-ba89-447edd09807d"", ""IsCreated"": true, ""RelatedId"": ""5e6c6337-62ad-4401-b916-2032d1e8f525""}, ""hasToyHoldingMismatch"": false}",F4847FAC,,,0.0,{},,"{""profile"": ""COMPLETED"", ""childProfile"": ""COMPLETED"", ""onboardingScreen"": ""COMPLETED""}",[],mobile_app,{},,{},,,9aad006e-0be1-4e1e-b2bd-cb766aa43ad6,98da2fc7-a3b7-4b44-8806-03a4524a2d6d,90084737471,2999.0,2025-10-11T05:30:38.88Z,2026-10-11T05:30:38Z,0,assigned_d35d39c112a1b066bc92bedc0c71a017,eab965a9-9117-4d7e-aa07-d7ded0903ca5,ACTIVE,,upi,,"{""discount"": ""58.34%"", ""isNewPlan"": false, ""pricePaid"": 2999, ""trialDays"": 30, ""toyProgram"": ""-"", ""planSavings"": 4200, ""planVersion"": ""v2"", ""trialAmount"": 499, ""trialApplied"": false, ""memberShipFees"": 0, ""bonusDeliveries"": 14, ""deliveryCharges"": 100, ""damageWaiverFees"": 999, ""refundableDeposit"": 0, ""memberShipFeesPaid"": 0, ""effectiveCostPerMonth"": 250, ""membershipFeesApplied"": false, ""refundableDepositPaid"": 0, ""planPriceDiscountAdmin"": 0, ""securityDepositApplied"": false, ""totalKeepCountPerMonth"": 3, ""damageWaiverFeesApplied"": true, ""isUnlimitedFreeDelivery"": false, ""membershipDiscountAdmin"": 0, ""totalFreeDeliveryPerMonth"": 0, ""actualChargesForMemberShipFees"": 0, ""refundableDepositDiscountAdmin"": 0, ""actualChargesForSecurityDeposit"": 0, ""actualChargesForDamageWaiverFees"": 999}",ASSIGNED,2025-10-11T05:30:50.49Z,2025-10-11T05:30:50.49Z,,"{""amount"": 2999, ""gstApplied"": true, ""gstPercentage"": 18, ""membershipData"": {""amount"": 0, ""isMembershipFee"": true}, ""userTrialApplied"": false, ""isTrialPeriodExpired"": true, ""userDamageWaiverFeesApplied"": true}",,,,,,{},[],{},2026-10-11T11:00:38
fe7dc566-c4d5-40d4-977a-9933ac2b844b,UR184969,,,,,,,"[""USER""]",true,true,false,"RZ/f-1054,Guru Nanak Marg, Raj Nagar Part 2, Palam Colony, New Delhi 1110077",near Sunit dairy,North West Delhi,Delhi,c7cdddaa-682c-4df8-b6e8-a3ef487ea285,9015056412,,,,,STRIPE,IST,gL5FBeYiFCyvh3fZcYRxUf/A9Pa+LC++04v3aZXIyyBZJ1I/tqiAMHLbrqScgyWk8tsP4iBCVVOt7p3FIbL3JIX4bVKC3EnDBYBEfBFeG/qRw70Xsp7m2icGCMZLgHf+cozqXyjRT56JQOkwrKA/YLE/AvC2n4Ta+KoYz8bbHvLv/3W4hJs1v/3A1NDfiS8he4KkjIJkr8WYRrJCbJWxq6//hIlNzB8G49YFxNlBoWE=,2025-10-12T07:22:38.758Z,2026-01-28T11:37:55.324Z,,,0101000020E6100000C3DBDEC90247534032337DC04DB83C40,"{""intercomId"": ""68eb57447b7aa17cd41b39e0"", ""leadSquaredData"": {""Id"": ""63f7569c-58fe-4096-ae3e-f0648ae759ae"", ""IsCreated"": true, ""RelatedId"": ""4f32d1cd-e21a-4d3a-b0af-4a256d40fa19""}}",80086E2A,,,0.0,"{""toy"": {""ageGroupIds"": [""3ec41945-5b70-49aa-880d-e37bda8befbb""], ""facilitateIds"": []}}",,"{""profile"": ""COMPLETED"", ""childProfile"": ""COMPLETED"", ""onboardingScreen"": ""COMPLETED""}",[],mobile_app,"{""sublocality"": ""Rohini"", ""formattedAddress"": ""P495+XRH, Swarn Jayanti Park, Sector 10, Rohini, Delhi, 110085, India""}",,{},,,fe3c894f-fc46-4848-b5da-f6af2cbfe95f,fe7dc566-c4d5-40d4-977a-9933ac2b844b,9015056412,2999.0,2025-10-12T08:13:53.033Z,2026-10-12T08:13:53Z,0,assigned_3c747c042b519108ab2d86f1920ea6bc,eab965a9-9117-4d7e-aa07-d7ded0903ca5,ACTIVE,,upi,,"{""discount"": ""58.34%"", ""isNewPlan"": false, ""pricePaid"": 2999, ""trialDays"": 30, ""toyProgram"": ""-"", ""planSavings"": 4200, ""planVersion"": ""v2"", ""trialAmount"": 499, ""trialApplied"": false, ""memberShipFees"": 0, ""bonusDeliveries"": 14, ""deliveryCharges"": 100, ""damageWaiverFees"": 999, ""refundableDeposit"": 0, ""memberShipFeesPaid"": 0, ""effectiveCostPerMonth"": 250, ""membershipFeesApplied"": false, ""refundableDepositPaid"": 0, ""planPriceDiscountAdmin"": 0, ""securityDepositApplied"": false, ""totalKeepCountPerMonth"": 3, ""damageWaiverFeesApplied"": true, ""isUnlimitedFreeDelivery"": false, ""membershipDiscountAdmin"": 0, ""totalFreeDeliveryPerMonth"": 0, ""actualChargesForMemberShipFees"": 0, ""refundableDepositDiscountAdmin"": 0, ""actualChargesForSecurityDeposit"": 0, ""actualChargesForDamageWaiverFees"": 999}",ASSIGNED,2025-10-12T08:14:03.494Z,2025-10-12T08:14:03.494Z,,"{""note"": ""Paid 3500"", ""amount"": 2999, ""gstApplied"": true, ""gstPercentage"": 18, ""membershipData"": {""amount"": 0, ""isMembershipFee"": true}, ""userTrialApplied"": false, ""isTrialPeriodExpired"": true, ""userDamageWaiverFeesApplied"": true}",,,,,,{},[],{},2026-10-12T13:43:53
133ccdae-6279-4d6f-bcfd-e62268fc011b,UR222786,Ruchi,Maru,maru.ruchi30@gmail.com,,,FEMALE,"[""USER""]",true,true,false,"B106, Om Gopal Krishna Society, Kelkar cross road, behind Ashwamedh Couriers",Dombivli East,Thane,Maharashtra,6090fe57-8220-452b-b99a-fafa10fa0e39,9022548310,,,,,STRIPE,IST,gL5FBeYiFCyvh3fZcYRxUf/A9Pa+LC++04v3aZXIyyBZJ1I/tqiAMHLbrqScgyWkp3Gy7j3VASJ85E9QK4zevZSjlKlQ8lowI4vItzZdqkjTKUAeGqZ6ubSqpTK+itfsyt69mw+FzkG+CLFY0a1bwEv4EepiOBClit1NXwRnXkzWh5FdV27MGi5ON6cC55gkobVEBmqucOdXSUiSCeby8+ErXdb1n5FOWMVV2IAR6Y4=,2026-04-11T17:15:52.676Z,2026-09-19T13:13:31.983Z,,,0101000020E61000005C339EADA84552400FAF905E79373340,"{""intercomId"": ""69da81ce50b2b4e530b0f236"", ""isElefantUser"": true, ""hasToyHoldingMismatch"": false, ""declineSubscriptionReason"": ""I’m just exploring the app"", ""isQuestionAnswereOnBoardCompleted"": true}",912E00CE,,,0.0,{},,"{""profile"": ""COMPLETED"", ""childProfile"": ""COMPLETED"", ""onboardingScreen"": ""COMPLETED""}",[],,"{""sublocality"": ""Dombivli East"", ""formattedAddress"": ""638Q+M9C, Dombivli, Ramnagar, Dombivli East, Kalyan, Maharashtra 421201, India""}",2026-04-11T17:17:37.142Z,"{""Q1"": ""0_2"", ""Q2"": ""less_1hr"", ""Q3"": ""0_5"", ""Q4"": ""energetic""}",Dombivli East,"638Q+M9C, Dombivli, Ramnagar, Dombivli East, Kalyan, Maharashtra 421201, India",6e935d5b-741e-4ef5-bf7e-85319dfdd191,133ccdae-6279-4d6f-bcfd-e62268fc011b,,4497.0,2026-06-27T06:24:29Z,2026-10-12T06:24:00Z,0,order_T6YT5EYFC9MCgc,864b3e20-b4b5-4be5-8b5c-bcd69573b6dd,ACTIVE,,card,,"{""discount"": ""25%"", ""isNewPlan"": false, ""trialDays"": 30, ""toyProgram"": ""-"", ""planSavings"": 3597, ""planVersion"": ""v2"", ""trialAmount"": 99, ""trialApplied"": false, ""memberShipFees"": 0, ""bonusDeliveries"": 0, ""deliveryCharges"": 100, ""sameDayDelivery"": false, ""damageWaiverFees"": 299, ""maxBigToyAllowed"": 0, ""refundableDeposit"": 0, ""moneyBackGuarantee"": 30, ""effectiveCostPerMonth"": 1499, ""membershipFeesApplied"": false, ""securityDepositApplied"": false, ""totalKeepCountPerMonth"": 3, ""damageWaiverFeesApplied"": true, ""isUnlimitedFreeDelivery"": false, ""maxToyHoldingValueAllowed"": 20000, ""totalFreeDeliveryPerMonth"": 9, ""actualChargesForMemberShipFees"": 0, ""actualChargesForSecurityDeposit"": 0, ""actualChargesForDamageWaiverFees"": 299}",ONE_TIME,2026-06-27T06:22:17.406Z,2026-06-27T06:24:29.7Z,d9f45968-fdf9-45cb-a143-9bda0499e70b,"{""deviceType"": ""MOBILE"", ""gstApplied"": true, ""promoCodeId"": ""payment_provider_222024ad0be6b711af19f169bcb51d44"", ""paymentNotes"": {""userId"": ""133ccdae-6279-4d6f-bcfd-e62268fc011b"", ""subscriptionType"": ""ONE_TIME"", ""subscriptionPlanId"": ""864b3e20-b4b5-4be5-8b5c-bcd69573b6dd""}, ""gstPercentage"": 18, ""membershipData"": {""amount"": 0, ""isMembershipFee"": true}, ""isRecurringInit"": false, ""paymentProvider"": ""RAZOR_PAY"", ""userTrialApplied"": false, ""securityDepositData"": {""securityDepositApplied"": false}, ""isTrialPeriodExpired"": true, ""merchantTransactionId"": ""order_T6YT5EYFC9MCgc"", ""userDamageWaiverFeesApplied"": true}",,,,,,{},[],"{""couponId"": ""d9f45968-fdf9-45cb-a143-9bda0499e70b"", ""couponAppliedStatus"": ""PENDING"", ""isCouponAppliedOnSubscriptionRenew"": false}",2026-10-12T11:54:00
77d3464d-abd1-4a0d-8e82-b8c53b280230,UR90233,,,,,,,"[""USER""]",true,true,false,house 22,beside dapodi multi speciality hospital,Pune,Maharashtra,ee33dd20-7a04-4b3b-bd67-29dbc914acfd,9028421423,,,,,STRIPE,IST,gL5FBeYiFCyvh3fZcYRxUf/A9Pa+LC++04v3aZXIyyBZJ1I/tqiAMHLbrqScgyWkKyy9qUkaITpw5OI/P/2YXaeZD3gu/R4As5P90eZdxRFx224FoisEI2Gbo1UuOIghohIqrBmzLZEnYMKRvB8Hh1synTQw885FJQN1yTwa+ffibc6yz0gdUCkatkwloY781xPP6PYGOTGUNu29R6c4mYm3yVkfV5tj2PnFyNC9i9U=,2025-04-14T18:54:17.898Z,2026-06-12T14:42:47.34Z,,,0101000020E6100000A912656F2975524061F5EC5E93943240,"{""isElefantUser"": true, ""leadSquaredData"": {""Id"": ""5b231be8-7bd7-4df6-9f70-864cd0861e50"", ""IsCreated"": false, ""RelatedId"": ""ffe67f59-f5e2-4151-8243-c651723baad9""}}",E7AEFB44,,,0.0,{},,"{""profile"": ""COMPLETED"", ""childProfile"": ""COMPLETED"", ""onboardingScreen"": ""COMPLETED""}","[""foE0a9gPzU0ek-vPcZvTSm:APA91bGo-ehfR-_6nYSJWGrf3PKAsn5_oa_Mh9jt07eDemBImyN-4E2jGAivcoV_qcX_RoJm2KK3eEVQiITVVAafeoR_NsUEt35xRYdkF3juEA_toE_ZgYw"" ""dbczV6jF40NPssI1a3Pd6Y:APA91bELvQJtOLZPTvHnKSCF6IHzz8nNPGYiwKOALWBHgTY0ornWd4B0F58Mrs0EE-We-ZHyt7MqT6dScx4IkSN2X946IDqaWl6NJrwc49fmaK1i3xFG25k"" ""e0pfndliUUJ1v0Y2UBZ1-6:APA91bEnA5_6DOBuPw_Ek7UebUMgioCETUrT-T9YpBLVNcuhxSIyNWGzW72CFsiTUa7kMmeqjBOgLqSsrGjWRD9ftE6Ut_R34GawjmOVxrhyoRBGyVSdjdQ""]",mobile_app,"{""sublocality"": ""Dapodi"", ""formattedAddress"": ""53, Mata Shitala Devi Chowk, Sundar Baug Colony, Dapodi, Pimpri-Chinchwad, Maharashtra 411012, India""}",,{},,,eaa672a4-8758-4d42-89c5-38922cef6755,77d3464d-abd1-4a0d-8e82-b8c53b280230,NA,2999.0,2025-09-14T06:21:48.084Z,2026-10-14T18:29:59.999Z,0,assigned_1ca7ce16e9f38cfa243b6cb1f52733d0,eab965a9-9117-4d7e-aa07-d7ded0903ca5,CANCELLED,,razorpay,,"{""discount"": ""58.34%"", ""isNewPlan"": false, ""pricePaid"": 2999, ""trialDays"": 30, ""toyProgram"": ""-"", ""planSavings"": 4200, ""planVersion"": ""v2"", ""trialAmount"": 499, ""trialApplied"": false, ""memberShipFees"": 0, ""bonusDeliveries"": 14, ""deliveryCharges"": 100, ""damageWaiverFees"": 999, ""refundableDeposit"": 0, ""memberShipFeesPaid"": 0, ""effectiveCostPerMonth"": 250, ""membershipFeesApplied"": false, ""refundableDepositPaid"": 0, ""planPriceDiscountAdmin"": 0, ""securityDepositApplied"": false, ""totalKeepCountPerMonth"": 3, ""damageWaiverFeesApplied"": true, ""isUnlimitedFreeDelivery"": false, ""membershipDiscountAdmin"": 0, ""totalFreeDeliveryPerMonth"": 3, ""actualChargesForMemberShipFees"": 0, ""refundableDepositDiscountAdmin"": 0, ""actualChargesForSecurityDeposit"": 0, ""actualChargesForDamageWaiverFees"": 999}",ASSIGNED,2025-09-15T06:22:15.569Z,2025-10-22T06:56:36.64Z,,"{""note"": ""4000 paid."", ""amount"": 2999, ""gstApplied"": true, ""gstPercentage"": 18, ""membershipData"": {""amount"": 0, ""isMembershipFee"": true}, ""userTrialApplied"": false, ""isTrialPeriodExpired"": true, ""userDamageWaiverFeesApplied"": true}",,,,,,{},[],{},2026-10-14T23:59:59.999
dbd220b2-fbfd-4eca-bd9d-a8932c2b9ff1,UR137794,Jigar,Salecha,jigchin@yahoo.co.in,,,,"[""USER""]",true,true,false,1401 B wing Girnar Tower,Near ONGC,Mumbai City,Maharashtra,d64f9ed5-5b0b-4f75-88c3-64eed0671db0,9029951067,,,,,STRIPE,IST,gL5FBeYiFCyvh3fZcYRxUf/A9Pa+LC++04v3aZXIyyBZJ1I/tqiAMHLbrqScgyWk8hJtTL9h9aeOFTcR+bwE5y8DnuZ/olLi7NvdAc+1CJZcfEzBb9VEe1FuLUhgrFUlMf084uByBZztwz/NVoVyasEBSeP/huM9s4SB28Apekj6QPw30INjUTUxT5jQXGGYCwUqb1izVDQspkXyJjssRcx7OnJ3uPkIZCI2TESncv4=,2025-07-14T09:47:21.596Z,2026-09-01T12:30:08.086Z,,,0101000000E819564C003752407FE3C6889F0C3340,"{""intercomId"": ""6874d22fdbb486138698108f"", ""leadSquaredData"": {""Id"": ""ad2176c9-028a-4841-9a82-9988e9637beb"", ""IsCreated"": false, ""RelatedId"": ""3a2f2bbb-986f-4e5b-8f5b-f82d2323700a""}, ""hasToyHoldingMismatch"": false}",68D78675,,,0.0,{},,"{""profile"": ""COMPLETED"", ""childProfile"": ""COMPLETED"", ""onboardingScreen"": ""COMPLETED""}","[""eonA5IDEw0dnqPpuzAKGIt:APA91bHo8lhAX1-tNB00H1X5LRd8twxw5jN9eOgE3IUVrCLiIkMTiuWMlj2o3efY-3csWMJreSMtjShA2RA51PKIhimEZJRbvtZNjIgTnGuSRW_VDQaXraI"" ""dnxE69no20DUpipMfOZMNq:APA91bGQIYeuFvqize6yIkkBVEZsrtd7fEtpzrIwH8cxGB1JLVdxkLC4u2VDKWTVk6_73JlGplb9bI8eRCd0HNsBsOJLqyZLQg4WKH2FYZmfTsihvsb7F6U""]",mobile_app,"{""sublocality"": ""Dharavi"", ""formattedAddress"": ""Gold Filled Tower, Budhiram Seth Chawl, Kala Qila, Dharavi, Mumbai, Maharashtra 400017, India""}",2025-08-01T10:35:39.861Z,{},gold filled tower,"Gold Filled Tower, Budhiram Seth Chawl, Kala Qila, Dharavi, Mumbai, Maharashtra 400017, India",7b2961d2-15c5-4077-ba3a-803583d8747f,dbd220b2-fbfd-4eca-bd9d-a8932c2b9ff1,NA,2999.0,2025-08-26T10:43:14.362Z,2026-10-11T18:29:00Z,0,assigned_c7b1e8b577b1ec504ac98e0eea696381,eab965a9-9117-4d7e-aa07-d7ded0903ca5,ACTIVE,,razorpay,,"{""discount"": ""58.34%"", ""isNewPlan"": false, ""pricePaid"": 2999, ""trialDays"": 30, ""toyProgram"": ""-"", ""planSavings"": 4200, ""planVersion"": ""v2"", ""trialAmount"": 499, ""trialApplied"": false, ""memberShipFees"": 0, ""bonusDeliveries"": 14, ""deliveryCharges"": 100, ""damageWaiverFees"": 999, ""refundableDeposit"": 0, ""memberShipFeesPaid"": 0, ""effectiveCostPerMonth"": 250, ""membershipFeesApplied"": false, ""refundableDepositPaid"": 0, ""planPriceDiscountAdmin"": 0, ""securityDepositApplied"": false, ""totalKeepCountPerMonth"": 3, ""damageWaiverFeesApplied"": true, ""isUnlimitedFreeDelivery"": false, ""membershipDiscountAdmin"": 0, ""totalFreeDeliveryPerMonth"": 5, ""actualChargesForMemberShipFees"": 0, ""refundableDepositDiscountAdmin"": 0, ""actualChargesForSecurityDeposit"": 0, ""actualChargesForDamageWaiverFees"": 999}",ASSIGNED,2025-08-26T10:43:26.097Z,2026-08-07T09:12:05.483Z,,"{""note"": ""With damage waiver 4000 paid"", ""amount"": 2999, ""gstApplied"": true, ""gstPercentage"": 18, ""membershipData"": {""amount"": 0, ""isMembershipFee"": true}, ""userTrialApplied"": false, ""isTrialPeriodExpired"": true, ""userDamageWaiverFeesApplied"": true}",,,,,,{},[],{},2026-10-11T23:59:00
f7fa437d-8691-468e-88ed-8408e3e278cf,UR142898,virat,Dangi,shailendra.dangi651@gmail.com,,,MALE,"[""USER""]",true,true,false,"A/1/91 madhuvan row house,k.k Nagar road, Ghatlodia ahmedabad",in fornt hp petrol pump nearby amul garden,Ahmedabad,Gujarat,5f8efda8-345a-4a18-aadf-613e37716c74,9039971794,,,,,STRIPE,IST,gL5FBeYiFCyvh3fZcYRxUf/A9Pa+LC++04v3aZXIyyBZJ1I/tqiAMHLbrqScgyWkdZg8oH4nZJUkh1faRgzv4VM8h00aBVammFRbXBNykEDDwlfIR/Cn5pdNxvfZz8YDuL3gUuiG5SDhmiWr9G7F1/ibTOskn/Rm5PsmoXGr/o8oMOLi9+V3mKBNE8ywp5ZeWCYLitN+GKmA5wxtozKvJqx6IIGXpbRHiwj5jsa6Jkc=,2025-07-27T15:00:34.793Z,2026-07-31T11:15:29.715Z,,,0101000020E6100000B6C590F7852352400437F7FCD5123740,"{""intercomId"": ""68863f18da4c5c343cde5dd3"", ""isElefantUser"": true, ""leadSquaredData"": {""Id"": ""4013f0d5-f78a-4d03-a111-507193561414"", ""IsCreated"": true, ""RelatedId"": ""de0a4037-6aed-4f41-96c8-f7133ca51965""}, ""declineSubscriptionReason"": ""Others""}",0B9797DD,,,0.0,"{""toy"": {""ageGroupIds"": [""654f486a-c1ba-4416-90ad-77086657f936"", ""e1f855a6-aab7-453b-b31c-3b6e7b780df8""], ""facilitateIds"": [""71c80e25-7977-431b-b4c2-2690f4f2cb3b"", ""c1973eeb-659b-4437-937e-ee13da726409"", ""113918f6-5817-4d32-b08a-817d37632afe"", ""374dd494-43c5-42c4-a402-4e95d852c4f3"", ""1887eda2-b087-4b40-be12-81cef8de3fd4"", ""09a5daf1-597a-42f9-b1fb-67820662a5fd"", ""3001c6eb-2e0c-46f4-96de-dcd428357b8c"", ""8232ab6d-aaf3-447a-b6df-e3f7add2c1a0"", ""e59ac003-e56c-4fd4-b4a7-6d900b054c7f"", ""72d52938-cbf8-48d6-911e-95f7d9c00a22""]}}",,"{""profile"": ""COMPLETED"", ""childProfile"": ""COMPLETED"", ""onboardingScreen"": ""COMPLETED""}",[],mobile_app,"{""sublocality"": ""Nirnay Nagar"", ""formattedAddress"": ""Shop no.3 madhuvan ro-house, KK Nagar Rd, nr. Amul garden, Ghatlodiya, Nirnay Nagar, Ahmedabad, Gujarat 380061, India""}",,{},,,28327bd2-2b29-4b09-b6d8-79f99f1d4c82,f7fa437d-8691-468e-88ed-8408e3e278cf,NA,2999.0,2025-09-10T13:17:17.074Z,2026-10-10T18:29:59.999Z,0,assigned_643544b2c293245ce94c648622e37770,eab965a9-9117-4d7e-aa07-d7ded0903ca5,ACTIVE,,upi,,"{""discount"": ""58.34%"", ""isNewPlan"": false, ""pricePaid"": 2999, ""trialDays"": 30, ""toyProgram"": ""-"", ""planSavings"": 4200, ""planVersion"": ""v2"", ""trialAmount"": 499, ""trialApplied"": false, ""memberShipFees"": 0, ""bonusDeliveries"": 14, ""deliveryCharges"": 100, ""damageWaiverFees"": 999, ""refundableDeposit"": 0, ""memberShipFeesPaid"": 0, ""effectiveCostPerMonth"": 250, ""membershipFeesApplied"": false, ""refundableDepositPaid"": 0, ""planPriceDiscountAdmin"": 0, ""securityDepositApplied"": false, ""totalKeepCountPerMonth"": 3, ""damageWaiverFeesApplied"": true, ""isUnlimitedFreeDelivery"": false, ""membershipDiscountAdmin"": 0, ""totalFreeDeliveryPerMonth"": 0, ""actualChargesForMemberShipFees"": 0, ""refundableDepositDiscountAdmin"": 0, ""actualChargesForSecurityDeposit"": 0, ""actualChargesForDamageWaiverFees"": 999}",ASSIGNED,2025-09-10T13:17:21.888Z,2025-09-30T12:47:35.576Z,,"{""note"": ""4000 paid"", ""amount"": 2999, ""gstApplied"": true, ""gstPercentage"": 18, ""membershipData"": {""amount"": 0, ""isMembershipFee"": true}, ""userTrialApplied"": false, ""isTrialPeriodExpired"": true, ""userDamageWaiverFeesApplied"": true}",,,,,,{},[],{},2026-10-10T23:59:59.999
65df88bd-0b19-442d-bd99-cbe2e7b093d6,UR184749,Arihant,Ashok kumar,aaru994@gmail.com,,,MALE,"[""USER""]",true,true,false,"5/2, Cross road, New washermenpet",opposite to PK Enterprises,Chennai,Tamil Nadu,ba96f74f-b04c-4045-a1d5-b1878ed92465,9043262229,,,,,STRIPE,IST,gL5FBeYiFCyvh3fZcYRxUf/A9Pa+LC++04v3aZXIyyBZJ1I/tqiAMHLbrqScgyWkCBcWclBSQ0F220pZLUJaiQ4MmMg4t+O88Xl9Gc94cEXzmp47yBGAEYMEozjzZls/nZJ5fLHw5eUEP4XzIl5HZBmyDs1JeE3+/Opr2iMTQrg87JhfLw9a4N9zo7i6r7xDKH6GVqXKpcUpDxslWlg3F1R1NdPYPx26yAuYTZLzhOg=,2025-10-11T15:53:06.69Z,2026-02-27T17:59:31.639Z,,,0101000020E6100000FC940B3DC31254406BA08F6C02472A40,"{""intercomId"": ""68ea7d68b3b13fb8a3135c6d"", ""leadSquaredData"": {""Id"": ""285c7375-517e-4ff3-9286-2913b4cb72ee"", ""IsCreated"": true, ""RelatedId"": ""033eb9b7-a640-4607-ba0e-c29a8c646b74""}}",215E5E19,,,0.0,{},,"{""profile"": ""COMPLETED"", ""childProfile"": ""COMPLETED"", ""onboardingScreen"": ""COMPLETED""}","[""e14a0sKPhEUIqp-dZAoZ-X:APA91bFGO0BIEQSLp4kqBapRKrC7D1IfuN9w1_Gj1DxDwlWuGsyzMFxsW_VRfDJlJB91XQzxlPJZLtc1DCUSCQSrCWZdjvXIXaFhL2oJ0r7nKRQ3V6fsKtk"" ""emQ-latyoUGmmU1_FgHWo3:APA91bEs5Ow5sJjaTn1y4ydn5ree7uM4j0a2DHn-NERQD4nn30r2QR2CFLC-Nta8E4Z1VH8_kXVIHphT-E3BaVHVQ3kKUHhKX4eufvFzUHvI8qGU2BR8BHg"" ""dcKXqxlp9ELpk6sW0FwSbv:APA91bFqy58p9GjTpNDrT0I1Vs14wII2MKrQ4xAdgh45k7WzZrzwa0PZoIb0SIYs8MQQ2_BB7eqxrSt-FqDjvVn-T6oGE1mR7-m9ToCEe4j4bnaXoKu9YkY"" ""d1wEwZGW5k-Gm_8XYqabmq:APA91bEwKErzAz1UVquO38pK-WPbyodBCp149Df4v5WU_xr2GcYAmYVQcOUc5Ahf-cT35FpEm5rtLn-F-ySzpWmyO3aRkZWxOYBTApyISti5kYFXyPFJVCo"" ""cePI4Ah-40_aqAGtknboJi:APA91bGlbPrFXjmReaNWkHO1atNLIn83zamlRykNv2pDeI9MjKm6EslDysr5WDpmufvXZiTZ42LKo-oRQYQiPZBNPaDeJpH8JDixEBHOUTs-iaORvujzoN4""]",mobile_app,"{""sublocality"": ""Tondiarpet"", ""formattedAddress"": ""3/1, Cross Rd, Thangal, Lic Colony, New Washermenpet, Tondiarpet, Chennai, Tamil Nadu 600081, India""}",,{},,,1dcf038f-2b5a-421a-840d-9e4848d8c35d,65df88bd-0b19-442d-bd99-cbe2e7b093d6,,2999.0,2025-10-13T09:42:11Z,2026-10-13T09:42:11Z,0,gift_card_321c8fd195f0d4f4cfd75b33d3873e13,eab965a9-9117-4d7e-aa07-d7ded0903ca5,ACTIVE,,,,"{""discount"": ""58.34%"", ""isNewPlan"": false, ""trialDays"": 30, ""toyProgram"": ""-"", ""planSavings"": 4200, ""planVersion"": ""v2"", ""trialAmount"": 499, ""trialApplied"": false, ""memberShipFees"": 0, ""bonusDeliveries"": 14, ""deliveryCharges"": 100, ""damageWaiverFees"": 999, ""refundableDeposit"": 0, ""effectiveCostPerMonth"": 250, ""membershipFeesApplied"": false, ""securityDepositApplied"": false, ""totalKeepCountPerMonth"": 3, ""damageWaiverFeesApplied"": true, ""isUnlimitedFreeDelivery"": false, ""totalFreeDeliveryPerMonth"": 1, ""actualChargesForMemberShipFees"": 0, ""actualChargesForSecurityDeposit"": 0, ""actualChargesForDamageWaiverFees"": 999}",GIFT_CARD,2025-10-13T09:42:11.743Z,2026-01-05T08:44:37.427Z,,"{""giftCardId"": ""f256debb-360b-4759-a6e0-fb6861c176bc"", ""gstApplied"": true, ""gstPercentage"": 18, ""userTrialApplied"": false, ""isTrialPeriodExpired"": true, ""userDamageWaiverFeesApplied"": true}",,,,,,{},[],{},2026-10-13T15:12:11
04b9404b-5502-448e-a737-82c3211243a8,UR185015,,,,,,,"[""USER""]",true,true,false,305 Mahaganpati tower,bakery galli,Thane,Maharashtra,2b8dc950-f814-4821-8b5e-50e7de82a236,9137367512,,,,,STRIPE,IST,gL5FBeYiFCyvh3fZcYRxUf/A9Pa+LC++04v3aZXIyyBZJ1I/tqiAMHLbrqScgyWkjdvikYQR//MN1+BXHbBXbPg633pzY0adRLTqg60iiovxHIm5VToYxa4m5UBAOgLeKuSqutEQR/8gvL3Rn/ZvP0DzdAhTWp+XQfdZHiHP2LNVN5ZXdsQQP+PFh2ogxEkcRsf/SI522kmep3FQZv8iQ2SDqeTSGf5vs0Hypgmh2to=,2025-10-12T09:22:36.47Z,2026-07-18T07:23:33.24Z,,,01010000006A807797303652407CD058A0824C3340,"{""intercomId"": ""68eb73629274814acf65ff05"", ""isElefantUser"": true, ""leadSquaredData"": {""Id"": ""952ed2c8-1297-4db8-b9f0-41bd39320915"", ""IsCreated"": true, ""RelatedId"": ""c44f583a-dbfe-4510-906a-a6c528c8c503""}, ""declineSubscriptionReason"": ""Others""}",D26E9BDB,,,0.0,{},,"{""profile"": ""COMPLETED"", ""childProfile"": ""COMPLETED"", ""onboardingScreen"": ""COMPLETED""}",[],mobile_app,"{""sublocality"": ""Bhayandar West"", ""formattedAddress"": ""Mahaganapati Tower, Bhayandar, Chandmal Nagar, Bhayandar West, Mira Bhayandar, Maharashtra 401101, India""}",,{},,,e932eb79-8460-4b93-8fdb-4786a1d75d89,04b9404b-5502-448e-a737-82c3211243a8,,2999.0,2025-10-12T10:13:33.661Z,2026-10-12T10:13:33Z,0,assigned_593f18446c09a9699c5753a69fc3076e,eab965a9-9117-4d7e-aa07-d7ded0903ca5,ACTIVE,,cash,,"{""discount"": ""58.34%"", ""isNewPlan"": false, ""pricePaid"": 2999, ""trialDays"": 30, ""toyProgram"": ""-"", ""planSavings"": 4200, ""planVersion"": ""v2"", ""trialAmount"": 499, ""trialApplied"": false, ""memberShipFees"": 0, ""bonusDeliveries"": 14, ""deliveryCharges"": 100, ""damageWaiverFees"": 999, ""refundableDeposit"": 0, ""memberShipFeesPaid"": 0, ""effectiveCostPerMonth"": 250, ""membershipFeesApplied"": false, ""refundableDepositPaid"": 0, ""planPriceDiscountAdmin"": 0, ""securityDepositApplied"": false, ""totalKeepCountPerMonth"": 3, ""damageWaiverFeesApplied"": true, ""isUnlimitedFreeDelivery"": false, ""membershipDiscountAdmin"": 0, ""totalFreeDeliveryPerMonth"": 0, ""actualChargesForMemberShipFees"": 0, ""refundableDepositDiscountAdmin"": 0, ""actualChargesForSecurityDeposit"": 0, ""actualChargesForDamageWaiverFees"": 999}",ASSIGNED,2025-10-12T10:13:40.73Z,2025-10-12T10:13:40.73Z,,"{""note"": ""Paid 4000"", ""amount"": 2999, ""gstApplied"": true, ""gstPercentage"": 18, ""membershipData"": {""amount"": 0, ""isMembershipFee"": true}, ""userTrialApplied"": false, ""isTrialPeriodExpired"": true, ""userDamageWaiverFeesApplied"": true}",,,,,,{},[],{},2026-10-12T15:43:33
6497a67b-c389-4cb2-8eda-559b19501b8a,UR185046,,,,,,,"[""USER""]",true,true,false,,,Thane,Maharashtra,4725a235-02b6-48c3-b9ef-8232e1401e99,9137877436,,,,,STRIPE,IST,gL5FBeYiFCyvh3fZcYRxUf/A9Pa+LC++04v3aZXIyyBZJ1I/tqiAMHLbrqScgyWkVir5hF7lol91fDSa4oorZiZu743NOnaZ8IrfHalg9m5sZpQiuD19GZARJfUtW7rYeEMHGWrjlPqm386HBxYpVNTTJU61ThwuFX1jcwA8JhMpjQFHUjlOrAbTlCGuyYN/cWyrYYqGi43cQfRCGwSvUJem9VGrpHzu3bQoIzXRqzQ=,2025-10-12T10:39:29.808Z,2025-11-14T03:33:20.087Z,,,0101000020E61000006DEFBECEBD3F524067BCCB6150113340,"{""intercomId"": ""68eb856794ebadf6c92e1534"", ""leadSquaredData"": {""Id"": ""5423fec4-de55-4078-af47-82cdc1f905be"", ""IsCreated"": true, ""RelatedId"": ""f2294112-2670-458a-8fc5-6c89ab5b701b""}}",7EFFD589,,,0.0,{},,"{""profile"": ""COMPLETED"", ""childProfile"": ""COMPLETED"", ""onboardingScreen"": ""COMPLETED""}","[""f7teaEl29UjGlCAgFItVoL:APA91bG8kv8wurnDkxM1_2z6fuqCzxUDC0ANnq81ijQXr0LjQ_9EZ8iSIzFBmB9Zrqnluib5Oejf1-Yzw9c5XWCI5prKGSfkq0RYtg42OS8X4ZhUST3lPWA""]",mobile_app,"{""sublocality"": ""Vashi"", ""formattedAddress"": ""Cidco Exhibition And Convention Centre, 12, Sector 30, Vashi, Navi Mumbai, Maharashtra 400703, India""}",,{},,,b38c8ca2-e663-42a9-839f-a0443ae0549b,6497a67b-c389-4cb2-8eda-559b19501b8a,9137877436,2999.0,2025-10-12T10:54:25.969Z,2026-10-12T10:54:25Z,0,assigned_5af4ed25fc72726b0fa2cc122cda3d71,eab965a9-9117-4d7e-aa07-d7ded0903ca5,ACTIVE,,upi,,"{""discount"": ""58.34%"", ""isNewPlan"": false, ""pricePaid"": 2999, ""trialDays"": 30, ""toyProgram"": ""-"", ""planSavings"": 4200, ""planVersion"": ""v2"", ""trialAmount"": 499, ""trialApplied"": false, ""memberShipFees"": 0, ""bonusDeliveries"": 14, ""deliveryCharges"": 100, ""damageWaiverFees"": 999, ""refundableDeposit"": 0, ""memberShipFeesPaid"": 0, ""effectiveCostPerMonth"": 250, ""membershipFeesApplied"": false, ""refundableDepositPaid"": 0, ""planPriceDiscountAdmin"": 0, ""securityDepositApplied"": false, ""totalKeepCountPerMonth"": 3, ""damageWaiverFeesApplied"": true, ""isUnlimitedFreeDelivery"": false, ""membershipDiscountAdmin"": 0, ""totalFreeDeliveryPerMonth"": 0, ""actualChargesForMemberShipFees"": 0, ""refundableDepositDiscountAdmin"": 0, ""actualChargesForSecurityDeposit"": 0, ""actualChargesForDamageWaiverFees"": 999}",ASSIGNED,2025-10-12T10:54:28.836Z,2025-10-12T10:54:28.836Z,,"{""amount"": 2999, ""gstApplied"": true, ""gstPercentage"": 18, ""membershipData"": {""amount"": 0, ""isMembershipFee"": true}, ""userTrialApplied"": false, ""isTrialPeriodExpired"": true, ""userDamageWaiverFeesApplied"": true}",,,,,,{},[],{},2026-10-12T16:24:25
c4702dd1-633b-41a7-957a-7c181f27848f,UR255624,Rishika,Gaikwad,rrishikas@gmail.com,,,FEMALE,"[""USER""]",true,true,false,"F/504, Veena Beena Apts",Sewri,Mumbai,Maharashtra,fa94336a-6461-4636-80ab-35411721fb9e,9167717853,,,,,STRIPE,IST,gL5FBeYiFCyvh3fZcYRxUf/A9Pa+LC++04v3aZXIyyBZJ1I/tqiAMHLbrqScgyWk4YPhjNv8/CgEsVkyfjWbQtc+p7PNAB/avgWWfyBOVh6jzOTCSgwYYYTgNqPXGa8TVWDSVe+0Hy5F+RWKYTqxfkrqL4niHN+IoZRI+aAXu3BupiMPNsvwszQJGi4OZmHEqq9Z0YYrhqG+4qAgCo5y8OKbLDe+WfBZjSujRYedw+A=,2026-05-02T13:54:19.041Z,2026-09-21T23:16:05.424Z,,,0101000020E6100000B6566AACB3365240641E9ECA0EFE3240,"{""intercomId"": ""69f602107cb3af65633b5a35"", ""isElefantUser"": true, ""isQuestionAnswereOnBoardCompleted"": true}",5322FE8E,,,0.0,{},,"{""profile"": ""COMPLETED"", ""onboardingScreen"": ""COMPLETED""}","[""cho25mxAYE6CkA7kUHMmj9:APA91bHz5JseLtvHSFHaNx1klkrIBROwvRL6uV8i3727UVXCUbj0za0_5dERWKUQIi3AszuBfok84G0zT_cCxiDWJBnI-ZIlSFi77f0xOSCoSSNAExt5W70""]",,"{""sublocality"": ""Sewri"", ""formattedAddress"": ""XVR3+XV8, Sewri, Mumbai, Maharashtra 400015, India""}",,"{""Q1"": ""0_2"", ""Q2"": ""less_1hr"", ""Q3"": ""0_5"", ""Q4"": ""imaginative"", ""Q6"": ""Namaha""}",A.D marg,"Sewri, Mumbai, Maharashtra, India",c893d038-e82d-4fed-821a-c1066f2cba83,c4702dd1-633b-41a7-957a-7c181f27848f,,4497.0,2026-05-14T03:46:04Z,2026-10-13T18:29:00Z,0,order_Sp6IIpJz6V0NLM,fb78986a-f47a-49e7-bf6a-5850cfe308ca,ACTIVE,,upi,,"{""discount"": ""25%"", ""isNewPlan"": false, ""trialDays"": 30, ""toyProgram"": ""-"", ""planSavings"": 3597, ""planVersion"": ""v2"", ""trialAmount"": 99, ""trialApplied"": false, ""memberShipFees"": 0, ""bonusDeliveries"": 0, ""deliveryCharges"": 100, ""sameDayDelivery"": true, ""damageWaiverFees"": 999, ""maxBigToyAllowed"": 1, ""refundableDeposit"": 0, ""moneyBackGuarantee"": 30, ""effectiveCostPerMonth"": 1499, ""membershipFeesApplied"": false, ""securityDepositApplied"": false, ""totalKeepCountPerMonth"": 3, ""damageWaiverFeesApplied"": true, ""isUnlimitedFreeDelivery"": false, ""maxToyHoldingValueAllowed"": 35000, ""totalFreeDeliveryPerMonth"": 13, ""actualChargesForMemberShipFees"": 0, ""actualChargesForSecurityDeposit"": 0, ""actualChargesForDamageWaiverFees"": 999}",ONE_TIME,2026-05-14T03:45:38.06Z,2026-07-15T06:07:24.175Z,4f267a61-b236-4cae-9056-84c7761efeb6,"{""deviceType"": ""MOBILE"", ""gstApplied"": true, ""promoCodeId"": ""payment_provider_03519e3c3491068f82b440bd564c6d42"", ""paymentNotes"": {""userId"": ""c4702dd1-633b-41a7-957a-7c181f27848f"", ""subscriptionType"": ""ONE_TIME"", ""subscriptionPlanId"": ""fb78986a-f47a-49e7-bf6a-5850cfe308ca""}, ""gstPercentage"": 18, ""membershipData"": {""amount"": 0, ""isMembershipFee"": true}, ""isRecurringInit"": false, ""paymentProvider"": ""RAZOR_PAY"", ""userTrialApplied"": false, ""securityDepositData"": {""securityDepositApplied"": false}, ""isTrialPeriodExpired"": true, ""merchantTransactionId"": ""order_Sp6IIpJz6V0NLM"", ""userDamageWaiverFeesApplied"": true}",,,,,,{},[],"{""couponId"": ""4f267a61-b236-4cae-9056-84c7761efeb6"", ""couponAppliedStatus"": ""PENDING"", ""isCouponAppliedOnSubscriptionRenew"": false}",2026-10-13T23:59:00
5437fdfc-5757-4654-ba09-470468a7ee05,UR21834,ISHA,REKH,isharekh16@gmail.com,,,FEMALE,"[""USER""]",true,true,false,"41 BALLESHWAR HOMES, BH VIVA FARM,","NEAR LALGEBI CIRCLE, HATHIJAN,",Ahmedabad,Gujarat,2cd1f8e9-1618-4db6-9702-aa441a5d6121,9328821986,,,,,STRIPE,IST,gL5FBeYiFCyvh3fZcYRxUf/A9Pa+LC++04v3aZXIyyBZJ1I/tqiAMHLbrqScgyWkZub84HE3IYGaO3IqK4qHMem5IqngYvNKNScGljMA1fi280QweZL+Kyllk/w/kNCx3e1yMHTBCY7zBkk2hrLgaa7NfuTcYwbtTHLX2ImuzxuIX0S65uonm1/lXCNfSW1HhR87/lJGlmfirwKrktKQFRHeU6xn3GmiVSYmyXpQxeA=,2024-08-24T18:26:29.177Z,2025-01-31T11:59:44.941Z,,,0101000020E61000006D6FB724072A52408F6CAE9AE7F43640,"{""intercomId"": ""6720c6848f888745c76f9a31"", ""leadSquaredData"": {""Id"": """", ""IsCreated"": true, ""RelatedId"": ""4f73262f-01a8-473f-b663-7668f67b5720""}}",04B50238,,,0.0,"{""toy"": {""ageGroupIds"": [""3ec41945-5b70-49aa-880d-e37bda8befbb""], ""facilitateIds"": []}}",,"{""profile"": ""COMPLETED"", ""childProfile"": ""COMPLETED"", ""onboardingScreen"": ""COMPLETED""}",[],,"{""formattedAddress"": ""Office, Anand Niketan School Maninagar Campus, Badodara, Ahmedabad, Gujarat 382435, India""}",,{},,,5eb2ff02-d529-4e44-a678-f8a9ad0d127b,5437fdfc-5757-4654-ba09-470468a7ee05,NA,9999.0,2025-10-14T12:28:45.508Z,2026-10-14T12:28:45Z,0,assigned_70f4d1ed91bb3ca1a5e9377ec7d61a35,1d0e4dd6-644c-4e58-9553-294c46814ae8,ACTIVE,,razorpay,,"{""discount"": ""25%"", ""isNewPlan"": false, ""pricePaid"": 8000, ""trialDays"": 30, ""toyProgram"": ""-"", ""planSavings"": 3597, ""planVersion"": ""v2"", ""trialAmount"": 99, ""trialApplied"": false, ""memberShipFees"": 0, ""bonusDeliveries"": 0, ""deliveryCharges"": 100, ""damageWaiverFees"": 999, ""refundableDeposit"": 0, ""memberShipFeesPaid"": 0, ""effectiveCostPerMonth"": 833, ""membershipFeesApplied"": false, ""refundableDepositPaid"": 0, ""planPriceDiscountAdmin"": 1999, ""securityDepositApplied"": false, ""totalKeepCountPerMonth"": 3, ""damageWaiverFeesApplied"": true, ""isUnlimitedFreeDelivery"": true, ""membershipDiscountAdmin"": 0, ""totalFreeDeliveryPerMonth"": 3, ""actualChargesForMemberShipFees"": 0, ""refundableDepositDiscountAdmin"": 0, ""actualChargesForSecurityDeposit"": 0, ""actualChargesForDamageWaiverFees"": 999}",ASSIGNED,2025-10-14T12:28:52.289Z,2025-10-14T12:28:52.289Z,,"{""note"": ""8000 paid"", ""amount"": 8000, ""gstApplied"": true, ""gstPercentage"": 18, ""membershipData"": {""amount"": 0, ""isMembershipFee"": true}, ""userTrialApplied"": false, ""isTrialPeriodExpired"": true, ""userDamageWaiverFeesApplied"": true}",,,,,,{},[],{},2026-10-14T17:58:45
72455565-c42c-410f-a1c3-31f9b5f82e02,UR223286,DIVYA,Dubey,dhvyadubey029@gmail.com,,,,"[""USER""]",true,true,false,"Flat No 3C, Third floor, Shree Surya Sadan Apartment, New No 26, Deiva Sigamani Street, Lakshmipuram, Royapettah, Chennai 600014",Royapettah,Chennai,Tamil Nadu,546f625b-ccc7-49c6-b782-c53d98439eeb,9335801410,,,,,STRIPE,IST,gL5FBeYiFCyvh3fZcYRxUf/A9Pa+LC++04v3aZXIyyBZJ1I/tqiAMHLbrqScgyWkNHnP4lOAx+64OOUJwBZuIJXYaMDfvMVRPzqzzT4eWZobpgMLskJF9VnfQwa2OiCIjP0wkLoOsjjCoQuBHcLk/dDL/XX/Oof1wvvnOfb9vrYRIE3d+Fyz/+jw+o5TIySHN0ODzoAm+HlQwkYClH9VEz1gtjcv9P6k8GBp/xxgg28=,2026-04-12T12:33:52.942Z,2026-10-09T23:15:57.707Z,,,0101000020E61000006D4DDB84BD1054403AE097F848182A40,"{""intercomId"": ""69db913650b2b4ccee97712f"", ""isElefantUser"": true, ""hasToyHoldingMismatch"": true, ""holdingFullBannerClosedAt"": ""2026-09-08T04:52:59.604Z""}",B5A79011,,,0.0,{},,"{""profile"": ""COMPLETED"", ""childProfile"": ""COMPLETED"", ""onboardingScreen"": ""COMPLETED""}","[""fkb8rzbTc01tmvFnZeEXiP:APA91bGcfRiCkglI6F_1hRx88GC-JnvmYw6gW3YXYyXbMURGcSe794nplsmCcZ4fVp_8ljMDqzcvf4BAIZvNsMbJGs4soABgKf7j99GmUOs0ppXcguKXD-A"" ""d8V4P0rnK0UzuQLuPHNJEC:APA91bE5UcHfug_4aGOtQ2vH_AS0IjHnp1VTUH0SKl0GS0iA3mewNoazlXbdR8Tp5uqcBTE4Eb_FyEOCV7QptCdy57gdLNkMeSJklJEHPp6PGfzW7Pd42xQ""]",,"{""sublocality"": ""Royapettah"", ""formattedAddress"": ""Shree Surya Sadhan, 24, Lakshmipuram, Royapettah, Chennai, Tamil Nadu 600014, India""}",2026-07-05T03:11:53.665Z,"{""Q1"": ""0_2"", ""Q3"": ""0_5""}",deiva sigamani street,"Lakshmipuram, Chennai, Tamil Nadu, India",eca2873a-140f-4e34-bd3b-1c0b3fe87092,72455565-c42c-410f-a1c3-31f9b5f82e02,,5997.0,2026-07-14T07:48:59Z,2026-10-14T07:48:59Z,0,order_TBR0mo8HfmdsBv,03e58770-76d5-4434-9934-ea1d64e4096f,ACTIVE,,upi,,"{""discount"": ""25%"", ""isNewPlan"": false, ""trialDays"": 30, ""toyProgram"": ""-"", ""planSavings"": 3597, ""planVersion"": ""v2"", ""trialAmount"": 99, ""trialApplied"": false, ""memberShipFees"": 0, ""bonusDeliveries"": 0, ""deliveryCharges"": 100, ""sameDayDelivery"": true, ""damageWaiverFees"": 999, ""maxBigToyAllowed"": 1, ""refundableDeposit"": 0, ""moneyBackGuarantee"": 30, ""effectiveCostPerMonth"": 1999, ""membershipFeesApplied"": false, ""securityDepositApplied"": false, ""totalKeepCountPerMonth"": 3, ""damageWaiverFeesApplied"": true, ""isUnlimitedFreeDelivery"": false, ""maxToyHoldingValueAllowed"": 35000, ""totalFreeDeliveryPerMonth"": 12, ""actualChargesForMemberShipFees"": 0, ""actualChargesForSecurityDeposit"": 0, ""actualChargesForDamageWaiverFees"": 999}",ONE_TIME,2026-07-09T14:19:39.366Z,2026-07-14T07:48:59.485Z,c28b3b76-4294-4afa-b5d8-290e17cb5c1e,"{""deviceType"": ""MOBILE"", ""gstApplied"": true, ""promoCodeId"": ""payment_provider_4e8e8a3c3b9353b77a614ad70ffc2bae"", ""paymentNotes"": {""userId"": ""72455565-c42c-410f-a1c3-31f9b5f82e02"", ""subscriptionType"": ""ONE_TIME"", ""subscriptionPlanId"": ""03e58770-76d5-4434-9934-ea1d64e4096f""}, ""gstPercentage"": 18, ""membershipData"": {""amount"": 0, ""isMembershipFee"": true}, ""isRecurringInit"": false, ""paymentProvider"": ""RAZOR_PAY"", ""userTrialApplied"": false, ""securityDepositData"": {""securityDepositApplied"": false}, ""isTrialPeriodExpired"": true, ""merchantTransactionId"": ""order_TBR0mo8HfmdsBv"", ""userDamageWaiverFeesApplied"": true}",,,,,,{},[],"{""couponId"": ""c28b3b76-4294-4afa-b5d8-290e17cb5c1e"", ""couponAppliedStatus"": ""PENDING"", ""isCouponAppliedOnSubscriptionRenew"": false}",2026-10-14T13:18:59
f923ea87-9d02-4684-a8c6-b9577c028ece,UR196798,,,,,,,"[""USER""]",true,true,false,"B1101, Kumar Peninsula",Baner Pashan link road,Pune,Maharashtra,935ab5d8-badb-4f78-9850-96ee69b73d61,9422210128,,,,,STRIPE,IST,gL5FBeYiFCyvh3fZcYRxUf/A9Pa+LC++04v3aZXIyyBZJ1I/tqiAMHLbrqScgyWkitAoauWq/R6EeHs9hVGX64xWKi5Q4OH6uNjceIT9aXrxxvjLlZ7DZbP6TM/imc5I/nHCt6gDwCbqnEizEuaNN1rZY2r9pebhZEe6BoK54DYNviHmqPStjMSr2l8pwggghvGiJ2dEKPZ7GV5yt2Zl7n4yWR9yuRev7C3z9P9vxJ8=,2025-11-17T16:12:48.192Z,2025-11-18T05:20:28.685Z,,,0101000000FBF8113D827252401A916227CB8C3240,"{""intercomId"": ""691b49854fb42ac1a28d4ba0"", ""leadSquaredData"": {""Id"": ""c590fc0b-152f-49c8-9b1c-25f7944f6f73"", ""IsCreated"": true, ""RelatedId"": ""ff005505-c7a2-43ac-b67d-57757f0bc272""}}",A6E2DE08,,,0.0,{},,"{""profile"": ""COMPLETED"", ""childProfile"": ""COMPLETED"", ""onboardingScreen"": ""COMPLETED""}","[""dynydUEq9EH7l10lPsRZ2k:APA91bEz4DPU9NhOg7J1-7y1k8m2_DqwpAIQIfbo3K0nVESTrTAASfzLiH25Vksn_0UhtWtWCUvyTZh_mBEuNmJcQxaXIAy8bZ9cl2INSl6yHDHxWnBIH2o""]",mobile_app,"{""sublocality"": ""Pashan"", ""formattedAddress"": ""A-Building, Kumar Peninsula, Pashan, Pune, Maharashtra 411021, India""}",2025-11-17T16:20:21.77Z,{},,,3341b731-3c8d-4314-9380-f1e077f37cba,f923ea87-9d02-4684-a8c6-b9577c028ece,9422210128,8796.0,2025-10-12T17:09:25.308Z,2026-10-12T17:09:25Z,0,assigned_1dd69a5bb57683fabd8bc71d640d7a1e,7fefc54d-411e-472b-b5df-af9ba4c6bdc6,ACTIVE,,upi,,"{""discount"": ""25%"", ""isNewPlan"": false, ""pricePaid"": 8000, ""trialDays"": 30, ""toyProgram"": ""-"", ""planSavings"": 3597, ""planVersion"": ""v2"", ""trialAmount"": 99, ""trialApplied"": false, ""memberShipFees"": 0, ""bonusDeliveries"": 40, ""deliveryCharges"": 100, ""sameDayDelivery"": true, ""damageWaiverFees"": 999, ""maxBigToyAllowed"": 0, ""refundableDeposit"": 0, ""memberShipFeesPaid"": 0, ""moneyBackGuarantee"": 30, ""effectiveCostPerMonth"": 733, ""membershipFeesApplied"": false, ""refundableDepositPaid"": 0, ""planPriceDiscountAdmin"": 796, ""securityDepositApplied"": false, ""totalKeepCountPerMonth"": 3, ""damageWaiverFeesApplied"": true, ""isUnlimitedFreeDelivery"": false, ""membershipDiscountAdmin"": 0, ""maxToyHoldingValueAllowed"": 60000, ""totalFreeDeliveryPerMonth"": 0, ""actualChargesForMemberShipFees"": 0, ""refundableDepositDiscountAdmin"": 0, ""actualChargesForSecurityDeposit"": 0, ""actualChargesForDamageWaiverFees"": 999}",ASSIGNED,2025-11-17T17:09:32.281Z,2025-11-17T17:09:32.281Z,,"{""amount"": 8000, ""gstApplied"": true, ""gstPercentage"": 18, ""membershipData"": {""amount"": 0, ""isMembershipFee"": true}, ""userTrialApplied"": false, ""isTrialPeriodExpired"": true, ""userDamageWaiverFeesApplied"": true}",,,,,,{},[],{},2026-10-12T22:39:25
03d812e0-69f2-4318-875d-674e40041131,UR97866,Janki,Patel,jmpatel1207@gmail.com,,,FEMALE,"[""USER""]",true,true,false,"janki patel ,plot no 880/1,Sector 13-B","near Parijat flat, Gandhinagar",Gandhinagar,Gujarat,50de31ca-4212-4413-9069-e4d5d10019cd,9429525357,,,,,STRIPE,IST,gL5FBeYiFCyvh3fZcYRxUf/A9Pa+LC++04v3aZXIyyBZJ1I/tqiAMHLbrqScgyWkJ3cJqytnhlSImDsFqVNUQbYiJ48cj3ht4MPlf21HgwbQrNGn8dUPjoMFCi8kvxV0tETXJz3RH856wzNgaxH22OiSp4azHmX8bDA+6w9KxPdgOcRXmvUh5D4fNTq/5qKneAueR1QMIP+2tBuvOJHCnVNeweUeQEr4BnjNipKUu5M=,2025-05-03T08:40:44.197Z,2026-08-24T12:07:52.746Z,,,010100000075EF9705492852409327FF4932393740,"{""intercomId"": ""6815d6917c635c496357ad50"", ""leadSquaredData"": {""Id"": ""d946d9ab-f6d5-48c6-b3a5-3b624548b2d5"", ""IsCreated"": true, ""RelatedId"": ""5bcc6ef6-0527-49e7-a139-8e3eea5b3beb""}}",57B3C914,,,0.0,{},,"{""profile"": ""COMPLETED"", ""childProfile"": ""COMPLETED"", ""onboardingScreen"": ""COMPLETED""}",[],mobile_app,"{""sublocality"": ""Sector 13"", ""formattedAddress"": ""Block B, 880/1, Sector 13B, Sector 13, Gandhinagar, Gujarat 382016, India""}",2025-08-16T17:05:16.112Z,{},"near Parijat flat, Gandhinagar","Block B, 880/1, Sector 13B, Sector 13, Gandhinagar, Gujarat 382016, India",50197620-d8ea-4976-a14a-1bb814ef1eca,03d812e0-69f2-4318-875d-674e40041131,,9999.0,2025-08-20T15:42:57Z,2026-10-11T04:24:00Z,0,order_R7dprABZlvJwB4,1d0e4dd6-644c-4e58-9553-294c46814ae8,ACTIVE,,card,,"{""discount"": ""25%"", ""isNewPlan"": false, ""trialDays"": 30, ""toyProgram"": ""-"", ""planSavings"": 3597, ""planVersion"": ""v2"", ""trialAmount"": 99, ""trialApplied"": false, ""memberShipFees"": 0, ""bonusDeliveries"": 0, ""deliveryCharges"": 100, ""damageWaiverFees"": 999, ""refundableDeposit"": 0, ""effectiveCostPerMonth"": 833, ""membershipFeesApplied"": false, ""securityDepositApplied"": false, ""totalKeepCountPerMonth"": 3, ""damageWaiverFeesApplied"": true, ""isUnlimitedFreeDelivery"": true, ""totalFreeDeliveryPerMonth"": 3, ""actualChargesForMemberShipFees"": 0, ""actualChargesForSecurityDeposit"": 0, ""actualChargesForDamageWaiverFees"": 999}",PURCHASE,2025-08-20T15:40:06.653Z,2026-10-10T06:00:07.632Z,86b93b93-f4e0-4895-8411-a430caf35de3,"{""tokenId"": ""token_R7dsUyWTVwxgkt"", ""paymentId"": ""pay_Tm6BHmzcVAc3Hx"", ""deviceType"": ""MOBILE"", ""gstApplied"": true, ""promoCodeId"": ""promo_1ORWa9SFfhsdvgf3SV8Xyh1F"", ""paymentNotes"": {""userId"": ""03d812e0-69f2-4318-875d-674e40041131"", ""isRecurringPayment"": ""true"", ""subscriptionPlanId"": ""1d0e4dd6-644c-4e58-9553-294c46814ae8""}, ""gstPercentage"": 18, ""membershipData"": {""amount"": 0, ""isMembershipFee"": true}, ""isRecurringInit"": true, ""paymentProvider"": ""RAZOR_PAY"", ""userTrialApplied"": false, ""securityDepositData"": {""securityDepositApplied"": false}, ""isTrialPeriodExpired"": true, ""merchantTransactionId"": ""order_R7dprABZlvJwB4"", ""userDamageWaiverFeesApplied"": true}",,,,,,{},"[""{\""status\"": \""confirmed\"", \""createdAt\"": \""2025-08-20T15:42:59+00:00\""}""]","{""couponId"": ""86b93b93-f4e0-4895-8411-a430caf35de3"", ""couponAppliedStatus"": ""PENDING"", ""isCouponAppliedOnSubscriptionRenew"": false}",2026-10-11T09:54:00
2cbcb09c-53c8-4e38-84a3-3583d5f65e35,UR185134,,,,,,,"[""USER""]",true,true,false,"A-1401, Arvind Belair",GKVK U Turn,Bangalore Rural,Karnataka,18265550-140e-45f3-afb3-d18e839efa43,9462515213,,,,,STRIPE,IST,gL5FBeYiFCyvh3fZcYRxUf/A9Pa+LC++04v3aZXIyyBZJ1I/tqiAMHLbrqScgyWk2DY1DD9bC13nWon19zA2VBcKF4XqXB/ZC50U+Tl208BrdW8hyVwqJRI9bvRm2bDcj9ZOed+u6DM9ystlhLEiIpvu9QUlLKpR23O83bLIYikHsS5X/KpUOECc+pyRlu42nDGjipGYVQmD0m5gN/eUW80Hk3oJUy5ePwhrgMEqbsw=,2025-10-12T14:38:38.585Z,2025-10-13T07:18:47.417Z,,,0101000000673B4B35D863534046393D940D302A40,"{""intercomId"": ""68ebbd74ebb5a3a5413ee875"", ""leadSquaredData"": {""Id"": ""73099a7e-523b-4171-8e62-62b5e22b7c2a"", ""IsCreated"": true, ""RelatedId"": ""f7879d77-cf20-4d0e-9376-cb6279f179fe""}}",DCA7CBC3,,,0.0,{},,"{""profile"": ""COMPLETED"", ""childProfile"": ""COMPLETED"", ""onboardingScreen"": ""COMPLETED""}","[""ei4u8YTglEMBv6Y_xZ1J1K:APA91bFmIBSvCDsOlGgT8R4IFBFJoHlHM09cpdXHu1RJ4dXgvG8w52JX1vDkZsT92cxeVeNgJ5gk52a1XbegRtP4pEY5tAKx3Hg_j5_tskmMv8q5yKworH4""]",mobile_app,"{""sublocality"": ""Vidyaranyapura"", ""formattedAddress"": ""Arvind Bel Air, Arvind Bel Air, 20, Yelahanka Rd, Adityanagar, Vidyaranyapura, Bengaluru, Karnataka 560065, India""}",,{},,,f539a4b7-4270-49c7-88bc-35bcfedd277d,2cbcb09c-53c8-4e38-84a3-3583d5f65e35,9462515213,2999.0,2025-10-12T14:42:30.139Z,2026-10-12T14:42:30Z,0,assigned_f8ec8a9d269dcc5c1d2753da849fd5d4,eab965a9-9117-4d7e-aa07-d7ded0903ca5,ACTIVE,,upi,,"{""discount"": ""58.34%"", ""isNewPlan"": false, ""pricePaid"": 2999, ""trialDays"": 30, ""toyProgram"": ""-"", ""planSavings"": 4200, ""planVersion"": ""v2"", ""trialAmount"": 499, ""trialApplied"": false, ""memberShipFees"": 0, ""bonusDeliveries"": 14, ""deliveryCharges"": 100, ""damageWaiverFees"": 999, ""refundableDeposit"": 0, ""memberShipFeesPaid"": 0, ""effectiveCostPerMonth"": 250, ""membershipFeesApplied"": false, ""refundableDepositPaid"": 0, ""planPriceDiscountAdmin"": 0, ""securityDepositApplied"": false, ""totalKeepCountPerMonth"": 3, ""damageWaiverFeesApplied"": true, ""isUnlimitedFreeDelivery"": false, ""membershipDiscountAdmin"": 0, ""totalFreeDeliveryPerMonth"": 0, ""actualChargesForMemberShipFees"": 0, ""refundableDepositDiscountAdmin"": 0, ""actualChargesForSecurityDeposit"": 0, ""actualChargesForDamageWaiverFees"": 999}",ASSIGNED,2025-10-12T14:42:33.436Z,2025-10-12T14:42:33.436Z,,"{""amount"": 2999, ""gstApplied"": true, ""gstPercentage"": 18, ""membershipData"": {""amount"": 0, ""isMembershipFee"": true}, ""userTrialApplied"": false, ""isTrialPeriodExpired"": true, ""userDamageWaiverFeesApplied"": true}",,,,,,{},[],{},2026-10-12T20:12:30
f00306ad-2cc7-4b6d-809c-d9ab288a08af,UR184945,,,,,,,"[""USER""]",true,true,false,A103 TIRUPATI REGALIA PHASE 2 ANAND PARK ROAD,HAWALDAR MALA TINGRE NAGAR PUNE,Pune,Maharashtra,a17aca7f-ccc5-4805-a937-7dae7339765a,9545893702,,,,,STRIPE,IST,gL5FBeYiFCyvh3fZcYRxUf/A9Pa+LC++04v3aZXIyyBZJ1I/tqiAMHLbrqScgyWkYDjKXTa61qZ/eB57UpyxCIsXzygFZePOEqk+28GbonMR6HJfY2dpNBQ7oLj2xpUMnO20bO4ekSPBNsDx9uThyrH0VZ8vxKCACCDZHvr8hIdLOoQLhdikIFyr0Qx8C460g+l4FxKv2wPVcGQku3ffXeemUuDG5mGmdIkJBnyaofA=,2025-10-12T06:12:32.727Z,2025-11-02T11:09:58.742Z,,,0101000000C36CB87EB078524087B949B148943240,"{""leadSquaredData"": {""Id"": ""276b830a-385a-4009-9f45-d1335fb91785"", ""IsCreated"": false, ""RelatedId"": ""19715b3f-563c-49e3-8cb8-c2815523fff4""}}",A14D04CB,,,0.0,{},,"{""profile"": ""COMPLETED"", ""childProfile"": ""COMPLETED"", ""onboardingScreen"": ""COMPLETED""}",[],mobile_app,"{""sublocality"": ""Tingre Nagar"", ""formattedAddress"": ""HVHP+M7X, Nandan Euphora Rd, Hawaldar Mala, Dashrathnagar, Kumar Samrudhi Society, Tingre Nagar, Pune, Maharashtra 411015, India""}",,{},,,3e3b1102-e915-4c01-99f9-9f7a7c91eec9,f00306ad-2cc7-4b6d-809c-d9ab288a08af,9545893702,2999.0,2025-10-12T10:17:56.46Z,2026-10-12T10:17:56Z,0,assigned_3b30f29405a957a2e4f7793ae88d16e8,eab965a9-9117-4d7e-aa07-d7ded0903ca5,CANCELLED,,razorpay,,"{""discount"": ""58.34%"", ""isNewPlan"": false, ""pricePaid"": 2999, ""trialDays"": 30, ""toyProgram"": ""-"", ""planSavings"": 4200, ""planVersion"": ""v2"", ""trialAmount"": 499, ""trialApplied"": false, ""memberShipFees"": 0, ""bonusDeliveries"": 14, ""deliveryCharges"": 100, ""damageWaiverFees"": 999, ""refundableDeposit"": 0, ""memberShipFeesPaid"": 0, ""effectiveCostPerMonth"": 250, ""membershipFeesApplied"": false, ""refundableDepositPaid"": 0, ""planPriceDiscountAdmin"": 0, ""securityDepositApplied"": false, ""totalKeepCountPerMonth"": 3, ""damageWaiverFeesApplied"": true, ""isUnlimitedFreeDelivery"": false, ""membershipDiscountAdmin"": 0, ""totalFreeDeliveryPerMonth"": 4, ""actualChargesForMemberShipFees"": 0, ""refundableDepositDiscountAdmin"": 0, ""actualChargesForSecurityDeposit"": 0, ""actualChargesForDamageWaiverFees"": 999}",ASSIGNED,2025-10-12T10:18:52.482Z,2025-10-17T10:47:41.153Z,,"{""note"": ""Paid 7500 with big toys plan"", ""amount"": 2999, ""gstApplied"": true, ""gstPercentage"": 18, ""membershipData"": {""amount"": 0, ""isMembershipFee"": true}, ""userTrialApplied"": false, ""isTrialPeriodExpired"": true, ""userDamageWaiverFeesApplied"": true}",,,,,,{},[],{},2026-10-12T15:47:56
7b2b19d0-1264-4956-abf4-56bfc9902ee1,UR185119,,,,,,,"[""USER""]",true,true,false,"52206, nikoo homes 1",BCIT,Bengaluru Urban,Karnataka,567ae02f-af59-497d-83dc-37cd9e77cc55,9553799902,,,,,STRIPE,IST,gL5FBeYiFCyvh3fZcYRxUf/A9Pa+LC++04v3aZXIyyBZJ1I/tqiAMHLbrqScgyWkzvx64xvyezguNSxCTcStLYrGijpIcjM4UhHMnxOtSq/RdxnqGuf1OUfQrO4xasLM+HXZTPKuCC0LTiLjzQidRQNfXs3qK6ZMi9Syx9lmG5EZprCJfRG+rMcuHgbX1aOxBb2AuqLi0MeaUtnx8n4Sj7vq+szp17TQfMA9ALxd8KE=,2025-10-12T13:38:53.543Z,2025-10-12T18:01:07.956Z,,,01010000003CFDFBE74469534039B9DFA1282C2A40,"{""intercomId"": ""68ebaf739c08a7c03fa85464"", ""leadSquaredData"": {""Id"": ""80ee799a-848c-4885-ad96-e5c732bfb949"", ""IsCreated"": true, ""RelatedId"": ""22473d7c-5339-4c0e-883e-9fab6b3f96e8""}}",CAC8811E,,,0.0,{},,"{""profile"": ""COMPLETED"", ""childProfile"": ""COMPLETED"", ""onboardingScreen"": ""COMPLETED""}","[""dGOlQXg3AkoAvXOW0pljxc:APA91bE2AG3MNtbFG1LAgknBxzPycF4KgG6LJd4eRCGTpJ4wwyC0PFNJDRfLxIyKk0jYKTlV_9i-xg1dmXfifbjU3dadt6qtP0J9zSyEFQmqaXPjkdSNtXM""]",mobile_app,"{""sublocality"": ""Kannuru"", ""formattedAddress"": ""TOWER-5, Nikoo Homes Rd, Kanakasree Housing Society, Kannuru, Bengaluru, Karnataka 560064, India""}",,{},,,8b7db204-7260-4a43-8e48-5ec806a7dd77,7b2b19d0-1264-4956-abf4-56bfc9902ee1,9553799902,2999.0,2025-10-12T13:44:35.359Z,2026-10-12T13:44:35Z,0,assigned_fc911c9e38bdb3d9206de6cb870ead1a,eab965a9-9117-4d7e-aa07-d7ded0903ca5,ACTIVE,,upi,,"{""discount"": ""58.34%"", ""isNewPlan"": false, ""pricePaid"": 2999, ""trialDays"": 30, ""toyProgram"": ""-"", ""planSavings"": 4200, ""planVersion"": ""v2"", ""trialAmount"": 499, ""trialApplied"": false, ""memberShipFees"": 0, ""bonusDeliveries"": 14, ""deliveryCharges"": 100, ""damageWaiverFees"": 999, ""refundableDeposit"": 0, ""memberShipFeesPaid"": 0, ""effectiveCostPerMonth"": 250, ""membershipFeesApplied"": false, ""refundableDepositPaid"": 0, ""planPriceDiscountAdmin"": 0, ""securityDepositApplied"": false, ""totalKeepCountPerMonth"": 3, ""damageWaiverFeesApplied"": true, ""isUnlimitedFreeDelivery"": false, ""membershipDiscountAdmin"": 0, ""totalFreeDeliveryPerMonth"": 0, ""actualChargesForMemberShipFees"": 0, ""refundableDepositDiscountAdmin"": 0, ""actualChargesForSecurityDeposit"": 0, ""actualChargesForDamageWaiverFees"": 999}",ASSIGNED,2025-10-12T13:44:41.936Z,2025-10-12T13:44:41.936Z,,"{""note"": ""Paid 3999"", ""amount"": 2999, ""gstApplied"": true, ""gstPercentage"": 18, ""membershipData"": {""amount"": 0, ""isMembershipFee"": true}, ""userTrialApplied"": false, ""isTrialPeriodExpired"": true, ""userDamageWaiverFeesApplied"": true}",,,,,,{},[],{},2026-10-12T19:14:35
a8562b7c-db1b-4039-a096-3c82ca944f9d,UR146319,bhumika,patel,abc2026@gmail.com,,,FEMALE,"[""USER""]",true,true,false,208,Bapa sitaram chowk,Ahmedabad,Gujarat,93dce61a-57a6-40bc-86d2-0a09b3188941,9638698973,,,,,STRIPE,IST,gL5FBeYiFCyvh3fZcYRxUf/A9Pa+LC++04v3aZXIyyBZJ1I/tqiAMHLbrqScgyWku/IQScHUPZ657RInV8Zn2DoipDvH9ckqziPkmQIsroDwN8GZuA+X7PhoH7mBDDZDoj1A0lBaQEgmPTloDLJ8r30i1dYvcWaw2ml0rMeaSxxicCWCpxf11Q1D5rtWfd0+x+qRucX8pr5rHKUGvbJB4Wyca+5xk1ijAoCmj1v57DM=,2025-08-03T16:55:43.162Z,2026-10-08T23:15:44.952Z,,,0101000020E6100000AE4149CA722A5240D0FC289B76FE3640,"{""intercomId"": ""688f94947b5029c48f750d37"", ""isElefantUser"": true, ""leadSquaredData"": {""Id"": ""33495e0c-4a0e-4cd6-b24e-35b53b4e4548"", ""IsCreated"": true, ""RelatedId"": ""fbd11704-2e68-4cb8-88bc-c34342674f24""}, ""hasToyHoldingMismatch"": false, ""declineSubscriptionReason"": "" My child has enough toys already"", ""isQuestionAnswereOnBoardCompleted"": true}",186D1E6F,,,0.0,{},,"{""profile"": ""COMPLETED"", ""childProfile"": ""COMPLETED"", ""onboardingScreen"": ""COMPLETED""}","[""efAeDpSz0Ub-rZLuli8hyT:APA91bEJx2gjUTXnGQwG6VIwomr00pBrk7eUx67ZzBsdAoVZzVwRF7KMSiYpAGMeB_zNZg5pCnTANOZOWP4s1TG0D1t5qkzxv1Yq2U5T8YSYo88WLKtrquI"" ""fJReymW9v0TanfceEs0_Qr:APA91bFGbZZ8Q5iSAUYlXhbL3RJ8AFUvNIoFH5LBwJBr_nYzbQZk68fFBGhFYrnwQG_fpc4ZBX6BrEgTxsaCfphTHP-tWMhtr0feNFLzkkFLujX3HJ7n5k8""]",mobile_app,"{""sublocality"": ""Vastral"", ""formattedAddress"": ""Mangalam Residency Block-C, AVADH AVENUE, Vastral, Ahmedabad, Gujarat 382418, India""}",2026-06-29T09:59:33.067Z,"{""Q1"": ""2_5"", ""Q2"": ""less_1hr"", ""Q3"": ""5_10"", ""Q4"": ""energetic""}",mangalam residency,"Mangalam Residency, Alok Road, Vastral, Ahmedabad, Gujarat 382418, India",8c923556-4dc9-4b49-bfc3-404a9ad3cccd,a8562b7c-db1b-4039-a096-3c82ca944f9d,,5997.0,2026-07-12T09:32:06Z,2026-10-12T09:32:06Z,0,order_TBPPsbdYS3hrlS,03e58770-76d5-4434-9934-ea1d64e4096f,CANCELLED,,upi,,"{""discount"": ""25%"", ""isNewPlan"": false, ""trialDays"": 30, ""toyProgram"": ""-"", ""planSavings"": 3597, ""planVersion"": ""v2"", ""trialAmount"": 99, ""trialApplied"": false, ""memberShipFees"": 0, ""bonusDeliveries"": 0, ""deliveryCharges"": 100, ""sameDayDelivery"": true, ""damageWaiverFees"": 999, ""maxBigToyAllowed"": 1, ""refundableDeposit"": 0, ""moneyBackGuarantee"": 30, ""effectiveCostPerMonth"": 1999, ""membershipFeesApplied"": false, ""planPriceDiscountAdmin"": -499001, ""securityDepositApplied"": false, ""totalKeepCountPerMonth"": 3, ""damageWaiverFeesApplied"": true, ""isUnlimitedFreeDelivery"": false, ""maxToyHoldingValueAllowed"": 35000, ""totalFreeDeliveryPerMonth"": 12, ""actualChargesForMemberShipFees"": 0, ""actualChargesForSecurityDeposit"": 0, ""actualChargesForDamageWaiverFees"": 999}",ONE_TIME,2026-07-09T12:57:30.243Z,2026-07-14T11:25:20.727Z,,"{""amount"": 500000, ""deviceType"": ""MOBILE"", ""gstApplied"": true, ""paymentNotes"": {""userId"": ""a8562b7c-db1b-4039-a096-3c82ca944f9d"", ""paymentLinkId"": ""17cae103-b474-40e1-8c87-4adbc62df426"", ""subscriptionPlanId"": ""03e58770-76d5-4434-9934-ea1d64e4096f""}, ""gstPercentage"": 18, ""paymentLinkId"": ""17cae103-b474-40e1-8c87-4adbc62df426"", ""membershipData"": {""amount"": 0, ""isMembershipFee"": false}, ""isRecurringInit"": false, ""paymentProvider"": ""RAZOR_PAY"", ""userTrialApplied"": false, ""securityDepositData"": {""amount"": 0, ""securityDepositApplied"": false}, ""isTrialPeriodExpired"": true, ""merchantTransactionId"": ""order_TBPPsbdYS3hrlS"", ""userDamageWaiverFeesApplied"": true}",,,,,,{},[],{},2026-10-12T15:02:06
ce6f30b0-cbc8-4a83-8fe1-da996dc57b42,UR24925,Nityapriya,Subash,nityapriyas@gmail.com,,,,"[""USER""]",true,true,false,"Flat 5202, Prestige West Woods, Tower 5, Binnipete, Gopalpura, Bengaluru 560023",Near Lulu Mall,Bengaluru,Karnataka,c8484fad-a2e7-41da-84e3-c7461b73eac8,9650509129,,,,,STRIPE,IST,gL5FBeYiFCyvh3fZcYRxUf/A9Pa+LC++04v3aZXIyyBZJ1I/tqiAMHLbrqScgyWk4jUBj7q8sqHzFLPZtn3bpc5OKNSl4rQ8XTFMg3b4B4rBVlZCzlz7FFvY0Bbr2seGU7TAK3KgRbh7ZKfM5XJng/MnZx1Rcrzf4Ecq3TD9OsI92LSlKwHSb5OCrJv2nnSLNPOfbzilUiDE5Nu4JdxSCyA1qrA6OCvhHsLAKu40PnM=,2024-09-10T16:33:59.566Z,2026-08-16T04:30:34.408Z,,,0101000000DC2FFA650B64534091F7054F7CF42940,"{""leadSquaredData"": {""Id"": ""b52da016-e9ec-499a-8d2c-b8f5a5dc2e39"", ""IsCreated"": false, ""RelatedId"": ""22357d99-0570-46a0-993c-ba5eef8a6b7d""}, ""holdingFullBannerClosedAt"": ""2026-07-20T10:38:52.568Z""}",7B030DF4,,,0.0,"{""toy"": {""ageGroupIds"": [""e1f855a6-aab7-453b-b31c-3b6e7b780df8""], ""facilitateIds"": []}}",,"{""profile"": ""COMPLETED"", ""childProfile"": ""COMPLETED"", ""onboardingScreen"": ""COMPLETED""}",[],,"{""sublocality"": ""Binnipete"", ""formattedAddress"": ""XHH7+3V6 PRESTIGE WEST WOODS, Prestige W Woods Ln, Gopalapura, Binnipete, Bengaluru, Karnataka 560023, India""}",,{},Flat 5202,"PRESTIGE WEST WOODS, Prestige West Woods Lane, Gopalapura, Binnipete, Bengaluru, Karnataka, India",646f0d52-b813-4466-a35d-6591616442c6,ce6f30b0-cbc8-4a83-8fe1-da996dc57b42,NA,2999.0,2025-10-15T11:52:36.441Z,2026-10-15T11:52:36Z,0,assigned_b396ddb23e49cc9df1a8cc6558f6e457,eab965a9-9117-4d7e-aa07-d7ded0903ca5,CANCELLED,,other,,"{""discount"": ""58.34%"", ""isNewPlan"": false, ""pricePaid"": 0, ""trialDays"": 30, ""toyProgram"": ""-"", ""planSavings"": 4200, ""planVersion"": ""v2"", ""trialAmount"": 499, ""trialApplied"": false, ""memberShipFees"": 0, ""bonusDeliveries"": 14, ""deliveryCharges"": 100, ""damageWaiverFees"": 999, ""refundableDeposit"": 0, ""memberShipFeesPaid"": 0, ""effectiveCostPerMonth"": 250, ""membershipFeesApplied"": false, ""refundableDepositPaid"": 0, ""planPriceDiscountAdmin"": 2999, ""securityDepositApplied"": false, ""totalKeepCountPerMonth"": 3, ""damageWaiverFeesApplied"": true, ""isUnlimitedFreeDelivery"": false, ""membershipDiscountAdmin"": 0, ""totalFreeDeliveryPerMonth"": 0, ""actualChargesForMemberShipFees"": 0, ""refundableDepositDiscountAdmin"": 0, ""actualChargesForSecurityDeposit"": 0, ""actualChargesForDamageWaiverFees"": 999}",ASSIGNED,2025-10-15T11:52:40.401Z,2025-10-15T11:53:14.403Z,,"{""amount"": 0, ""gstApplied"": true, ""gstPercentage"": 18, ""membershipData"": {""amount"": 0, ""isMembershipFee"": true}, ""userTrialApplied"": false, ""isTrialPeriodExpired"": true, ""userDamageWaiverFeesApplied"": false}",,,,,,{},[],{},2026-10-15T17:22:36
97ff5f31-37f5-4523-9874-d87774e55375,UR97144,Tarun,Kumar,cse.tarunkumar@gmail.com,,,MALE,"[""USER""]",true,true,false,"Sri Sai Nilayam , Road number 6",Central Park Phase 1,Rangareddy,Telangana,1ba7a7cd-1193-488c-a7eb-91773fd1428d,9666063423,,,,,STRIPE,IST,gL5FBeYiFCyvh3fZcYRxUf/A9Pa+LC++04v3aZXIyyBZJ1I/tqiAMHLbrqScgyWkCDekDOf3a/uoQvbRh/tUbROFiPMh2hgi/UAur/SyUs+jqZP2iPycbphoJsiuxw3Jax5F6ulMjKfU+Cmh4WNeTNb72SS84Q/hoiKFMtDpNK3Vdg6isKNso9dohHJ+i3IbF5RcJMs7jWTqla+slFJuf4oWXSNlkB3qS2cLiIzqjnY=,2025-05-02T04:16:44.002Z,2026-04-11T15:25:54.152Z,,,01010000006068BFFFA09553401904B1C79F793140,"{""intercomId"": ""681447318102ed349f056892"", ""isElefantUser"": true, ""leadSquaredData"": {""Id"": ""cb759eb8-5265-4fb5-8586-16ab2ff6baa1"", ""IsCreated"": true, ""RelatedId"": ""18e59ab5-3c34-4abb-bb82-af10511f5d87""}}",29877972,,,0.0,"{""toy"": {""ageGroupIds"": [""654f486a-c1ba-4416-90ad-77086657f936"", ""e1f855a6-aab7-453b-b31c-3b6e7b780df8"", ""3ec41945-5b70-49aa-880d-e37bda8befbb"", ""d2f48edd-d348-473d-ab43-2818e60f5b24"", ""7caa8ddc-16d6-4e54-9e7e-62494e66237b""], ""facilitateIds"": [""71c80e25-7977-431b-b4c2-2690f4f2cb3b"", ""374dd494-43c5-42c4-a402-4e95d852c4f3""]}}",,"{""profile"": ""COMPLETED"", ""childProfile"": ""COMPLETED"", ""onboardingScreen"": ""COMPLETED""}",[],mobile_app,"{""sublocality"": ""Phase"", ""formattedAddress"": ""F8GQ+25P, Central Park, Phase, Serilingampalle (M), Hyderabad, Telangana 500084, India""}",,{},,,5844d158-6935-4fb0-8f3c-f7d51de2f4c5,97ff5f31-37f5-4523-9874-d87774e55375,,9999.0,2025-05-02T12:29:55Z,2026-10-10T18:29:59.999Z,0,order_QQ3lumx2jk4Sbj,1d0e4dd6-644c-4e58-9553-294c46814ae8,ACTIVE,,wallet,,"{""discount"": ""25%"", ""isNewPlan"": false, ""trialDays"": 30, ""toyProgram"": ""-"", ""planSavings"": 3597, ""planVersion"": ""v2"", ""trialAmount"": 1, ""trialApplied"": false, ""memberShipFees"": 0, ""bonusDeliveries"": 0, ""deliveryCharges"": 100, ""damageWaiverFees"": 999, ""refundableDeposit"": 0, ""effectiveCostPerMonth"": 833, ""membershipFeesApplied"": false, ""securityDepositApplied"": false, ""totalKeepCountPerMonth"": 3, ""damageWaiverFeesApplied"": true, ""isUnlimitedFreeDelivery"": true, ""totalFreeDeliveryPerMonth"": 3, ""actualChargesForMemberShipFees"": 0, ""actualChargesForSecurityDeposit"": 0, ""actualChargesForDamageWaiverFees"": 1}",ONE_TIME,2025-05-02T12:26:19.866Z,2026-02-26T13:32:18.202Z,588bcfc7-37d7-4253-a243-58126412a5b3,"{""source"": ""purchasePlan"", ""deviceType"": ""WEB"", ""promoCodeId"": ""payment_provider_efde417ddf5a979dd6cfc58c7d8caa4a"", ""paymentNotes"": {""userId"": ""97ff5f31-37f5-4523-9874-d87774e55375"", ""subscriptionType"": ""ONE_TIME"", ""subscriptionPlanId"": ""1d0e4dd6-644c-4e58-9553-294c46814ae8""}, ""membershipData"": {""amount"": 0, ""isMembershipFee"": true}, ""isRecurringInit"": false, ""paymentProvider"": ""RAZOR_PAY"", ""userTrialApplied"": false, ""securityDepositData"": {""securityDepositApplied"": false}, ""isTrialPeriodExpired"": true, ""merchantTransactionId"": ""order_QQ3lumx2jk4Sbj"", ""userDamageWaiverFeesApplied"": true}",,,,,,{},[],"{""couponId"": ""588bcfc7-37d7-4253-a243-58126412a5b3"", ""couponAppliedStatus"": ""PENDING"", ""isCouponAppliedOnSubscriptionRenew"": false}",2026-10-10T23:59:59.999
49c840c9-6341-4cb9-b69c-c30e469e1354,UR184540,prabhat,singh,prabhat.androidmob@gmail.com,,,MALE,"[""USER""]",true,true,false,2nd floor,near madurai mess,Bengaluru,Karnataka,0a8e02f3-5567-46ba-b9a2-69f5a9e18b86,9696519450,,,,,STRIPE,IST,gL5FBeYiFCyvh3fZcYRxUf/A9Pa+LC++04v3aZXIyyBZJ1I/tqiAMHLbrqScgyWkvBJOupBxzbkuN1eQUWWSd2wFWffBQTZdPQRg25xdIHAPTFmYN7drX7Nc6VGqGNG+UqKN53Jtek6RyXYD/nP9Mu+FbeQ+5ISmH/z19rkeOUY3Em6ZrLnZHlLwl8K5SI2GiykxoDYvG/s6ba89EkPInHxWUV9MkhLP10JTpFQxgwc=,2025-10-11T07:32:57.048Z,2026-09-30T16:18:58.256Z,,,0101000000000060DB83695340BAC19CB334052A40,"{""intercomId"": ""68ea082f5e6824b7b4f4ed19"", ""leadSquaredData"": {""Id"": ""20a2a2c2-baae-44be-a8c1-ee27c0804b1f"", ""IsCreated"": true, ""RelatedId"": ""1dd57395-30b7-4941-aa5c-29174323cf41""}}",793006C6,,,0.0,{},,"{""profile"": ""COMPLETED"", ""childProfile"": ""COMPLETED"", ""onboardingScreen"": ""COMPLETED""}",[],mobile_app,"{""sublocality"": ""Banaswadi"", ""formattedAddress"": ""134, 6th A Main Rd, Shamanna Layout, Subaiya Reddy Layout, Banaswadi, Bengaluru, Karnataka 560043, India""}",,{},srs tower,"134, 6th A Main Rd, Shamanna Layout, Subaiya Reddy Layout, Banaswadi, Bengaluru, Karnataka 560043, India",aeedd3ab-434f-42c5-a7e6-e2d0b133c03a,49c840c9-6341-4cb9-b69c-c30e469e1354,NA,2999.0,2025-10-11T07:37:39.764Z,2026-10-11T07:37:39Z,0,assigned_a39668fee5d8313c7328653db09dc447,eab965a9-9117-4d7e-aa07-d7ded0903ca5,ACTIVE,,razorpay,,"{""discount"": ""58.34%"", ""isNewPlan"": false, ""pricePaid"": 2999, ""trialDays"": 30, ""toyProgram"": ""-"", ""planSavings"": 4200, ""planVersion"": ""v2"", ""trialAmount"": 499, ""trialApplied"": false, ""memberShipFees"": 0, ""bonusDeliveries"": 14, ""deliveryCharges"": 100, ""damageWaiverFees"": 999, ""refundableDeposit"": 0, ""memberShipFeesPaid"": 0, ""effectiveCostPerMonth"": 250, ""membershipFeesApplied"": false, ""refundableDepositPaid"": 0, ""planPriceDiscountAdmin"": 0, ""securityDepositApplied"": false, ""totalKeepCountPerMonth"": 3, ""damageWaiverFeesApplied"": true, ""isUnlimitedFreeDelivery"": false, ""membershipDiscountAdmin"": 0, ""totalFreeDeliveryPerMonth"": 0, ""actualChargesForMemberShipFees"": 0, ""refundableDepositDiscountAdmin"": 0, ""actualChargesForSecurityDeposit"": 0, ""actualChargesForDamageWaiverFees"": 999}",ASSIGNED,2025-10-11T07:37:46.443Z,2025-10-11T07:37:46.443Z,,"{""note"": ""3999 paid"", ""amount"": 2999, ""gstApplied"": true, ""gstPercentage"": 18, ""membershipData"": {""amount"": 0, ""isMembershipFee"": true}, ""userTrialApplied"": false, ""isTrialPeriodExpired"": true, ""userDamageWaiverFeesApplied"": true}",,,,,,{},[],{},2026-10-11T13:07:39
2d4d3071-dff4-411a-9f92-98ad0cb7aa70,UR390156,Anjana,Madhavan,anjana2808@gmail.com,,,,"[""USER""]",true,true,false,"B 801, Purva Westend,",Garvebhavi Palya,Bengaluru,Karnataka,4b30bd86-aaac-4520-8e7d-c7845b80051c,9742007472,,,,,STRIPE,IST,gL5FBeYiFCyvh3fZcYRxUf/A9Pa+LC++04v3aZXIyyBZJ1I/tqiAMHLbrqScgyWkVgY8mSbBcTZ2sYWL+5e+8qtTAY6c3fXDuknEUL0de01oAUXu9VPF3+7Po+MX1RdluQ16k4myf4ADcRvm3SKKEkGFi0dYFFLLsAHIorq1XkdVIm1hHvwnl1ssvLu0XUTkG19VS+PGyj3CYfZEAkAMjJ3djIt+pk0c37tVtLlxCEk=,2026-07-11T01:32:41.681Z,2026-10-04T23:17:49.85Z,,,0101000020E61000000AF4893CC9685340CB4F0537ADC72940,"{""isElefantUser"": true, ""isQuestionAnswereOnBoardCompleted"": true}",321DB447,,,0.0,{},,"{""profile"": ""COMPLETED"", ""onboardingScreen"": ""COMPLETED""}","[""fZsOcxgCvk18rSUeHXX_Et:APA91bEk9u397-NfQB1H7FBQGIdrZsJ0nW0B6oimL9Eymmg-qvH4MYgIAyxdgRoDq5cnZ3ULX-4Cg5JCF6eHOikEEuud12O9rnhMcSymgW1XjpGHwCAodLw""]",,"{""sublocality"": ""Garvebhavi Palya"", ""formattedAddress"": ""VJRQ+55M, Service Rd, Beside New Udupi Grand Veg, Kudlu Gate, Garebhavipalya, Garvebhavi Palya, Bengaluru, Karnataka 560068, India""}",,"{""Q1"": ""2_5"", ""Q2"": ""1_2hrs"", ""Q3"": ""5_10"", ""Q4"": ""creative"", ""Q6"": ""Medhini""}","Service Road, Kudlu Gate","Kudlu Gate, Bengaluru, Karnataka, India",81622d0d-0de2-44c8-b35a-a7bf051f4842,2d4d3071-dff4-411a-9f92-98ad0cb7aa70,,5997.0,2026-07-15T13:41:24Z,2026-10-15T13:41:24Z,0,order_TC23McdF4d4I9N,03e58770-76d5-4434-9934-ea1d64e4096f,ACTIVE,,upi,,"{""discount"": ""25%"", ""isNewPlan"": false, ""trialDays"": 30, ""toyProgram"": ""-"", ""planSavings"": 3597, ""planVersion"": ""v2"", ""trialAmount"": 99, ""trialApplied"": false, ""memberShipFees"": 0, ""bonusDeliveries"": 0, ""deliveryCharges"": 100, ""sameDayDelivery"": true, ""damageWaiverFees"": 999, ""maxBigToyAllowed"": 1, ""refundableDeposit"": 0, ""moneyBackGuarantee"": 30, ""effectiveCostPerMonth"": 1999, ""membershipFeesApplied"": false, ""securityDepositApplied"": false, ""totalKeepCountPerMonth"": 3, ""damageWaiverFeesApplied"": true, ""isUnlimitedFreeDelivery"": false, ""maxToyHoldingValueAllowed"": 35000, ""totalFreeDeliveryPerMonth"": 12, ""actualChargesForMemberShipFees"": 0, ""actualChargesForSecurityDeposit"": 0, ""actualChargesForDamageWaiverFees"": 999}",ONE_TIME,2026-07-11T02:33:45.501Z,2026-07-15T13:41:24.962Z,d9f45968-fdf9-45cb-a143-9bda0499e70b,"{""deviceType"": ""MOBILE"", ""gstApplied"": true, ""promoCodeId"": ""payment_provider_222024ad0be6b711af19f169bcb51d44"", ""paymentNotes"": {""userId"": ""2d4d3071-dff4-411a-9f92-98ad0cb7aa70"", ""subscriptionType"": ""ONE_TIME"", ""subscriptionPlanId"": ""03e58770-76d5-4434-9934-ea1d64e4096f""}, ""gstPercentage"": 18, ""membershipData"": {""amount"": 0, ""isMembershipFee"": true}, ""isRecurringInit"": false, ""paymentProvider"": ""RAZOR_PAY"", ""userTrialApplied"": false, ""securityDepositData"": {""securityDepositApplied"": false}, ""isTrialPeriodExpired"": true, ""merchantTransactionId"": ""order_TC23McdF4d4I9N"", ""userDamageWaiverFeesApplied"": true}",,,,,,{},[],"{""couponId"": ""d9f45968-fdf9-45cb-a143-9bda0499e70b"", ""couponAppliedStatus"": ""PENDING"", ""isCouponAppliedOnSubscriptionRenew"": false}",2026-10-15T19:11:24
0653b62c-be1c-48b9-b2db-30cf05541911,UR185154,,,,,,,"[""USER""]",true,true,false,"kailash Shobha Niwas, kesnand road, wagholi",opposite jogeshwari sxhool,Pune,Maharashtra,ec511c52-0d96-4c5f-a87d-0d16bddf32c2,9762233890,,,,,STRIPE,IST,gL5FBeYiFCyvh3fZcYRxUf/A9Pa+LC++04v3aZXIyyBZJ1I/tqiAMHLbrqScgyWkYoqMwwyLNdn3oDILXVycNkx2f/jHj2+2ddNoYBwINiAkOMffATnMaQnBJenygKLe34+8arFBNUT4bMK2fLSHSNO/gjQwTl6utYiWt14BFf//9xOEXo2u8r77rryZlPoRCkjwC5YgpyWfPQC6+tfnMK2o8vreImOxbINmwGEmaVM=,2025-10-12T15:28:03.403Z,2025-10-17T10:34:43.907Z,,,0101000000E6A095C58E805240B19EFFC302943240,"{""leadSquaredData"": {""Id"": ""f0cbcf0a-47c5-4ba5-b23f-e3cbca26fd36"", ""IsCreated"": false, ""RelatedId"": ""52155602-dfac-4327-8840-b2c4d92ab8bb""}}",E224920D,,,0.0,{},,"{""profile"": ""COMPLETED"", ""childProfile"": ""COMPLETED"", ""onboardingScreen"": ""COMPLETED""}",[],mobile_app,"{""formattedAddress"": ""H2H5+7F8, Kesnand, Maharashtra 412207, India""}",,{},,,1805f853-0427-43b4-a52a-cbd676029d64,0653b62c-be1c-48b9-b2db-30cf05541911,97622338901,11988.0,2025-10-12T10:27:00.226Z,2026-10-12T10:27:00Z,0,assigned_f1fbd50f321485a95dac13221bdcf542,af460c98-3849-4a31-a7a6-4204e5f8cd8e,ACTIVE,,razorpay,,"{""discount"": ""25%"", ""isNewPlan"": false, ""pricePaid"": 11988, ""trialDays"": 30, ""toyProgram"": ""-"", ""planSavings"": 3597, ""planVersion"": ""v2"", ""trialAmount"": 99, ""trialApplied"": false, ""memberShipFees"": 0, ""bonusDeliveries"": 0, ""deliveryCharges"": 100, ""sameDayDelivery"": true, ""damageWaiverFees"": 999, ""maxBigToyAllowed"": 1, ""refundableDeposit"": 0, ""memberShipFeesPaid"": 0, ""moneyBackGuarantee"": 30, ""effectiveCostPerMonth"": 999, ""membershipFeesApplied"": false, ""refundableDepositPaid"": 0, ""planPriceDiscountAdmin"": 0, ""securityDepositApplied"": false, ""totalKeepCountPerMonth"": 3, ""damageWaiverFeesApplied"": true, ""isUnlimitedFreeDelivery"": true, ""membershipDiscountAdmin"": 0, ""maxToyHoldingValueAllowed"": 120000, ""totalFreeDeliveryPerMonth"": 3, ""actualChargesForMemberShipFees"": 0, ""refundableDepositDiscountAdmin"": 0, ""actualChargesForSecurityDeposit"": 0, ""actualChargesForDamageWaiverFees"": 999}",ASSIGNED,2025-10-17T10:34:43.388Z,2025-10-17T10:34:43.388Z,,"{""note"": ""total 13000 - paid 10000 for big toys and 3000 for lite plan with damage waiver"", ""amount"": 11988, ""gstApplied"": true, ""gstPercentage"": 18, ""membershipData"": {""amount"": 0, ""isMembershipFee"": true}, ""userTrialApplied"": false, ""isTrialPeriodExpired"": true, ""userDamageWaiverFeesApplied"": false}",,,,,,{},[],{},2026-10-12T15:57:00
564e3e1b-b150-4cde-bfd3-be52142dc571,UR1504,Pooja,Mota,mota_pooja@yahoo.com,,,,"[""USER""]",true,true,false,1805 Happy home society,near J.B.Khot high school,Mumbai Suburban,Maharashtra,b098de82-9a36-413c-a9b2-a8cdc7ba498b,9769236550,,,,cus_PCfowhonYgQ6Jb,STRIPE,IST,gL5FBeYiFCyvh3fZcYRxUf/A9Pa+LC++04v3aZXIyyBZJ1I/tqiAMHLbrqScgyWku13UO6MjSIIlXUgcvdaqDwh6n+YiyNDYw6B1n90UpxK1HNU+7v9knu9MvpNjLZLzYg5ciirDJjvYrzvCQOzsrOeZ5RV7Vakrmq0wcv+cAg5RUm8f7uUytW+3+dD65OfoCr0spj6dZmF9kjFukcpunhRgMn4wADaA1VETrDdry5g=,2023-12-17T09:16:51.489Z,2026-06-03T17:35:56.062Z,,,0101000020E6100000BA680DBE43365240CECFD54583373340,"{""isElefantUser"": true, ""leadSquaredData"": {""Id"": ""f48ce26f-8fd2-42bb-ac0a-e6f644d372dd"", ""IsCreated"": true, ""RelatedId"": ""70ef7a7a-74d4-42eb-a455-457736f68aac""}}",395F10AD,,,0.0,{},,"{""profile"": ""COMPLETED"", ""childProfile"": ""COMPLETED"", ""onboardingScreen"": ""COMPLETED""}","[""fbLVttQCvUFto0DuMZ-Kz8:APA91bFKFb1oaYW-7TcLK8SIo3N2pOaWmr_gWgtLVeKLNacwD12YhH7OpHrt2YEpcKb5VPlY-ywGmAwOjQebwmcMuskKGDY_K4uEJwJRbmlTdJrwAdVS4fA"" ""ezp9LdGxx0A7uDx9arti9E:APA91bF0pkgeTC8C2YI66FSW3LZE570UNR-VwLrBy1B-4jbMIVF9i57InnQyXtHLEHxrpeUfhymiZ_iIckGANZx8riFkklf4vvmzlyJst7Vcz50Qp_8NcBc""]",,{},,{},,,72bb0aa2-bb9c-43ce-908d-38da021f803c,564e3e1b-b150-4cde-bfd3-be52142dc571,NA,9999.0,2025-10-14T11:07:47.354Z,2026-10-14T11:07:47Z,0,assigned_2023f0cf706c931ca0747c9fd015b2fd,1d0e4dd6-644c-4e58-9553-294c46814ae8,CANCELLED,,upi,,"{""discount"": ""25%"", ""isNewPlan"": false, ""pricePaid"": 9999, ""trialDays"": 30, ""toyProgram"": ""-"", ""planSavings"": 3597, ""planVersion"": ""v2"", ""trialAmount"": 99, ""trialApplied"": false, ""memberShipFees"": 0, ""bonusDeliveries"": 0, ""deliveryCharges"": 100, ""damageWaiverFees"": 999, ""refundableDeposit"": 0, ""memberShipFeesPaid"": 0, ""effectiveCostPerMonth"": 833, ""membershipFeesApplied"": false, ""refundableDepositPaid"": 0, ""planPriceDiscountAdmin"": 0, ""securityDepositApplied"": false, ""totalKeepCountPerMonth"": 3, ""damageWaiverFeesApplied"": true, ""isUnlimitedFreeDelivery"": true, ""membershipDiscountAdmin"": 0, ""totalFreeDeliveryPerMonth"": 3, ""actualChargesForMemberShipFees"": 0, ""refundableDepositDiscountAdmin"": 0, ""actualChargesForSecurityDeposit"": 0, ""actualChargesForDamageWaiverFees"": 999}",ASSIGNED,2025-10-14T11:07:57.859Z,2025-10-17T11:47:23.621Z,,"{""note"": ""total 11000 paid to amol for big toys + annual regular"", ""amount"": 9999, ""gstApplied"": true, ""gstPercentage"": 18, ""membershipData"": {""amount"": 0, ""isMembershipFee"": true}, ""userTrialApplied"": false, ""isTrialPeriodExpired"": true, ""userDamageWaiverFeesApplied"": true}",,,,,,{},[],{},2026-10-14T16:37:47
72fdda23-3cdf-4716-8f1c-a972c87b4f80,UR185734,Parag,Govil,paraggovil88@gmail.com,,,,"[""USER""]",true,true,false,,,North West Delhi,Delhi,758a0fba-db2e-4c1d-8961-e30e1f0df080,9780880039,,,,,STRIPE,Asia/Calcutta,gL5FBeYiFCyvh3fZcYRxUf/A9Pa+LC++04v3aZXIyyBZJ1I/tqiAMHLbrqScgyWkk7EL9wsURRAa5wLs6+ml2/X1d8etanToXAb9104pIE/+MSmUMeKy5LzNTtRKhRwLGhom5U8Okm6EVjZlOQ16N+nuIgt1PG/sCx+lMRtzyZtXw174CtWqx3meYih/XT+Gv+Jk1eXN7yjIEhDdgRb8kjyCvdJdfn7sQ5T1bUcPY+M=,2025-10-14T04:21:47.97Z,2026-01-28T04:40:00.792Z,,,0101000020E6100000CF561465A5485340E12DEB596BB13C40,"{""intercomId"": ""68edcfe2c8550a89bef5cd9f"", ""leadSquaredData"": {""Id"": ""ad989e25-685a-4f4b-8b1b-7610cbf99242"", ""IsCreated"": true, ""RelatedId"": ""f1039e9d-c0bb-4ef5-9ace-6674b86e150a""}}",E44AFE6A,,,0.0,{},,"{""profile"": ""COMPLETED"", ""onboardingScreen"": ""COMPLETED""}",[],,"{""sublocality"": ""Pitampura"", ""formattedAddress"": ""Muthoot Finance Ltd. Shop No. G, Ground Floor DD, 25 to G-32, Block B, Lok Vihar, Pitampura, Delhi, 110034, India""}",,{},,,ecd67042-de86-410f-906f-11e67f518bd8,72fdda23-3cdf-4716-8f1c-a972c87b4f80,,2999.0,2025-10-15T15:36:11Z,2026-10-15T15:36:11Z,0,order_RTnep2QHrP1fqk,eab965a9-9117-4d7e-aa07-d7ded0903ca5,ACTIVE,,card,,"{""discount"": ""58.34%"", ""isNewPlan"": false, ""trialDays"": 30, ""toyProgram"": ""-"", ""planSavings"": 4200, ""planVersion"": ""v2"", ""trialAmount"": 499, ""trialApplied"": false, ""memberShipFees"": 0, ""bonusDeliveries"": 14, ""deliveryCharges"": 100, ""damageWaiverFees"": 999, ""refundableDeposit"": 0, ""effectiveCostPerMonth"": 250, ""membershipFeesApplied"": false, ""securityDepositApplied"": false, ""totalKeepCountPerMonth"": 3, ""damageWaiverFeesApplied"": true, ""isUnlimitedFreeDelivery"": false, ""totalFreeDeliveryPerMonth"": 0, ""actualChargesForMemberShipFees"": 0, ""actualChargesForSecurityDeposit"": 0, ""actualChargesForDamageWaiverFees"": 999}",ONE_TIME,2025-10-15T15:34:38.003Z,2025-10-15T15:36:11.794Z,,"{""deviceType"": ""MOBILE"", ""gstApplied"": true, ""paymentNotes"": {""userId"": ""72fdda23-3cdf-4716-8f1c-a972c87b4f80"", ""subscriptionType"": ""ONE_TIME"", ""subscriptionPlanId"": ""eab965a9-9117-4d7e-aa07-d7ded0903ca5""}, ""gstPercentage"": 18, ""membershipData"": {""amount"": 0, ""isMembershipFee"": true}, ""isRecurringInit"": false, ""paymentProvider"": ""RAZOR_PAY"", ""userTrialApplied"": false, ""securityDepositData"": {""securityDepositApplied"": false}, ""isTrialPeriodExpired"": true, ""merchantTransactionId"": ""order_RTnep2QHrP1fqk"", ""userDamageWaiverFeesApplied"": true}",,,,,,{},[],"{""couponAppliedStatus"": ""PENDING"", ""isCouponAppliedOnSubscriptionRenew"": false}",2026-10-15T21:06:11
1bd2d647-9216-4848-9119-8e71b89988b9,UR185111,,,,,,,"[""USER""]",true,true,false,726 kothi no,near good living furniture,Ghaziabad,Uttar Pradesh,eb09cf99-a0d0-442b-bb2a-5950c35021c3,9810477779,,,,,STRIPE,IST,gL5FBeYiFCyvh3fZcYRxUf/A9Pa+LC++04v3aZXIyyBZJ1I/tqiAMHLbrqScgyWkKs1W3ulY8Pinub86TtOD2BJDhrT6nOSl8vpZ6m8X9E76ZdGj7NYjupY+VQQ06WdrQvuQl7j0rjhjhtwzIiLWMRi9qwjcJuP8wy+dx/8I7op4tPKtapAsEF/pG+OfA9pVlYj5+mFs2eIB6E9KC4Lq5CSF3a5Ju+Ixn7Zq4VLOnfo=,2025-10-12T13:23:32.302Z,2026-03-17T12:29:17.341Z,,,010100000087C3D2C08F555340958FEE31A2B03C40,"{""intercomId"": ""68ebabd9ea315d85ec381bc6"", ""leadSquaredData"": {""Id"": ""f474a9c6-9c02-4bf5-8cb5-999e4b7a43d3"", ""IsCreated"": true, ""RelatedId"": ""2f1537c7-600c-4ef4-897d-9623583478a6""}}",EEDC1D0E,,,0.0,{},,"{""profile"": ""COMPLETED"", ""childProfile"": ""COMPLETED"", ""onboardingScreen"": ""COMPLETED""}",[],mobile_app,"{""sublocality"": ""Sahibabad"", ""formattedAddress"": ""725, Shalimar Garden Extension I, Shalimar Garden, Sahibabad, Ghaziabad, Uttar Pradesh 201006, India""}",,{},,,197d068a-6a5a-49e2-964a-167c111ca00c,1bd2d647-9216-4848-9119-8e71b89988b9,9810477779,2999.0,2025-10-12T13:39:41.543Z,2026-10-12T13:39:41Z,0,assigned_59ecdaca33edcb5de73ffc7c579b0037,eab965a9-9117-4d7e-aa07-d7ded0903ca5,ACTIVE,,upi,,"{""discount"": ""58.34%"", ""isNewPlan"": false, ""pricePaid"": 2999, ""trialDays"": 30, ""toyProgram"": ""-"", ""planSavings"": 4200, ""planVersion"": ""v2"", ""trialAmount"": 499, ""trialApplied"": false, ""memberShipFees"": 0, ""bonusDeliveries"": 14, ""deliveryCharges"": 100, ""damageWaiverFees"": 999, ""refundableDeposit"": 0, ""memberShipFeesPaid"": 0, ""effectiveCostPerMonth"": 250, ""membershipFeesApplied"": false, ""refundableDepositPaid"": 0, ""planPriceDiscountAdmin"": 0, ""securityDepositApplied"": false, ""totalKeepCountPerMonth"": 3, ""damageWaiverFeesApplied"": true, ""isUnlimitedFreeDelivery"": false, ""membershipDiscountAdmin"": 0, ""totalFreeDeliveryPerMonth"": 0, ""actualChargesForMemberShipFees"": 0, ""refundableDepositDiscountAdmin"": 0, ""actualChargesForSecurityDeposit"": 0, ""actualChargesForDamageWaiverFees"": 999}",ASSIGNED,2025-10-12T13:39:47.175Z,2025-10-12T13:39:47.175Z,,"{""note"": ""Paid 4000"", ""amount"": 2999, ""gstApplied"": true, ""gstPercentage"": 18, ""membershipData"": {""amount"": 0, ""isMembershipFee"": true}, ""userTrialApplied"": false, ""isTrialPeriodExpired"": true, ""userDamageWaiverFeesApplied"": true}",,,,,,{},[],{},2026-10-12T19:09:41
45042135-65fb-47ac-be46-067ba00e1c11,UR56732,Aman,,caaman4691@gmail.com,,,MALE,"[""USER""]",true,true,false,House No 5B/20,Gate No 1 Subhash metro station,Delhi,Delhi,77fa7d7c-580e-419e-b2f0-70b038be6b24,9817932533,,,,,STRIPE,IST,gL5FBeYiFCyvh3fZcYRxUf/A9Pa+LC++04v3aZXIyyBZJ1I/tqiAMHLbrqScgyWkTOuWU/crs/T7u1ZefS+p0K9x1fu8HvSdI///p4AJsF7FvYXrqdJWEvpkRjhf8yr35QN2WcF/1QOIxpcw1847zPgP/J8yEXxPXb2IgekzMhCUmmPZyC8/Cfk+f2P9YH7X/zJ2lwi56CEoh3SxHGF1t4nl+7UO+Hh8WWhioLP03Ok=,2025-02-14T02:47:16.496Z,2026-10-04T08:48:02.703Z,,,0101000000887FD8D2A3465340E3BE7A81FEA33C40,"{""intercomId"": ""67aeaeba70494d37d521bdac"", ""isElefantUser"": true, ""leadSquaredData"": {""Id"": ""d4589f51-0889-4b91-83eb-2ce56a5b1622"", ""IsCreated"": true, ""RelatedId"": ""a6e5be96-2901-4b85-b7d7-2210be1e2b46""}, ""hasToyHoldingMismatch"": false, ""holdingFullBannerClosedAt"": ""2026-08-25T04:40:21.025Z""}",781A1618,,,0.0,"{""toy"": {""ageGroupIds"": [""654f486a-c1ba-4416-90ad-77086657f936""], ""facilitateIds"": []}}",,"{""profile"": ""COMPLETED"", ""childProfile"": ""COMPLETED"", ""onboardingScreen"": ""COMPLETED""}","[""enClk59NI085j-2SUQH6jb:APA91bFUXf9Gn8A7SYXnxPrKilmH4j1N_1SlEmVnKjt49MbjddLehUluZ0EHJcfnG1owg1bFGsNbGmAOJfohPZBKWOZxZSOooexXctuh9OfZqMSogQ8biVk"" ""dY-VUpE2wkpNhVzvdZIIw3:APA91bGs9yfgL7G1XQQsAQqlBMwB6eNGZ_N6EVLT3aLWKEGjAiuEa0NtfDPb89UzwwDiDv_wKjG-WHkFnCKV6T_-pwxXXjpvgVdXUbQDVz-xrwUHrOdjU1o""]",mobile_app,"{""sublocality"": ""Tilak Nagar"", ""formattedAddress"": ""5B-25, Block 5B, Tilak Nagar, Delhi, 110018, India""}",,"{""Q1"": ""0_2"", ""Q3"": ""too_many"", ""Q6"": ""Navvyam""}",Upper Ground floor,"Block 5B, Tilak Nagar, Delhi, India",b6a22dc2-d45b-4843-b30c-5e7c17ef8a41,45042135-65fb-47ac-be46-067ba00e1c11,,5997.0,2026-07-15T03:39:30Z,2026-10-15T03:39:30Z,0,order_TCY0WA0hqeGE9D,03e58770-76d5-4434-9934-ea1d64e4096f,CANCELLED,,upi,,"{""discount"": ""25%"", ""isNewPlan"": false, ""trialDays"": 30, ""toyProgram"": ""-"", ""planSavings"": 3597, ""planVersion"": ""v2"", ""trialAmount"": 99, ""trialApplied"": false, ""memberShipFees"": 0, ""bonusDeliveries"": 0, ""deliveryCharges"": 100, ""sameDayDelivery"": true, ""damageWaiverFees"": 999, ""maxBigToyAllowed"": 1, ""refundableDeposit"": 0, ""moneyBackGuarantee"": 30, ""effectiveCostPerMonth"": 1999, ""membershipFeesApplied"": false, ""planPriceDiscountAdmin"": -449001, ""securityDepositApplied"": false, ""totalKeepCountPerMonth"": 3, ""damageWaiverFeesApplied"": true, ""isUnlimitedFreeDelivery"": false, ""maxToyHoldingValueAllowed"": 35000, ""totalFreeDeliveryPerMonth"": 12, ""actualChargesForMemberShipFees"": 0, ""actualChargesForSecurityDeposit"": 0, ""actualChargesForDamageWaiverFees"": 999}",ONE_TIME,2026-07-12T10:46:02.675Z,2026-08-05T10:13:59.575Z,,"{""amount"": 450000, ""deviceType"": ""MOBILE"", ""gstApplied"": true, ""paymentNotes"": {""userId"": ""45042135-65fb-47ac-be46-067ba00e1c11"", ""paymentLinkId"": ""7cef6c47-2a14-4a8c-adea-ffe218e4c382"", ""subscriptionPlanId"": ""03e58770-76d5-4434-9934-ea1d64e4096f""}, ""gstPercentage"": 18, ""paymentLinkId"": ""7cef6c47-2a14-4a8c-adea-ffe218e4c382"", ""membershipData"": {""amount"": 0, ""isMembershipFee"": false}, ""isRecurringInit"": false, ""paymentProvider"": ""RAZOR_PAY"", ""userTrialApplied"": false, ""securityDepositData"": {""amount"": 0, ""securityDepositApplied"": false}, ""isTrialPeriodExpired"": true, ""merchantTransactionId"": ""order_TCY0WA0hqeGE9D"", ""userDamageWaiverFeesApplied"": true}",,,,,,{},[],{},2026-10-15T09:09:30
9b910e0e-6750-41a0-82f6-c2a09763d920,UR184961,,,,,,,"[""USER""]",true,true,false,"3141, Ground floor , sec-57 , Gurugram",Harmony Circle,Gurugram,Haryana,677ba529-ad83-4c8b-a9ef-f6afca6eb043,9818073540,,,,,STRIPE,IST,gL5FBeYiFCyvh3fZcYRxUf/A9Pa+LC++04v3aZXIyyBZJ1I/tqiAMHLbrqScgyWkBczAm+6gJ9lAh3aeYE/xA0w09rvYwin+gj+oKf9Gj83r+I/5rGltQmpozSsK+Ym4Q6YXdcnpVurrUSugzULxDDJU14iOsFUiVjUuUXEuorWpb8Lu2zAeg8EundLzS0LoVrAzkTAkXzvAb7oYN6Lsly1WkH4x4GOiy2gU0Fqfu6M=,2025-10-12T06:57:38.453Z,2026-07-05T23:28:26.633Z,,,0101000020E6100000B9D80750424553405EF851E4266C3C40,"{""intercomId"": ""68eb5168fa0fca08ca0a883f"", ""leadSquaredData"": {""Id"": ""04119773-d6af-47d0-a9b5-f0a699e6031c"", ""IsCreated"": true, ""RelatedId"": ""48e4b48a-45b4-4358-96b7-e41aab41a487""}}",9B520A8A,,,0.0,{},,"{""profile"": ""COMPLETED"", ""childProfile"": ""COMPLETED"", ""onboardingScreen"": ""COMPLETED""}","[""fSKewKKxj0JykAIU8lx5CN:APA91bFkgGpCHPIJP291MsfeuKxDlFAtR9CW34Do2poS-2e9W0ZKA5f90sdv9S8AqIUfoXWxQcsBujjRY-Jt519MyNvavN87mIUm8egDtZTjcQQvuKUEJIY""]",mobile_app,"{""sublocality"": ""Sector 57"", ""formattedAddress"": ""3130 A, First Floor, Sushant Lok Phase 3, Block B1, Sector 57, Gurugram, Haryana 122011, India""}",,{},,,de1b2e32-fee6-480d-abb9-c11cab6ed7d9,9b910e0e-6750-41a0-82f6-c2a09763d920,9818073540,2999.0,2025-10-12T07:00:58.794Z,2026-10-12T07:00:58Z,0,assigned_5f8d88ae42f98eab67923393bddbb73b,eab965a9-9117-4d7e-aa07-d7ded0903ca5,ACTIVE,,upi,,"{""discount"": ""58.34%"", ""isNewPlan"": false, ""pricePaid"": 2999, ""trialDays"": 30, ""toyProgram"": ""-"", ""planSavings"": 4200, ""planVersion"": ""v2"", ""trialAmount"": 499, ""trialApplied"": false, ""memberShipFees"": 0, ""bonusDeliveries"": 14, ""deliveryCharges"": 100, ""damageWaiverFees"": 999, ""refundableDeposit"": 0, ""memberShipFeesPaid"": 0, ""effectiveCostPerMonth"": 250, ""membershipFeesApplied"": false, ""refundableDepositPaid"": 0, ""planPriceDiscountAdmin"": 0, ""securityDepositApplied"": false, ""totalKeepCountPerMonth"": 3, ""damageWaiverFeesApplied"": true, ""isUnlimitedFreeDelivery"": false, ""membershipDiscountAdmin"": 0, ""totalFreeDeliveryPerMonth"": 0, ""actualChargesForMemberShipFees"": 0, ""refundableDepositDiscountAdmin"": 0, ""actualChargesForSecurityDeposit"": 0, ""actualChargesForDamageWaiverFees"": 999}",ASSIGNED,2025-10-12T07:01:04.454Z,2025-10-12T07:01:04.454Z,,"{""amount"": 2999, ""gstApplied"": true, ""gstPercentage"": 18, ""membershipData"": {""amount"": 0, ""isMembershipFee"": true}, ""userTrialApplied"": false, ""isTrialPeriodExpired"": true, ""userDamageWaiverFeesApplied"": true}",,,,,,{},[],{},2026-10-12T12:30:58
3dd4bb25-a7ed-45a7-85cf-ce5b37e2afe2,UR221640,karishma,bhansali,karishma.bhansali01@gmail.com,,,,"[""USER""]",true,true,false,Lodha Park Allura,Lower Parel,Mumbai City,Maharashtra,8a489bbe-4455-4f2c-b643-626532cb8875,9819694568,,,,,STRIPE,IST,gL5FBeYiFCyvh3fZcYRxUf/A9Pa+LC++04v3aZXIyyBZJ1I/tqiAMHLbrqScgyWkCksLmaTTF6KKL/bfEcEKJOLo7CzpZvOjySHYRLY8ZRa4igHdORPnYEhdUmfxlh8lVeAlUdE5T+yG4OhI1UI9v2I4n7hn2Xey7FW3oH5+lelhXy9QflbFfXgZ0zNmWt8HviYpNRxoFWpQ66tg3Kzd3GiraVydUW3519ZvMxijnGM=,2026-04-07T06:48:26.902Z,2026-08-24T05:32:28.884Z,,,01010000005A01CF07153552403A63F3CC26013340,"{""intercomId"": ""69d4a8c00413f0d13919ccd6"", ""isElefantUser"": true, ""hasToyHoldingMismatch"": false}",83F21915,,,0.0,{},,"{""profile"": ""COMPLETED"", ""childProfile"": ""COMPLETED"", ""onboardingScreen"": ""COMPLETED""}","[""d6e8glasJ0Y-ib5fzNUjos:APA91bGOj6kozCLmTNbxX6X_iMU3LiTFg5skoADQ3t0tyZxgd436eDbCh1DzNx-l4J-R5rUGvGvtM0-rvpZNyggfAtGb25IK1pUr59Uw10pS-RZaVkSDbG8""]",,"{""sublocality"": ""Lower Parel"", ""formattedAddress"": ""9, Senapati Bapat Marg, Lower Parel, Mumbai, Maharashtra 400013, India""}",2026-04-07T06:50:27.731Z,{},flat 7204 b wing,"9, Senapati Bapat Marg, Lower Parel, Mumbai, Maharashtra 400013, India",33c9d710-9cbe-410e-8856-7b6d765127b7,3dd4bb25-a7ed-45a7-85cf-ce5b37e2afe2,,3597.0,2026-04-07T14:28:28Z,2026-10-11T18:29:59.999Z,0,order_SadSwpoFPsIoOC,82c90c0f-c579-4227-91d1-fe28409961d9,ACTIVE,,card,,"{""discount"": ""25%"", ""isNewPlan"": false, ""trialDays"": 30, ""toyProgram"": ""-"", ""planSavings"": 3597, ""planVersion"": ""v2"", ""trialAmount"": 99, ""trialApplied"": false, ""memberShipFees"": 0, ""bonusDeliveries"": 0, ""deliveryCharges"": 100, ""sameDayDelivery"": false, ""damageWaiverFees"": 299, ""maxBigToyAllowed"": 0, ""refundableDeposit"": 0, ""moneyBackGuarantee"": 30, ""effectiveCostPerMonth"": 1199, ""membershipFeesApplied"": false, ""securityDepositApplied"": false, ""totalKeepCountPerMonth"": 3, ""damageWaiverFeesApplied"": true, ""isUnlimitedFreeDelivery"": false, ""maxToyHoldingValueAllowed"": 20000, ""totalFreeDeliveryPerMonth"": 12, ""actualChargesForMemberShipFees"": 0, ""actualChargesForSecurityDeposit"": 0, ""actualChargesForDamageWaiverFees"": 299}",ONE_TIME,2026-04-07T14:27:34.426Z,2026-08-11T11:13:41.629Z,92bbb782-f387-466e-88c3-1d2291ecddf9,"{""deviceType"": ""MOBILE"", ""gstApplied"": true, ""promoCodeId"": ""payment_provider_0ca5eaf65d0b7293ed5c1279f5a0aeb9"", ""paymentNotes"": {""userId"": ""3dd4bb25-a7ed-45a7-85cf-ce5b37e2afe2"", ""subscriptionType"": ""ONE_TIME"", ""subscriptionPlanId"": ""82c90c0f-c579-4227-91d1-fe28409961d9""}, ""gstPercentage"": 18, ""membershipData"": {""amount"": 0, ""isMembershipFee"": true}, ""isRecurringInit"": false, ""paymentProvider"": ""RAZOR_PAY"", ""userTrialApplied"": false, ""securityDepositData"": {""securityDepositApplied"": false}, ""isTrialPeriodExpired"": true, ""merchantTransactionId"": ""order_SadSwpoFPsIoOC"", ""userDamageWaiverFeesApplied"": true}",,,,,,{},[],"{""couponId"": ""92bbb782-f387-466e-88c3-1d2291ecddf9"", ""couponAppliedStatus"": ""PENDING"", ""isCouponAppliedOnSubscriptionRenew"": false}",2026-10-11T23:59:59.999
44527098-d2e2-4ee7-ae97-b8c5ab832a4c,UR25620,Jinal,Shah,gangarjinal@gmail.com,,,FEMALE,"[""USER""]",true,true,false,"304, Atharva CHS, Prarthana Samaj Road",Opp. Belgium Waffle,Mumbai Suburban,Maharashtra,2788d3bd-f3e7-4857-b44e-a6d4d9a8db36,9820155229,,,,,STRIPE,IST,gL5FBeYiFCyvh3fZcYRxUf/A9Pa+LC++04v3aZXIyyBZJ1I/tqiAMHLbrqScgyWksI5WXO+x6ylVMkS9CFPDOHyJ1bMOrBlcouNN5LLJZCAcspZU1MGJot4m0nAAvtSncmO4nKvITSwnv2+NaTGJ2ivTXWhzl9zpQijKSTCbDUZY9sHkB/LmGqaAfF6gEcNcKMH/8RZZCKobz0BbUfcutjz2C1P1yYH7Xo3CGz88W0w=,2024-09-14T08:39:14.811Z,2026-03-08T15:05:39.596Z,,,01010000000000885C87365240F394E209601A3340,"{""isElefantUser"": true, ""leadSquaredData"": {""Id"": ""8b7aeba9-312a-4870-bd29-9b58d92476f1"", ""IsCreated"": true, ""RelatedId"": ""51fa25ab-eabe-4180-b297-96814c99b0a5""}}",2C5C9C28,,,0.0,"{""toy"": {""ageGroupIds"": [""3ec41945-5b70-49aa-880d-e37bda8befbb""], ""facilitateIds"": [""374dd494-43c5-42c4-a402-4e95d852c4f3"", ""3001c6eb-2e0c-46f4-96de-dcd428357b8c"", ""72d52938-cbf8-48d6-911e-95f7d9c00a22""]}}",,"{""profile"": ""COMPLETED"", ""childProfile"": ""COMPLETED"", ""onboardingScreen"": ""COMPLETED""}",[],,"{""sublocality"": ""Vile Parle"", ""formattedAddress"": ""Off, Prarthana Samaj Rd, Satsang CHSL, Navpada, Vile Parle East, Vile Parle, Mumbai, Maharashtra 400057, India""}",,{},,,dd785fc1-0327-4779-8dec-5ef28e0c38ab,44527098-d2e2-4ee7-ae97-b8c5ab832a4c,NA,9999.0,2025-09-25T09:55:06.973Z,2026-10-10T18:29:59.999Z,0,assigned_12b04fb6cbfee4ef5b0c873dc31b2324,1d0e4dd6-644c-4e58-9553-294c46814ae8,ACTIVE,,razorpay,,"{""discount"": ""25%"", ""isNewPlan"": false, ""pricePaid"": 8000, ""trialDays"": 30, ""toyProgram"": ""-"", ""planSavings"": 3597, ""planVersion"": ""v2"", ""trialAmount"": 99, ""trialApplied"": false, ""memberShipFees"": 0, ""bonusDeliveries"": 0, ""deliveryCharges"": 100, ""damageWaiverFees"": 999, ""refundableDeposit"": 0, ""memberShipFeesPaid"": 0, ""effectiveCostPerMonth"": 833, ""membershipFeesApplied"": false, ""refundableDepositPaid"": 0, ""planPriceDiscountAdmin"": 1999, ""securityDepositApplied"": false, ""totalKeepCountPerMonth"": 3, ""damageWaiverFeesApplied"": true, ""isUnlimitedFreeDelivery"": true, ""membershipDiscountAdmin"": 0, ""totalFreeDeliveryPerMonth"": 3, ""actualChargesForMemberShipFees"": 0, ""refundableDepositDiscountAdmin"": 0, ""actualChargesForSecurityDeposit"": 0, ""actualChargesForDamageWaiverFees"": 999}",ASSIGNED,2025-09-25T09:55:11.108Z,2026-08-11T09:40:23.627Z,,"{""amount"": 8000, ""gstApplied"": true, ""gstPercentage"": 18, ""membershipData"": {""amount"": 0, ""isMembershipFee"": true}, ""userTrialApplied"": false, ""isTrialPeriodExpired"": true, ""userDamageWaiverFeesApplied"": false}",,,,,,{},[],{},2026-10-10T23:59:59.999
ea320064-b3a7-4c54-9a4d-d7aaa62df2fe,UR185071,,,,,,,"[""USER""]",true,true,false,"Q24 Godrej Baug, Off Napeansea Rd,","Malabar Hill,",Mumbai City,Maharashtra,998fc98f-35ae-4f8c-b249-79673d1f12de,9820316051,,,,,STRIPE,IST,gL5FBeYiFCyvh3fZcYRxUf/A9Pa+LC++04v3aZXIyyBZJ1I/tqiAMHLbrqScgyWksin+pFEIcSiO8jIgu9rMExCuB0T63HuF7R1cvIEGXt5VrbXdJE39xcgMXuIdBy8nPweTaHoWuYO1rkXeADsFBWLekkzqVyQFSyR8SXqzrLNkFf96u9MdbxZyHpKsnvOZh9zIzyMwCjqn8+emR5gskmWblaUoIZbZN3o/s/tnaS8=,2025-10-12T11:44:02.57Z,2025-11-16T04:30:03.628Z,,,0101000000E5F857456E3352409C9DB1D41FF63240,"{""intercomId"": ""68eb94880f2d6b86175b140d"", ""leadSquaredData"": {""Id"": ""b7067f14-2b68-4364-b5fa-d3f335acc385"", ""IsCreated"": true, ""RelatedId"": ""988dc9d1-312c-468f-95aa-991f9a844e81""}}",31916080,,,0.0,{},,"{""profile"": ""COMPLETED"", ""childProfile"": ""COMPLETED"", ""onboardingScreen"": ""COMPLETED""}",[],mobile_app,"{""sublocality"": ""Malabar Hill"", ""formattedAddress"": ""XR63+HC9, Off Nepean Sea Rd, Simla Nagar, Malabar Hill, Mumbai, Maharashtra 400026, India""}",,{},,,4be432a7-ace6-441e-89e4-d90f6c29f8fb,ea320064-b3a7-4c54-9a4d-d7aaa62df2fe,9820316051,2999.0,2025-10-12T12:10:38.267Z,2026-10-12T12:10:38Z,0,assigned_b473181c4557eea74e1203fa3be29005,eab965a9-9117-4d7e-aa07-d7ded0903ca5,ACTIVE,,pos,,"{""discount"": ""58.34%"", ""isNewPlan"": false, ""pricePaid"": 2999, ""trialDays"": 30, ""toyProgram"": ""-"", ""planSavings"": 4200, ""planVersion"": ""v2"", ""trialAmount"": 499, ""trialApplied"": false, ""memberShipFees"": 0, ""bonusDeliveries"": 14, ""deliveryCharges"": 100, ""damageWaiverFees"": 999, ""refundableDeposit"": 0, ""memberShipFeesPaid"": 0, ""effectiveCostPerMonth"": 250, ""membershipFeesApplied"": false, ""refundableDepositPaid"": 0, ""planPriceDiscountAdmin"": 0, ""securityDepositApplied"": false, ""totalKeepCountPerMonth"": 3, ""damageWaiverFeesApplied"": true, ""isUnlimitedFreeDelivery"": false, ""membershipDiscountAdmin"": 0, ""totalFreeDeliveryPerMonth"": 0, ""actualChargesForMemberShipFees"": 0, ""refundableDepositDiscountAdmin"": 0, ""actualChargesForSecurityDeposit"": 0, ""actualChargesForDamageWaiverFees"": 999}",ASSIGNED,2025-10-12T12:10:49.744Z,2025-10-12T12:10:49.744Z,,"{""note"": ""Paid 3500"", ""amount"": 2999, ""gstApplied"": true, ""gstPercentage"": 18, ""membershipData"": {""amount"": 0, ""isMembershipFee"": true}, ""userTrialApplied"": false, ""isTrialPeriodExpired"": true, ""userDamageWaiverFeesApplied"": true}",,,,,,{},[],{},2026-10-12T17:40:38
014590b5-aadf-4bad-b1dd-199a48a22d3b,UR184636,,,,,,,"[""USER""]",true,true,false,"plot no-162, flat no-301, Mandor Solitare",hairway building,Mumbai Suburban,Maharashtra,4a9bb25b-3e3f-4e87-91c6-861069d9bbd3,9821718769,,,,,STRIPE,IST,gL5FBeYiFCyvh3fZcYRxUf/A9Pa+LC++04v3aZXIyyBZJ1I/tqiAMHLbrqScgyWkvJS02tpauKV+M6BE/kE3AfrWokmH01qCTlAO8LblLq2V5JPRf+BOVfcLOymEc5S3okqlanykfksiupSuKQPXu1k3OWB+zygAOXBPQMEPeNj95e0Ia7lcREUZFoEecVD8ESLUdq080iGSJuNN0RK3HgC4SeD22L7LtjPFqaREbjc=,2025-10-11T10:54:47.92Z,2026-02-17T07:12:33.837Z,,,0101000020E6100000D7DDFCCD3F365240ACB9546DD3283340,"{""intercomId"": ""68ea377d92748125c26f54ee"", ""leadSquaredData"": {""Id"": ""152cd1a3-1d05-48a8-b38b-c8cd6113e4b6"", ""IsCreated"": true, ""RelatedId"": ""17416b93-89d1-47e4-9476-20bb34786503""}}",38A4814F,,,0.0,{},,"{""profile"": ""COMPLETED"", ""childProfile"": ""COMPLETED"", ""onboardingScreen"": ""COMPLETED""}","[""eyHBt2LTyUbqi-Osqm2y_l:APA91bFyfh0HoPTIPTGCgYyCB7974XIDOrnWR1GaraCs5DlYFu5MmwjrngHpuDiPMRNk_9rkKvktwWZ97lFiAUULjiVGCV0p4x2lgkV6SLJyRvqlDC6L_U8"" ""dOe4JNZ1W0NsuffcOvTWF2:APA91bEzXpdzcFNaDRHn3LzznaUsYHyBlQqsm8bFJRzsSfeaKRBLJ8jcf3CDbMiF2ThIxAQGm6GsRW0YnmZdwNm4hYxJKs-Z6Zbi6NfzQaSZH4w6esY6dUU""]",mobile_app,"{""sublocality"": ""Goregaon West"", ""formattedAddress"": ""161, Road No. 2, Jawahar Nagar, Goregaon West, Mumbai, Maharashtra 400104, India""}",,{},,,53d0b95f-05a6-4104-985e-5abf846e8d1b,014590b5-aadf-4bad-b1dd-199a48a22d3b,9821718769,9999.0,2025-10-11T12:01:23.655Z,2026-10-11T12:01:23Z,0,assigned_4d1f266fe659504927ef6226056100ee,1d0e4dd6-644c-4e58-9553-294c46814ae8,ACTIVE,,upi,,"{""discount"": ""25%"", ""isNewPlan"": false, ""pricePaid"": 9999, ""trialDays"": 30, ""toyProgram"": ""-"", ""planSavings"": 3597, ""planVersion"": ""v2"", ""trialAmount"": 99, ""trialApplied"": false, ""memberShipFees"": 0, ""bonusDeliveries"": 0, ""deliveryCharges"": 100, ""damageWaiverFees"": 999, ""refundableDeposit"": 0, ""memberShipFeesPaid"": 0, ""effectiveCostPerMonth"": 833, ""membershipFeesApplied"": false, ""refundableDepositPaid"": 0, ""planPriceDiscountAdmin"": 0, ""securityDepositApplied"": false, ""totalKeepCountPerMonth"": 3, ""damageWaiverFeesApplied"": true, ""isUnlimitedFreeDelivery"": true, ""membershipDiscountAdmin"": 0, ""totalFreeDeliveryPerMonth"": 3, ""actualChargesForMemberShipFees"": 0, ""refundableDepositDiscountAdmin"": 0, ""actualChargesForSecurityDeposit"": 0, ""actualChargesForDamageWaiverFees"": 999}",ASSIGNED,2025-10-11T12:01:47.283Z,2025-10-11T12:01:47.283Z,,"{""note"": ""40 hours Noida arena + membership + birthday party"", ""amount"": 9999, ""gstApplied"": true, ""gstPercentage"": 18, ""membershipData"": {""amount"": 0, ""isMembershipFee"": true}, ""userTrialApplied"": false, ""isTrialPeriodExpired"": true, ""userDamageWaiverFeesApplied"": true}",,,,,,{},[],{},2026-10-11T17:31:23
8bceb9e5-78c1-4501-909d-c3b4be638006,UR387157,umesh,gokhale,udgokhale@gmail.com,,,MALE,"[""USER""]",true,true,false,669 Chhoti Dhantoli,Dhantoli,Nagpur,Maharashtra,c0494c4e-8e42-4ae1-961b-372690e716ec,9822920482,,,,,STRIPE,IST,gL5FBeYiFCyvh3fZcYRxUf/A9Pa+LC++04v3aZXIyyBZJ1I/tqiAMHLbrqScgyWk1O6fCO0M5gXHLScyygN3JcyIYbOqTQUFWwMcta5pIBcwWpTmkzRGySsrHu92DzmcrwXyF7m85UWNVU+fth1+09r6cWc1JnGJVN3JW9/+EvEYNRNoSzviJuaJmCFW/Ff1sLeRU6HYtrvM+YQ/RPHjfZa6tR3bKpS9fewyMWzkCno=,2026-07-08T12:22:57.086Z,2026-09-14T15:17:50.73Z,,,0101000020E6100000B1A6B2286CC553407F68E6C935233540,"{""intercomId"": ""6a4e41260d866f0a655a14b4"", ""isElefantUser"": true, ""isQuestionAnswereOnBoardCompleted"": true}",3A887179,,,0.0,{},,"{""profile"": ""COMPLETED"", ""onboardingScreen"": ""COMPLETED""}",[],,"{""sublocality"": ""Dhantoli"", ""formattedAddress"": ""669, Chhoti, Dhantoli, Nagpur, Maharashtra 440012, India""}",,"{""Q1"": ""2_5"", ""Q2"": ""less_1hr"", ""Q3"": ""10_20"", ""Q4"": ""curious"", ""Q6"": ""DHRUVI""}",,,71e5f7ef-e912-434a-b9c9-3fed4e510276,8bceb9e5-78c1-4501-909d-c3b4be638006,,4497.0,2026-07-11T13:06:46Z,2026-10-11T13:06:46Z,0,order_TBPP6i35kgVmTT,864b3e20-b4b5-4be5-8b5c-bcd69573b6dd,ACTIVE,,upi,,"{""discount"": ""25%"", ""isNewPlan"": false, ""trialDays"": 30, ""toyProgram"": ""-"", ""planSavings"": 3597, ""planVersion"": ""v2"", ""trialAmount"": 99, ""trialApplied"": false, ""memberShipFees"": 0, ""bonusDeliveries"": 0, ""deliveryCharges"": 100, ""sameDayDelivery"": false, ""damageWaiverFees"": 299, ""maxBigToyAllowed"": 0, ""refundableDeposit"": 0, ""moneyBackGuarantee"": 30, ""effectiveCostPerMonth"": 1499, ""membershipFeesApplied"": false, ""securityDepositApplied"": false, ""totalKeepCountPerMonth"": 3, ""damageWaiverFeesApplied"": true, ""isUnlimitedFreeDelivery"": false, ""maxToyHoldingValueAllowed"": 20000, ""totalFreeDeliveryPerMonth"": 9, ""actualChargesForMemberShipFees"": 0, ""actualChargesForSecurityDeposit"": 0, ""actualChargesForDamageWaiverFees"": 299}",ONE_TIME,2026-07-09T12:45:17.56Z,2026-07-11T13:06:46.875Z,d9f45968-fdf9-45cb-a143-9bda0499e70b,"{""deviceType"": ""MOBILE"", ""gstApplied"": true, ""promoCodeId"": ""payment_provider_222024ad0be6b711af19f169bcb51d44"", ""paymentNotes"": {""userId"": ""8bceb9e5-78c1-4501-909d-c3b4be638006"", ""subscriptionType"": ""ONE_TIME"", ""subscriptionPlanId"": ""864b3e20-b4b5-4be5-8b5c-bcd69573b6dd""}, ""gstPercentage"": 18, ""membershipData"": {""amount"": 0, ""isMembershipFee"": true}, ""isRecurringInit"": false, ""paymentProvider"": ""RAZOR_PAY"", ""userTrialApplied"": false, ""securityDepositData"": {""securityDepositApplied"": false}, ""isTrialPeriodExpired"": true, ""merchantTransactionId"": ""order_TBPP6i35kgVmTT"", ""userDamageWaiverFeesApplied"": true}",,,,,,{},[],"{""couponId"": ""d9f45968-fdf9-45cb-a143-9bda0499e70b"", ""couponAppliedStatus"": ""PENDING"", ""isCouponAppliedOnSubscriptionRenew"": false}",2026-10-11T18:36:46
d0b0515b-c574-4141-9657-5424ddf369fa,UR310284,Vivek,Galar,ripefeed@gmail.com,,,,"[""USER""]",true,true,false,JC Galar,Sector A Scheme No 94  near Bharat petrol pump,Indore,Madhya Pradesh,165212cb-211f-4d8d-9f58-3695e4e7b01a,9826300500,,,,,STRIPE,IST,gL5FBeYiFCyvh3fZcYRxUf/A9Pa+LC++04v3aZXIyyBZJ1I/tqiAMHLbrqScgyWkzvPE2ahrQG1ON8YVLBMN+SaeElWlUk2eOivMja23biOefJT2YL+iFLvEpb5nHDbkiYdo5hVh11HRiNAfeyKSeb2XT9mRX3b7qdZ39m9LwByb1ITUZ+BCsE61JTPAwdwzr+d8aCdSly1TP7ZIny3N1DUD+Ci+0kHW5WDSce447Co=,2026-05-25T12:56:55.2Z,2026-10-04T05:26:50.231Z,,,0101000020E61000000E4A9869FBF95240A4E3C51DCAC33640,"{""intercomId"": ""6a14471c44c839f60ff6e89c"", ""isElefantUser"": true, ""hasToyHoldingMismatch"": true, ""declineSubscriptionReason"": ""Others"", ""isQuestionAnswereOnBoardCompleted"": true}",226A8A93,,,0.0,{},,"{""profile"": ""COMPLETED"", ""onboardingScreen"": ""COMPLETED""}",[],,"{""sublocality"": ""Scheme No 94 Sector EB"", ""formattedAddress"": ""Shyam Kunj, WA-198, Ring Rd, Scheme No 94 Sector EB, Indore, Madhya Pradesh 452010, India""}",,"{""Q1"": ""2_5"", ""Q2"": ""2_3hrs"", ""Q3"": ""0_5"", ""Q4"": ""energetic"", ""Q6"": ""Ojas""}",wa 197 sector a scheme no. 94,"Shyam Kunj, Ring Road, Scheme No 94 Sector EB, Indore, Madhya Pradesh, India",764787d9-d5f7-4a56-a94e-51b3bd4c0e6e,d0b0515b-c574-4141-9657-5424ddf369fa,,4497.0,2026-07-11T08:23:15Z,2026-10-11T08:23:15Z,0,order_TB5IUOpoDphRZ4,864b3e20-b4b5-4be5-8b5c-bcd69573b6dd,CANCELLED,,card,,"{""discount"": ""25%"", ""isNewPlan"": false, ""trialDays"": 30, ""toyProgram"": ""-"", ""planSavings"": 3597, ""planVersion"": ""v2"", ""trialAmount"": 99, ""trialApplied"": false, ""memberShipFees"": 0, ""bonusDeliveries"": 0, ""deliveryCharges"": 100, ""sameDayDelivery"": false, ""damageWaiverFees"": 299, ""maxBigToyAllowed"": 0, ""refundableDeposit"": 0, ""moneyBackGuarantee"": 30, ""effectiveCostPerMonth"": 1499, ""membershipFeesApplied"": false, ""securityDepositApplied"": false, ""totalKeepCountPerMonth"": 3, ""damageWaiverFeesApplied"": true, ""isUnlimitedFreeDelivery"": false, ""maxToyHoldingValueAllowed"": 20000, ""totalFreeDeliveryPerMonth"": 13, ""actualChargesForMemberShipFees"": 0, ""actualChargesForSecurityDeposit"": 0, ""actualChargesForDamageWaiverFees"": 299}",ONE_TIME,2026-07-08T17:05:09.374Z,2026-08-05T14:18:58.69Z,e6378519-375d-4a19-8e47-6dd2e2d17532,"{""deviceType"": ""MOBILE"", ""gstApplied"": true, ""promoCodeId"": ""payment_provider_29c6721102e6f5218c21735288c565d3"", ""paymentNotes"": {""userId"": ""d0b0515b-c574-4141-9657-5424ddf369fa"", ""subscriptionType"": ""ONE_TIME"", ""subscriptionPlanId"": ""864b3e20-b4b5-4be5-8b5c-bcd69573b6dd""}, ""gstPercentage"": 18, ""membershipData"": {""amount"": 0, ""isMembershipFee"": true}, ""isRecurringInit"": false, ""paymentProvider"": ""RAZOR_PAY"", ""userTrialApplied"": false, ""securityDepositData"": {""securityDepositApplied"": false}, ""isTrialPeriodExpired"": true, ""merchantTransactionId"": ""order_TB5IUOpoDphRZ4"", ""pendingUpgradeBreakdowns"": {""order_TJtVjyvsb7MkGE"": {""basePrice"": 15588, ""gstAmount"": 1583, ""couponCode"": ""DISCOUNT50"", ""finalPrice"": 8234, ""couponPercent"": 50, ""proRataCredit"": 2143, ""couponDiscount"": 7794, ""membershipFees"": 0, ""securityDeposit"": 0, ""damageWaiverFees"": 999}, ""order_TJthU8vQ2OIUxO"": {""basePrice"": 5997, ""gstAmount"": 720, ""couponCode"": ""DISCOUNT50"", ""finalPrice"": 2575, ""couponPercent"": 50, ""proRataCredit"": 2143, ""couponDiscount"": 2999, ""membershipFees"": 0, ""securityDeposit"": 0, ""damageWaiverFees"": 999}, ""order_TKRNU7wS9s7u0r"": {""basePrice"": 5997, ""gstAmount"": 720, ""couponCode"": ""DISCOUNT50"", ""finalPrice"": 2633, ""couponPercent"": 50, ""proRataCredit"": 2084, ""couponDiscount"": 2999, ""membershipFees"": 0, ""securityDeposit"": 0, ""damageWaiverFees"": 999}, ""order_TM22QOR17IBVBd"": {""basePrice"": 5997, ""gstAmount"": 720, ""couponCode"": ""DISCOUNT50"", ""finalPrice"": 2751, ""couponPercent"": 50, ""proRataCredit"": 1967, ""couponDiscount"": 2999, ""membershipFees"": 0, ""securityDeposit"": 0, ""damageWaiverFees"": 999}}, ""userDamageWaiverFeesApplied"": true}",,,d0b0515b-c574-4141-9657-5424ddf369fa,2026-08-05T14:18:58Z,INSTANT,{},[],"{""couponId"": ""e6378519-375d-4a19-8e47-6dd2e2d17532"", ""couponAppliedStatus"": ""PENDING"", ""isCouponAppliedOnSubscriptionRenew"": false}",2026-10-11T13:53:15
85623ed4-f1f6-4f15-8680-c3c8d4041b3b,UR134751,Divya,Vora,dr.divyapherwani@gmail.com,,,,"[""USER""]",true,true,false,"11, ground floor, Sagarika",Vile Parle West,Mumbai Suburban,Maharashtra,f892d9d2-4d8c-46d5-913e-b015c8a4df79,9833349472,,,,,STRIPE,IST,gL5FBeYiFCyvh3fZcYRxUf/A9Pa+LC++04v3aZXIyyBZJ1I/tqiAMHLbrqScgyWktNHnuWxWA7aEG53ZDl4jGZjImFl0S9MehIGn5RIdCsZLrIwHKxQAgqNhBVJIpgaVzh4guy1y2VGdnWDR9XucaANqWg0JPvIIwQrAduFZewCBOIVD2n9Vs45meE91YgCsh+Qg10mbgtJmz9nBB1OtXlENlQz5LXduGY/uc5rsLUI=,2025-07-07T10:33:42.119Z,2026-10-01T18:03:52.682Z,,,0101000020E6100000B022FEBC84355240E2EE0797E91A3340,"{""intercomId"": ""686ba28b86798ebaba341c23"", ""isElefantUser"": true, ""leadSquaredData"": {""Id"": ""81619e38-f838-4235-99d6-05b57abdb05b"", ""IsCreated"": true, ""RelatedId"": ""902e50f4-b7af-426d-aeff-0362af4fd281""}, ""hasToyHoldingMismatch"": true, ""declineSubscriptionReason"": ""I'm not sure which toys to get for my child"", ""isQuestionAnswereOnBoardCompleted"": true}",09D792C6,,,0.0,{},,"{""profile"": ""COMPLETED"", ""childProfile"": ""COMPLETED"", ""onboardingScreen"": ""COMPLETED""}","[""fpT9I6dsyklspCF5hWHjEm:APA91bFWGkUiXOpsFIYdJVzFF88B0gb8imYy-qZdcKmbtD9qRm1Z1NhepOX2CzrewwM8DxPoQHkrDaHw8C_4PPi_2FiV3X1Bx1KWSNRdkJrdcfuXcg6jc2g"" ""fuE_ZPVJEEZJj56ABR4oZs:APA91bHNuU3PKj4DRmowAzkSzdxOtXxhaE-AHfuz9OCU05P34EWNlDdbL11TVnvJjXfJK86hgB1hMklwna8HTeimEGlV3qSsracyYLRttAmfzGo9AoHbfQs"" ""eGRfvK2x-k1at7C9JHi-t0:APA91bGGfzfMcGGoTs22lVf2T_JSQoaNZywCUr5xEWUAbyAegRtM8OYoWyRiz3XbVwxbcoOdPjRiySVBsCscZHsgAzH1Znrw8qJQ_ZPkslPNFRP52Lk8jHo""]",mobile_app,"{""sublocality"": ""Vile Parle West"", ""formattedAddress"": ""11, N S Rd Number 2, Swastik Society, Vile Parle West, Mumbai, Maharashtra 400056, India""}",,"{""Q1"": ""2_5"", ""Q2"": ""less_1hr"", ""Q3"": ""too_many"", ""Q4"": ""energetic""}",,,f0af66ec-4994-475b-ba73-817d340094b4,85623ed4-f1f6-4f15-8680-c3c8d4041b3b,9833349472,5997.0,2026-06-10T05:32:27.14Z,2026-10-10T13:05:00Z,0,assigned_251cbbe00a7229e2d39a179e24ba1c86,03e58770-76d5-4434-9934-ea1d64e4096f,ACTIVE,,razorpay,,"{""discount"": ""25%"", ""isNewPlan"": false, ""pricePaid"": 4000, ""trialDays"": 30, ""toyProgram"": ""-"", ""planSavings"": 3597, ""planVersion"": ""v2"", ""trialAmount"": 99, ""trialApplied"": false, ""memberShipFees"": 0, ""bonusDeliveries"": 0, ""deliveryCharges"": 100, ""sameDayDelivery"": true, ""damageWaiverFees"": 999, ""maxBigToyAllowed"": 1, ""refundableDeposit"": 0, ""memberShipFeesPaid"": 0, ""moneyBackGuarantee"": 30, ""effectiveCostPerMonth"": 1999, ""membershipFeesApplied"": false, ""refundableDepositPaid"": 0, ""planPriceDiscountAdmin"": 1997, ""securityDepositApplied"": false, ""totalKeepCountPerMonth"": 3, ""damageWaiverFeesApplied"": true, ""isUnlimitedFreeDelivery"": false, ""membershipDiscountAdmin"": 0, ""maxToyHoldingValueAllowed"": 35000, ""totalFreeDeliveryPerMonth"": 12, ""actualChargesForMemberShipFees"": 0, ""refundableDepositDiscountAdmin"": 0, ""actualChargesForSecurityDeposit"": 0, ""actualChargesForDamageWaiverFees"": 999}",ASSIGNED,2026-06-10T05:32:36.05Z,2026-09-11T00:00:00.158Z,,"{""note"": ""Quarter max 4000"", ""amount"": 4000, ""gstApplied"": true, ""gstPercentage"": 18, ""membershipData"": {""amount"": 0, ""isMembershipFee"": true}, ""userTrialApplied"": false, ""isTrialPeriodExpired"": true, ""userDamageWaiverFeesApplied"": true}",,,,,,{},[],{},2026-10-10T18:35:00
f8952e63-7c21-4dc7-ad44-07e17a2f473c,UR50956,Piyush ,Bhattacharya ,vdanze@hotmail.cok,,,MALE,"[""USER""]",true,true,false,a1104.  devashree park,kolshet rd,Thane,Maharashtra,b59160e4-5670-45b9-959a-3c5c80a1063d,9833913421,,,,,STRIPE,Asia/kotkala,gL5FBeYiFCyvh3fZcYRxUf/A9Pa+LC++04v3aZXIyyBZJ1I/tqiAMHLbrqScgyWk+XaJ/Ip7SzYq7bSf+twhXAR+BM+jktygxrYCVg/8zRbyCYIYGxTpZ9UktfVQd8Ocpww4KNCmlYuPsjYKAnOWWfpFczZLao/u4R0XLB1R7ZhmNfUCgfFxYUcI3otHqqkqmalNCeBcmAOLz96ebmDIzKM1htv8XBWJ2RFAx3F3bXA=,2025-01-30T15:46:23.596Z,2026-02-09T13:26:04.293Z,,,010100000095AA48E06A3F5240B0FECF61BE3C3340,"{""intercomId"": ""679b9ed591c1599cd883f82b"", ""leadSquaredData"": {""Id"": ""b428bc20-acf9-464d-850f-dd07e2e8714c"", ""IsCreated"": true, ""RelatedId"": ""d06d8a3a-a158-4f69-9d48-5d64a1981d2e""}}",9ACB28C0,,,0.0,{},,"{""profile"": ""COMPLETED"", ""childProfile"": ""COMPLETED"", ""onboardingScreen"": ""COMPLETED""}",[],TRIAL_OFFER_WEB,"{""sublocality"": ""Thane West"", ""formattedAddress"": ""Devashree Park, 601, Kolshet Rd, Kolshet Industrial Area, Thane West, Thane, Maharashtra 400607, India""}",,{},,,327a84f0-3dc3-4106-b424-dd76ea3c50a4,f8952e63-7c21-4dc7-ad44-07e17a2f473c,NA,2999.0,2025-10-11T12:17:19.881Z,2026-10-11T12:17:19Z,0,assigned_4783f0149ddae12bbad21e749968a37a,eab965a9-9117-4d7e-aa07-d7ded0903ca5,ACTIVE,,upi,,"{""discount"": ""58.34%"", ""isNewPlan"": false, ""pricePaid"": 2999, ""trialDays"": 30, ""toyProgram"": ""-"", ""planSavings"": 4200, ""planVersion"": ""v2"", ""trialAmount"": 499, ""trialApplied"": false, ""memberShipFees"": 0, ""bonusDeliveries"": 14, ""deliveryCharges"": 100, ""damageWaiverFees"": 999, ""refundableDeposit"": 0, ""memberShipFeesPaid"": 0, ""effectiveCostPerMonth"": 250, ""membershipFeesApplied"": false, ""refundableDepositPaid"": 0, ""planPriceDiscountAdmin"": 0, ""securityDepositApplied"": false, ""totalKeepCountPerMonth"": 3, ""damageWaiverFeesApplied"": true, ""isUnlimitedFreeDelivery"": false, ""membershipDiscountAdmin"": 0, ""totalFreeDeliveryPerMonth"": 0, ""actualChargesForMemberShipFees"": 0, ""refundableDepositDiscountAdmin"": 0, ""actualChargesForSecurityDeposit"": 0, ""actualChargesForDamageWaiverFees"": 999}",ASSIGNED,2025-10-11T12:17:23.815Z,2025-10-11T12:17:23.815Z,,"{""note"": ""3500 paid"", ""amount"": 2999, ""gstApplied"": true, ""gstPercentage"": 18, ""membershipData"": {""amount"": 0, ""isMembershipFee"": true}, ""userTrialApplied"": false, ""isTrialPeriodExpired"": true, ""userDamageWaiverFeesApplied"": true}",,,,,,{},[],{},2026-10-11T17:47:19
33c7c858-dca1-499a-9a56-15f115d3bf68,UR172670,Avi,Patel,payalpk947@gmail.com,,,,"[""USER""]",true,true,false,flat 601. matruashish chs plot no 46. sector 29.,vashi. navi mumbai,Navi Mumbai,Maharashtra,4725a235-02b6-48c3-b9ef-8232e1401e99,9870278888,,,,,STRIPE,IST,gL5FBeYiFCyvh3fZcYRxUf/A9Pa+LC++04v3aZXIyyBZJ1I/tqiAMHLbrqScgyWkEsctcQuNhgm+VlseXvrsslaG5g+4cETRVIpRgq4y6DY66l154n3ox6ef8xEJTgsPAVS+YmzY9DlyDezA+b2dEyG1D7wVSkZTZUjes8rWAY10xxBnFe2tC1duxsfdbKX7SNMry+IZUiKOL4Qc0klB4kStGcl1ZjV1+lx8jmleNQM=,2025-09-19T02:17:23.846Z,2026-09-08T06:39:42.451Z,,,0101000000FBC67CE566405240EBB82B05EE163340,"{""intercomId"": ""68ccbd39e8536b909efa52fb"", ""isElefantUser"": true, ""leadSquaredData"": {""Id"": ""29176752-b1e3-4c98-9c2c-4eddbb833be4"", ""IsCreated"": true, ""RelatedId"": ""974c1c96-f949-470b-a1fb-9efef423adfd""}, ""hasToyHoldingMismatch"": false, ""holdingFullBannerClosedAt"": ""2026-09-03T04:37:56.272Z""}",E7069B92,,,0.0,{},,"{""profile"": ""COMPLETED"", ""childProfile"": ""COMPLETED"", ""onboardingScreen"": ""COMPLETED""}",[],mobile_app,"{""sublocality"": ""Vashi"", ""formattedAddress"": ""46, Sector 29 Vashi Rd, Sector 29, Vashi, Navi Mumbai, Maharashtra 400703, India""}",,{},Sector 29,"46, Sector 29 Vashi Road, Sector 29, Vashi, Navi Mumbai, Maharashtra 400703, India",9b529649-4398-4f86-9286-94ff61cdbd0d,33c7c858-dca1-499a-9a56-15f115d3bf68,NA,2999.0,2025-10-11T12:16:12.448Z,2026-10-11T12:16:12Z,0,assigned_f9a6be9c669cb536898471dab8521edb,eab965a9-9117-4d7e-aa07-d7ded0903ca5,CANCELLED,,upi,,"{""discount"": ""58.34%"", ""isNewPlan"": false, ""pricePaid"": 2999, ""trialDays"": 30, ""toyProgram"": ""-"", ""planSavings"": 4200, ""planVersion"": ""v2"", ""trialAmount"": 499, ""trialApplied"": false, ""memberShipFees"": 0, ""bonusDeliveries"": 14, ""deliveryCharges"": 100, ""damageWaiverFees"": 999, ""refundableDeposit"": 0, ""memberShipFeesPaid"": 0, ""effectiveCostPerMonth"": 250, ""membershipFeesApplied"": false, ""refundableDepositPaid"": 0, ""planPriceDiscountAdmin"": 0, ""securityDepositApplied"": false, ""totalKeepCountPerMonth"": 3, ""damageWaiverFeesApplied"": true, ""isUnlimitedFreeDelivery"": false, ""membershipDiscountAdmin"": 0, ""totalFreeDeliveryPerMonth"": 2, ""actualChargesForMemberShipFees"": 0, ""refundableDepositDiscountAdmin"": 0, ""actualChargesForSecurityDeposit"": 0, ""actualChargesForDamageWaiverFees"": 999}",ASSIGNED,2025-10-11T12:16:20.187Z,2026-05-21T06:10:38.43Z,,"{""note"": ""3999 paid qr"", ""amount"": 2999, ""gstApplied"": true, ""gstPercentage"": 18, ""membershipData"": {""amount"": 0, ""isMembershipFee"": true}, ""userTrialApplied"": false, ""isTrialPeriodExpired"": true, ""userDamageWaiverFeesApplied"": true}",,,33c7c858-dca1-499a-9a56-15f115d3bf68,2026-05-21T06:10:38Z,INSTANT,{},[],{},2026-10-11T17:46:12
379d7c06-a692-4027-8a90-319e068c0d0a,UR184547,Anshu,gupta,anshu.srrs@gmail.com,,,,"[""USER""]",true,true,false,"house no. 673, Urban estate sector -4 gurgaon haryana 122001",near community centre ..gate no 1,Gurugram,Haryana,9acb7cd7-5885-48e4-96e2-8ae4cecdfd48,9899717509,,,,,STRIPE,IST,gL5FBeYiFCyvh3fZcYRxUf/A9Pa+LC++04v3aZXIyyBZJ1I/tqiAMHLbrqScgyWkx+87dOteSEBBagV1Sd/yb0EW2HkFn0z4Yy63yE60AH0IHU3TxRnu9AlRxqZdKFeEP5tyq+IKmaevsU3I5tzuyq6GxqLw+DPyKDVEgurwvYWuU+vCK5/+AQmgF/2fG7enibbpSeS2M9tQX/gAWufaETd/Ke4s94saRQdW+vvqXLw=,2025-10-11T07:50:30.68Z,2025-10-11T09:05:48.019Z,,,0101000000CEF4B7A9A640534020BAFB77D8793C40,"{""intercomId"": ""68ea0c4c7414209a443b9f07"", ""leadSquaredData"": {""Id"": ""9a422624-34ab-4619-9eaf-72e8f3037735"", ""IsCreated"": true, ""RelatedId"": ""8ac156d1-95e1-4997-bb24-ced7aeaf62a1""}}",38AAC240,,,0.0,{},,"{""profile"": ""COMPLETED"", ""childProfile"": ""COMPLETED"", ""onboardingScreen"": ""COMPLETED""}","[""cjidQiyw7E-dpXZbK6zLJ8:APA91bGWEeRdng9Spy4XIFlKwsL7654vwSKA1yGBjsIj7cJODrYVqKDJWvKLCqoh1XXWvyQ6CIigadMN0RQ6KloPkkl0PS8MEgUPDh0Nv0C6jGO3whtcE4I""]",mobile_app,"{""sublocality"": ""Sector 4"", ""formattedAddress"": ""672, Urban Estate, Sector 4, Gurugram, Haryana 122006, India""}",2025-10-11T07:56:42.739Z,{},,,f5e92a27-053d-4550-88ff-ca2821dfe671,379d7c06-a692-4027-8a90-319e068c0d0a,9899717509,2999.0,2025-10-11T10:07:22.723Z,2026-10-11T10:07:22Z,0,assigned_35280e60daa8969dbe0e8124552e0630,eab965a9-9117-4d7e-aa07-d7ded0903ca5,ACTIVE,,razorpay,,"{""discount"": ""58.34%"", ""isNewPlan"": false, ""pricePaid"": 2999, ""trialDays"": 30, ""toyProgram"": ""-"", ""planSavings"": 4200, ""planVersion"": ""v2"", ""trialAmount"": 499, ""trialApplied"": false, ""memberShipFees"": 0, ""bonusDeliveries"": 14, ""deliveryCharges"": 100, ""damageWaiverFees"": 999, ""refundableDeposit"": 0, ""memberShipFeesPaid"": 0, ""effectiveCostPerMonth"": 250, ""membershipFeesApplied"": false, ""refundableDepositPaid"": 0, ""planPriceDiscountAdmin"": 0, ""securityDepositApplied"": false, ""totalKeepCountPerMonth"": 3, ""damageWaiverFeesApplied"": true, ""isUnlimitedFreeDelivery"": false, ""membershipDiscountAdmin"": 0, ""totalFreeDeliveryPerMonth"": 0, ""actualChargesForMemberShipFees"": 0, ""refundableDepositDiscountAdmin"": 0, ""actualChargesForSecurityDeposit"": 0, ""actualChargesForDamageWaiverFees"": 999}",ASSIGNED,2025-10-11T10:07:47.852Z,2025-10-11T10:07:47.852Z,,"{""note"": ""Kukdukoo Delhi - paid 3000"", ""amount"": 2999, ""gstApplied"": true, ""gstPercentage"": 18, ""membershipData"": {""amount"": 0, ""isMembershipFee"": true}, ""userTrialApplied"": false, ""isTrialPeriodExpired"": true, ""userDamageWaiverFeesApplied"": false}",,,,,,{},[],{},2026-10-11T15:37:22
3e531fe5-040d-4f96-be95-cb23945d7716,UR125551,aneri,vora,aneriv@yahoo.com,,,,"[""USER""]",true,true,false,"Nilamber Grandeur, 10 number",Bhayli,Vadodara,Gujarat,b0132114-4882-4682-9c3a-7e73e4c4e21b,9909900543,,,,,STRIPE,IST,gL5FBeYiFCyvh3fZcYRxUf/A9Pa+LC++04v3aZXIyyBZJ1I/tqiAMHLbrqScgyWkX/n/CiQdCm7tPj5Ookg09PPnpfNAulFSt+9gOZrojcM+eVacisTNM9kFLXKeAGgOXWz3qd+q2SH5D6/srN24adFJ3IblcYNyiCftVITMAuppe/dnUyf4adPtJcgdBYtDSI61XW6WHul9SCaEjCRDp8UDLIBDK95st75JDC/dgPo=,2025-06-20T07:12:39.597Z,2026-05-17T07:33:09.139Z,,,0101000020E6100000E968B004AD4752405CAB3DEC854A3640,"{""intercomId"": ""685509ed254eea7bf3665f31"", ""leadSquaredData"": {""Id"": ""89963ee2-459b-49f6-92e7-c677b8db0de6"", ""IsCreated"": true, ""RelatedId"": ""5e3b6a74-e807-46b2-82e8-cea4f0dc6054""}, ""hasToyHoldingMismatch"": false, ""declineSubscriptionReason"": ""I'm looking for a better price point""}",7FF4EB93,,,0.0,{},,"{""profile"": ""COMPLETED"", ""childProfile"": ""COMPLETED"", ""onboardingScreen"": ""COMPLETED""}","[""ddBcE-jM30MghKVGKhST7p:APA91bFadBkxhnXL89vdHZWXph2dQCK6xCFb7HTA9FDU2mndK3DVfPkQkEX091h5aY05gJJ6BnwX1UO7rwBcmfZ50WfDM5QboETMqgWaJIfBCuIC4jkdfNs""]",mobile_app,"{""sublocality"": ""Bhayli"", ""formattedAddress"": ""Nilamber Grandeur, 1, Bhayli, Vadodara, Gujarat 391410, India""}",2026-04-30T09:20:54.199Z,{},,,322f04a9-12d2-4308-ab1a-8260efb3aa5b,3e531fe5-040d-4f96-be95-cb23945d7716,,4497.0,2026-05-10T16:29:30Z,2026-10-10T18:29:59.999Z,0,order_Snj9RAhGnQEEMw,fb78986a-f47a-49e7-bf6a-5850cfe308ca,ACTIVE,,card,,"{""discount"": ""25%"", ""isNewPlan"": false, ""trialDays"": 30, ""toyProgram"": ""-"", ""planSavings"": 3597, ""planVersion"": ""v2"", ""trialAmount"": 99, ""trialApplied"": false, ""memberShipFees"": 0, ""bonusDeliveries"": 0, ""deliveryCharges"": 100, ""sameDayDelivery"": true, ""damageWaiverFees"": 999, ""maxBigToyAllowed"": 1, ""refundableDeposit"": 0, ""moneyBackGuarantee"": 30, ""effectiveCostPerMonth"": 1499, ""membershipFeesApplied"": false, ""securityDepositApplied"": false, ""totalKeepCountPerMonth"": 3, ""damageWaiverFeesApplied"": true, ""isUnlimitedFreeDelivery"": false, ""maxToyHoldingValueAllowed"": 35000, ""totalFreeDeliveryPerMonth"": 33, ""actualChargesForMemberShipFees"": 0, ""actualChargesForSecurityDeposit"": 0, ""actualChargesForDamageWaiverFees"": 999}",ONE_TIME,2026-05-10T16:28:17.259Z,2026-09-24T11:55:05.508Z,52d3b4ab-95df-4d7e-b6a2-92a8bd3f393f,"{""deviceType"": ""MOBILE"", ""gstApplied"": true, ""promoCodeId"": ""payment_provider_418fafe3000d54c64763bb08680a46f0"", ""paymentNotes"": {""userId"": ""3e531fe5-040d-4f96-be95-cb23945d7716"", ""subscriptionType"": ""ONE_TIME"", ""subscriptionPlanId"": ""fb78986a-f47a-49e7-bf6a-5850cfe308ca""}, ""gstPercentage"": 18, ""membershipData"": {""amount"": 0, ""isMembershipFee"": true}, ""isRecurringInit"": false, ""paymentProvider"": ""RAZOR_PAY"", ""userTrialApplied"": false, ""securityDepositData"": {""securityDepositApplied"": false}, ""isTrialPeriodExpired"": true, ""merchantTransactionId"": ""order_Snj9RAhGnQEEMw"", ""userDamageWaiverFeesApplied"": true}",,,,,,{},[],"{""couponId"": ""52d3b4ab-95df-4d7e-b6a2-92a8bd3f393f"", ""couponAppliedStatus"": ""PENDING"", ""isCouponAppliedOnSubscriptionRenew"": false}",2026-10-10T23:59:59.999
c3306f9a-ba34-4ee1-a9ae-035440baef57,UR186672,,,,,,,"[""USER""]",true,true,false,vista raintree 2D B Block 1st floor,milano ice cream riad,Bengaluru Urban,Karnataka,a74beb9e-e020-4083-b982-050ad3af826f,9916292574,,,,,STRIPE,Asia/Calcutta,gL5FBeYiFCyvh3fZcYRxUf/A9Pa+LC++04v3aZXIyyBZJ1I/tqiAMHLbrqScgyWkGTC6a9d798Q5lRvm27aZx3sYqrl0wQzHvZoekT4KMzkNdW+inV5AVg+yIC6/tR4uZN8eFyXTxOujRojnRnnRKFQb6cTbDQHyoQox6c4Fcgxbf1bjTxNYFTRmxJsi3nyFDgHacl742L1nQYlAdmVcV2KfGewfqea1r8ZEtIjVstI=,2025-10-16T11:21:06.87Z,2025-10-16T15:27:22.174Z,,,01010000009AFE7E2CD56453401E8B565C0E0F2A40,"{""intercomId"": ""68f0d5283d3031c445432c4e"", ""leadSquaredData"": {""Id"": ""761eb514-f0b3-4277-ae96-61a9f53c2a1c"", ""IsCreated"": true, ""RelatedId"": ""4dbf9d81-29f2-44b2-80f9-5945f49ebff7""}}",C579CF24,,,0.0,{},,"{""profile"": ""COMPLETED"", ""onboardingScreen"": ""COMPLETED""}","[""d8yHAPKJ6EQUnIU0WfH84C:APA91bFoPMGNGBgDKyfQthAmRrIYC7_bIydATYSzg93qppMmzkWvaFc07O9QNWL4_36mRFBsjuHFrUKb5y7nIgO9qfWI3k0gpicCCEcBtMPVXmO7HdiOW3M""]",,"{""sublocality"": ""Sanjayanagara"", ""formattedAddress"": ""2HHG+P74, Banday Colony, Geddalahalii, Sanjayanagara, Bengaluru, Karnataka 560094, India""}",,{},,,933f64cd-65ec-4ec6-8248-1132285f0173,c3306f9a-ba34-4ee1-a9ae-035440baef57,9916292574,2999.0,2025-10-12T12:10:18.915Z,2026-10-12T12:10:18Z,0,assigned_49ef44aaf516db11f43aa8dcc45556f4,eab965a9-9117-4d7e-aa07-d7ded0903ca5,ACTIVE,,upi,,"{""discount"": ""58.34%"", ""isNewPlan"": false, ""pricePaid"": 2999, ""trialDays"": 30, ""toyProgram"": ""-"", ""planSavings"": 4200, ""planVersion"": ""v2"", ""trialAmount"": 499, ""trialApplied"": false, ""memberShipFees"": 0, ""bonusDeliveries"": 14, ""deliveryCharges"": 100, ""damageWaiverFees"": 999, ""refundableDeposit"": 0, ""memberShipFeesPaid"": 0, ""effectiveCostPerMonth"": 250, ""membershipFeesApplied"": false, ""refundableDepositPaid"": 0, ""planPriceDiscountAdmin"": 0, ""securityDepositApplied"": false, ""totalKeepCountPerMonth"": 3, ""damageWaiverFeesApplied"": true, ""isUnlimitedFreeDelivery"": false, ""membershipDiscountAdmin"": 0, ""totalFreeDeliveryPerMonth"": 0, ""actualChargesForMemberShipFees"": 0, ""refundableDepositDiscountAdmin"": 0, ""actualChargesForSecurityDeposit"": 0, ""actualChargesForDamageWaiverFees"": 999}",ASSIGNED,2025-10-16T12:10:29.014Z,2025-10-16T12:10:29.014Z,,"{""note"": ""Paid 3999"", ""amount"": 2999, ""gstApplied"": true, ""gstPercentage"": 18, ""membershipData"": {""amount"": 0, ""isMembershipFee"": true}, ""userTrialApplied"": false, ""isTrialPeriodExpired"": true, ""userDamageWaiverFeesApplied"": true}",,,,,,{},[],{},2026-10-12T17:40:18
60cd0cc5-90e9-4e32-9f45-ba0230da3774,UR334213,shailini,,,,,,"[""USER""]",true,true,false,Abhishek Apartment Indravan Complex 13 Datta Mandir Rd Malad Pushpa Park Malad East,Malad East,Mumbai,Maharashtra,45fc334f-7a2a-4703-9c32-6987596c662f,9920652506,,,,,STRIPE,IST,gL5FBeYiFCyvh3fZcYRxUf/A9Pa+LC++04v3aZXIyyBZJ1I/tqiAMHLbrqScgyWk7M8NtZw7y22eUkJbkeajAYRfXRDqP3XDoI6ujnkuJpoXtIuCrYBdQ6DrmPxdPbEpRkZFABCCozkokiSZbxarj0UcCAjEVdZ2fDldlLE4ZxyOMrf50saqvGlKNtybeTG5+xXmfRQuSO1KZrFtDeH1fRhNT/P1fDH8L9MKZE+vD4A=,2026-06-05T15:49:20.059Z,2026-06-15T09:29:01.188Z,,,01010000008BD5308DF0365240F170F1A6112F3340,"{""intercomId"": ""6a22f005df19211a452e6294"", ""isElefantUser"": true, ""isAmbassadorLead"": true, ""isQuestionAnswereOnBoardCompleted"": true}",,,,0.0,{},,"{""profile"": ""COMPLETED"", ""onboardingScreen"": ""COMPLETED""}","[""fVLyE1c4qUj9o62TX2zeNw:APA91bHMTLA1UEViE2BwBsKsdOpAdAUpPJOo3PXHNWoH2jk_87lW9FvV-K1G5SwwsjRgLZ5JXeNG8F-iXJMLQU42WpjAbJ0Z_lDRm8bIYZ3mH5eJl9krNfE""]",,"{""sublocality"": ""Malad East"", ""formattedAddress"": ""352A, Malad, Siddheshwar Nagar, Squatters Colony, Malad East, Mumbai, Maharashtra 400097, India""}",,"{""Q1"": ""5_8"", ""Q2"": ""3plus_hrs"", ""Q3"": ""10_20"", ""Q4"": ""energetic""}",,,684bfe30-67d8-4416-8206-3237f80ab1c9,60cd0cc5-90e9-4e32-9f45-ba0230da3774,,5997.0,2026-07-15T11:19:19Z,2026-10-15T11:19:19Z,0,order_T1rFQ0We0UU03w,03e58770-76d5-4434-9934-ea1d64e4096f,ACTIVE,,card,,"{""discount"": ""25%"", ""isNewPlan"": false, ""trialDays"": 30, ""toyProgram"": ""-"", ""planSavings"": 3597, ""planVersion"": ""v2"", ""trialAmount"": 99, ""trialApplied"": false, ""memberShipFees"": 0, ""bonusDeliveries"": 0, ""deliveryCharges"": 100, ""sameDayDelivery"": true, ""damageWaiverFees"": 999, ""maxBigToyAllowed"": 1, ""refundableDeposit"": 0, ""moneyBackGuarantee"": 30, ""effectiveCostPerMonth"": 1999, ""membershipFeesApplied"": false, ""planPriceDiscountAdmin"": -449001, ""securityDepositApplied"": false, ""totalKeepCountPerMonth"": 3, ""damageWaiverFeesApplied"": true, ""isUnlimitedFreeDelivery"": false, ""maxToyHoldingValueAllowed"": 35000, ""totalFreeDeliveryPerMonth"": 12, ""actualChargesForMemberShipFees"": 0, ""actualChargesForSecurityDeposit"": 0, ""actualChargesForDamageWaiverFees"": 999}",ONE_TIME,2026-06-15T09:36:57.334Z,2026-07-15T11:19:19.093Z,,"{""amount"": 450000, ""deviceType"": ""MOBILE"", ""gstApplied"": true, ""paymentNotes"": {""userId"": ""60cd0cc5-90e9-4e32-9f45-ba0230da3774"", ""paymentLinkId"": ""5f6482ef-d4a0-41cd-b15b-055437779b35"", ""subscriptionPlanId"": ""03e58770-76d5-4434-9934-ea1d64e4096f""}, ""gstPercentage"": 18, ""paymentLinkId"": ""5f6482ef-d4a0-41cd-b15b-055437779b35"", ""membershipData"": {""amount"": 0, ""isMembershipFee"": false}, ""isRecurringInit"": false, ""paymentProvider"": ""RAZOR_PAY"", ""userTrialApplied"": false, ""securityDepositData"": {""amount"": 0, ""securityDepositApplied"": false}, ""isTrialPeriodExpired"": true, ""merchantTransactionId"": ""order_T1rFQ0We0UU03w"", ""userDamageWaiverFeesApplied"": true}",,,,,,{},[],{},2026-10-15T16:49:19
9ca5245f-2f73-4b9a-a666-b6daf0d4cc59,UR95207,Manisha,kadakia,kadakiamanisha@gmail.com,,,,"[""USER""]",true,true,false,"Room No 12, Chawl no 4, Babu bhai chawl, Dutta Mandir road","Malad East, Opp pritam veg delight",Mumbai Suburban,Maharashtra,45fc334f-7a2a-4703-9c32-6987596c662f,9920860157,,,,,STRIPE,IST,gL5FBeYiFCyvh3fZcYRxUf/A9Pa+LC++04v3aZXIyyBZJ1I/tqiAMHLbrqScgyWkBBqTiz62T1TT1RT22dfrYopITiexvQ8BuTyrKT/TMGu//b8Ig83Xc9AuGJRvh01br6KTV08eiQfjhZkoC3aGs/Ix3vN5fhlaBwoRRACcGb7KtXTBQiI5+SSQR8+i87o28siDbicnkJSHpV5HSaRhnvw6FJrD7cDg+yi1gI/qk60=,2025-04-28T13:56:42.93Z,2026-09-29T17:05:08.73Z,,,0101000020E610000051A34C83D53652402064F4F158313340,"{""leadSquaredData"": {""Id"": ""0d8ccddd-1201-4c43-91ef-6a9fb8d96d3f"", ""IsCreated"": true, ""RelatedId"": ""ca253306-cb76-4871-8ad1-3640dbe546e9""}, ""hasToyHoldingMismatch"": false}",681025EF,,,0.0,{},,"{""profile"": ""COMPLETED"", ""childProfile"": ""COMPLETED"", ""onboardingScreen"": ""COMPLETED""}","[""duCn6Eo3TkQkmqr8pGs_gQ:APA91bGDn7M1Bb9vxfAUGqfeshxLQ1F-VPkuGyYvz40zLdFgQZFHD9mqJGduNgGTCGDwWAJQ7XrIQfasD-ExMfTj2kWKAlrs092y79X-EcJjnvKpnsoTTl4""]",mobile_app,"{""sublocality"": ""Kandivali East"", ""formattedAddress"": ""A 606, Datta Mandir Rd, Kandivali, Padmaba Nagar, Kandivali East, Mumbai, Maharashtra 400097, India""}",2026-04-20T13:44:22.884Z,{},,,f3d3eb6d-0bda-4c50-b389-2b5ae2325484,9ca5245f-2f73-4b9a-a666-b6daf0d4cc59,99208601571,11988.0,2025-09-02T12:22:55.392Z,2026-10-11T18:29:59.999Z,0,assigned_18df7ed8e7aa6c841c2832e5767f5386,af460c98-3849-4a31-a7a6-4204e5f8cd8e,ACTIVE,,upi,,"{""discount"": ""25%"", ""isNewPlan"": false, ""pricePaid"": 8000, ""trialDays"": 30, ""toyProgram"": ""-"", ""planSavings"": 3597, ""planVersion"": ""v2"", ""trialAmount"": 99, ""trialApplied"": false, ""memberShipFees"": 0, ""bonusDeliveries"": 0, ""deliveryCharges"": 100, ""sameDayDelivery"": true, ""damageWaiverFees"": 999, ""maxBigToyAllowed"": 1, ""refundableDeposit"": 0, ""memberShipFeesPaid"": 0, ""moneyBackGuarantee"": 30, ""effectiveCostPerMonth"": 999, ""membershipFeesApplied"": false, ""refundableDepositPaid"": 0, ""planPriceDiscountAdmin"": 3988, ""securityDepositApplied"": false, ""totalKeepCountPerMonth"": 3, ""damageWaiverFeesApplied"": true, ""isUnlimitedFreeDelivery"": true, ""membershipDiscountAdmin"": 0, ""maxToyHoldingValueAllowed"": 120000, ""totalFreeDeliveryPerMonth"": 3, ""actualChargesForMemberShipFees"": 0, ""refundableDepositDiscountAdmin"": 0, ""actualChargesForSecurityDeposit"": 0, ""actualChargesForDamageWaiverFees"": 999}",ASSIGNED,2025-10-27T12:23:12.074Z,2026-09-08T11:21:19.147Z,,"{""amount"": 8000, ""gstApplied"": true, ""gstPercentage"": 18, ""membershipData"": {""amount"": 0, ""isMembershipFee"": true}, ""userTrialApplied"": false, ""isTrialPeriodExpired"": true, ""userDamageWaiverFeesApplied"": false}",,,,,,{},[],{},2026-10-11T23:59:59.999
dc1f9fbe-ad15-4641-8d1e-6d09da9986cb,UR185953,,,,,,,"[""USER""]",true,true,false,1724 embassy habitat,mount carmel,Bengaluru Urban,Karnataka,381a43ba-f1fd-405f-aef7-33092af00c7b,9953058164,,,,,STRIPE,IST,gL5FBeYiFCyvh3fZcYRxUf/A9Pa+LC++04v3aZXIyyBZJ1I/tqiAMHLbrqScgyWkUf03SnAhIlTHOIFOiJXA+sKlmxQQ4a4cjyFLFH900/qq7mLvM2xZOYdDW7lqGps2qnS1ueonE0KmBka9CPTDczD9Y4SBleGxaA4Tg8sEv7eZdYISEwY5uTExv9yaw+32qbuMjEqaj89YDRtL5++OThQOsDPd271l/bpXB42zsnI=,2025-10-14T14:04:32.739Z,2025-11-29T20:58:36.381Z,,,01010000008EE0EB10A465534070C09DFAF6FC2940,"{""intercomId"": ""68ee58793d303161d584ea79"", ""leadSquaredData"": {""Id"": ""f2242134-0568-48ca-a128-f0a7c92af019"", ""IsCreated"": true, ""RelatedId"": ""5974c8c7-7388-4a43-aae5-9942863d4499""}}",B69A3630,,,0.0,{},,"{""profile"": ""COMPLETED"", ""childProfile"": ""COMPLETED"", ""onboardingScreen"": ""COMPLETED""}",[],mobile_app,"{""sublocality"": ""Vasanth Nagar"", ""formattedAddress"": ""Embassy Habitat Tower-5, EMBASSY HABITAT, 59, Palace Rd, Abshot Layout, Vasanth Nagar, Bengaluru, Karnataka 560001, India""}",2025-10-14T14:06:10.786Z,{},,,46db58ff-25fd-402a-99b2-bb5eda27cb17,dc1f9fbe-ad15-4641-8d1e-6d09da9986cb,NA,2999.0,2025-10-15T08:19:04.513Z,2026-10-15T08:19:04Z,0,assigned_d6b0ac6671664f9d19bb98d8833f0cef,eab965a9-9117-4d7e-aa07-d7ded0903ca5,ACTIVE,,razorpay,,"{""discount"": ""58.34%"", ""isNewPlan"": false, ""pricePaid"": 2999, ""trialDays"": 30, ""toyProgram"": ""-"", ""planSavings"": 4200, ""planVersion"": ""v2"", ""trialAmount"": 499, ""trialApplied"": false, ""memberShipFees"": 0, ""bonusDeliveries"": 14, ""deliveryCharges"": 100, ""damageWaiverFees"": 999, ""refundableDeposit"": 0, ""memberShipFeesPaid"": 0, ""effectiveCostPerMonth"": 250, ""membershipFeesApplied"": false, ""refundableDepositPaid"": 0, ""planPriceDiscountAdmin"": 0, ""securityDepositApplied"": false, ""totalKeepCountPerMonth"": 3, ""damageWaiverFeesApplied"": true, ""isUnlimitedFreeDelivery"": false, ""membershipDiscountAdmin"": 0, ""totalFreeDeliveryPerMonth"": 0, ""actualChargesForMemberShipFees"": 0, ""refundableDepositDiscountAdmin"": 0, ""actualChargesForSecurityDeposit"": 0, ""actualChargesForDamageWaiverFees"": 999}",ASSIGNED,2025-10-15T08:19:14.266Z,2025-10-15T08:19:14.266Z,,"{""note"": ""4000 paid"", ""amount"": 2999, ""gstApplied"": true, ""gstPercentage"": 18, ""membershipData"": {""amount"": 0, ""isMembershipFee"": true}, ""userTrialApplied"": false, ""isTrialPeriodExpired"": true, ""userDamageWaiverFeesApplied"": true}",,,,,,{},[],{},2026-10-15T13:49:04
e475f6fa-6f18-4eee-b3ff-2b7651c43dc7,UR185081,,,,,,,"[""USER""]",true,true,false,flat no 1102 wing -C (Emerald) KRITIKA JEWELS,CROMA,Raigad,Maharashtra,42962188-7bfa-4598-8c31-186d39a98871,9953262979,,,,,STRIPE,IST,gL5FBeYiFCyvh3fZcYRxUf/A9Pa+LC++04v3aZXIyyBZJ1I/tqiAMHLbrqScgyWkB1D/a2c4DmDU1EHap0W74OBuuyQFq0YMNRgkHK9ovIlKl8ZBn3Bnjj+/76SbxekXaqv3PKMOs1dyfebHNMpWS/WGOLxjzuRnSOPkHbLz/ksQYJgaj8Xlut10/vO80SclUMVPGF85huyL+bBo8+w99qQmsXX23w21FBVeV1BdADA=,2025-10-12T11:57:46.796Z,2025-12-07T04:29:10.284Z,,,0101000020E6100000BBE9418571415240B34BFAE827F83240,"{""intercomId"": ""68eb97c0b3b13f00f1f120ad"", ""leadSquaredData"": {""Id"": ""16aa6980-f3b2-4f8a-8578-e6b63783b074"", ""IsCreated"": true, ""RelatedId"": ""863cda19-d5ec-4870-bed7-bb094cae370c""}}",69A8403C,,,0.0,{},,"{""profile"": ""COMPLETED"", ""childProfile"": ""COMPLETED"", ""onboardingScreen"": ""COMPLETED""}","[""dU5l8NFuq0iVgvWDBY9hSb:APA91bGnfmPkOy4PyEd15BuRcyk4jmsxzVVFyT4-YgEBR6yXfEjqPN9hFvP9hZezjySwxMvVLYrPBZp-9iWDb3BNf_PZ3CzOxQXYunl1IkPJ9ry0P4rC27U""]",mobile_app,"{""sublocality"": ""Ulwe"", ""formattedAddress"": ""48, Sector 18, Ulwe, Panvel, Navi Mumbai, Maharashtra 410206, India""}",,{},,,dd7a9f4f-388a-4dee-9f07-c32ef66fc5c8,e475f6fa-6f18-4eee-b3ff-2b7651c43dc7,9953262979,2999.0,2025-10-12T12:11:56.312Z,2026-10-12T12:11:56Z,0,assigned_83203cb804e290ba171be5832a9ca814,eab965a9-9117-4d7e-aa07-d7ded0903ca5,ACTIVE,,pos,,"{""discount"": ""58.34%"", ""isNewPlan"": false, ""pricePaid"": 2999, ""trialDays"": 30, ""toyProgram"": ""-"", ""planSavings"": 4200, ""planVersion"": ""v2"", ""trialAmount"": 499, ""trialApplied"": false, ""memberShipFees"": 0, ""bonusDeliveries"": 14, ""deliveryCharges"": 100, ""damageWaiverFees"": 999, ""refundableDeposit"": 0, ""memberShipFeesPaid"": 0, ""effectiveCostPerMonth"": 250, ""membershipFeesApplied"": false, ""refundableDepositPaid"": 0, ""planPriceDiscountAdmin"": 0, ""securityDepositApplied"": false, ""totalKeepCountPerMonth"": 3, ""damageWaiverFeesApplied"": true, ""isUnlimitedFreeDelivery"": false, ""membershipDiscountAdmin"": 0, ""totalFreeDeliveryPerMonth"": 0, ""actualChargesForMemberShipFees"": 0, ""refundableDepositDiscountAdmin"": 0, ""actualChargesForSecurityDeposit"": 0, ""actualChargesForDamageWaiverFees"": 999}",ASSIGNED,2025-10-12T12:12:00.582Z,2025-10-12T12:12:00.582Z,,"{""note"": ""Paid 3500"", ""amount"": 2999, ""gstApplied"": true, ""gstPercentage"": 18, ""membershipData"": {""amount"": 0, ""isMembershipFee"": true}, ""userTrialApplied"": false, ""isTrialPeriodExpired"": true, ""userDamageWaiverFeesApplied"": true}",,,,,,{},[],{},2026-10-12T17:41:56
7a38b321-53d1-4106-b5eb-c0233fff78b9,UR185005,Vishwas,Anand,vishwasanand28@gmail.com,,,,"[""USER""]",true,true,false,"Samvriddhi Gardenia Apartment, Flat C-003, Sahakarnagar A Block",Phoenix Mall of Asia,Bengaluru Urban,Karnataka,507f017f-0c18-4bee-82e7-bf55cfdebfa1,9962276639,,,,,STRIPE,IST,gL5FBeYiFCyvh3fZcYRxUf/A9Pa+LC++04v3aZXIyyBZJ1I/tqiAMHLbrqScgyWktze9oUHlaui0UZQkwOEpTvakjF+lnfttisBSkKnN9gQPmgtU7I2nIUzB0J6xbuFDgWxyFm+nK+qoRSJ1kfuqfqJzHqdYhg6E0Qx1eIbiH1PQmi8xOkJSuYXW2DYM8Xoz6VrSaO5ddBjRHo4r2k1nFspp33NbcXMQ6/mLpPL6WH4=,2025-10-12T08:51:18.898Z,2025-10-12T08:55:25.736Z,,,0101000000E7D143238E65534091419369D9232A40,"{""intercomId"": ""68eb6c0c85b2445e38e8d435"", ""leadSquaredData"": {""Id"": ""7959036d-e076-4fc6-8ea1-d2b2227baa4e"", ""IsCreated"": true, ""RelatedId"": ""bd8a608c-4380-416c-ab6c-e2c231c19710""}}",230ED422,,,0.0,{},,"{""profile"": ""COMPLETED"", ""childProfile"": ""COMPLETED"", ""onboardingScreen"": ""COMPLETED""}","[""cjxFtcMiSE3KuuifKSFoav:APA91bElwFDjakk5KelKORwPj7Zzs0AINM-pHcRpkgzCon4VCHzRqykDSGmg1bnw7z2EYIros5FinoBgzn_kUayUiuW2lOKmZcjQe6CTETboteOhQ9nceBY""]",mobile_app,"{""formattedAddress"": ""BLOCK-A, 5, Indra Nagar, Sahakar Nagar, Bengaluru, Karnataka 560092, India""}",,{},,,af7fc155-9d00-43d6-b405-4d4d85a0aa88,7a38b321-53d1-4106-b5eb-c0233fff78b9,9962276639,2999.0,2025-10-12T10:07:32.002Z,2026-10-12T10:07:32Z,0,assigned_71205bcf89172c517328a2e71fdbaf69,eab965a9-9117-4d7e-aa07-d7ded0903ca5,ACTIVE,,upi,,"{""discount"": ""58.34%"", ""isNewPlan"": false, ""pricePaid"": 2999, ""trialDays"": 30, ""toyProgram"": ""-"", ""planSavings"": 4200, ""planVersion"": ""v2"", ""trialAmount"": 499, ""trialApplied"": false, ""memberShipFees"": 0, ""bonusDeliveries"": 14, ""deliveryCharges"": 100, ""damageWaiverFees"": 999, ""refundableDeposit"": 0, ""memberShipFeesPaid"": 0, ""effectiveCostPerMonth"": 250, ""membershipFeesApplied"": false, ""refundableDepositPaid"": 0, ""planPriceDiscountAdmin"": 0, ""securityDepositApplied"": false, ""totalKeepCountPerMonth"": 3, ""damageWaiverFeesApplied"": true, ""isUnlimitedFreeDelivery"": false, ""membershipDiscountAdmin"": 0, ""totalFreeDeliveryPerMonth"": 0, ""actualChargesForMemberShipFees"": 0, ""refundableDepositDiscountAdmin"": 0, ""actualChargesForSecurityDeposit"": 0, ""actualChargesForDamageWaiverFees"": 999}",ASSIGNED,2025-10-12T10:07:51.216Z,2025-10-12T10:07:51.216Z,,"{""note"": ""Paid 3999"", ""amount"": 2999, ""gstApplied"": true, ""gstPercentage"": 18, ""membershipData"": {""amount"": 0, ""isMembershipFee"": true}, ""userTrialApplied"": false, ""isTrialPeriodExpired"": true, ""userDamageWaiverFeesApplied"": true}",,,,,,{},[],{},2026-10-12T15:37:32
8d8259fb-aa75-4fc7-a160-1e0ece3bab81,UR28264,Preethi,Joshi,preethijoshi23@gmail.com,,,,"[""USER""]",true,true,false,"1405, First Floor",,Gurugram,Haryana,0be3f6a0-1d5e-48bd-bfe4-5b2a76d3795b,9963364529,,,,,STRIPE,IST,gL5FBeYiFCyvh3fZcYRxUf/A9Pa+LC++04v3aZXIyyBZJ1I/tqiAMHLbrqScgyWkF6qC3Z87WviTQ0LztCEy8P9Hh1Wc6Xf9yBw43wqv45g4MkgkogmvhpvMggZkW0PpctPV228EpYn/uYaTpfuPj9BA6QpZQMGoXOno6H9hReNWZkcqQX5Yi/SfHfeekt+uQQ8CFAhQYAOG7L30bNzBKB2KJftXQdPhJkaoyC02bDE=,2024-09-28T05:02:09.992Z,2026-10-03T15:37:45.231Z,,,0101000020E6100000F561BD512B45534087AF65E88E703C40,"{""isElefantUser"": true, ""leadSquaredData"": {""Id"": ""3c046963-a602-40b2-8e7c-97038ef1ea86"", ""IsCreated"": false, ""RelatedId"": ""9cff7c9d-6175-4243-8ffe-955c75be03ae""}}",EA29EF26,,,0.0,"{""toy"": {""ageGroupIds"": [""e1f855a6-aab7-453b-b31c-3b6e7b780df8""], ""facilitateIds"": [""71c80e25-7977-431b-b4c2-2690f4f2cb3b"", ""113918f6-5817-4d32-b08a-817d37632afe"", ""09a5daf1-597a-42f9-b1fb-67820662a5fd"", ""c1973eeb-659b-4437-937e-ee13da726409"", ""72d52938-cbf8-48d6-911e-95f7d9c00a22"", ""3001c6eb-2e0c-46f4-96de-dcd428357b8c"", ""e59ac003-e56c-4fd4-b4a7-6d900b054c7f"", ""8232ab6d-aaf3-447a-b6df-e3f7add2c1a0"", ""374dd494-43c5-42c4-a402-4e95d852c4f3"", ""1887eda2-b087-4b40-be12-81cef8de3fd4""]}}",,"{""profile"": ""COMPLETED"", ""childProfile"": ""COMPLETED"", ""onboardingScreen"": ""COMPLETED""}","[""fbLOfAY3W09GkhOE2rwS1K:APA91bFqGiLQhjGWwzytp3glzQY_WtisOsqTuPt-RrVe5YeKVAx82A7hnG18WVIF0GtERSa0nrpx5h2szaRnre85f5HTKRzaCdf1GfNejPo87_30It5gZSY""]",,"{""sublocality"": ""Sector 52"", ""formattedAddress"": ""Deepsikha place, Hno 1405 Gf, Sarswati Kunj II, Wazirabad, Sector 52, Gurugram, Haryana 122003, India""}",,{},Near Ardee City Gate no 2,Deepsikha place Hno 1405 Gf Sarswati Kunj II Wazirabad Sector 52,b8262406-64cb-4e05-9806-f3a3d7a04299,8d8259fb-aa75-4fc7-a160-1e0ece3bab81,,15588.0,2026-05-16T03:37:53Z,2026-10-12T18:29:59Z,0,order_SptDdXuTv2T0s2,26a25589-5532-4f28-b820-1b6c7894c4fd,ACTIVE,,upi,,"{""discount"": ""25%"", ""isNewPlan"": false, ""trialDays"": 30, ""toyProgram"": ""-"", ""planSavings"": 3597, ""planVersion"": ""v2"", ""trialAmount"": 999, ""trialApplied"": false, ""memberShipFees"": 0, ""bonusDeliveries"": 0, ""deliveryCharges"": 100, ""sameDayDelivery"": true, ""damageWaiverFees"": 999, ""maxBigToyAllowed"": 1, ""refundableDeposit"": 0, ""moneyBackGuarantee"": 30, ""effectiveCostPerMonth"": 1299, ""membershipFeesApplied"": false, ""securityDepositApplied"": false, ""totalKeepCountPerMonth"": 3, ""damageWaiverFeesApplied"": true, ""isUnlimitedFreeDelivery"": true, ""maxToyHoldingValueAllowed"": 120000, ""totalFreeDeliveryPerMonth"": 0, ""actualChargesForMemberShipFees"": 0, ""actualChargesForSecurityDeposit"": 0, ""actualChargesForDamageWaiverFees"": 999}",ONE_TIME,2026-05-16T03:37:53.594Z,2026-05-16T03:37:55.741Z,d5886f7f-95cc-4333-ad3f-c19cfdce45d6,"{""deviceType"": ""MOBILE"", ""gstApplied"": true, ""paymentNotes"": {""userId"": ""8d8259fb-aa75-4fc7-a160-1e0ece3bab81"", ""subscriptionPlanId"": ""26a25589-5532-4f28-b820-1b6c7894c4fd""}, ""gstPercentage"": 18, ""membershipData"": {""amount"": 0, ""isMembershipFee"": false}, ""isRecurringInit"": false, ""paymentProvider"": ""RAZOR_PAY"", ""userTrialApplied"": false, ""securityDepositData"": {""amount"": 0, ""securityDepositApplied"": false}, ""isTrialPeriodExpired"": true, ""merchantTransactionId"": ""order_SptDdXuTv2T0s2"", ""userDamageWaiverFeesApplied"": true}",,,,,,{},[],"{""couponAppliedStatus"": ""PENDING"", ""isCouponAppliedOnSubscriptionRenew"": false}",2026-10-12T23:59:59
1ebe5dc8-27c3-4567-9583-d3afb7c7049d,UR184561,komal,akula,komgowda@gmail.con,,,,"[""USER""]",true,true,false,"19, samatha nilaya,1st cross,south woods layout, vadrapalya horamavu agara road,",behind vadrapalya bus stop,Bengaluru Urban,Karnataka,97b3e14b-059a-47a4-84e0-2b7a4e7cdd5f,9972205751,,,,,STRIPE,IST,gL5FBeYiFCyvh3fZcYRxUf/A9Pa+LC++04v3aZXIyyBZJ1I/tqiAMHLbrqScgyWk6rtNCxtpQDVLew18RrYrGN5DqoRxDckwsRnvsUe2iSzOlLcVCZty05JN9UARYt0D4+D96tl3cyjl134ngFTbXVYfYqcLEngcpi9WScfO0Tf77PRDecgcFzfyyykupLVVR7mcCyh8AUQBqmTBt5bNYe5EhEd7iYqxHYz2DGMxcI0=,2025-10-11T08:19:45.144Z,2025-10-11T09:08:02.835Z,,,0101000000E7BE521863695340A85184EC50132A40,"{""intercomId"": ""68ea13261cd82e313e1c4ccf"", ""leadSquaredData"": {""Id"": ""500f2c07-8e07-4caf-9720-cb9abc1d50a1"", ""IsCreated"": true, ""RelatedId"": ""47643fa6-77f7-40aa-b155-2d25a43f74fd""}}",F20CE55D,,,0.0,{},,"{""profile"": ""COMPLETED"", ""childProfile"": ""COMPLETED"", ""onboardingScreen"": ""COMPLETED""}","[""e6-SxE2-DU3uspGFL0mU-L:APA91bEdmlqnkv1YYjM01PLkAG0SCx2ljwuXc8N3kfaWNc1fH284eb7SpVDn1OTdnPMt7hLajRWG6bK3zkUdQglPIklCH1AquuHpszDLSEKXEmBz77bhdOaRHbXbtQU5dS8_edZiCTHS""]",mobile_app,"{""sublocality"": ""Hennur Gardens"", ""formattedAddress"": ""142, S Woods Layout, Southwoods Layout, vadarpalya, Hennur Gardens, Bengaluru, Karnataka 560113, India""}",2025-10-11T09:08:02.835Z,{},,,52fbaa75-e610-46f1-b165-42acd5105d15,1ebe5dc8-27c3-4567-9583-d3afb7c7049d,9972205751,2999.0,2025-10-11T10:10:49.902Z,2026-10-11T10:10:49Z,0,assigned_cc70016a8191bf9c396459fbf466ee7c,eab965a9-9117-4d7e-aa07-d7ded0903ca5,ACTIVE,,razorpay,,"{""discount"": ""58.34%"", ""isNewPlan"": false, ""pricePaid"": 2998, ""trialDays"": 30, ""toyProgram"": ""-"", ""planSavings"": 4200, ""planVersion"": ""v2"", ""trialAmount"": 499, ""trialApplied"": false, ""memberShipFees"": 0, ""bonusDeliveries"": 14, ""deliveryCharges"": 100, ""damageWaiverFees"": 999, ""refundableDeposit"": 0, ""memberShipFeesPaid"": 0, ""effectiveCostPerMonth"": 250, ""membershipFeesApplied"": false, ""refundableDepositPaid"": 0, ""planPriceDiscountAdmin"": 1, ""securityDepositApplied"": false, ""totalKeepCountPerMonth"": 3, ""damageWaiverFeesApplied"": true, ""isUnlimitedFreeDelivery"": false, ""membershipDiscountAdmin"": 0, ""totalFreeDeliveryPerMonth"": 0, ""actualChargesForMemberShipFees"": 0, ""refundableDepositDiscountAdmin"": 0, ""actualChargesForSecurityDeposit"": 0, ""actualChargesForDamageWaiverFees"": 999}",ASSIGNED,2025-10-11T10:10:58.629Z,2025-10-11T10:10:58.629Z,,"{""note"": ""Paid 3999"", ""amount"": 2998, ""gstApplied"": true, ""gstPercentage"": 18, ""membershipData"": {""amount"": 0, ""isMembershipFee"": true}, ""userTrialApplied"": false, ""isTrialPeriodExpired"": true, ""userDamageWaiverFeesApplied"": true}",,,,,,{},[],{},2026-10-11T15:40:49
50b79207-a440-4e5a-bd04-e870bb16dd99,UR185103,sriram,bala,bsriram753@gmail.com,,,,"[""USER""]",true,true,false,villa 103,adharsh,Chikkagubbi,Karnataka,64359e8c-141b-4f4b-9392-05e9eab1a9f7,9972279965,,,,,STRIPE,IST,gL5FBeYiFCyvh3fZcYRxUf/A9Pa+LC++04v3aZXIyyBZJ1I/tqiAMHLbrqScgyWkpQCn1jb2GgtZYBneig32tbr5/YkWlZKCgmBiRcVqhYtZUOkc7jjM+CMLHss3UdKkdlrQWa76IFx932vnM85iTMPaNHAlCeYIz4hWsGJd5M6MFYN+zGEMHKqnd8lquGAPe8wLGp9O1y+5TquNO5P3n8rI+DWOkJNyUX2nozbs3qM=,2025-10-12T13:03:03.312Z,2026-08-06T09:40:29.74Z,,,0101000000DF1D919C456A534024D40E8BBF2A2A40,"{""intercomId"": ""68eba70c7b7aa1830dcdfa9a"", ""leadSquaredData"": {""Id"": ""3851a6eb-9d3b-45be-ac98-71142cf973ca"", ""IsCreated"": true, ""RelatedId"": ""802cf13f-f579-461a-829d-3c4fffdb0762""}, ""hasToyHoldingMismatch"": false}",EDD1487A,,,0.0,{},,"{""profile"": ""COMPLETED"", ""childProfile"": ""COMPLETED"", ""onboardingScreen"": ""COMPLETED""}","[""cAp74V-USULImHbZneqTRM:APA91bFid598zQfQ94GPTsadpQLX6YITBMGZkvg4QJx_ShiS_q8G88R9EbvLi_J-j_VrpBkoonXx1waRruhPgRtxy2EbCmkdXKkXa8g65P6BAUTM0jCKDrQ""]",mobile_app,"{""sublocality"": ""Chikkagubbi Village"", ""formattedAddress"": ""3MM6+89C, Chikkagubbi Village, Chikkagubbi, Karnataka 560077, India""}",2025-10-12T13:14:23.381Z,{},adharsh tranqvilla,"3MM6+89C, Chikkagubbi Village, Chikkagubbi, Karnataka 560077, India",87974a22-0b5b-46cd-8747-b94f17b84584,50b79207-a440-4e5a-bd04-e870bb16dd99,9972279965,2999.0,2025-10-12T13:42:43.937Z,2026-10-12T13:42:43Z,0,assigned_772f0c2df944203a1eb4370a88c2e3ba,eab965a9-9117-4d7e-aa07-d7ded0903ca5,ACTIVE,,upi,,"{""discount"": ""58.34%"", ""isNewPlan"": false, ""pricePaid"": 2999, ""trialDays"": 30, ""toyProgram"": ""-"", ""planSavings"": 4200, ""planVersion"": ""v2"", ""trialAmount"": 499, ""trialApplied"": false, ""memberShipFees"": 0, ""bonusDeliveries"": 14, ""deliveryCharges"": 100, ""damageWaiverFees"": 999, ""refundableDeposit"": 0, ""memberShipFeesPaid"": 0, ""effectiveCostPerMonth"": 250, ""membershipFeesApplied"": false, ""refundableDepositPaid"": 0, ""planPriceDiscountAdmin"": 0, ""securityDepositApplied"": false, ""totalKeepCountPerMonth"": 3, ""damageWaiverFeesApplied"": true, ""isUnlimitedFreeDelivery"": false, ""membershipDiscountAdmin"": 0, ""totalFreeDeliveryPerMonth"": 0, ""actualChargesForMemberShipFees"": 0, ""refundableDepositDiscountAdmin"": 0, ""actualChargesForSecurityDeposit"": 0, ""actualChargesForDamageWaiverFees"": 999}",ASSIGNED,2025-10-12T13:42:48.652Z,2025-10-12T13:42:48.652Z,,"{""note"": ""Paid 3500"", ""amount"": 2999, ""gstApplied"": true, ""gstPercentage"": 18, ""membershipData"": {""amount"": 0, ""isMembershipFee"": true}, ""userTrialApplied"": false, ""isTrialPeriodExpired"": true, ""userDamageWaiverFeesApplied"": true}",,,,,,{},[],{},2026-10-12T19:12:43
e8747555-5b47-446c-ba5e-7c158683c7f9,UR186342,Harshil,Shah,harshil.36@gmail.com,,,,"[""USER"" ""AMBASSADOR""]",true,true,false,"B-604, Indraprasth Greens",Satellite,Ahmedabad,Gujarat,65d09807-ebc7-4e72-b740-f011d32deffa,9974761661,,,,,STRIPE,IST,gL5FBeYiFCyvh3fZcYRxUf/A9Pa+LC++04v3aZXIyyBZJ1I/tqiAMHLbrqScgyWknKjckJMnX5QvzmBmpMkSI3ZOrE7zmNvt2qdOCvGrvw5bFQ7KR6thvYEdzzJc568xvTDwHpCX/oLTTBJJIjAXXbkCCPb2SQGUJ/8YA44MurOpMntaO5eK18u3XQ7KGA1WeJk54+yCh3Gd0pALeRRxFSnYAoeLDIeMcRk2ueMBAIA=,2025-10-15T14:24:45.916Z,2026-10-09T18:42:54.41Z,,,0101000020E61000003C8D0F0ED1215240ECFB709010033740,"{""intercomId"": ""68efaeb698fe039c025cc934"", ""isElefantUser"": true, ""isRioToysUser"": true, ""leadSquaredData"": {""Id"": ""78703118-0699-4818-bf2f-70514b83607d"", ""IsCreated"": true, ""RelatedId"": ""76269ca0-8adc-4b81-8563-2e450b40e0c8""}}",426422C9,,,0.0,{},,"{""profile"": ""COMPLETED"", ""childProfile"": ""COMPLETED"", ""onboardingScreen"": ""COMPLETED""}","[""fsaSf4ZrPUSbs0mDoReWje:APA91bGLg1qVwb5dmhLvSTgqOBbWo4hL-siKW4Y3umHHPcHHwyX1cD9YsxYp9cmu_t6rpNtpe1CapEZC76Cp1ugGEqLpBXNBj1mHcRMgfzIFR0LkMBYa9Vo"" ""eLVbbMhk2k3AlmNCc3DGmO:APA91bELWIySG0E8tc-TGHIDm6wROwQdnx0MUolBPhi8RPlW1SZD-tamr9uP4aKv7LGM6zCm563SongtE1VLKTbx8e1he8A7dJkdjVZkC9EsSBqoAidueMQ""]",mobile_app,"{""sublocality"": ""Jodhpur Village"", ""formattedAddress"": ""Titanium City Center Mall, 309, Shyamal Cross Rd, Jodhpur Village, Ahmedabad, Gujarat 380015, India""}",,{},Nr. Shyamal 3B Row House,"Shyamal Cross Road, Shyamal, Ahmedabad, Gujarat, India",5dadcaed-fb46-4b40-960c-65faf7dcb50b,e8747555-5b47-446c-ba5e-7c158683c7f9,,9999.0,2025-10-15T14:39:51Z,2026-10-15T14:39:51Z,0,order_RTmenEuwZLQlHB,1d0e4dd6-644c-4e58-9553-294c46814ae8,CANCELLED,,emi,,"{""discount"": ""25%"", ""isNewPlan"": false, ""trialDays"": 30, ""toyProgram"": ""-"", ""planSavings"": 3597, ""planVersion"": ""v2"", ""trialAmount"": 99, ""trialApplied"": false, ""memberShipFees"": 0, ""bonusDeliveries"": 0, ""deliveryCharges"": 100, ""damageWaiverFees"": 999, ""refundableDeposit"": 0, ""effectiveCostPerMonth"": 833, ""membershipFeesApplied"": false, ""securityDepositApplied"": false, ""totalKeepCountPerMonth"": 3, ""damageWaiverFeesApplied"": true, ""isUnlimitedFreeDelivery"": true, ""totalFreeDeliveryPerMonth"": 3, ""actualChargesForMemberShipFees"": 0, ""actualChargesForSecurityDeposit"": 0, ""actualChargesForDamageWaiverFees"": 999}",ONE_TIME,2025-10-15T14:35:54.843Z,2026-01-21T06:34:43.081Z,d548e0b1-bad0-4c1b-b968-123fbf93ce74,"{""deviceType"": ""MOBILE"", ""gstApplied"": true, ""promoCodeId"": ""payment_provider_38730ea13302d28a0cc5f2f65e790016"", ""paymentNotes"": {""userId"": ""e8747555-5b47-446c-ba5e-7c158683c7f9"", ""subscriptionType"": ""ONE_TIME"", ""subscriptionPlanId"": ""1d0e4dd6-644c-4e58-9553-294c46814ae8""}, ""gstPercentage"": 18, ""membershipData"": {""amount"": 0, ""isMembershipFee"": true}, ""isRecurringInit"": false, ""paymentProvider"": ""RAZOR_PAY"", ""userTrialApplied"": false, ""securityDepositData"": {""securityDepositApplied"": false}, ""isTrialPeriodExpired"": true, ""merchantTransactionId"": ""order_RTmenEuwZLQlHB"", ""userDamageWaiverFeesApplied"": true}",,,,,,{},[],"{""couponId"": ""d548e0b1-bad0-4c1b-b968-123fbf93ce74"", ""couponAppliedStatus"": ""PENDING"", ""isCouponAppliedOnSubscriptionRenew"": false}",2026-10-15T20:09:51
297b431f-f04a-4c5e-b6d1-42428fe201bb,UR172831,Maulik,test,maulik.vaghasiya+r1@logicwind.com,,,MALE,"[""USER""]",true,true,false,kala pani jail,andman nikobar,South Andaman,Andaman and Nicobar Islands,8e026853-5ebc-4370-bb34-611b8827c328,9988877785,,,,,STRIPE,IST,gL5FBeYiFCyvh3fZcYRxUf/A9Pa+LC++04v3aZXIyyBZJ1I/tqiAMHLbrqScgyWkfK1qkSoaznRjMOQWvq0h3UQ5YDyM8HbO8Pp+RnCcuMfLELaC1pnQ/StKA2WjVJR9NsPAt6jhcbbotOW+Ue0a6lUQY7Kb7zry4eBbpLwulUzogzuq8NbnDINIx2MvtStcZrpCjyM22L9Ky5tYrCtA3nnU5G7yoBAksJVNNAi56gY=,2025-09-19T06:31:39.642Z,2026-04-13T05:48:14.279Z,,,0101000020E6100000C7438424D82F574028D714C8EC582740,"{""intercomId"": ""68ccf8d1889c39d8a3769608"", ""isElefantUser"": true, ""leadSquaredData"": {""Id"": ""40971ee8-3a2a-4d98-b772-c5ccacc0af91"", ""IsCreated"": false, ""RelatedId"": ""1669b2f6-5328-41cb-8ccf-c4ca02ae8ea3""}}",E3326B6E,,,0.0,{},,"{""profile"": ""COMPLETED"", ""childProfile"": ""COMPLETED"", ""onboardingScreen"": ""COMPLETED""}","[""fa2yAqwHdkyIvPalz4p3he:APA91bF4_Wv-O5zFMrWbtmEp4L-g8XkGLiRT-RIdffd1hKy8yK8xreAdpO_gB7VZ1JeevMtw_fW3YjZctVjDgf5Hxa6jdJYF6KXWyyCEVjQVKmWyjlnQ_kY"" ""d6WP40i5gEDAh5IUvJgjoT:APA91bF5NumuB0AYqY5qzMD6kU7etxsCcfmhz3-2Hrx4CQB4_lGRJEfA9W4q_6uIMsAwO9P5GSEBII6uofhjHQLkgvM4JpzYHPvUWeZX2zjoKAMOfi_-dJc""]",mobile_app,"{""sublocality"": ""Atlanta Point"", ""formattedAddress"": ""MPFW+FXX, Atlanta Point, Sri Vijaya Puram, Andaman and Nicobar Islands, India""}",,{},,,a0c3ac1e-2c91-48da-8b44-339195112bb7,297b431f-f04a-4c5e-b6d1-42428fe201bb,,9999.0,2025-10-10T12:59:14Z,2026-10-10T12:59:14Z,0,order_RRmJH1vqMJNV2B,1d0e4dd6-644c-4e58-9553-294c46814ae8,CANCELLED,,card,,"{""discount"": ""25%"", ""isNewPlan"": false, ""trialDays"": 30, ""toyProgram"": ""-"", ""planSavings"": 3597, ""planVersion"": ""v2"", ""trialAmount"": 99, ""trialApplied"": false, ""memberShipFees"": 0, ""bonusDeliveries"": 0, ""deliveryCharges"": 100, ""damageWaiverFees"": 999, ""refundableDeposit"": 0, ""effectiveCostPerMonth"": 833, ""membershipFeesApplied"": false, ""securityDepositApplied"": false, ""totalKeepCountPerMonth"": 3, ""damageWaiverFeesApplied"": true, ""isUnlimitedFreeDelivery"": true, ""totalFreeDeliveryPerMonth"": 3, ""actualChargesForMemberShipFees"": 0, ""actualChargesForSecurityDeposit"": 0, ""actualChargesForDamageWaiverFees"": 999}",PURCHASE,2025-10-10T12:57:32.211Z,2025-10-10T13:00:42.503Z,329814ca-bd86-4ed1-8749-b9963a718ff3,"{""source"": ""purchasePlan"", ""deviceType"": ""WEB"", ""gstApplied"": true, ""promoCodeId"": ""payment_provider_c3afad36f6b3ff4e073e9990904de37c"", ""paymentNotes"": {""userId"": ""297b431f-f04a-4c5e-b6d1-42428fe201bb"", ""isRecurringPayment"": ""true"", ""subscriptionPlanId"": ""1d0e4dd6-644c-4e58-9553-294c46814ae8""}, ""gstPercentage"": 18, ""membershipData"": {""amount"": 0, ""isMembershipFee"": true}, ""isRecurringInit"": false, ""paymentProvider"": ""RAZOR_PAY"", ""userTrialApplied"": false, ""securityDepositData"": {""securityDepositApplied"": false}, ""isTrialPeriodExpired"": true, ""merchantTransactionId"": ""order_RRmJH1vqMJNV2B"", ""userDamageWaiverFeesApplied"": false}",,,297b431f-f04a-4c5e-b6d1-42428fe201bb,2025-10-10T13:00:05Z,CYCLE_END,"{""reason"": ""Temporary change in needs"", ""description"": """"}",[],"{""couponId"": ""329814ca-bd86-4ed1-8749-b9963a718ff3"", ""couponAppliedStatus"": ""PENDING"", ""isCouponAppliedOnSubscriptionRenew"": false}",2026-10-10T18:29:14
9215ecde-6ca6-44f2-83a0-f4c827d3ce03,UR281328,Yatri,Shah,yatrishah036@gmail.com,,,,"[""USER""]",true,true,false,D1 302 orchid legacy,,Sarkhej-Okaf,Gujarat,da4ad759-ebac-4cbb-882a-747753807746,9998367069,,,,,STRIPE,IST,gL5FBeYiFCyvh3fZcYRxUf/A9Pa+LC++04v3aZXIyyBZJ1I/tqiAMHLbrqScgyWkmEtrDIlXuv9Y53HLK/RCIyagYgYpkFLE1AEDSo+eq1wA+JWrzKYxEotE5OxQlPuUkqAXkoRYDqxzKVpF2TIaQOkMGHq0ikbK2VWppYmwnv28wJQBtwtyR9CN7hklcBl7yV9l3P9EOfz6nAlTw/L/hnLRrQ0HeB29yVjs2cIDEQo=,2026-05-12T15:47:24.411Z,2026-09-12T17:37:26.962Z,,,01010000008A479858CF1D52402A73F38DE8FE3640,"{""intercomId"": ""6a034b923e39990d6523a8ab"", ""isElefantUser"": true, ""isQuestionAnswereOnBoardCompleted"": true}",DC949366,,,0.0,{},,"{""profile"": ""COMPLETED"", ""onboardingScreen"": ""COMPLETED""}","[""dpnw_eso8EIYiH8MyjDPO4:APA91bFSPZ1J-lgjY9g_OjTr5IugE_VI87T6fQ-YEhY-HioAl7XNaW5bp2l-D2DZSXpU2HqOlZU0NsKFYYNpOnc4c6BlLp3ZprK35PpTsmt19ZLBLbtuXcM""]",,"{""formattedAddress"": ""XFW8+C94, Shela Rd, Ahmedabad, Sarkhej-Okaf, Gujarat 380057, India""}",,"{""Q1"": ""2_5"", ""Q2"": ""less_1hr"", ""Q3"": ""0_5"", ""Q4"": ""creative"", ""Q6"": ""Ziva Manek""}",applewood township,XFW8+C94 Shela Rd Ahmedabad,458b0d9a-4547-4fa8-aeb2-d1d281534281,9215ecde-6ca6-44f2-83a0-f4c827d3ce03,,4497.0,2026-05-12T16:03:48Z,2026-10-12T18:29:59.999Z,0,order_SoVnDkzYWS9bMa,fb78986a-f47a-49e7-bf6a-5850cfe308ca,ACTIVE,,upi,,"{""discount"": ""25%"", ""isNewPlan"": false, ""trialDays"": 30, ""toyProgram"": ""-"", ""planSavings"": 3597, ""planVersion"": ""v2"", ""trialAmount"": 99, ""trialApplied"": false, ""memberShipFees"": 0, ""bonusDeliveries"": 0, ""deliveryCharges"": 100, ""sameDayDelivery"": true, ""damageWaiverFees"": 999, ""maxBigToyAllowed"": 1, ""refundableDeposit"": 0, ""moneyBackGuarantee"": 30, ""effectiveCostPerMonth"": 1499, ""membershipFeesApplied"": false, ""securityDepositApplied"": false, ""totalKeepCountPerMonth"": 3, ""damageWaiverFeesApplied"": true, ""isUnlimitedFreeDelivery"": false, ""maxToyHoldingValueAllowed"": 35000, ""totalFreeDeliveryPerMonth"": 12, ""actualChargesForMemberShipFees"": 0, ""actualChargesForSecurityDeposit"": 0, ""actualChargesForDamageWaiverFees"": 999}",ONE_TIME,2026-05-12T16:03:14.472Z,2026-08-11T07:07:43.724Z,52d3b4ab-95df-4d7e-b6a2-92a8bd3f393f,"{""deviceType"": ""MOBILE"", ""gstApplied"": true, ""promoCodeId"": ""payment_provider_418fafe3000d54c64763bb08680a46f0"", ""paymentNotes"": {""userId"": ""9215ecde-6ca6-44f2-83a0-f4c827d3ce03"", ""subscriptionType"": ""ONE_TIME"", ""subscriptionPlanId"": ""fb78986a-f47a-49e7-bf6a-5850cfe308ca""}, ""gstPercentage"": 18, ""membershipData"": {""amount"": 0, ""isMembershipFee"": true}, ""isRecurringInit"": false, ""paymentProvider"": ""RAZOR_PAY"", ""userTrialApplied"": false, ""securityDepositData"": {""securityDepositApplied"": false}, ""isTrialPeriodExpired"": true, ""merchantTransactionId"": ""order_SoVnDkzYWS9bMa"", ""userDamageWaiverFeesApplied"": true}",,,,,,{},[],"{""couponId"": ""52d3b4ab-95df-4d7e-b6a2-92a8bd3f393f"", ""couponAppliedStatus"": ""PENDING"", ""isCouponAppliedOnSubscriptionRenew"": false}",2026-10-12T23:59:59.999
019c5bd6-ca74-43e6-b0fd-621c7c90f836,UR184248,Shweta,Goswami,shwets.goswami140@gmail.com,,,FEMALE,"[""USER""]",true,true,false,"301, Adapt Heights",,Jaipur,Rajasthan,761dc560-bd5a-4460-b085-f4a14d627bf3,9999843430,,,,,STRIPE,Asia/Calcutta,gL5FBeYiFCyvh3fZcYRxUf/A9Pa+LC++04v3aZXIyyBZJ1I/tqiAMHLbrqScgyWkTH4BVSgi3GU5u9OMeZqcl7DVI0fbZCadfr3PIJZRxfclNrSA+hPcOMUNwM2nj2ldW7p0vDHiJlh8cPIZ+XVyBsuhqUB/FrpJ3wibuHTOfziQhFEmeLH0Q8md2LBnAbf1cN7UXyKHPj9faNvSebYmYF7RRiImokXAyiFg8XhEPUo=,2025-10-10T11:57:58.581Z,2026-08-19T08:18:03.913Z,,,0101000000C12E2F6505F3524029BA89B553EE3A40,"{""intercomId"": ""68e8f4cc7414207ff6ea5eae"", ""leadSquaredData"": {""Id"": ""2e6bc469-fa87-474d-a46f-c41b46217f17"", ""IsCreated"": true, ""RelatedId"": ""588f14e4-0ae6-4059-9a18-c70d43475117""}, ""hasToyHoldingMismatch"": false}",53509A85,,,0.0,{},,"{""profile"": ""COMPLETED"", ""childProfile"": ""COMPLETED"", ""onboardingScreen"": ""COMPLETED""}",[],,"{""sublocality"": ""Bani Park"", ""formattedAddress"": ""H-66, H-66A, Akar Marg, Bani Park, Jaipur, Rajasthan 302016, India""}",,{},akar marg,"H-66, Akar Marg, Bani Park, Jaipur, Rajasthan, India",a43fbd16-772c-417f-869d-ebd02eb3dc2b,019c5bd6-ca74-43e6-b0fd-621c7c90f836,,15588.0,2026-03-05T04:16:23Z,2026-10-10T12:34:00Z,0,order_SNPPyUwhQWgrs8,26a25589-5532-4f28-b820-1b6c7894c4fd,ACTIVE,,upi,,"{""discount"": ""25%"", ""isNewPlan"": false, ""trialDays"": 30, ""toyProgram"": ""-"", ""planSavings"": 3597, ""planVersion"": ""v2"", ""trialAmount"": 999, ""trialApplied"": false, ""memberShipFees"": 0, ""bonusDeliveries"": 0, ""deliveryCharges"": 100, ""sameDayDelivery"": true, ""damageWaiverFees"": 999, ""maxBigToyAllowed"": 1, ""refundableDeposit"": 0, ""moneyBackGuarantee"": 30, ""effectiveCostPerMonth"": 1299, ""membershipFeesApplied"": false, ""securityDepositApplied"": false, ""totalKeepCountPerMonth"": 3, ""damageWaiverFeesApplied"": true, ""isUnlimitedFreeDelivery"": true, ""maxToyHoldingValueAllowed"": 120000, ""totalFreeDeliveryPerMonth"": 0, ""actualChargesForMemberShipFees"": 0, ""actualChargesForSecurityDeposit"": 0, ""actualChargesForDamageWaiverFees"": 999}",ONE_TIME,2026-03-05T04:16:23.976Z,2026-03-05T04:16:24.868Z,8830670b-e1fc-4323-8ad0-c8d5cebf0a76,"{""deviceType"": ""MOBILE"", ""gstApplied"": true, ""paymentNotes"": {""userId"": ""019c5bd6-ca74-43e6-b0fd-621c7c90f836"", ""subscriptionPlanId"": ""26a25589-5532-4f28-b820-1b6c7894c4fd""}, ""gstPercentage"": 18, ""membershipData"": {""amount"": 0, ""isMembershipFee"": false}, ""isRecurringInit"": false, ""paymentProvider"": ""RAZOR_PAY"", ""userTrialApplied"": false, ""securityDepositData"": {""amount"": 0, ""securityDepositApplied"": false}, ""isTrialPeriodExpired"": true, ""merchantTransactionId"": ""order_SNPPyUwhQWgrs8"", ""userDamageWaiverFeesApplied"": true}",,,,,,{},[],"{""couponAppliedStatus"": ""PENDING"", ""isCouponAppliedOnSubscriptionRenew"": false}",2026-10-10T18:04:00
